Terminal Activity Report
Generation Date:11-Sep-2020 11:35:10
Merchant Number:000001170200406
Settlement Date:10-Sep-2020
No.,Merchant Name,Merchant Id,EDC Terminal No.,Settlement Date,EDC Batch No.,Statement Batch No.,Card No./Trans. ID,Trans. Date,Trans. Time,Approval Code,Trans. Amount,MDR Rate,Disc. Amount,Nett Amount,Card Brand,Interchange Fee Code
1.,CROCKFORDS HOTEL-F/O,000001170200406,11190248,10-Sep-2020,235,60365,4377-66xx-xxxx-2549,10-Sep-2020,15:58:38,345556,300.00,1.00,-3.00,297.00,Visa Credit,CR
2.,CROCKFORDS HOTEL-F/O,000001170200406,11190250,10-Sep-2020,300,60366,5196-03xx-xxxx-2350,10-Sep-2020,07:53:58,H63307,800.00,0.00,0.00,800.00,Master Debit/Prepaid,DB
3.,CROCKFORDS HOTEL-F/O,000001170200406,11190250,10-Sep-2020,301,60367,4377-04xx-xxxx-0404,10-Sep-2020,11:24:38,525598,800.00,1.00,-8.00,792.00,Visa Credit,CR
4.,CROCKFORDS HOTEL-F/O,000001170200406,11190250,10-Sep-2020,302,60368,5523-33xx-xxxx-4282,10-Sep-2020,15:10:23,H88216,1600.00,0.90,-14.40,1585.60,Master Credit,CR
5.,CROCKFORDS HOTEL-F/O,000001170200406,11190250,10-Sep-2020,303,60369,4377-66xx-xxxx-2549,10-Sep-2020,15:21:08,903318,4800.00,1.00,-48.00,4752.00,Visa Credit,CR
 ,,,,,,,,,,TOTAL,8300.00,,-73.40,8226.60