﻿Account Number,Account Type,Account Name,Account Currency,Date From,Date To,Total Debit,Total Credit,Begin Balance,End Balance,Transaction Date,Transaction Time,Posting Date,Processing Time,Transaction Description,Transaction Ref,Debit,Credit,Source Code,Teller ID,Branch/Channel,Transaction Code,End Balance,Filler,Virtual Account,Transaction Description 2,Transaction Description 3,Transaction Description 4,Expiry Date
"514356700865","Current Account","GENTING MALAYSIA BERHAD","MYR","2020-09-08 MY (UTC+08:00)","2020-09-08 MY (UTC+08:00)","2","5","1,000.00","1,000.00","-","-","08/Sep/2020 MY (UTC+08:00)","12:28 MY (UTC+08:00)","CDM CASH DEPOSIT","","-","400.00","003 - ATM","000E98EA","2630","7010 - CDM CASH DEPOSIT","1,400.00","","-","","","","-"
"514356700865","Current Account","GENTING MALAYSIA BERHAD","MYR","2020-09-08 MY (UTC+08:00)","2020-09-08 MY (UTC+08:00)","2","5","1,000.00","1,000.00","-","-","08/Sep/2020 MY (UTC+08:00)","17:23 MY (UTC+08:00)","","TanChoonHong","-","720.00","003 - ATM","951PHONE","2988","7610 - TRANSFER TO A/C","2,120.00","","-","TAN SHUE LIK       *","TRANSFER TO A/C","","-"
"514356700865","Current Account","GENTING MALAYSIA BERHAD","MYR","2020-09-08 MY (UTC+08:00)","2020-09-08 MY (UTC+08:00)","2","5","1,000.00","1,000.00","-","-","08/Sep/2020 MY (UTC+08:00)","21:54 MY (UTC+08:00)","BMBK090806938785","Fwh4531812","-","80.00","011 - System","CBSX406C","2601","7991 - INTER-BANK PAYMENT INTO A/C","2,200.00","","-","CHO YAN FAT","INTER-BANK PAYMENT INTO A/C","","-"
"514356700865","Current Account","GENTING MALAYSIA BERHAD","MYR","2020-09-08 MY (UTC+08:00)","2020-09-08 MY (UTC+08:00)","2","5","1,000.00","1,000.00","-","-","08/Sep/2020 MY (UTC+08:00)","00:07 MY (UTC+08:00)","BILL PYMT TO COLL.(IB)511","","-","160.00","011 - System","CBSX4763","2988","8301 - BILLS PAYMENT CREDIT","2,360.00","","-","","","","-"
"514356700865","Current Account","GENTING MALAYSIA BERHAD","MYR","2020-09-08 MY (UTC+08:00)","2020-09-08 MY (UTC+08:00)","2","5","1,000.00","1,000.00","-","-","08/Sep/2020 MY (UTC+08:00)","00:07 MY (UTC+08:00)","BILL PYMT TO COLL.(IB)ACV","","-","1,910.00","011 - System","CBSX4763","2988","8301 - BILLS PAYMENT CREDIT","4,270.00","","-","","","","-"
"514356700865","Current Account","GENTING MALAYSIA BERHAD","MYR","2020-09-08 MY (UTC+08:00)","2020-09-08 MY (UTC+08:00)","2","5","1,000.00","1,000.00","-","-","08/Sep/2020 MY (UTC+08:00)","00:56 MY (UTC+08:00)","XFR DEBIT SVC CHARGE","","2.00","-","011 - System","BTCH6587","1435","XFRDRSVC - SERVICE CHARGE","4,268.00","","-","","","","-"
"514356700865","Current Account","GENTING MALAYSIA BERHAD","MYR","2020-09-08 MY (UTC+08:00)","2020-09-08 MY (UTC+08:00)","2","5","1,000.00","1,000.00","-","-","08/Sep/2020 MY (UTC+08:00)","00:56 MY (UTC+08:00)","GENTING MALAYSIA BERHAD","514011468149","3,268.00","-","011 - System","BTCH6587","1435","XFRDR - FUND TRANSFER DEBIT","1,000.00","","-","","","","-"
