﻿Account Number,Account Type,Account Name,Account Currency,Date From,Date To,Total Debit,Total Credit,Begin Balance,End Balance,Transaction Date,Transaction Time,Posting Date,Processing Time,Transaction Description,Transaction Ref,Debit,Credit,Source Code,Teller ID,Branch/Channel,Transaction Code,End Balance,Filler,Virtual Account,Transaction Description 2,Transaction Description 3,Transaction Description 4,Expiry Date
"514356700865","Current Account","GENTING MALAYSIA BERHAD","MYR","2020-09-09 MY (UTC+08:00)","2020-09-09 MY (UTC+08:00)","2","2","1,000.00","1,000.00","-","-","09/Sep/2020 MY (UTC+08:00)","09:44 MY (UTC+08:00)","4526949 4526950","Sia Chen Kah","-","320.00","003 - ATM","950PHONE","2988","7610 - TRANSFER TO A/C","1,320.00","","-","SIA CHEN KAH       *","TRANSFER TO A/C","","-"
"514356700865","Current Account","GENTING MALAYSIA BERHAD","MYR","2020-09-09 MY (UTC+08:00)","2020-09-09 MY (UTC+08:00)","2","2","1,000.00","1,000.00","-","-","09/Sep/2020 MY (UTC+08:00)","21:12 MY (UTC+08:00)","","Genting","-","70.00","003 - ATM","976PHONE","2988","7610 - TRANSFER TO A/C","1,390.00","","-","LOO KOK HOU        *","TRANSFER TO A/C","","-"
"514356700865","Current Account","GENTING MALAYSIA BERHAD","MYR","2020-09-09 MY (UTC+08:00)","2020-09-09 MY (UTC+08:00)","2","2","1,000.00","1,000.00","-","-","09/Sep/2020 MY (UTC+08:00)","01:29 MY (UTC+08:00)","GENTING MALAYSIA BERHAD","514011468149","388.00","-","011 - System","BTCH6587","1435","XFRDR - FUND TRANSFER DEBIT","1,002.00","","-","","","","-"
"514356700865","Current Account","GENTING MALAYSIA BERHAD","MYR","2020-09-09 MY (UTC+08:00)","2020-09-09 MY (UTC+08:00)","2","2","1,000.00","1,000.00","-","-","09/Sep/2020 MY (UTC+08:00)","01:29 MY (UTC+08:00)","XFR DEBIT SVC CHARGE","","2.00","-","011 - System","BTCH6587","1435","XFRDRSVC - SERVICE CHARGE","1,000.00","","-","","","","-"
