﻿Account Number,Account Type,Account Name,Account Currency,Date From,Date To,Total Debit,Total Credit,Begin Balance,End Balance,Transaction Date,Transaction Time,Posting Date,Processing Time,Transaction Description,Transaction Ref,Debit,Credit,Source Code,Teller ID,Branch/Channel,Transaction Code,End Balance,Filler,Virtual Account,Transaction Description 2,Transaction Description 3,Transaction Description 4,Expiry Date
"514356700865","Current Account","GENTING MALAYSIA BERHAD","MYR","2020-09-10 MY (UTC+08:00)","2020-09-10 MY (UTC+08:00)","2","4","1,000.00","1,000.00","-","-","10/Sep/2020 MY (UTC+08:00)","09:35 MY (UTC+08:00)","GGC (Awana Genting)","GGC (AG)","-","238.00","003 - ATM","911PHONE","2988","7610 - TRANSFER TO A/C","1,238.00","","-","MAGAESVARI KANAGARA*","TRANSFER TO A/C","","-"
"514356700865","Current Account","GENTING MALAYSIA BERHAD","MYR","2020-09-10 MY (UTC+08:00)","2020-09-10 MY (UTC+08:00)","2","4","1,000.00","1,000.00","-","-","10/Sep/2020 MY (UTC+08:00)","12:49 MY (UTC+08:00)","","0185624993","-","140.00","003 - ATM","998PHONE","2988","7610 - TRANSFER TO A/C","1,378.00","","-","TONG HUAY CHUIN    *","TRANSFER TO A/C","","-"
"514356700865","Current Account","GENTING MALAYSIA BERHAD","MYR","2020-09-10 MY (UTC+08:00)","2020-09-10 MY (UTC+08:00)","2","4","1,000.00","1,000.00","-","-","10/Sep/2020 MY (UTC+08:00)","16:27 MY (UTC+08:00)","FIRST WORLD HOTEL","GENTING MALAYS","-","240.00","003 - ATM","903PHONE","2988","7610 - TRANSFER TO A/C","1,618.00","","-","NURFAEZAH BINTI ISM*","TRANSFER TO A/C","","-"
"514356700865","Current Account","GENTING MALAYSIA BERHAD","MYR","2020-09-10 MY (UTC+08:00)","2020-09-10 MY (UTC+08:00)","2","4","1,000.00","1,000.00","-","-","10/Sep/2020 MY (UTC+08:00)","00:12 MY (UTC+08:00)","BILL PYMT TO COLL.(IB)ACV","","-","1,620.00","011 - System","CBSX4763","2988","8301 - BILLS PAYMENT CREDIT","3,238.00","","-","","","","-"
"514356700865","Current Account","GENTING MALAYSIA BERHAD","MYR","2020-09-10 MY (UTC+08:00)","2020-09-10 MY (UTC+08:00)","2","4","1,000.00","1,000.00","-","-","10/Sep/2020 MY (UTC+08:00)","01:27 MY (UTC+08:00)","XFR DEBIT SVC CHARGE","","2.00","-","011 - System","BTCH6587","1435","XFRDRSVC - SERVICE CHARGE","3,236.00","","-","","","","-"
"514356700865","Current Account","GENTING MALAYSIA BERHAD","MYR","2020-09-10 MY (UTC+08:00)","2020-09-10 MY (UTC+08:00)","2","4","1,000.00","1,000.00","-","-","10/Sep/2020 MY (UTC+08:00)","01:27 MY (UTC+08:00)","GENTING MALAYSIA BERHAD","514011468149","2,236.00","-","011 - System","BTCH6587","1435","XFRDR - FUND TRANSFER DEBIT","1,000.00","","-","","","","-"
