﻿Account Number,Account Type,Account Name,Account Currency,Date From,Date To,Total Debit,Total Credit,Begin Balance,End Balance,Transaction Date,Transaction Time,Posting Date,Processing Time,Transaction Description,Transaction Ref,Debit,Credit,Source Code,Teller ID,Branch/Channel,Transaction Code,End Balance,Filler,Virtual Account,Transaction Description 2,Transaction Description 3,Transaction Description 4,Expiry Date
"514356700865","Current Account","GENTING MALAYSIA BERHAD","MYR","2020-09-22 MY (UTC+08:00)","2020-09-22 MY (UTC+08:00)","2","3","1,000.00","1,000.00","-","-","22/Sep/2020 MY (UTC+08:00)","12:20 MY (UTC+08:00)","IBG TRANSACTION","PV2009/07","-","2,000.00","011 - System","CBSX406C","2601","7991 - INTER-BANK PAYMENT INTO A/C","3,000.00","","-","DUFRY HWG SHOPPING","INTER-BANK PAYMENT INTO A/C","","-"
"514356700865","Current Account","GENTING MALAYSIA BERHAD","MYR","2020-09-22 MY (UTC+08:00)","2020-09-22 MY (UTC+08:00)","2","3","1,000.00","1,000.00","-","-","22/Sep/2020 MY (UTC+08:00)","17:15 MY (UTC+08:00)","","Awana","-","238.00","003 - ATM","959PHONE","2988","7610 - TRANSFER TO A/C","3,238.00","","-","TEY WEE LIANG      *","TRANSFER TO A/C","","-"
"514356700865","Current Account","GENTING MALAYSIA BERHAD","MYR","2020-09-22 MY (UTC+08:00)","2020-09-22 MY (UTC+08:00)","2","3","1,000.00","1,000.00","-","-","22/Sep/2020 MY (UTC+08:00)","00:14 MY (UTC+08:00)","BILL PYMT TO COLL.(IB)ACV","","-","2,157.00","011 - System","CBSX4763","2988","8301 - BILLS PAYMENT CREDIT","5,395.00","","-","","","","-"
"514356700865","Current Account","GENTING MALAYSIA BERHAD","MYR","2020-09-22 MY (UTC+08:00)","2020-09-22 MY (UTC+08:00)","2","3","1,000.00","1,000.00","-","-","22/Sep/2020 MY (UTC+08:00)","01:36 MY (UTC+08:00)","GENTING MALAYSIA BERHAD","514011468149","4,393.00","-","011 - System","BTCH6587","1435","XFRDR - FUND TRANSFER DEBIT","1,002.00","","-","","","","-"
"514356700865","Current Account","GENTING MALAYSIA BERHAD","MYR","2020-09-22 MY (UTC+08:00)","2020-09-22 MY (UTC+08:00)","2","3","1,000.00","1,000.00","-","-","22/Sep/2020 MY (UTC+08:00)","01:36 MY (UTC+08:00)","XFR DEBIT SVC CHARGE","","2.00","-","011 - System","BTCH6587","1435","XFRDRSVC - SERVICE CHARGE","1,000.00","","-","","","","-"
