Terminal Activity Report
Generation Date:11-Sep-2020 11:58:25
Merchant Number:000001000200188
Settlement Date:10-Sep-2020
No.,Merchant Name,Merchant Id,EDC Terminal No.,Settlement Date,EDC Batch No.,Statement Batch No.,Card No./Trans. ID,Trans. Date,Trans. Time,Approval Code,Trans. Amount,MDR Rate,Disc. Amount,Nett Amount,Card Brand,Interchange Fee Code
1.,FIRST WORLD HOTEL - F/O,000001000200188,83004052,10-Sep-2020,123,77281,5523-33xx-xxxx-4168,10-Sep-2020,15:28:54,H80475,210.00,0.90,-1.89,208.11,Master Credit,CR
2.,FIRST WORLD HOTEL - F/O,000001000200188,83004052,10-Sep-2020,123,77281,5196-03xx-xxxx-3833,10-Sep-2020,16:18:21,H67994,110.00,0.00,0.00,110.00,Master Debit/Prepaid,DB
3.,FIRST WORLD HOTEL - F/O,000001000200188,83004052,10-Sep-2020,123,77281,4283-32xx-xxxx-7567,10-Sep-2020,17:48:12,005801,70.00,0.50,-0.35,69.65,Visa Debit/Prepaid,DB
4.,FIRST WORLD HOTEL - F/O,000001000200188,83004052,10-Sep-2020,123,77281,4506-18xx-xxxx-2281,10-Sep-2020,17:53:27,008787,70.00,1.00,-0.70,69.30,Visa Credit,CR
5.,FIRST WORLD HOTEL - F/O,000001000200188,83004058,10-Sep-2020,307,77282,4283-32xx-xxxx-8701,10-Sep-2020,01:47:32,001072,200.00,0.50,-1.00,199.00,Visa Debit/Prepaid,DB
6.,FIRST WORLD HOTEL - F/O,000001000200188,83004058,10-Sep-2020,308,77283,4283-32xx-xxxx-7567,10-Sep-2020,08:14:36,005144,80.00,0.50,-0.40,79.60,Visa Debit/Prepaid,DB
7.,FIRST WORLD HOTEL - F/O,000001000200188,83004080,10-Sep-2020,260,77284,5120-89xx-xxxx-0649,10-Sep-2020,12:56:56,H96589,480.00,1.00,-4.80,475.20,Master Credit,CR
8.,FIRST WORLD HOTEL - F/O,000001000200188,83004080,10-Sep-2020,260,77284,5460-15xx-xxxx-7039,10-Sep-2020,13:31:42,H77595,110.00,1.00,-1.10,108.90,Master Credit,CR
9.,FIRST WORLD HOTEL - F/O,000001000200188,83004080,10-Sep-2020,261,77285,4848-10xx-xxxx-5553,10-Sep-2020,19:32:28,645451,80.00,0.50,-0.40,79.60,Visa Debit/Prepaid,DB
10.,FIRST WORLD HOTEL - F/O,000001000200188,83004080,10-Sep-2020,261,77285,4842-81xx-xxxx-3219,10-Sep-2020,21:34:57,002359,760.00,1.00,-7.60,752.40,Visa Credit,CR
11.,FIRST WORLD HOTEL - F/O,000001000200188,83004080,10-Sep-2020,261,77285,5400-41xx-xxxx-2375,10-Sep-2020,21:53:56,H18510,210.00,1.00,-2.10,207.90,Master Credit,CR
12.,FIRST WORLD HOTEL - F/O,000001000200188,83004080,10-Sep-2020,261,77285,4283-32xx-xxxx-6236,10-Sep-2020,21:58:12,002977,460.00,0.50,-2.30,457.70,Visa Debit/Prepaid,DB
13.,FIRST WORLD HOTEL - F/O,000001000200188,83004080,10-Sep-2020,261,77285,5400-41xx-xxxx-2375,10-Sep-2020,22:04:41,H18714,70.00,1.00,-0.70,69.30,Master Credit,CR
14.,FIRST WORLD HOTEL - F/O,000001000200188,83004081,10-Sep-2020,434,77286,4283-32xx-xxxx-0468,10-Sep-2020,14:25:07,006440,70.00,0.50,-0.35,69.65,Visa Debit/Prepaid,DB
15.,FIRST WORLD HOTEL - F/O,000001000200188,83004081,10-Sep-2020,434,77286,4283-32xx-xxxx-8937,10-Sep-2020,14:48:44,009550,110.00,0.50,-0.55,109.45,Visa Debit/Prepaid,DB
16.,FIRST WORLD HOTEL - F/O,000001000200188,83004081,10-Sep-2020,435,77287,4966-23xx-xxxx-7970,10-Sep-2020,20:25:56,003827,80.00,1.00,-0.80,79.20,Visa Credit,CR
 ,,,,,,,,,,TOTAL,3170.00,,-25.04,3144.96