Company : M001272 - GENTING MALAYSIA BERHAD
Account Opening Branch : Menara UAB
Account No. : 8000451944/GENTING MALAYSIA BERHAD 8000451944(MYR)
Period : 06-09-2020 - 06-09-2020
Opening Available Balance : 243622.50
Closing Available Balance : 243856.65
Account Number,Record Sequence Number,Transaction Date,Transaction Code,Transaction Code Description,Originating Branch Code,Document Reference Number,Transaction Amount,Transaction Amount Type,Balance,Balance Type,Transaction Time,Customer Reference,Filler,Record Type,Recipient Reference,Other Payment Details,Sender Name
8000451944,2,06092020,0148,"=""I-PAYMENT CR""",8139,"=""2366""",50,C,243856.65,C,144917,"=""8870:GUSS6616050184 796MUJ5E""",,1,,,
8000451944,1,06092020,0148,"=""I-PAYMENT CR""",8135,"=""8587""",184.15,C,243806.65,C,130902,"=""8870:GUSS6615099624 7967FUIW""",,1,,,

