Company : M001272 - GENTING MALAYSIA BERHAD
Account Opening Branch : Menara UAB
Account No. : 8000451944/GENTING MALAYSIA BERHAD 8000451944(MYR)
Period : 12-09-2020 - 12-09-2020
Opening Available Balance : 270750.33
Closing Available Balance : 271648.98
Account Number,Record Sequence Number,Transaction Date,Transaction Code,Transaction Code Description,Originating Branch Code,Document Reference Number,Transaction Amount,Transaction Amount Type,Balance,Balance Type,Transaction Time,Customer Reference,Filler,Record Type,Recipient Reference,Other Payment Details,Sender Name
8000451944,10,12092020,0148,"=""I-PAYMENT CR""",8372,"=""0909""",19.8,C,271648.98,C,215110,"=""8870:GUSS6615099828 79CCWYFU""",,1,,,
8000451944,9,12092020,0148,"=""I-PAYMENT CR""",8372,"=""0898""",31.9,C,271629.18,C,215109,"=""8631:AT6617051749 79C4H62N""",,1,,,
8000451944,8,12092020,0148,"=""I-PAYMENT CR""",8363,"=""5643""",79.85,C,271597.28,C,164915,"=""8870:GUSS6616053200 79CR76SF""",,1,,,
8000451944,7,12092020,0148,"=""I-PAYMENT CR""",8356,"=""6933""",50.75,C,271517.43,C,125823,"=""8631:AT6609075226 79CPE0X2""",,1,,,
8000451944,6,12092020,0148,"=""I-PAYMENT CR""",8356,"=""5976""",20,C,271466.68,C,125551,"=""8631:AT6609075227 79CQLCQL""",,1,,,
8000451944,5,12092020,0148,"=""I-PAYMENT CR""",8356,"=""5106""",20,C,271446.68,C,125325,"=""8631:AT6609075228 79CGGF9I""",,1,,,
8000451944,4,12092020,0148,"=""I-PAYMENT CR""",8355,"=""6494""",217.9,C,271426.68,C,122641,"=""8870:GUSS6612083140 79CJ2DTV""",,1,,,
8000451944,3,12092020,0148,"=""I-PAYMENT CR""",8355,"=""5639""",35.95,C,271208.78,C,122404,"=""8870:GUSS6612083139 79CBQKI3""",,1,,,
8000451944,2,12092020,0148,"=""I-PAYMENT CR""",8355,"=""4801""",317.7,C,271172.83,C,122124,"=""8870:GUSS6612083138 79CJ7CKI""",,1,,,
8000451944,1,12092020,0148,"=""I-PAYMENT CR""",8355,"=""2770""",104.8,C,270855.13,C,121454,"=""7419:NY6600138344 79CTFUH0""",,1,,,

