Company : M001272 - GENTING MALAYSIA BERHAD
Account Opening Branch : Menara UAB
Account No. : 8000451944/GENTING MALAYSIA BERHAD 8000451944(MYR)
Period : 26-09-2020 - 26-09-2020
Opening Available Balance : 328061.10
Closing Available Balance : 328139.89
Account Number,Record Sequence Number,Transaction Date,Transaction Code,Transaction Code Description,Originating Branch Code,Document Reference Number,Transaction Amount,Transaction Amount Type,Balance,Balance Type,Transaction Time,Customer Reference,Filler,Record Type,Recipient Reference,Other Payment Details,Sender Name
8000451944,2,26092020,0148,"=""I-PAYMENT CR""",8772,"=""4834""",68.44,C,328139.89,C,092725,"=""8870:Guss6615101080 79RAHC8V""",,1,,,
8000451944,1,26092020,0148,"=""I-PAYMENT CR""",8769,"=""0273""",10.35,C,328071.45,C,070144,"=""8870:GUSS6616052557 79QD3JU5""",,1,,,

