Company : M001272 - GENTING MALAYSIA BERHAD
Account Opening Branch : Menara UAB
Account No. : 8000451944/GENTING MALAYSIA BERHAD 8000451944(MYR)
Period : 27-09-2020 - 27-09-2020
Opening Available Balance : 328139.89
Closing Available Balance : 330478.69
Account Number,Record Sequence Number,Transaction Date,Transaction Code,Transaction Code Description,Originating Branch Code,Document Reference Number,Transaction Amount,Transaction Amount Type,Balance,Balance Type,Transaction Time,Customer Reference,Filler,Record Type,Recipient Reference,Other Payment Details,Sender Name
8000451944,4,27092020,0148,"=""I-PAYMENT CR""",8812,"=""7487""",48.5,C,330478.69,C,123112,"=""8870:GUSS6613094516 79SD1T3C""",,1,,,
8000451944,3,27092020,0148,"=""I-PAYMENT CR""",8812,"=""6945""",1812.3,C,330430.19,C,122940,"=""8870:GUSS6613094521 79SQCXMQ""",,1,,,
8000451944,2,27092020,0148,"=""I-PAYMENT CR""",8812,"=""5981""",277.7,C,328617.89,C,122708,"=""8870:GUSS6613094576 79SU5LS4""",,1,,,
8000451944,1,27092020,0148,"=""I-PAYMENT CR""",8809,"=""0110""",200.3,C,328340.19,C,104626,"=""8870:GUSS6616053334 79SAKV9V""",,1,,,

