Profit Center Id,Profit Center Name,Terminal Id,Check Number,Transaction Date Time,Tender Id,Tender Name,Approval Code,Card Number,Amount
504,"Sky Plaza - Good Luck",626,6260328,Sep 10 2020  7:34AM,215,MBB MASTER,073410,5194XXXXXXXX5624,22.00
521,"Medan Selera",662,6622896,Sep 10 2020 10:48AM,214,MBB VISA,009150,4283XXXXXXXX6942,15.00
500,"Burger & Lobster",19,5027757,Sep 10 2020 11:53AM,214,MBB VISA,561671,4553XXXXXXXX3103,312.00
500,"Burger & Lobster",19,5027755,Sep 10 2020 11:56AM,215,MBB MASTER,F60908,5460XXXXXXXX8869,339.00
503,"Malaysian Food Street",554,5545010,Sep 10 2020 12:14PM,200,Visa/Master,      ,4283XXXXXXXX9022,56.00
203,"Hainan Express",32,320529,Sep 10 2020 12:18PM,200,Visa/Master,      ,5196XXXXXXXX2446,34.30
500,"Burger & Lobster",19,5013853,Sep 10 2020 12:29PM,215,MBB MASTER,604213,5509XXXXXXXX0904,341.00
500,"Burger & Lobster",19,5013852,Sep 10 2020 12:32PM,214,MBB VISA,007652,4365XXXXXXXX1812,331.00
530,"Harry Ramsden",730,7345018,Sep 10 2020 12:35PM,214,MBB VISA,387558,4386XXXXXXXX7108,133.00
530,"Harry Ramsden",730,7345019,Sep 10 2020 12:45PM,214,MBB VISA,802869,4848XXXXXXXX4127,121.00
503,"Malaysian Food Street",554,5545020,Sep 10 2020 12:46PM,200,Visa/Master,      ,4283XXXXXXXX7968,72.70
521,"Medan Selera",662,6622922,Sep 10 2020 12:47PM,214,MBB VISA,008475,4283XXXXXXXX4407,25.90
503,"Malaysian Food Street",554,5545021,Sep 10 2020 12:47PM,200,Visa/Master,      ,4283XXXXXXXX7968,128.70
530,"Harry Ramsden",730,7345022,Sep 10 2020 12:51PM,214,MBB VISA,000964,4632XXXXXXXX7754,50.00
503,"Malaysian Food Street",554,5545022,Sep 10 2020 12:51PM,200,Visa/Master,      ,4283XXXXXXXX7968,2.00
525,"Highline Roof Top Market",687,6872809,Sep 10 2020  1:00PM,214,MBB VISA,590529,4678XXXXXXXX0317,52.00
503,"Malaysian Food Street",554,5545023,Sep 10 2020  1:03PM,200,Visa/Master,      ,4283XXXXXXXX3304,111.30
503,"Malaysian Food Street",554,5545024,Sep 10 2020  1:05PM,200,Visa/Master,      ,4283XXXXXXXX3304,84.00
500,"Burger & Lobster",19,5027761,Sep 10 2020  1:07PM,214,MBB VISA,104844,4386XXXXXXXX9109,276.00
530,"Harry Ramsden",730,7339880,Sep 10 2020  1:13PM,215,MBB MASTER,F74608,5491XXXXXXXX3281,218.00
525,"Highline Roof Top Market",676,6763008,Sep 10 2020  1:13PM,215,MBB MASTER,509068,5195XXXXXXXX1245,20.00
203,"Hainan Express",32,320539,Sep 10 2020  1:16PM,200,Visa/Master,      ,5196XXXXXXXX6475,64.00
525,"Highline Roof Top Market",676,6763009,Sep 10 2020  1:17PM,216,MBB AMEX,900030,3791XXXXXXXX6335,90.00
503,"Malaysian Food Street",554,5545025,Sep 10 2020  1:17PM,200,Visa/Master,      ,4632XXXXXXXX0723,72.10
203,"Hainan Express",32,320541,Sep 10 2020  1:19PM,200,Visa/Master,      ,4283XXXXXXXX7202,12.00
203,"Hainan Express",32,320536,Sep 10 2020  1:27PM,200,Visa/Master,      ,4799XXXXXXXX0931,88.00
500,"Burger & Lobster",19,5034376,Sep 10 2020  1:30PM,215,MBB MASTER,F77417,5491XXXXXXXX1244,506.00
513,"Peace Cafe",601,6033610,Sep 10 2020  1:33PM,232,TnGO,,,25.00
12,"The Bakery",48,486910,Sep 10 2020  1:41PM,219,MBB DEBIT,021266,5196XXXXXXXX4219,33.00
525,"Highline Roof Top Market",687,6872814,Sep 10 2020  1:42PM,214,MBB VISA,579052,4141XXXXXXXX8682,52.00
525,"Highline Roof Top Market",676,6763018,Sep 10 2020  1:44PM,214,MBB VISA,188515,4271XXXXXXXX7523,89.00
203,"Hainan Express",32,320540,Sep 10 2020  1:44PM,200,Visa/Master,      ,4375XXXXXXXX8370,64.00
500,"Burger & Lobster",19,5027765,Sep 10 2020  1:47PM,214,MBB VISA,003454,4966XXXXXXXX6554,302.00
504,"Sky Plaza - Good Luck",626,6260752,Sep 10 2020  1:53PM,216,MBB AMEX,266230,3762XXXXXXXX1074,71.00
500,"Burger & Lobster",19,5027764,Sep 10 2020  1:55PM,214,MBB VISA,008085,4283XXXXXXXX3506,336.00
500,"Burger & Lobster",19,5013856,Sep 10 2020  1:56PM,214,MBB VISA,008850,4365XXXXXXXX1548,221.00
500,"Burger & Lobster",19,5027763,Sep 10 2020  1:57PM,215,MBB MASTER,F39223,5521XXXXXXXX8360,394.00
500,"Burger & Lobster",19,5013854,Sep 10 2020  2:03PM,214,MBB VISA,067805,4935XXXXXXXX9108,351.00
530,"Harry Ramsden",730,7339881,Sep 10 2020  2:08PM,214,MBB VISA,006263,4283XXXXXXXX5070,146.00
21,"RAJAWALI",9,91315,Sep 10 2020  2:11PM,200,Visa/Master,      ,4283XXXXXXXX2620,28.00
500,"Burger & Lobster",19,5034377,Sep 10 2020  2:10PM,214,MBB VISA,007647,4460XXXXXXXX5794,198.00
525,"Highline Roof Top Market",676,6763020,Sep 10 2020  2:13PM,214,MBB VISA,009720,4460XXXXXXXX7123,40.00
500,"Burger & Lobster",19,5027768,Sep 10 2020  2:17PM,214,MBB VISA,201142,4935XXXXXXXX3113,376.00
530,"Harry Ramsden",730,7345026,Sep 10 2020  2:18PM,214,MBB VISA,054323,4628XXXXXXXX9691,67.00
525,"Highline Roof Top Market",687,6872816,Sep 10 2020  2:19PM,214,MBB VISA,003086,4460XXXXXXXX7123,84.00
525,"Highline Roof Top Market",687,6872817,Sep 10 2020  2:22PM,214,MBB VISA,003086,4460XXXXXXXX7123,-84.00
525,"Highline Roof Top Market",687,6872818,Sep 10 2020  2:23PM,214,MBB VISA,005402,4460XXXXXXXX7123,84.00
500,"Burger & Lobster",19,5034380,Sep 10 2020  2:24PM,215,MBB MASTER,482802,5268XXXXXXXX5277,201.00
500,"Burger & Lobster",19,5027769,Sep 10 2020  2:28PM,214,MBB VISA,459044,4377XXXXXXXX2500,349.00
530,"Harry Ramsden",731,7316244,Sep 10 2020  2:31PM,200,Visa/Master,      ,4632XXXXXXXX0258,68.00
530,"Harry Ramsden",730,7339882,Sep 10 2020  2:38PM,214,MBB VISA,073680,4628XXXXXXXX8381,253.00
503,"Malaysian Food Street",554,5545034,Sep 10 2020  2:54PM,200,Visa/Master,      ,4283XXXXXXXX1551,288.90
500,"Burger & Lobster",19,5013857,Sep 10 2020  2:56PM,215,MBB MASTER,131356,5599XXXXXXXX5198,1097.00
521,"Medan Selera",661,6617702,Sep 10 2020  3:02PM,231,CIMB TnGo,185151,1851XXXXXXXX7871,18.80
500,"Burger & Lobster",19,5034378,Sep 10 2020  3:03PM,214,MBB VISA,007605,4365XXXXXXXX6277,563.00
521,"Medan Selera",661,6617706,Sep 10 2020  3:08PM,231,CIMB TnGo,185151,1851XXXXXXXX7951,19.90
500,"Burger & Lobster",19,5027771,Sep 10 2020  3:12PM,214,MBB VISA,150532,4388XXXXXXXX8105,216.00
500,"Burger & Lobster",19,5027772,Sep 10 2020  3:14PM,215,MBB MASTER,F35627,5521XXXXXXXX6161,289.00
525,"Highline Roof Top Market",677,6771965,Sep 10 2020  3:19PM,214,MBB VISA,006868,4842XXXXXXXX4913,48.00
500,"Burger & Lobster",19,5027770,Sep 10 2020  3:20PM,214,MBB VISA,007538,4283XXXXXXXX1925,417.00
500,"Burger & Lobster",19,5034381,Sep 10 2020  3:27PM,214,MBB VISA,001284,4283XXXXXXXX9717,220.00
525,"Highline Roof Top Market",676,6763024,Sep 10 2020  3:36PM,214,MBB VISA,005714,4365XXXXXXXX4191,33.00
525,"Highline Roof Top Market",682,6820882,Sep 10 2020  3:41PM,214,MBB VISA,187785,4645XXXXXXXX9395,88.00
530,"Harry Ramsden",730,7345029,Sep 10 2020  3:42PM,214,MBB VISA,049961,4258XXXXXXXX3202,145.00
525,"Highline Roof Top Market",677,6771966,Sep 10 2020  3:42PM,214,MBB VISA,058690,4617XXXXXXXX1223,116.00
530,"Harry Ramsden",730,7345028,Sep 10 2020  3:45PM,214,MBB VISA,000371,4460XXXXXXXX6077,119.00
525,"Highline Roof Top Market",682,6820883,Sep 10 2020  3:45PM,214,MBB VISA,058957,4617XXXXXXXX1223,98.00
503,"Malaysian Food Street",554,5545039,Sep 10 2020  3:47PM,200,Visa/Master,      ,4283XXXXXXXX1016,203.10
500,"Burger & Lobster",19,5027775,Sep 10 2020  3:54PM,214,MBB VISA,005018,4632XXXXXXXX8730,382.00
530,"Harry Ramsden",730,7345027,Sep 10 2020  3:56PM,215,MBB MASTER,F62955,5196XXXXXXXX2610,173.00
504,"Sky Plaza - Good Luck",625,6250397,Sep 10 2020  3:56PM,216,MBB AMEX,675830,3791XXXXXXXX6509,23.00
530,"Harry Ramsden",730,7339883,Sep 10 2020  3:56PM,214,MBB VISA,012011,4382XXXXXXXX0928,174.00
500,"Burger & Lobster",19,5027779,Sep 10 2020  3:59PM,215,MBB MASTER,627595,5315XXXXXXXX0755,181.00
500,"Burger & Lobster",19,5034383,Sep 10 2020  4:06PM,216,MBB AMEX,120930,3791XXXXXXXX0253,339.00
500,"Burger & Lobster",19,5027778,Sep 10 2020  4:07PM,214,MBB VISA,002240,4632XXXXXXXX1324,266.00
500,"Burger & Lobster",19,5027777,Sep 10 2020  4:09PM,214,MBB VISA,487560,4141XXXXXXXX1599,306.00
500,"Burger & Lobster",19,5034384,Sep 10 2020  4:15PM,215,MBB MASTER,690715,5289XXXXXXXX0197,101.00
97,"Be A Star",8,81154,Sep 10 2020  4:17PM,200,Visa/Master,      ,4902XXXXXXXX6780,2131.00
500,"Burger & Lobster",19,5013861,Sep 10 2020  4:20PM,214,MBB VISA,004418,4032XXXXXXXX5099,286.00
525,"Highline Roof Top Market",676,6763029,Sep 10 2020  4:25PM,214,MBB VISA,063192,4617XXXXXXXX4291,80.00
12,"The Bakery",48,486951,Sep 10 2020  4:26PM,200,Visa/Master,      ,4111XXXXXXXX1111,60.20
500,"Burger & Lobster",19,5013858,Sep 10 2020  4:27PM,214,MBB VISA,305914,4553XXXXXXXX9107,1222.00
500,"Burger & Lobster",19,5034386,Sep 10 2020  4:38PM,214,MBB VISA,843096,4599XXXXXXXX5971,1015.00
500,"Burger & Lobster",19,5013860,Sep 10 2020  4:49PM,214,MBB VISA,004331,4632XXXXXXXX3240,644.00
500,"Burger & Lobster",19,5013859,Sep 10 2020  4:50PM,214,MBB VISA,005071,4842XXXXXXXX8963,268.00
503,"Malaysian Food Street",554,5545040,Sep 10 2020  4:54PM,200,Visa/Master,      ,4404XXXXXXXX5009,112.00
500,"Burger & Lobster",19,5034385,Sep 10 2020  4:55PM,214,MBB VISA,066195,4617XXXXXXXX2636,809.00
525,"Highline Roof Top Market",682,6855385,Sep 10 2020  4:57PM,215,MBB MASTER,F77241,5196XXXXXXXX4201,82.00
500,"Burger & Lobster",19,5034387,Sep 10 2020  4:57PM,214,MBB VISA,066413,4622XXXXXXXX9544,349.00
12,"The Bakery",6,62882,Sep 10 2020  5:02PM,200,Visa/Master,      ,4632XXXXXXXX9554,163.10
203,"Hainan Express",32,320550,Sep 10 2020  5:03PM,200,Visa/Master,      ,4283XXXXXXXX2914,579.00
525,"Highline Roof Top Market",676,6763031,Sep 10 2020  5:09PM,214,MBB VISA,223078,4621XXXXXXXX5486,10.00
12,"The Bakery",48,486966,Sep 10 2020  5:11PM,219,MBB DEBIT,181567,4848XXXXXXXX9155,20.00
530,"Harry Ramsden",730,7345031,Sep 10 2020  5:15PM,214,MBB VISA,008145,4966XXXXXXXX7567,69.00
525,"Highline Roof Top Market",682,6820888,Sep 10 2020  5:19PM,215,MBB MASTER,F14504,5521XXXXXXXX7758,186.00
530,"Harry Ramsden",730,7345033,Sep 10 2020  5:22PM,214,MBB VISA,001386,4632XXXXXXXX3182,104.00
500,"Burger & Lobster",19,5013863,Sep 10 2020  5:22PM,214,MBB VISA,837728,4259XXXXXXXX6480,521.00
12,"The Bakery",6,62886,Sep 10 2020  5:32PM,215,MBB MASTER,H09872,5491XXXXXXXX0008,75.60
500,"Burger & Lobster",19,5027782,Sep 10 2020  5:34PM,214,MBB VISA,414114,4848XXXXXXXX2818,327.00
206,"Oasis Beach Bistro",31,314323,Sep 10 2020  5:36PM,200,Visa/Master,      ,4632XXXXXXXX4047,14.00
521,"Medan Selera",662,6622978,Sep 10 2020  5:40PM,214,MBB VISA,001243,4283XXXXXXXX2951,41.80
530,"Harry Ramsden",731,7316247,Sep 10 2020  5:41PM,216,MBB AMEX,893340,3791XXXXXXXX5392,48.00
500,"Burger & Lobster",19,5027781,Sep 10 2020  5:47PM,215,MBB MASTER,406787,5265XXXXXXXX3154,688.00
500,"Burger & Lobster",19,5027785,Sep 10 2020  5:55PM,215,MBB MASTER,F91151,5196XXXXXXXX0503,207.00
525,"Highline Roof Top Market",676,6763039,Sep 10 2020  5:59PM,215,MBB MASTER,F92059,5196XXXXXXXX1520,54.00
530,"Harry Ramsden",731,7316251,Sep 10 2020  6:02PM,214,MBB VISA,210518,4799XXXXXXXX4824,60.00
525,"Highline Roof Top Market",676,6763041,Sep 10 2020  6:04PM,215,MBB MASTER,F93267,5196XXXXXXXX1520,17.00
500,"Burger & Lobster",19,5027786,Sep 10 2020  6:07PM,215,MBB MASTER,000001,5410XXXXXXXX5504,352.00
521,"Medan Selera",662,6622981,Sep 10 2020  6:11PM,215,MBB MASTER,983404,5195XXXXXXXX3577,105.30
525,"Highline Roof Top Market",676,6763043,Sep 10 2020  6:11PM,215,MBB MASTER,F95101,5196XXXXXXXX3949,32.00
525,"Highline Roof Top Market",676,6763044,Sep 10 2020  6:17PM,215,MBB MASTER,F96608,5196XXXXXXXX0101,81.00
525,"Highline Roof Top Market",677,6771969,Sep 10 2020  6:20PM,214,MBB VISA,007154,4283XXXXXXXX9168,46.00
525,"Highline Roof Top Market",682,6855386,Sep 10 2020  6:22PM,214,MBB VISA,372472,4259XXXXXXXX1785,98.00
521,"Medan Selera",661,6617737,Sep 10 2020  6:23PM,215,MBB MASTER,647976,5265XXXXXXXX3672,18.80
500,"Burger & Lobster",19,5034388,Sep 10 2020  6:28PM,214,MBB VISA,485248,4848XXXXXXXX2924,364.00
521,"Medan Selera",661,6617739,Sep 10 2020  6:29PM,215,MBB MASTER,411516,5265XXXXXXXX3672,19.90
525,"Highline Roof Top Market",682,6763047,Sep 10 2020  6:33PM,214,MBB VISA,686036,4259XXXXXXXX1785,25.00
521,"Medan Selera",661,6617742,Sep 10 2020  6:34PM,215,MBB MASTER,711083,5265XXXXXXXX3672,14.90
12,"The Bakery",48,487001,Sep 10 2020  6:42PM,232,TnGO,,,107.80
206,"Oasis Beach Bistro",31,314328,Sep 10 2020  6:44PM,200,Visa/Master,      ,4617XXXXXXXX1305,48.00
500,"Burger & Lobster",19,5027789,Sep 10 2020  6:43PM,214,MBB VISA,711920,4293XXXXXXXX2127,206.00
500,"Burger & Lobster",19,5027787,Sep 10 2020  6:44PM,215,MBB MASTER,F05572,5196XXXXXXXX5413,289.00
72,"360 BAR AND ALTITUDE BAR",108,427012,Sep 10 2020  6:47PM,214,MBB VISA,216706,4705XXXXXXXX9201,98.00
503,"Malaysian Food Street",554,5545061,Sep 10 2020  6:47PM,200,Visa/Master,      ,5491XXXXXXXX6109,96.30
525,"Highline Roof Top Market",682,6763048,Sep 10 2020  6:48PM,214,MBB VISA,008025,4283XXXXXXXX3604,28.00
525,"Highline Roof Top Market",677,6771972,Sep 10 2020  6:49PM,215,MBB MASTER,F22372,5421XXXXXXXX7462,138.00
530,"Harry Ramsden",731,7316256,Sep 10 2020  6:52PM,214,MBB VISA,771908,4848XXXXXXXX1753,30.00
525,"Highline Roof Top Market",687,6872826,Sep 10 2020  6:57PM,214,MBB VISA,832541,4848XXXXXXXX1753,52.00
503,"Malaysian Food Street",554,5545062,Sep 10 2020  6:57PM,200,Visa/Master,      ,4032XXXXXXXX3165,57.40
521,"Medan Selera",661,6617750,Sep 10 2020  7:00PM,215,MBB MASTER,F09453,5196XXXXXXXX7400,19.10
206,"Oasis Beach Bistro",31,314334,Sep 10 2020  7:01PM,200,Visa/Master,      ,5521XXXXXXXX1677,280.00
520,"RedTail",657,6563706,Sep 10 2020  7:10PM,214,MBB VISA,001494,4632XXXXXXXX8798,500.00
530,"Harry Ramsden",730,7339885,Sep 10 2020  7:19PM,214,MBB VISA,006895,4842XXXXXXXX2533,113.00
500,"Burger & Lobster",19,5034393,Sep 10 2020  7:27PM,214,MBB VISA,745830,4377XXXXXXXX4457,216.00
500,"Burger & Lobster",19,5027792,Sep 10 2020  7:31PM,214,MBB VISA,112804,4382XXXXXXXX1085,474.00
500,"Burger & Lobster",19,5027790,Sep 10 2020  7:33PM,214,MBB VISA,225486,4621XXXXXXXX5424,517.00
500,"Burger & Lobster",19,5027791,Sep 10 2020  7:34PM,214,MBB VISA,218373,4695XXXXXXXX9392,301.00
521,"Medan Selera",661,6617757,Sep 10 2020  7:35PM,215,MBB MASTER,F58640,5521XXXXXXXX5564,41.80
500,"Burger & Lobster",19,5027794,Sep 10 2020  7:44PM,214,MBB VISA,043089,4628XXXXXXXX8020,308.00
525,"Highline Roof Top Market",676,6855388,Sep 10 2020  7:45PM,214,MBB VISA,478826,4553XXXXXXXX6108,129.00
500,"Burger & Lobster",19,5034392,Sep 10 2020  7:46PM,214,MBB VISA,063696,4258XXXXXXXX1609,562.00
500,"Burger & Lobster",19,5013872,Sep 10 2020  7:49PM,214,MBB VISA,518377,4386XXXXXXXX3103,1.00
500,"Burger & Lobster",19,5013871,Sep 10 2020  7:53PM,214,MBB VISA,556509,4386XXXXXXXX3103,434.00
72,"360 BAR AND ALTITUDE BAR",108,427016,Sep 10 2020  7:54PM,214,MBB VISA,029675,4628XXXXXXXX4643,236.00
521,"Medan Selera",662,6623009,Sep 10 2020  7:58PM,215,MBB MASTER,F31683,5239XXXXXXXX4953,20.90
500,"Burger & Lobster",19,5027798,Sep 10 2020  7:59PM,214,MBB VISA,596039,4738XXXXXXXX7195,449.00
525,"Highline Roof Top Market",682,6820902,Sep 10 2020  8:00PM,214,MBB VISA,009246,4632XXXXXXXX2954,62.00
503,"Malaysian Food Street",554,5545068,Sep 10 2020  8:00PM,200,Visa/Master,      ,5400XXXXXXXX6472,55.30
530,"Harry Ramsden",731,7316262,Sep 10 2020  8:01PM,214,MBB VISA,576671,4385XXXXXXXX0840,100.00
503,"Malaysian Food Street",554,5545069,Sep 10 2020  8:02PM,200,Visa/Master,      ,4632XXXXXXXX4493,120.00
500,"Burger & Lobster",19,5027797,Sep 10 2020  8:07PM,214,MBB VISA,003215,4632XXXXXXXX9522,256.00
206,"Oasis Beach Bistro",31,314336,Sep 10 2020  8:09PM,200,Visa/Master,      ,5196XXXXXXXX6412,63.00
521,"Medan Selera",662,6623015,Sep 10 2020  8:08PM,214,MBB VISA,003618,4283XXXXXXXX6998,74.70
500,"Burger & Lobster",19,5027799,Sep 10 2020  8:09PM,215,MBB MASTER,469137,5433XXXXXXXX4252,266.00
525,"Highline Roof Top Market",682,6855392,Sep 10 2020  8:15PM,214,MBB VISA,675560,4293XXXXXXXX6113,129.00
530,"Harry Ramsden",730,7345036,Sep 10 2020  8:16PM,214,MBB VISA,453687,4645XXXXXXXX5885,109.00
524,"RedTail Karaoke",657,6751756,Sep 10 2020  8:18PM,214,MBB VISA,282586,4141XXXXXXXX3029,200.00
520,"RedTail",657,6644177,Sep 10 2020  8:20PM,214,MBB VISA,578573,4645XXXXXXXX6269,208.00
500,"Burger & Lobster",19,5027795,Sep 10 2020  8:21PM,216,MBB AMEX,506350,3791XXXXXXXX9710,449.00
520,"RedTail",657,6644178,Sep 10 2020  8:23PM,214,MBB VISA,002528,4632XXXXXXXX5788,56.00
503,"Malaysian Food Street",554,5545076,Sep 10 2020  8:24PM,200,Visa/Master,      ,4365XXXXXXXX0433,226.80
206,"Oasis Beach Bistro",31,314337,Sep 10 2020  8:27PM,200,Visa/Master,      ,4632XXXXXXXX4047,85.40
500,"Burger & Lobster",19,5027807,Sep 10 2020  8:29PM,215,MBB MASTER,F37737,5196XXXXXXXX7431,326.00
525,"Highline Roof Top Market",687,6872832,Sep 10 2020  8:32PM,214,MBB VISA,007542,4632XXXXXXXX4535,128.00
530,"Harry Ramsden",730,7339886,Sep 10 2020  8:34PM,214,MBB VISA,008464,4283XXXXXXXX3008,161.00
530,"Harry Ramsden",730,7345037,Sep 10 2020  8:38PM,214,MBB VISA,070034,4599XXXXXXXX8828,68.00
500,"Burger & Lobster",19,5013868,Sep 10 2020  8:39PM,214,MBB VISA,701372,4181XXXXXXXX0303,951.00
525,"Highline Roof Top Market",682,6820906,Sep 10 2020  8:40PM,214,MBB VISA,002022,4283XXXXXXXX9072,38.00
21,"RAJAWALI",9,102248,Sep 10 2020  8:43PM,200,Visa/Master,      ,4322XXXXXXXX3413,133.00
500,"Burger & Lobster",19,5013875,Sep 10 2020  8:43PM,214,MBB VISA,003622,4842XXXXXXXX4976,1423.00
525,"Highline Roof Top Market",682,6820907,Sep 10 2020  8:44PM,215,MBB MASTER,807872,5522XXXXXXXX4788,44.00
500,"Burger & Lobster",19,5027810,Sep 10 2020  8:53PM,214,MBB VISA,009259,4365XXXXXXXX7273,394.00
525,"Highline Roof Top Market",677,6771992,Sep 10 2020  8:57PM,214,MBB VISA,001770,4632XXXXXXXX4535,88.00
500,"Burger & Lobster",19,5013874,Sep 10 2020  9:00PM,215,MBB MASTER,448366,5433XXXXXXXX9938,306.00
500,"Burger & Lobster",19,5027809,Sep 10 2020  9:01PM,214,MBB VISA,004327,4460XXXXXXXX7749,273.00
500,"Burger & Lobster",19,5027808,Sep 10 2020  9:09PM,214,MBB VISA,093401,4617XXXXXXXX4522,412.00
22,"FLAVOURS CAFE",36,502360,Sep 10 2020  9:13PM,200,Visa/Master,      ,5491XXXXXXXX2753,224.00
530,"Harry Ramsden",730,7345038,Sep 10 2020  9:11PM,215,MBB MASTER,F51936,5196XXXXXXXX8120,149.00
22,"FLAVOURS CAFE",36,502361,Sep 10 2020  9:17PM,200,Visa/Master,      ,5289XXXXXXXX5102,210.00
525,"Highline Roof Top Market",687,6872834,Sep 10 2020  9:14PM,214,MBB VISA,001508,4365XXXXXXXX3174,32.00
520,"RedTail",657,6644184,Sep 10 2020  9:16PM,214,MBB VISA,322452,4259XXXXXXXX8476,208.00
534,"Redtail Sports Bar",762,7660650,Sep 10 2020  9:16PM,214,MBB VISA,225944,4504XXXXXXXX9934,20.00
500,"Burger & Lobster",19,5034403,Sep 10 2020  9:19PM,215,MBB MASTER,121819,5599XXXXXXXX9193,349.00
206,"Oasis Beach Bistro",31,314333,Sep 10 2020  9:21PM,200,Visa/Master,      ,5289XXXXXXXX4609,32.20
525,"Highline Roof Top Market",682,6820915,Sep 10 2020  9:21PM,214,MBB VISA,766513,4848XXXXXXXX8532,98.00
203,"Hainan Express",32,320563,Sep 10 2020  9:20PM,200,Visa/Master,      ,5196XXXXXXXX2588,63.70
206,"Oasis Beach Bistro",31,314348,Sep 10 2020  9:23PM,200,Visa/Master,      ,4032XXXXXXXX2994,28.00
525,"Highline Roof Top Market",676,6763066,Sep 10 2020  9:31PM,214,MBB VISA,000736,4283XXXXXXXX9012,38.00
500,"Burger & Lobster",19,5027815,Sep 10 2020  9:32PM,215,MBB MASTER,F44017,5400XXXXXXXX2074,222.00
525,"Highline Roof Top Market",687,6872836,Sep 10 2020  9:34PM,214,MBB VISA,002234,4283XXXXXXXX7201,21.00
525,"Highline Roof Top Market",677,6771995,Sep 10 2020  9:36PM,214,MBB VISA,002871,4283XXXXXXXX9012,68.00
72,"360 BAR AND ALTITUDE BAR",108,427023,Sep 10 2020  9:37PM,214,MBB VISA,393040,4553XXXXXXXX6102,236.00
525,"Highline Roof Top Market",682,6820916,Sep 10 2020  9:37PM,214,MBB VISA,003725,4283XXXXXXXX9012,32.00
500,"Burger & Lobster",19,5034399,Sep 10 2020  9:38PM,214,MBB VISA,414517,4553XXXXXXXX6114,972.00
22,"FLAVOURS CAFE",36,502366,Sep 10 2020  9:42PM,200,Visa/Master,      ,5521XXXXXXXX9226,223.00
66,"SALT SHACK BAR",405,4070521,Sep 10 2020  9:41PM,200,Visa/Master,      ,4966XXXXXXXX0507,111.20
500,"Burger & Lobster",19,5027814,Sep 10 2020  9:44PM,214,MBB VISA,006702,4966XXXXXXXX7567,338.00
500,"Burger & Lobster",19,5027813,Sep 10 2020  9:45PM,215,MBB MASTER,F11397,5523XXXXXXXX8234,369.00
525,"Highline Roof Top Market",676,6763068,Sep 10 2020  9:46PM,214,MBB VISA,236986,4031XXXXXXXX8854,58.00
500,"Burger & Lobster",19,5034402,Sep 10 2020  9:48PM,214,MBB VISA,008796,4365XXXXXXXX3867,1453.00
500,"Burger & Lobster",19,5034401,Sep 10 2020  9:49PM,215,MBB MASTER,F92568,5521XXXXXXXX9341,493.00
500,"Burger & Lobster",19,5027825,Sep 10 2020  9:52PM,214,MBB VISA,147069,4848XXXXXXXX1025,344.00
500,"Burger & Lobster",19,5027819,Sep 10 2020  9:52PM,215,MBB MASTER,F46281,5243XXXXXXXX6581,384.00
500,"Burger & Lobster",19,5034405,Sep 10 2020  9:55PM,215,MBB MASTER,F61739,5196XXXXXXXX2610,685.00
500,"Burger & Lobster",19,5027821,Sep 10 2020  9:56PM,214,MBB VISA,581329,4935XXXXXXXX5103,388.00
500,"Burger & Lobster",19,5027823,Sep 10 2020  9:59PM,214,MBB VISA,760320,4599XXXXXXXX4170,339.00
504,"Sky Plaza - Good Luck",626,6261347,Sep 10 2020  9:59PM,201,AMEX,      ,3762XXXXXXXX9783,22.00
525,"Highline Roof Top Market",682,6820922,Sep 10 2020 10:04PM,214,MBB VISA,697108,4848XXXXXXXX8532,45.00
525,"Highline Roof Top Market",677,6771997,Sep 10 2020 10:04PM,214,MBB VISA,907338,4080XXXXXXXX8008,142.00
530,"Harry Ramsden",731,7316266,Sep 10 2020 10:07PM,214,MBB VISA,091203,4375XXXXXXXX7151,89.00
203,"Hainan Express",32,320568,Sep 10 2020 10:07PM,200,Visa/Master,      ,4632XXXXXXXX4047,23.10
525,"Highline Roof Top Market",682,6820923,Sep 10 2020 10:09PM,215,MBB MASTER,585924,5589XXXXXXXX0455,170.00
520,"RedTail",657,6644186,Sep 10 2020 10:09PM,214,MBB VISA,117271,4553XXXXXXXX1271,208.00
525,"Highline Roof Top Market",682,6820924,Sep 10 2020 10:10PM,214,MBB VISA,007344,4632XXXXXXXX9742,15.00
206,"Oasis Beach Bistro",31,314349,Sep 10 2020 10:16PM,200,Visa/Master,      ,4966XXXXXXXX0873,39.20
525,"Highline Roof Top Market",682,6855411,Sep 10 2020 10:16PM,214,MBB VISA,002718,4032XXXXXXXX6994,121.00
525,"Highline Roof Top Market",682,6820925,Sep 10 2020 10:18PM,215,MBB MASTER,F65804,5196XXXXXXXX2610,129.00
529,"Taiko Ramen",995,9952899,Sep 10 2020 10:19PM,200,Visa/Master,,,28.00
529,"Taiko Ramen",995,9952900,Sep 10 2020 10:19PM,200,Visa/Master,,,112.00
529,"Taiko Ramen",995,9952901,Sep 10 2020 10:19PM,200,Visa/Master,,,28.00
529,"Taiko Ramen",995,9952902,Sep 10 2020 10:19PM,200,Visa/Master,,,28.00
529,"Taiko Ramen",995,9952903,Sep 10 2020 10:19PM,212,Alipay,,,22.00
529,"Taiko Ramen",995,9952904,Sep 10 2020 10:19PM,212,Alipay,,,56.00
529,"Taiko Ramen",995,9952905,Sep 10 2020 10:19PM,212,Alipay,,,28.00
529,"Taiko Ramen",995,9952906,Sep 10 2020 10:19PM,212,Alipay,,,4.00
529,"Taiko Ramen",995,9952907,Sep 10 2020 10:19PM,212,Alipay,,,7.00
525,"Highline Roof Top Market",682,6820926,Sep 10 2020 10:19PM,214,MBB VISA,873017,4848XXXXXXXX3911,31.00
504,"Sky Plaza - Good Luck",625,6250849,Sep 10 2020 10:21PM,214,MBB VISA,059129,4628XXXXXXXX6556,35.00
525,"Highline Roof Top Market",682,6820927,Sep 10 2020 10:21PM,214,MBB VISA,000923,4365XXXXXXXX7396,248.00
525,"Highline Roof Top Market",682,6820928,Sep 10 2020 10:22PM,214,MBB VISA,698034,4293XXXXXXXX3913,232.00
525,"Highline Roof Top Market",676,6763076,Sep 10 2020 10:23PM,214,MBB VISA,027852,4677XXXXXXXX9051,39.00
203,"Hainan Express",32,320567,Sep 10 2020 10:23PM,200,Visa/Master,      ,4799XXXXXXXX8968,42.00
525,"Highline Roof Top Market",682,6855416,Sep 10 2020 10:24PM,215,MBB MASTER,230251,5422XXXXXXXX9325,365.00
520,"RedTail",657,6644191,Sep 10 2020 10:27PM,215,MBB MASTER,297904,5472XXXXXXXX5102,268.00
520,"RedTail",657,6644189,Sep 10 2020 10:28PM,215,MBB MASTER,800267,5195XXXXXXXX8749,228.00
520,"RedTail",657,6644188,Sep 10 2020 10:29PM,214,MBB VISA,323900,4259XXXXXXXX8476,30.00
525,"Highline Roof Top Market",682,6855420,Sep 10 2020 10:35PM,215,MBB MASTER,F19168,5498XXXXXXXX0796,129.00
12,"The Bakery",48,487059,Sep 10 2020 10:45PM,219,MBB DEBIT,594799,4632XXXXXXXX2954,19.00
525,"Highline Roof Top Market",687,6872839,Sep 10 2020 10:46PM,214,MBB VISA,008317,4966XXXXXXXX5340,52.00
525,"Highline Roof Top Market",682,6855421,Sep 10 2020 10:48PM,214,MBB VISA,008973,4966XXXXXXXX5340,198.40
525,"Highline Roof Top Market",682,6820934,Sep 10 2020 10:49PM,214,MBB VISA,206565,4848XXXXXXXX3911,30.00
520,"RedTail",657,6644195,Sep 10 2020 10:51PM,214,MBB VISA,009712,4283XXXXXXXX8937,130.00
525,"Highline Roof Top Market",676,6763078,Sep 10 2020 10:53PM,214,MBB VISA,470039,4259XXXXXXXX2907,68.00
525,"Highline Roof Top Market",682,6820936,Sep 10 2020 10:55PM,214,MBB VISA,437865,4259XXXXXXXX2907,129.00
525,"Highline Roof Top Market",682,6820937,Sep 10 2020 10:58PM,214,MBB VISA,001617,4632XXXXXXXX3825,10.00
525,"Highline Roof Top Market",676,6763081,Sep 10 2020 11:04PM,214,MBB VISA,003319,4365XXXXXXXX7396,44.00
525,"Highline Roof Top Market",676,6763082,Sep 10 2020 11:07PM,214,MBB VISA,004060,4283XXXXXXXX7954,62.00
525,"Highline Roof Top Market",676,6763083,Sep 10 2020 11:08PM,214,MBB VISA,004334,4632XXXXXXXX3825,58.00
525,"Highline Roof Top Market",676,6763084,Sep 10 2020 11:10PM,214,MBB VISA,004660,4632XXXXXXXX2890,39.00
525,"Highline Roof Top Market",676,6763085,Sep 10 2020 11:13PM,214,MBB VISA,005490,4966XXXXXXXX5340,48.00
520,"RedTail",657,6563711,Sep 10 2020 11:18PM,215,MBB MASTER,949198,5268XXXXXXXX5963,905.00
22,"FLAVOURS CAFE",36,361015,Sep 10 2020 11:27PM,200,Visa/Master,      ,4621XXXXXXXX4148,129.50
525,"Highline Roof Top Market",682,6855426,Sep 10 2020 11:25PM,214,MBB VISA,003374,4032XXXXXXXX6994,129.00
22,"FLAVOURS CAFE",36,502373,Sep 10 2020 11:36PM,200,Visa/Master,      ,4032XXXXXXXX5284,170.00
