﻿Account Number,Account Type,Account Name,Account Currency,Date From,Date To,Total Debit,Total Credit,Begin Balance,End Balance,Transaction Date,Transaction Time,Posting Date,Processing Time,Transaction Description,Transaction Ref,Debit,Credit,Source Code,Teller ID,Branch/Channel,Transaction Code,End Balance,Filler,Virtual Account,Transaction Description 2,Transaction Description 3,Transaction Description 4,Expiry Date
"514356803557","Current Account","GENTING GOLF COURSE BERHAD","MYR","2020-08-02 MY (UTC+08:00)","2020-08-02 MY (UTC+08:00)","3","2","1,000.00","1,000.00","-","-","02/Aug/2020 MY (UTC+08:00)","11:55 MY (UTC+08:00)","Pay and play","AGSSGLINKS","-","140.00","003 - ATM","936PHONE","2988","7610 - TRANSFER TO A/C","1,140.00","","-","WONG KUI LENG      *","TRANSFER TO A/C","","-"
"514356803557","Current Account","GENTING GOLF COURSE BERHAD","MYR","2020-08-02 MY (UTC+08:00)","2020-08-02 MY (UTC+08:00)","3","2","1,000.00","1,000.00","-","-","02/Aug/2020 MY (UTC+08:00)","01:26 MY (UTC+08:00)","XFR DEBIT SVC CHARGE","","2.00","-","011 - System","BTCH6587","1435","XFRDRSVC - SERVICE CHARGE","1,138.00","","-","","","","-"
"514356803557","Current Account","GENTING GOLF COURSE BERHAD","MYR","2020-08-02 MY (UTC+08:00)","2020-08-02 MY (UTC+08:00)","3","2","1,000.00","1,000.00","-","-","02/Aug/2020 MY (UTC+08:00)","01:26 MY (UTC+08:00)","GENTING MALAYSIA BERHAD","514011468149","297.60","-","011 - System","BTCH6587","1435","XFRDR - FUND TRANSFER DEBIT","840.40","","-","","","","-"
"514356803557","Current Account","GENTING GOLF COURSE BERHAD","MYR","2020-08-02 MY (UTC+08:00)","2020-08-02 MY (UTC+08:00)","3","2","1,000.00","1,000.00","-","-","02/Aug/2020 MY (UTC+08:00)","02:20 MY (UTC+08:00)","DR/CARD SALES M/N 4009726 DATED 01082020","","-","160.00","006 - Pos","CBSX408R","3121","8300 - CREDIT ACCOUNT","1,000.40","","-","","","","-"
"514356803557","Current Account","GENTING GOLF COURSE BERHAD","MYR","2020-08-02 MY (UTC+08:00)","2020-08-02 MY (UTC+08:00)","3","2","1,000.00","1,000.00","-","-","02/Aug/2020 MY (UTC+08:00)","02:21 MY (UTC+08:00)","DR/CARD SALES M/N 4009726 DATED 01082020","","0.40","-","011 - System","CBSX408R","2981","BCHARGE - ELECTRONIC TRANSACTION CHARGES","1,000.00","","-","","","","-"
