﻿Account Number,Account Type,Account Name,Account Currency,Date From,Date To,Total Debit,Total Credit,Begin Balance,End Balance,Transaction Date,Transaction Time,Posting Date,Processing Time,Transaction Description,Transaction Ref,Debit,Credit,Source Code,Teller ID,Branch/Channel,Transaction Code,End Balance,Filler,Virtual Account,Transaction Description 2,Transaction Description 3,Transaction Description 4,Expiry Date
"514356803557","Current Account","GENTING GOLF COURSE BERHAD","MYR","2020-08-03 MY (UTC+08:00)","2020-08-03 MY (UTC+08:00)","3","9","1,000.00","1,000.00","-","-","03/Aug/2020 MY (UTC+08:00)","08:34 MY (UTC+08:00)","CR/CARD SALES M/N 4009726 DATED 01082020","97260108","-","12,129.54","011 - System","CBSX4498","2719","2981 - MERCHANT CREDIT CARD SALES","13,129.54","","-","","","","-"
"514356803557","Current Account","GENTING GOLF COURSE BERHAD","MYR","2020-08-03 MY (UTC+08:00)","2020-08-03 MY (UTC+08:00)","3","9","1,000.00","1,000.00","-","-","03/Aug/2020 MY (UTC+08:00)","08:34 MY (UTC+08:00)","CR/CARD SALES M/N 4009726 DATED 02082020","97260208","-","5,598.22","011 - System","CBSX4498","2719","2981 - MERCHANT CREDIT CARD SALES","18,727.76","","-","","","","-"
"514356803557","Current Account","GENTING GOLF COURSE BERHAD","MYR","2020-08-03 MY (UTC+08:00)","2020-08-03 MY (UTC+08:00)","3","9","1,000.00","1,000.00","-","-","03/Aug/2020 MY (UTC+08:00)","08:34 MY (UTC+08:00)","CR/CARD SALES M/N 4009726 DATED 30072020","97263007","-","8,380.77","011 - System","CBSX4498","2719","2981 - MERCHANT CREDIT CARD SALES","27,108.53","","-","","","","-"
"514356803557","Current Account","GENTING GOLF COURSE BERHAD","MYR","2020-08-03 MY (UTC+08:00)","2020-08-03 MY (UTC+08:00)","3","9","1,000.00","1,000.00","-","-","03/Aug/2020 MY (UTC+08:00)","08:34 MY (UTC+08:00)","CR/CARD SALES M/N 4009726 DATED 31072020","97263107","-","14,298.37","011 - System","CBSX4498","2719","2981 - MERCHANT CREDIT CARD SALES","41,406.90","","-","","","","-"
"514356803557","Current Account","GENTING GOLF COURSE BERHAD","MYR","2020-08-03 MY (UTC+08:00)","2020-08-03 MY (UTC+08:00)","3","9","1,000.00","1,000.00","-","-","03/Aug/2020 MY (UTC+08:00)","09:48 MY (UTC+08:00)","DATE     REFERENCE","81002415012021","-","6,773.60","011 - System","CBSX406C","2601","7991 - INTER-BANK PAYMENT INTO A/C","48,180.50","","-","YTL COMMUNICATIONS","INTER-BANK PAYMENT INTO A/C","","-"
"514356803557","Current Account","GENTING GOLF COURSE BERHAD","MYR","2020-08-03 MY (UTC+08:00)","2020-08-03 MY (UTC+08:00)","3","9","1,000.00","1,000.00","-","-","03/Aug/2020 MY (UTC+08:00)","14:55 MY (UTC+08:00)","F&B - 09.08.2020","AGSSG LINKS","-","2,500.00","003 - ATM","923PHONE","2988","7610 - TRANSFER TO A/C","50,680.50","","-","AGSSG LINKS SDN BHD*","TRANSFER TO A/C","","-"
"514356803557","Current Account","GENTING GOLF COURSE BERHAD","MYR","2020-08-03 MY (UTC+08:00)","2020-08-03 MY (UTC+08:00)","3","9","1,000.00","1,000.00","-","-","03/Aug/2020 MY (UTC+08:00)","18:29 MY (UTC+08:00)","G4359409","AGSSGLINKS","-","716.00","003 - ATM","928PHONE","2988","7610 - TRANSFER TO A/C","51,396.50","","-","AGSSG LINKS SDN BHD*","TRANSFER TO A/C","","-"
"514356803557","Current Account","GENTING GOLF COURSE BERHAD","MYR","2020-08-03 MY (UTC+08:00)","2020-08-03 MY (UTC+08:00)","3","9","1,000.00","1,000.00","-","-","03/Aug/2020 MY (UTC+08:00)","19:36 MY (UTC+08:00)","EDOTCO MALAYSIA SDN","PLR094670","-","3,926.20","025 - Office","CBSX4618","7502","CCRBEN1 - CMS - CR PYMT MARS","55,322.70","","-","EDOTCO MALAYSIA SDN","CMS - CR PYMT MARS","","-"
"514356803557","Current Account","GENTING GOLF COURSE BERHAD","MYR","2020-08-03 MY (UTC+08:00)","2020-08-03 MY (UTC+08:00)","3","9","1,000.00","1,000.00","-","-","03/Aug/2020 MY (UTC+08:00)","01:33 MY (UTC+08:00)","GENTING MALAYSIA BERHAD","514011468149","54,400.50","-","011 - System","BTCH6587","1435","XFRDR - FUND TRANSFER DEBIT","922.20","","-","","","","-"
"514356803557","Current Account","GENTING GOLF COURSE BERHAD","MYR","2020-08-03 MY (UTC+08:00)","2020-08-03 MY (UTC+08:00)","3","9","1,000.00","1,000.00","-","-","03/Aug/2020 MY (UTC+08:00)","01:33 MY (UTC+08:00)","XFR DEBIT SVC CHARGE","","2.00","-","011 - System","BTCH6587","1435","XFRDRSVC - SERVICE CHARGE","920.20","","-","","","","-"
"514356803557","Current Account","GENTING GOLF COURSE BERHAD","MYR","2020-08-03 MY (UTC+08:00)","2020-08-03 MY (UTC+08:00)","3","9","1,000.00","1,000.00","-","-","03/Aug/2020 MY (UTC+08:00)","02:14 MY (UTC+08:00)","DR/CARD SALES M/N 4009726 DATED 02082020","","-","80.00","006 - Pos","CBSX408R","2977","8300 - CREDIT ACCOUNT","1,000.20","","-","","","","-"
"514356803557","Current Account","GENTING GOLF COURSE BERHAD","MYR","2020-08-03 MY (UTC+08:00)","2020-08-03 MY (UTC+08:00)","3","9","1,000.00","1,000.00","-","-","03/Aug/2020 MY (UTC+08:00)","02:14 MY (UTC+08:00)","DR/CARD SALES M/N 4009726 DATED 02082020","","0.20","-","011 - System","CBSX408R","2981","BCHARGE - ELECTRONIC TRANSACTION CHARGES","1,000.00","","-","","","","-"
