﻿Account Number,Account Type,Account Name,Account Currency,Date From,Date To,Total Debit,Total Credit,Begin Balance,End Balance,Transaction Date,Transaction Time,Posting Date,Processing Time,Transaction Description,Transaction Ref,Debit,Credit,Source Code,Teller ID,Branch/Channel,Transaction Code,End Balance,Filler,Virtual Account,Transaction Description 2,Transaction Description 3,Transaction Description 4,Expiry Date
"514356803557","Current Account","GENTING GOLF COURSE BERHAD","MYR","2020-08-04 MY (UTC+08:00)","2020-08-04 MY (UTC+08:00)","2","4","1,000.00","1,000.00","-","-","04/Aug/2020 MY (UTC+08:00)","08:32 MY (UTC+08:00)","CR/CARD SALES M/N 4009726 DATED 03082020","97260308","-","3,529.13","011 - System","CBSX4498","2719","2981 - MERCHANT CREDIT CARD SALES","4,529.13","","-","","","","-"
"514356803557","Current Account","GENTING GOLF COURSE BERHAD","MYR","2020-08-04 MY (UTC+08:00)","2020-08-04 MY (UTC+08:00)","2","4","1,000.00","1,000.00","-","-","04/Aug/2020 MY (UTC+08:00)","17:18 MY (UTC+08:00)","Zahana","Skkkb2","-","2,220.00","003 - ATM","939PHONE","2988","7610 - TRANSFER TO A/C","6,749.13","","-","FAKHRUZZAMAN BIN RA*","TRANSFER TO A/C","","-"
"514356803557","Current Account","GENTING GOLF COURSE BERHAD","MYR","2020-08-04 MY (UTC+08:00)","2020-08-04 MY (UTC+08:00)","2","4","1,000.00","1,000.00","-","-","04/Aug/2020 MY (UTC+08:00)","01:31 MY (UTC+08:00)","XFR DEBIT SVC CHARGE","","2.00","-","011 - System","BTCH6587","1435","XFRDRSVC - SERVICE CHARGE","6,747.13","","-","","","","-"
"514356803557","Current Account","GENTING GOLF COURSE BERHAD","MYR","2020-08-04 MY (UTC+08:00)","2020-08-04 MY (UTC+08:00)","2","4","1,000.00","1,000.00","-","-","04/Aug/2020 MY (UTC+08:00)","01:31 MY (UTC+08:00)","GENTING MALAYSIA BERHAD","514011468149","7,616.08","-","011 - System","BTCH6587","1435","XFRDR - FUND TRANSFER DEBIT","-868.95","","-","","","","-"
"514356803557","Current Account","GENTING GOLF COURSE BERHAD","MYR","2020-08-04 MY (UTC+08:00)","2020-08-04 MY (UTC+08:00)","2","4","1,000.00","1,000.00","-","-","04/Aug/2020 MY (UTC+08:00)","05:08 MY (UTC+08:00)","MBB HQ ACCOUNTS PAYA","323432","-","96.00","025 - Office","CBSX4618","2502","CCRBEN1 - CMS - CR PYMT MARS","-772.95","","-","MAPS-PROPERTY","CMS - CR PYMT MARS","","-"
"514356803557","Current Account","GENTING GOLF COURSE BERHAD","MYR","2020-08-04 MY (UTC+08:00)","2020-08-04 MY (UTC+08:00)","2","4","1,000.00","1,000.00","-","-","04/Aug/2020 MY (UTC+08:00)","05:33 MY (UTC+08:00)","9870200003 CR/CARD SALES  DATED 04082020","00030408","-","1,772.95","011 - System","CBSX4498","3104","2210 - CARDS CREDIT","1,000.00","","-","","","","-"
