﻿Account Number,Account Type,Account Name,Account Currency,Date From,Date To,Total Debit,Total Credit,Begin Balance,End Balance,Transaction Date,Transaction Time,Posting Date,Processing Time,Transaction Description,Transaction Ref,Debit,Credit,Source Code,Teller ID,Branch/Channel,Transaction Code,End Balance,Filler,Virtual Account,Transaction Description 2,Transaction Description 3,Transaction Description 4,Expiry Date
"514356803557","Current Account","GENTING GOLF COURSE BERHAD","MYR","2020-08-05 MY (UTC+08:00)","2020-08-05 MY (UTC+08:00)","2","5","1,000.00","1,000.00","-","-","05/Aug/2020 MY (UTC+08:00)","08:32 MY (UTC+08:00)","CR/CARD SALES M/N 4009726 DATED 04082020","97260408","-","2,849.57","011 - System","CBSX4498","2719","2981 - MERCHANT CREDIT CARD SALES","3,849.57","","-","","","","-"
"514356803557","Current Account","GENTING GOLF COURSE BERHAD","MYR","2020-08-05 MY (UTC+08:00)","2020-08-05 MY (UTC+08:00)","2","5","1,000.00","1,000.00","-","-","05/Aug/2020 MY (UTC+08:00)","11:02 MY (UTC+08:00)","CHUAH KIN TAT","70000853","-","1,050.00","018 - Teller","000ABB3A","0606","7100 - CASH DEPOSIT","4,899.57","","-","","","","-"
"514356803557","Current Account","GENTING GOLF COURSE BERHAD","MYR","2020-08-05 MY (UTC+08:00)","2020-08-05 MY (UTC+08:00)","2","5","1,000.00","1,000.00","-","-","05/Aug/2020 MY (UTC+08:00)","12:20 MY (UTC+08:00)","200000002440","2LJTAA0015508","-","2,316.00","011 - System","CBSX406C","2601","7991 - INTER-BANK PAYMENT INTO A/C","7,215.57","","-","LEMBAGA JURUKUR TAN","INTER-BANK PAYMENT INTO A/C","","-"
"514356803557","Current Account","GENTING GOLF COURSE BERHAD","MYR","2020-08-05 MY (UTC+08:00)","2020-08-05 MY (UTC+08:00)","2","5","1,000.00","1,000.00","-","-","05/Aug/2020 MY (UTC+08:00)","14:20 MY (UTC+08:00)","202011066807788926","R200805323519S","-","20,619.12","011 - System","MHHJA22","2601","2910 - CCA CREDIT INWARD RENTAS","27,834.69","","-","AKAUNTAN NEGARA MAL*","CREDIT INWARD RENTAS","","-"
"514356803557","Current Account","GENTING GOLF COURSE BERHAD","MYR","2020-08-05 MY (UTC+08:00)","2020-08-05 MY (UTC+08:00)","2","5","1,000.00","1,000.00","-","-","05/Aug/2020 MY (UTC+08:00)","18:46 MY (UTC+08:00)","No.0023000139312008/","9401872469","-","16,588.60","011 - System","CBSX406C","2601","7991 - INTER-BANK PAYMENT INTO A/C","44,423.29","","-","MAXIS BROADBAND SDN","INTER-BANK PAYMENT INTO A/C","","-"
"514356803557","Current Account","GENTING GOLF COURSE BERHAD","MYR","2020-08-05 MY (UTC+08:00)","2020-08-05 MY (UTC+08:00)","2","5","1,000.00","1,000.00","-","-","05/Aug/2020 MY (UTC+08:00)","01:34 MY (UTC+08:00)","GENTING MALAYSIA BERHAD","514011468149","43,421.29","-","011 - System","BTCH6587","1435","XFRDR - FUND TRANSFER DEBIT","1,002.00","","-","","","","-"
"514356803557","Current Account","GENTING GOLF COURSE BERHAD","MYR","2020-08-05 MY (UTC+08:00)","2020-08-05 MY (UTC+08:00)","2","5","1,000.00","1,000.00","-","-","05/Aug/2020 MY (UTC+08:00)","01:34 MY (UTC+08:00)","XFR DEBIT SVC CHARGE","","2.00","-","011 - System","BTCH6587","1435","XFRDRSVC - SERVICE CHARGE","1,000.00","","-","","","","-"
