﻿Account Number,Account Type,Account Name,Account Currency,Date From,Date To,Total Debit,Total Credit,Begin Balance,End Balance,Transaction Date,Transaction Time,Posting Date,Processing Time,Transaction Description,Transaction Ref,Debit,Credit,Source Code,Teller ID,Branch/Channel,Transaction Code,End Balance,Filler,Virtual Account,Transaction Description 2,Transaction Description 3,Transaction Description 4,Expiry Date
"514356803557","Current Account","GENTING GOLF COURSE BERHAD","MYR","2020-08-06 MY (UTC+08:00)","2020-08-06 MY (UTC+08:00)","2","5","1,000.00","1,000.00","-","-","06/Aug/2020 MY (UTC+08:00)","08:31 MY (UTC+08:00)","CR/CARD SALES M/N 4009726 DATED 05082020","97260508","-","1,826.13","011 - System","CBSX4498","2719","2981 - MERCHANT CREDIT CARD SALES","2,826.13","","-","","","","-"
"514356803557","Current Account","GENTING GOLF COURSE BERHAD","MYR","2020-08-06 MY (UTC+08:00)","2020-08-06 MY (UTC+08:00)","2","5","1,000.00","1,000.00","-","-","06/Aug/2020 MY (UTC+08:00)","10:17 MY (UTC+08:00)","Awana","4408290 440167","-","224.00","003 - ATM","998PHONE","2988","7610 - TRANSFER TO A/C","3,050.13","","-","NIZARUDDIN BIN NAHA*","TRANSFER TO A/C","","-"
"514356803557","Current Account","GENTING GOLF COURSE BERHAD","MYR","2020-08-06 MY (UTC+08:00)","2020-08-06 MY (UTC+08:00)","2","5","1,000.00","1,000.00","-","-","06/Aug/2020 MY (UTC+08:00)","12:35 MY (UTC+08:00)","","70001306","-","2,300.00","003 - ATM","0002A98A","2987","7610 - TRANSFER TO A/C","5,350.13","","500511270095","LEE HAK CHAN","TRANSFER TO A/C","","-"
"514356803557","Current Account","GENTING GOLF COURSE BERHAD","MYR","2020-08-06 MY (UTC+08:00)","2020-08-06 MY (UTC+08:00)","2","5","1,000.00","1,000.00","-","-","06/Aug/2020 MY (UTC+08:00)","15:15 MY (UTC+08:00)","4 PAX - 09.08.2020","AGSSG LINKS","-","200.00","003 - ATM","955PHONE","2988","7610 - TRANSFER TO A/C","5,550.13","","-","AGSSG LINKS SDN BHD*","TRANSFER TO A/C","","-"
"514356803557","Current Account","GENTING GOLF COURSE BERHAD","MYR","2020-08-06 MY (UTC+08:00)","2020-08-06 MY (UTC+08:00)","2","5","1,000.00","1,000.00","-","-","06/Aug/2020 MY (UTC+08:00)","21:56 MY (UTC+08:00)","Awana KM 13","61","-","7,143.84","011 - System","CBSX406C","2601","7991 - INTER-BANK PAYMENT INTO A/C","12,693.97","","-","TOUCH MATRIX SDN BH","INTER-BANK PAYMENT INTO A/C","","-"
"514356803557","Current Account","GENTING GOLF COURSE BERHAD","MYR","2020-08-06 MY (UTC+08:00)","2020-08-06 MY (UTC+08:00)","2","5","1,000.00","1,000.00","-","-","06/Aug/2020 MY (UTC+08:00)","01:31 MY (UTC+08:00)","XFR DEBIT SVC CHARGE","","2.00","-","011 - System","BTCH6587","1435","XFRDRSVC - SERVICE CHARGE","12,691.97","","-","","","","-"
"514356803557","Current Account","GENTING GOLF COURSE BERHAD","MYR","2020-08-06 MY (UTC+08:00)","2020-08-06 MY (UTC+08:00)","2","5","1,000.00","1,000.00","-","-","06/Aug/2020 MY (UTC+08:00)","01:31 MY (UTC+08:00)","GENTING MALAYSIA BERHAD","514011468149","11,691.97","-","011 - System","BTCH6587","1435","XFRDR - FUND TRANSFER DEBIT","1,000.00","","-","","","","-"
