﻿Account Number,Account Type,Account Name,Account Currency,Date From,Date To,Total Debit,Total Credit,Begin Balance,End Balance,Transaction Date,Transaction Time,Posting Date,Processing Time,Transaction Description,Transaction Ref,Debit,Credit,Source Code,Teller ID,Branch/Channel,Transaction Code,End Balance,Filler,Virtual Account,Transaction Description 2,Transaction Description 3,Transaction Description 4,Expiry Date
"514356803557","Current Account","GENTING GOLF COURSE BERHAD","MYR","2020-08-09 MY (UTC+08:00)","2020-08-09 MY (UTC+08:00)","4","2","8,232.80","8,232.80","-","-","09/Aug/2020 MY (UTC+08:00)","01:28 MY (UTC+08:00)","XFR DEBIT SVC CHARGE","","2.00","-","011 - System","BTCH6587","1435","XFRDRSVC - SERVICE CHARGE","8,230.80","","-","","","","-"
"514356803557","Current Account","GENTING GOLF COURSE BERHAD","MYR","2020-08-09 MY (UTC+08:00)","2020-08-09 MY (UTC+08:00)","4","2","8,232.80","8,232.80","-","-","09/Aug/2020 MY (UTC+08:00)","01:28 MY (UTC+08:00)","GENTING MALAYSIA BERHAD","514011468149","733.16","-","011 - System","BTCH6587","1435","XFRDR - FUND TRANSFER DEBIT","7,497.64","","-","","","","-"
"514356803557","Current Account","GENTING GOLF COURSE BERHAD","MYR","2020-08-09 MY (UTC+08:00)","2020-08-09 MY (UTC+08:00)","4","2","8,232.80","8,232.80","-","-","09/Aug/2020 MY (UTC+08:00)","02:15 MY (UTC+08:00)","DR/CARD SALES M/N 4009726 DATED 08082020","","-","580.00","006 - Pos","CBSX408R","2977","8300 - CREDIT ACCOUNT","8,077.64","","-","","","","-"
"514356803557","Current Account","GENTING GOLF COURSE BERHAD","MYR","2020-08-09 MY (UTC+08:00)","2020-08-09 MY (UTC+08:00)","4","2","8,232.80","8,232.80","-","-","09/Aug/2020 MY (UTC+08:00)","02:16 MY (UTC+08:00)","DR/CARD SALES M/N 4009726 DATED 08082020","","1.45","-","011 - System","CBSX408R","2981","BCHARGE - ELECTRONIC TRANSACTION CHARGES","8,076.19","","-","","","","-"
"514356803557","Current Account","GENTING GOLF COURSE BERHAD","MYR","2020-08-09 MY (UTC+08:00)","2020-08-09 MY (UTC+08:00)","4","2","8,232.80","8,232.80","-","-","09/Aug/2020 MY (UTC+08:00)","02:18 MY (UTC+08:00)","DR/CARD SALES M/N 4009726 DATED 08082020","","-","157.00","006 - Pos","CBSX408R","3121","8300 - CREDIT ACCOUNT","8,233.19","","-","","","","-"
"514356803557","Current Account","GENTING GOLF COURSE BERHAD","MYR","2020-08-09 MY (UTC+08:00)","2020-08-09 MY (UTC+08:00)","4","2","8,232.80","8,232.80","-","-","09/Aug/2020 MY (UTC+08:00)","02:18 MY (UTC+08:00)","DR/CARD SALES M/N 4009726 DATED 08082020","","0.39","-","011 - System","CBSX408R","2981","BCHARGE - ELECTRONIC TRANSACTION CHARGES","8,232.80","","-","","","","-"
