﻿Account Number,Account Type,Account Name,Account Currency,Date From,Date To,Total Debit,Total Credit,Begin Balance,End Balance,Transaction Date,Transaction Time,Posting Date,Processing Time,Transaction Description,Transaction Ref,Debit,Credit,Source Code,Teller ID,Branch/Channel,Transaction Code,End Balance,Filler,Virtual Account,Transaction Description 2,Transaction Description 3,Transaction Description 4,Expiry Date
"514356803557","Current Account","GENTING GOLF COURSE BERHAD","MYR","2020-08-12 MY (UTC+08:00)","2020-08-12 MY (UTC+08:00)","3","9","1,000.00","1,000.00","-","-","12/Aug/2020 MY (UTC+08:00)","08:32 MY (UTC+08:00)","CR/CARD SALES M/N 4009726 DATED 11082020","97261108","-","4,835.35","011 - System","CBSX4498","2719","2981 - MERCHANT CREDIT CARD SALES","5,835.35","","-","","","","-"
"514356803557","Current Account","GENTING GOLF COURSE BERHAD","MYR","2020-08-12 MY (UTC+08:00)","2020-08-12 MY (UTC+08:00)","3","9","1,000.00","1,000.00","-","-","12/Aug/2020 MY (UTC+08:00)","11:12 MY (UTC+08:00)","AGSSG-ROOM","G 4424923","-","716.00","003 - ATM","984PHONE","2988","7610 - TRANSFER TO A/C","6,551.35","","-","AGSSG LINKS SDN BHD*","TRANSFER TO A/C","","-"
"514356803557","Current Account","GENTING GOLF COURSE BERHAD","MYR","2020-08-12 MY (UTC+08:00)","2020-08-12 MY (UTC+08:00)","3","9","1,000.00","1,000.00","-","-","12/Aug/2020 MY (UTC+08:00)","13:08 MY (UTC+08:00)","PAY&PLAY","AGSSGLINKS","-","280.00","003 - ATM","949PHONE","2988","7610 - TRANSFER TO A/C","6,831.35","","-","WONG KUI LENG      *","TRANSFER TO A/C","","-"
"514356803557","Current Account","GENTING GOLF COURSE BERHAD","MYR","2020-08-12 MY (UTC+08:00)","2020-08-12 MY (UTC+08:00)","3","9","1,000.00","1,000.00","-","-","12/Aug/2020 MY (UTC+08:00)","16:41 MY (UTC+08:00)","G 4414487","AGSSGLINKS","-","370.00","003 - ATM","979PHONE","2988","7610 - TRANSFER TO A/C","7,201.35","","-","AGSSG LINKS SDN BHD*","TRANSFER TO A/C","","-"
"514356803557","Current Account","GENTING GOLF COURSE BERHAD","MYR","2020-08-12 MY (UTC+08:00)","2020-08-12 MY (UTC+08:00)","3","9","1,000.00","1,000.00","-","-","12/Aug/2020 MY (UTC+08:00)","16:42 MY (UTC+08:00)","G 4410235","AGSSGLINKS","-","370.00","003 - ATM","989PHONE","2988","7610 - TRANSFER TO A/C","7,571.35","","-","AGSSG LINKS SDN BHD*","TRANSFER TO A/C","","-"
"514356803557","Current Account","GENTING GOLF COURSE BERHAD","MYR","2020-08-12 MY (UTC+08:00)","2020-08-12 MY (UTC+08:00)","3","9","1,000.00","1,000.00","-","-","12/Aug/2020 MY (UTC+08:00)","16:43 MY (UTC+08:00)","G 4406608","AGSSGLINKS","-","235.00","003 - ATM","937PHONE","2988","7610 - TRANSFER TO A/C","7,806.35","","-","AGSSG LINKS SDN BHD*","TRANSFER TO A/C","","-"
"514356803557","Current Account","GENTING GOLF COURSE BERHAD","MYR","2020-08-12 MY (UTC+08:00)","2020-08-12 MY (UTC+08:00)","3","9","1,000.00","1,000.00","-","-","12/Aug/2020 MY (UTC+08:00)","16:48 MY (UTC+08:00)","G 4406608","AGSSGLINKS","-","235.00","003 - ATM","933PHONE","2988","7610 - TRANSFER TO A/C","8,041.35","","-","AGSSG LINKS SDN BHD*","TRANSFER TO A/C","","-"
"514356803557","Current Account","GENTING GOLF COURSE BERHAD","MYR","2020-08-12 MY (UTC+08:00)","2020-08-12 MY (UTC+08:00)","3","9","1,000.00","1,000.00","-","-","12/Aug/2020 MY (UTC+08:00)","17:51 MY (UTC+08:00)","G4433194","AGSSGLINKS","-","322.00","003 - ATM","959PHONE","2988","7610 - TRANSFER TO A/C","8,363.35","","-","AGSSG LINKS SDN BHD*","TRANSFER TO A/C","","-"
"514356803557","Current Account","GENTING GOLF COURSE BERHAD","MYR","2020-08-12 MY (UTC+08:00)","2020-08-12 MY (UTC+08:00)","3","9","1,000.00","1,000.00","-","-","12/Aug/2020 MY (UTC+08:00)","01:35 MY (UTC+08:00)","GENTING MALAYSIA BERHAD","514011468149","7,880.05","-","011 - System","BTCH6587","1435","XFRDR - FUND TRANSFER DEBIT","483.30","","-","","","","-"
"514356803557","Current Account","GENTING GOLF COURSE BERHAD","MYR","2020-08-12 MY (UTC+08:00)","2020-08-12 MY (UTC+08:00)","3","9","1,000.00","1,000.00","-","-","12/Aug/2020 MY (UTC+08:00)","01:35 MY (UTC+08:00)","XFR DEBIT SVC CHARGE","","2.00","-","011 - System","BTCH6587","1435","XFRDRSVC - SERVICE CHARGE","481.30","","-","","","","-"
"514356803557","Current Account","GENTING GOLF COURSE BERHAD","MYR","2020-08-12 MY (UTC+08:00)","2020-08-12 MY (UTC+08:00)","3","9","1,000.00","1,000.00","-","-","12/Aug/2020 MY (UTC+08:00)","02:25 MY (UTC+08:00)","DR/CARD SALES M/N 4009726 DATED 11082020","","-","520.00","006 - Pos","CBSX408R","3121","8300 - CREDIT ACCOUNT","1,001.30","","-","","","","-"
"514356803557","Current Account","GENTING GOLF COURSE BERHAD","MYR","2020-08-12 MY (UTC+08:00)","2020-08-12 MY (UTC+08:00)","3","9","1,000.00","1,000.00","-","-","12/Aug/2020 MY (UTC+08:00)","02:26 MY (UTC+08:00)","DR/CARD SALES M/N 4009726 DATED 11082020","","1.30","-","011 - System","CBSX408R","2981","BCHARGE - ELECTRONIC TRANSACTION CHARGES","1,000.00","","-","","","","-"
