﻿Account Number,Account Type,Account Name,Account Currency,Date From,Date To,Total Debit,Total Credit,Begin Balance,End Balance,Transaction Date,Transaction Time,Posting Date,Processing Time,Transaction Description,Transaction Ref,Debit,Credit,Source Code,Teller ID,Branch/Channel,Transaction Code,End Balance,Filler,Virtual Account,Transaction Description 2,Transaction Description 3,Transaction Description 4,Expiry Date
"514356803557","Current Account","GENTING GOLF COURSE BERHAD","MYR","2020-08-15 MY (UTC+08:00)","2020-08-15 MY (UTC+08:00)","3","9","1,000.00","1,000.00","-","-","15/Aug/2020 MY (UTC+08:00)","09:11 MY (UTC+08:00)","44423332/4442528","4442529  Awana","-","357.00","003 - ATM","932PHONE","2988","7610 - TRANSFER TO A/C","1,357.00","","-","MARDIEANNA BINTI AB*","TRANSFER TO A/C","","-"
"514356803557","Current Account","GENTING GOLF COURSE BERHAD","MYR","2020-08-15 MY (UTC+08:00)","2020-08-15 MY (UTC+08:00)","3","9","1,000.00","1,000.00","-","-","15/Aug/2020 MY (UTC+08:00)","09:13 MY (UTC+08:00)","4442546","Awana Hotel","-","119.00","003 - ATM","983PHONE","2988","7610 - TRANSFER TO A/C","1,476.00","","-","MARDIEANNA BINTI AB*","TRANSFER TO A/C","","-"
"514356803557","Current Account","GENTING GOLF COURSE BERHAD","MYR","2020-08-15 MY (UTC+08:00)","2020-08-15 MY (UTC+08:00)","3","9","1,000.00","1,000.00","-","-","15/Aug/2020 MY (UTC+08:00)","11:08 MY (UTC+08:00)","PAY&PLAY","AGSSGLINKS","-","1,400.00","003 - ATM","913PHONE","2988","7610 - TRANSFER TO A/C","2,876.00","","-","AGSSG LINKS SDN BHD*","TRANSFER TO A/C","","-"
"514356803557","Current Account","GENTING GOLF COURSE BERHAD","MYR","2020-08-15 MY (UTC+08:00)","2020-08-15 MY (UTC+08:00)","3","9","1,000.00","1,000.00","-","-","15/Aug/2020 MY (UTC+08:00)","11:13 MY (UTC+08:00)","G4444355","AGSSGLINKS","-","1,110.00","003 - ATM","912PHONE","2988","7610 - TRANSFER TO A/C","3,986.00","","-","AGSSG LINKS SDN BHD*","TRANSFER TO A/C","","-"
"514356803557","Current Account","GENTING GOLF COURSE BERHAD","MYR","2020-08-15 MY (UTC+08:00)","2020-08-15 MY (UTC+08:00)","3","9","1,000.00","1,000.00","-","-","15/Aug/2020 MY (UTC+08:00)","11:16 MY (UTC+08:00)","G4444269","AGSSGLINKS","-","1,410.00","003 - ATM","941PHONE","2988","7610 - TRANSFER TO A/C","5,396.00","","-","AGSSG LINKS SDN BHD*","TRANSFER TO A/C","","-"
"514356803557","Current Account","GENTING GOLF COURSE BERHAD","MYR","2020-08-15 MY (UTC+08:00)","2020-08-15 MY (UTC+08:00)","3","9","1,000.00","1,000.00","-","-","15/Aug/2020 MY (UTC+08:00)","12:22 MY (UTC+08:00)","G4444375","AGSSGLINKS","-","157.00","003 - ATM","942PHONE","2988","7610 - TRANSFER TO A/C","5,553.00","","-","AGSSG LINKS SDN BHD*","TRANSFER TO A/C","","-"
"514356803557","Current Account","GENTING GOLF COURSE BERHAD","MYR","2020-08-15 MY (UTC+08:00)","2020-08-15 MY (UTC+08:00)","3","9","1,000.00","1,000.00","-","-","15/Aug/2020 MY (UTC+08:00)","13:19 MY (UTC+08:00)","G4414960","AGSSGLINKS","-","716.00","003 - ATM","922PHONE","2988","7610 - TRANSFER TO A/C","6,269.00","","-","AGSSG LINKS SDN BHD*","TRANSFER TO A/C","","-"
"514356803557","Current Account","GENTING GOLF COURSE BERHAD","MYR","2020-08-15 MY (UTC+08:00)","2020-08-15 MY (UTC+08:00)","3","9","1,000.00","1,000.00","-","-","15/Aug/2020 MY (UTC+08:00)","17:25 MY (UTC+08:00)","PAY AND PLAY","AGSSGLINKS","-","560.00","003 - ATM","993PHONE","2988","7610 - TRANSFER TO A/C","6,829.00","","-","WONG KUI LENG      *","TRANSFER TO A/C","","-"
"514356803557","Current Account","GENTING GOLF COURSE BERHAD","MYR","2020-08-15 MY (UTC+08:00)","2020-08-15 MY (UTC+08:00)","3","9","1,000.00","1,000.00","-","-","15/Aug/2020 MY (UTC+08:00)","01:19 MY (UTC+08:00)","XFR DEBIT SVC CHARGE","","2.00","-","011 - System","BTCH6587","1435","XFRDRSVC - SERVICE CHARGE","6,827.00","","-","","","","-"
"514356803557","Current Account","GENTING GOLF COURSE BERHAD","MYR","2020-08-15 MY (UTC+08:00)","2020-08-15 MY (UTC+08:00)","3","9","1,000.00","1,000.00","-","-","15/Aug/2020 MY (UTC+08:00)","01:19 MY (UTC+08:00)","GENTING MALAYSIA BERHAD","514011468149","5,986.60","-","011 - System","BTCH6587","1435","XFRDR - FUND TRANSFER DEBIT","840.40","","-","","","","-"
"514356803557","Current Account","GENTING GOLF COURSE BERHAD","MYR","2020-08-15 MY (UTC+08:00)","2020-08-15 MY (UTC+08:00)","3","9","1,000.00","1,000.00","-","-","15/Aug/2020 MY (UTC+08:00)","02:12 MY (UTC+08:00)","DR/CARD SALES M/N 4009726 DATED 14082020","","-","160.00","006 - Pos","CBSX408R","3121","8300 - CREDIT ACCOUNT","1,000.40","","-","","","","-"
"514356803557","Current Account","GENTING GOLF COURSE BERHAD","MYR","2020-08-15 MY (UTC+08:00)","2020-08-15 MY (UTC+08:00)","3","9","1,000.00","1,000.00","-","-","15/Aug/2020 MY (UTC+08:00)","02:13 MY (UTC+08:00)","DR/CARD SALES M/N 4009726 DATED 14082020","","0.40","-","011 - System","CBSX408R","2981","BCHARGE - ELECTRONIC TRANSACTION CHARGES","1,000.00","","-","","","","-"
