﻿Account Number,Account Type,Account Name,Account Currency,Date From,Date To,Total Debit,Total Credit,Begin Balance,End Balance,Transaction Date,Transaction Time,Posting Date,Processing Time,Transaction Description,Transaction Ref,Debit,Credit,Source Code,Teller ID,Branch/Channel,Transaction Code,End Balance,Filler,Virtual Account,Transaction Description 2,Transaction Description 3,Transaction Description 4,Expiry Date
"514356803557","Current Account","GENTING GOLF COURSE BERHAD","MYR","2020-08-17 MY (UTC+08:00)","2020-08-17 MY (UTC+08:00)","3","8","1,000.00","4,000.00","-","-","17/Aug/2020 MY (UTC+08:00)","08:34 MY (UTC+08:00)","CR/CARD SALES M/N 4009726 DATED 14082020","97261408","-","7,003.09","011 - System","CBSX4498","2719","2981 - MERCHANT CREDIT CARD SALES","8,003.09","","-","","","","-"
"514356803557","Current Account","GENTING GOLF COURSE BERHAD","MYR","2020-08-17 MY (UTC+08:00)","2020-08-17 MY (UTC+08:00)","3","8","1,000.00","4,000.00","-","-","17/Aug/2020 MY (UTC+08:00)","08:34 MY (UTC+08:00)","CR/CARD SALES M/N 4009726 DATED 15082020","97261508","-","14,542.62","011 - System","CBSX4498","2719","2981 - MERCHANT CREDIT CARD SALES","22,545.71","","-","","","","-"
"514356803557","Current Account","GENTING GOLF COURSE BERHAD","MYR","2020-08-17 MY (UTC+08:00)","2020-08-17 MY (UTC+08:00)","3","8","1,000.00","4,000.00","-","-","17/Aug/2020 MY (UTC+08:00)","08:34 MY (UTC+08:00)","CR/CARD SALES M/N 4009726 DATED 16082020","97261608","-","4,419.66","011 - System","CBSX4498","2719","2981 - MERCHANT CREDIT CARD SALES","26,965.37","","-","","","","-"
"514356803557","Current Account","GENTING GOLF COURSE BERHAD","MYR","2020-08-17 MY (UTC+08:00)","2020-08-17 MY (UTC+08:00)","3","8","1,000.00","4,000.00","-","-","17/Aug/2020 MY (UTC+08:00)","11:35 MY (UTC+08:00)","AGM on 27/8/20","Payment","-","500.00","003 - ATM","958PHONE","2988","7610 - TRANSFER TO A/C","27,465.37","","-","KESAVAN A/L SUBRAMA*","TRANSFER TO A/C","","-"
"514356803557","Current Account","GENTING GOLF COURSE BERHAD","MYR","2020-08-17 MY (UTC+08:00)","2020-08-17 MY (UTC+08:00)","3","8","1,000.00","4,000.00","-","-","17/Aug/2020 MY (UTC+08:00)","14:47 MY (UTC+08:00)","","Deposit mesy a","-","1,500.00","003 - ATM","904PHONE","2988","7610 - TRANSFER TO A/C","28,965.37","","-","MUQRIZ HIDAYAT BIN *","TRANSFER TO A/C","","-"
"514356803557","Current Account","GENTING GOLF COURSE BERHAD","MYR","2020-08-17 MY (UTC+08:00)","2020-08-17 MY (UTC+08:00)","3","8","1,000.00","4,000.00","-","-","17/Aug/2020 MY (UTC+08:00)","16:38 MY (UTC+08:00)","0","0","-","3,000.00","011 - System","CBSX8211","2802","8100 - CLEARING CHQ DEP","31,965.37","","-","","","","-"
"514356803557","Current Account","GENTING GOLF COURSE BERHAD","MYR","2020-08-17 MY (UTC+08:00)","2020-08-17 MY (UTC+08:00)","3","8","1,000.00","4,000.00","-","-","17/Aug/2020 MY (UTC+08:00)","01:31 MY (UTC+08:00)","XFR DEBIT SVC CHARGE","","2.00","-","011 - System","BTCH6587","1435","XFRDRSVC - SERVICE CHARGE","31,963.37","","-","","","","-"
"514356803557","Current Account","GENTING GOLF COURSE BERHAD","MYR","2020-08-17 MY (UTC+08:00)","2020-08-17 MY (UTC+08:00)","3","8","1,000.00","4,000.00","-","-","17/Aug/2020 MY (UTC+08:00)","01:31 MY (UTC+08:00)","GENTING MALAYSIA BERHAD","514011468149","35,918.20","-","011 - System","BTCH6587","1435","XFRDR - FUND TRANSFER DEBIT","-3,954.83","","-","","","","-"
"514356803557","Current Account","GENTING GOLF COURSE BERHAD","MYR","2020-08-17 MY (UTC+08:00)","2020-08-17 MY (UTC+08:00)","3","8","1,000.00","4,000.00","-","-","17/Aug/2020 MY (UTC+08:00)","02:14 MY (UTC+08:00)","DR/CARD SALES M/N 4009726 DATED 16082020","","-","680.00","006 - Pos","CBSX408R","2977","8300 - CREDIT ACCOUNT","-3,274.83","","-","","","","-"
"514356803557","Current Account","GENTING GOLF COURSE BERHAD","MYR","2020-08-17 MY (UTC+08:00)","2020-08-17 MY (UTC+08:00)","3","8","1,000.00","4,000.00","-","-","17/Aug/2020 MY (UTC+08:00)","02:14 MY (UTC+08:00)","DR/CARD SALES M/N 4009726 DATED 16082020","","1.70","-","011 - System","CBSX408R","2981","BCHARGE - ELECTRONIC TRANSACTION CHARGES","-3,276.53","","-","","","","-"
"514356803557","Current Account","GENTING GOLF COURSE BERHAD","MYR","2020-08-17 MY (UTC+08:00)","2020-08-17 MY (UTC+08:00)","3","8","1,000.00","4,000.00","-","-","17/Aug/2020 MY (UTC+08:00)","05:13 MY (UTC+08:00)","9870200003 CR/CARD SALES  DATED 17082020","00031708","-","7,276.53","011 - System","CBSX4498","3104","2210 - CARDS CREDIT","4,000.00","","-","","","","-"
