﻿Account Number,Account Type,Account Name,Account Currency,Date From,Date To,Total Debit,Total Credit,Begin Balance,End Balance,Transaction Date,Transaction Time,Posting Date,Processing Time,Transaction Description,Transaction Ref,Debit,Credit,Source Code,Teller ID,Branch/Channel,Transaction Code,End Balance,Filler,Virtual Account,Transaction Description 2,Transaction Description 3,Transaction Description 4,Expiry Date
"514356803557","Current Account","GENTING GOLF COURSE BERHAD","MYR","2020-08-18 MY (UTC+08:00)","2020-08-18 MY (UTC+08:00)","4","5","4,000.00","1,000.00","-","-","18/Aug/2020 MY (UTC+08:00)","08:32 MY (UTC+08:00)","CR/CARD SALES M/N 4009726 DATED 17082020","97261708","-","4,742.14","011 - System","CBSX4498","2719","2981 - MERCHANT CREDIT CARD SALES","8,742.14","","-","","","","-"
"514356803557","Current Account","GENTING GOLF COURSE BERHAD","MYR","2020-08-18 MY (UTC+08:00)","2020-08-18 MY (UTC+08:00)","4","5","4,000.00","1,000.00","-","-","18/Aug/2020 MY (UTC+08:00)","11:39 MY (UTC+08:00)","AA100743","UMP PAYMENT","-","12,880.00","025 - Office","CBSX4618","7502","CCRBEN1 - CMS - CR PYMT MARS","21,622.14","","-","BENDAHARI UMP","CMS - CR PYMT MARS","","-"
"514356803557","Current Account","GENTING GOLF COURSE BERHAD","MYR","2020-08-18 MY (UTC+08:00)","2020-08-18 MY (UTC+08:00)","4","5","4,000.00","1,000.00","-","-","18/Aug/2020 MY (UTC+08:00)","01:33 MY (UTC+08:00)","XFR DEBIT SVC CHARGE","","2.00","-","011 - System","BTCH6587","1435","XFRDRSVC - SERVICE CHARGE","21,620.14","","-","","","","-"
"514356803557","Current Account","GENTING GOLF COURSE BERHAD","MYR","2020-08-18 MY (UTC+08:00)","2020-08-18 MY (UTC+08:00)","4","5","4,000.00","1,000.00","-","-","18/Aug/2020 MY (UTC+08:00)","01:33 MY (UTC+08:00)","GENTING MALAYSIA BERHAD","514011468149","22,776.79","-","011 - System","BTCH6587","1435","XFRDR - FUND TRANSFER DEBIT","-1,156.65","","-","","","","-"
"514356803557","Current Account","GENTING GOLF COURSE BERHAD","MYR","2020-08-18 MY (UTC+08:00)","2020-08-18 MY (UTC+08:00)","4","5","4,000.00","1,000.00","-","-","18/Aug/2020 MY (UTC+08:00)","02:23 MY (UTC+08:00)","DR/CARD SALES M/N 4009726 DATED 17082020","","-","320.00","006 - Pos","CBSX408R","2977","8300 - CREDIT ACCOUNT","-836.65","","-","","","","-"
"514356803557","Current Account","GENTING GOLF COURSE BERHAD","MYR","2020-08-18 MY (UTC+08:00)","2020-08-18 MY (UTC+08:00)","4","5","4,000.00","1,000.00","-","-","18/Aug/2020 MY (UTC+08:00)","02:24 MY (UTC+08:00)","DR/CARD SALES M/N 4009726 DATED 17082020","","0.80","-","011 - System","CBSX408R","2981","BCHARGE - ELECTRONIC TRANSACTION CHARGES","-837.45","","-","","","","-"
"514356803557","Current Account","GENTING GOLF COURSE BERHAD","MYR","2020-08-18 MY (UTC+08:00)","2020-08-18 MY (UTC+08:00)","4","5","4,000.00","1,000.00","-","-","18/Aug/2020 MY (UTC+08:00)","02:25 MY (UTC+08:00)","DR/CARD SALES M/N 4009726 DATED 17082020","","-","210.00","006 - Pos","CBSX408R","3121","8300 - CREDIT ACCOUNT","-627.45","","-","","","","-"
"514356803557","Current Account","GENTING GOLF COURSE BERHAD","MYR","2020-08-18 MY (UTC+08:00)","2020-08-18 MY (UTC+08:00)","4","5","4,000.00","1,000.00","-","-","18/Aug/2020 MY (UTC+08:00)","02:26 MY (UTC+08:00)","DR/CARD SALES M/N 4009726 DATED 17082020","","0.53","-","011 - System","CBSX408R","2981","BCHARGE - ELECTRONIC TRANSACTION CHARGES","-627.98","","-","","","","-"
"514356803557","Current Account","GENTING GOLF COURSE BERHAD","MYR","2020-08-18 MY (UTC+08:00)","2020-08-18 MY (UTC+08:00)","4","5","4,000.00","1,000.00","-","-","18/Aug/2020 MY (UTC+08:00)","05:17 MY (UTC+08:00)","9870200003 CR/CARD SALES  DATED 18082020","00031808","-","1,627.98","011 - System","CBSX4498","3104","2210 - CARDS CREDIT","1,000.00","","-","","","","-"
