﻿Account Number,Account Type,Account Name,Account Currency,Date From,Date To,Total Debit,Total Credit,Begin Balance,End Balance,Transaction Date,Transaction Time,Posting Date,Processing Time,Transaction Description,Transaction Ref,Debit,Credit,Source Code,Teller ID,Branch/Channel,Transaction Code,End Balance,Filler,Virtual Account,Transaction Description 2,Transaction Description 3,Transaction Description 4,Expiry Date
"514356803557","Current Account","GENTING GOLF COURSE BERHAD","MYR","2020-08-19 MY (UTC+08:00)","2020-08-19 MY (UTC+08:00)","2","5","1,000.00","1,000.00","-","-","19/Aug/2020 MY (UTC+08:00)","08:31 MY (UTC+08:00)","CR/CARD SALES M/N 4009726 DATED 18082020","97261808","-","4,638.72","011 - System","CBSX4498","2719","2981 - MERCHANT CREDIT CARD SALES","5,638.72","","-","","","","-"
"514356803557","Current Account","GENTING GOLF COURSE BERHAD","MYR","2020-08-19 MY (UTC+08:00)","2020-08-19 MY (UTC+08:00)","2","5","1,000.00","1,000.00","-","-","19/Aug/2020 MY (UTC+08:00)","09:30 MY (UTC+08:00)","Genting","EFTi158518082020","-","14,442.00","011 - System","CBSX406C","2601","7991 - INTER-BANK PAYMENT INTO A/C","20,080.72","","-","MALAYSIAN GREEN TEC","INTER-BANK PAYMENT INTO A/C","","-"
"514356803557","Current Account","GENTING GOLF COURSE BERHAD","MYR","2020-08-19 MY (UTC+08:00)","2020-08-19 MY (UTC+08:00)","2","5","1,000.00","1,000.00","-","-","19/Aug/2020 MY (UTC+08:00)","15:44 MY (UTC+08:00)","9 PAX - 20.08.2020","AGSSG LINKS","-","1,260.00","003 - ATM","935PHONE","2988","7610 - TRANSFER TO A/C","21,340.72","","-","AGSSG LINKS SDN BHD*","TRANSFER TO A/C","","-"
"514356803557","Current Account","GENTING GOLF COURSE BERHAD","MYR","2020-08-19 MY (UTC+08:00)","2020-08-19 MY (UTC+08:00)","2","5","1,000.00","1,000.00","-","-","19/Aug/2020 MY (UTC+08:00)","18:19 MY (UTC+08:00)","G4410224","AGSSGLINKS","-","229.00","003 - ATM","977PHONE","2988","7610 - TRANSFER TO A/C","21,569.72","","-","AGSSG LINKS SDN BHD*","TRANSFER TO A/C","","-"
"514356803557","Current Account","GENTING GOLF COURSE BERHAD","MYR","2020-08-19 MY (UTC+08:00)","2020-08-19 MY (UTC+08:00)","2","5","1,000.00","1,000.00","-","-","19/Aug/2020 MY (UTC+08:00)","18:19 MY (UTC+08:00)","G4357526","AGSSGLINKS","-","5,991.00","003 - ATM","924PHONE","2988","7610 - TRANSFER TO A/C","27,560.72","","-","AGSSG LINKS SDN BHD*","TRANSFER TO A/C","","-"
"514356803557","Current Account","GENTING GOLF COURSE BERHAD","MYR","2020-08-19 MY (UTC+08:00)","2020-08-19 MY (UTC+08:00)","2","5","1,000.00","1,000.00","-","-","19/Aug/2020 MY (UTC+08:00)","01:28 MY (UTC+08:00)","XFR DEBIT SVC CHARGE","","2.00","-","011 - System","BTCH6587","1435","XFRDRSVC - SERVICE CHARGE","27,558.72","","-","","","","-"
"514356803557","Current Account","GENTING GOLF COURSE BERHAD","MYR","2020-08-19 MY (UTC+08:00)","2020-08-19 MY (UTC+08:00)","2","5","1,000.00","1,000.00","-","-","19/Aug/2020 MY (UTC+08:00)","01:28 MY (UTC+08:00)","GENTING MALAYSIA BERHAD","514011468149","26,558.72","-","011 - System","BTCH6587","1435","XFRDR - FUND TRANSFER DEBIT","1,000.00","","-","","","","-"
