﻿Account Number,Account Type,Account Name,Account Currency,Date From,Date To,Total Debit,Total Credit,Begin Balance,End Balance,Transaction Date,Transaction Time,Posting Date,Processing Time,Transaction Description,Transaction Ref,Debit,Credit,Source Code,Teller ID,Branch/Channel,Transaction Code,End Balance,Filler,Virtual Account,Transaction Description 2,Transaction Description 3,Transaction Description 4,Expiry Date
"514356803557","Current Account","GENTING GOLF COURSE BERHAD","MYR","2020-08-20 MY (UTC+08:00)","2020-08-20 MY (UTC+08:00)","2","2","1,000.00","1,000.00","-","-","20/Aug/2020 MY (UTC+08:00)","11:29 MY (UTC+08:00)","24-25 ogos","Nurul izaida","-","2,682.00","003 - ATM","964PHONE","2988","7610 - TRANSFER TO A/C","3,682.00","","-","NURUL IZAIDA BINTI *","TRANSFER TO A/C","","-"
"514356803557","Current Account","GENTING GOLF COURSE BERHAD","MYR","2020-08-20 MY (UTC+08:00)","2020-08-20 MY (UTC+08:00)","2","2","1,000.00","1,000.00","-","-","20/Aug/2020 MY (UTC+08:00)","22:25 MY (UTC+08:00)","","Awana","-","597.00","003 - ATM","913PHONE","2988","7610 - TRANSFER TO A/C","4,279.00","","-","ASIAH HANIM BINTI M*","TRANSFER TO A/C","","-"
"514356803557","Current Account","GENTING GOLF COURSE BERHAD","MYR","2020-08-20 MY (UTC+08:00)","2020-08-20 MY (UTC+08:00)","2","2","1,000.00","1,000.00","-","-","20/Aug/2020 MY (UTC+08:00)","01:19 MY (UTC+08:00)","XFR DEBIT SVC CHARGE","","2.00","-","011 - System","BTCH6587","1435","XFRDRSVC - SERVICE CHARGE","4,277.00","","-","","","","-"
"514356803557","Current Account","GENTING GOLF COURSE BERHAD","MYR","2020-08-20 MY (UTC+08:00)","2020-08-20 MY (UTC+08:00)","2","2","1,000.00","1,000.00","-","-","20/Aug/2020 MY (UTC+08:00)","01:19 MY (UTC+08:00)","GENTING MALAYSIA BERHAD","514011468149","3,277.00","-","011 - System","BTCH6587","1435","XFRDR - FUND TRANSFER DEBIT","1,000.00","","-","","","","-"
