﻿Account Number,Account Type,Account Name,Account Currency,Date From,Date To,Total Debit,Total Credit,Begin Balance,End Balance,Transaction Date,Transaction Time,Posting Date,Processing Time,Transaction Description,Transaction Ref,Debit,Credit,Source Code,Teller ID,Branch/Channel,Transaction Code,End Balance,Filler,Virtual Account,Transaction Description 2,Transaction Description 3,Transaction Description 4,Expiry Date
"514356803557","Current Account","GENTING GOLF COURSE BERHAD","MYR","2020-08-21 MY (UTC+08:00)","2020-08-21 MY (UTC+08:00)","3","6","1,000.00","1,000.00","-","-","21/Aug/2020 MY (UTC+08:00)","08:33 MY (UTC+08:00)","CR/CARD SALES M/N 4009726 DATED 19082020","97261908","-","11,193.13","011 - System","CBSX4498","2719","2981 - MERCHANT CREDIT CARD SALES","12,193.13","","-","","","","-"
"514356803557","Current Account","GENTING GOLF COURSE BERHAD","MYR","2020-08-21 MY (UTC+08:00)","2020-08-21 MY (UTC+08:00)","3","6","1,000.00","1,000.00","-","-","21/Aug/2020 MY (UTC+08:00)","08:33 MY (UTC+08:00)","CR/CARD SALES M/N 4009726 DATED 20082020","97262008","-","8,454.64","011 - System","CBSX4498","2719","2981 - MERCHANT CREDIT CARD SALES","20,647.77","","-","","","","-"
"514356803557","Current Account","GENTING GOLF COURSE BERHAD","MYR","2020-08-21 MY (UTC+08:00)","2020-08-21 MY (UTC+08:00)","3","6","1,000.00","1,000.00","-","-","21/Aug/2020 MY (UTC+08:00)","11:41 MY (UTC+08:00)","G4467543","AGSSGLINKS","-","358.00","003 - ATM","971PHONE","2988","7610 - TRANSFER TO A/C","21,005.77","","-","AGSSG LINKS SDN BHD*","TRANSFER TO A/C","","-"
"514356803557","Current Account","GENTING GOLF COURSE BERHAD","MYR","2020-08-21 MY (UTC+08:00)","2020-08-21 MY (UTC+08:00)","3","6","1,000.00","1,000.00","-","-","21/Aug/2020 MY (UTC+08:00)","11:42 MY (UTC+08:00)","G4463551","AGSSGLINKS","-","716.00","003 - ATM","953PHONE","2988","7610 - TRANSFER TO A/C","21,721.77","","-","AGSSG LINKS SDN BHD*","TRANSFER TO A/C","","-"
"514356803557","Current Account","GENTING GOLF COURSE BERHAD","MYR","2020-08-21 MY (UTC+08:00)","2020-08-21 MY (UTC+08:00)","3","6","1,000.00","1,000.00","-","-","21/Aug/2020 MY (UTC+08:00)","15:25 MY (UTC+08:00)","Aug'20","Aug'20","-","2,147.70","011 - System","CBSX406C","2601","7991 - INTER-BANK PAYMENT INTO A/C","23,869.47","","-","NIPPON PAINT (MALAY","INTER-BANK PAYMENT INTO A/C","","-"
"514356803557","Current Account","GENTING GOLF COURSE BERHAD","MYR","2020-08-21 MY (UTC+08:00)","2020-08-21 MY (UTC+08:00)","3","6","1,000.00","1,000.00","-","-","21/Aug/2020 MY (UTC+08:00)","01:15 MY (UTC+08:00)","XFR DEBIT SVC CHARGE","","2.00","-","011 - System","BTCH6587","1435","XFRDRSVC - SERVICE CHARGE","23,867.47","","-","","","","-"
"514356803557","Current Account","GENTING GOLF COURSE BERHAD","MYR","2020-08-21 MY (UTC+08:00)","2020-08-21 MY (UTC+08:00)","3","6","1,000.00","1,000.00","-","-","21/Aug/2020 MY (UTC+08:00)","01:15 MY (UTC+08:00)","GENTING MALAYSIA BERHAD","514011468149","23,027.07","-","011 - System","BTCH6587","1435","XFRDR - FUND TRANSFER DEBIT","840.40","","-","","","","-"
"514356803557","Current Account","GENTING GOLF COURSE BERHAD","MYR","2020-08-21 MY (UTC+08:00)","2020-08-21 MY (UTC+08:00)","3","6","1,000.00","1,000.00","-","-","21/Aug/2020 MY (UTC+08:00)","02:07 MY (UTC+08:00)","DR/CARD SALES M/N 4009726 DATED 20082020","","-","160.00","006 - Pos","CBSX408R","2977","8300 - CREDIT ACCOUNT","1,000.40","","-","","","","-"
"514356803557","Current Account","GENTING GOLF COURSE BERHAD","MYR","2020-08-21 MY (UTC+08:00)","2020-08-21 MY (UTC+08:00)","3","6","1,000.00","1,000.00","-","-","21/Aug/2020 MY (UTC+08:00)","02:08 MY (UTC+08:00)","DR/CARD SALES M/N 4009726 DATED 20082020","","0.40","-","011 - System","CBSX408R","2981","BCHARGE - ELECTRONIC TRANSACTION CHARGES","1,000.00","","-","","","","-"
