﻿Account Number,Account Type,Account Name,Account Currency,Date From,Date To,Total Debit,Total Credit,Begin Balance,End Balance,Transaction Date,Transaction Time,Posting Date,Processing Time,Transaction Description,Transaction Ref,Debit,Credit,Source Code,Teller ID,Branch/Channel,Transaction Code,End Balance,Filler,Virtual Account,Transaction Description 2,Transaction Description 3,Transaction Description 4,Expiry Date
"514356803557","Current Account","GENTING GOLF COURSE BERHAD","MYR","2020-08-24 MY (UTC+08:00)","2020-08-24 MY (UTC+08:00)","2","7","1,000.00","1,000.00","-","-","24/Aug/2020 MY (UTC+08:00)","08:33 MY (UTC+08:00)","CR/CARD SALES M/N 4009726 DATED 21082020","97262108","-","8,566.38","011 - System","CBSX4498","2719","2981 - MERCHANT CREDIT CARD SALES","9,566.38","","-","","","","-"
"514356803557","Current Account","GENTING GOLF COURSE BERHAD","MYR","2020-08-24 MY (UTC+08:00)","2020-08-24 MY (UTC+08:00)","2","7","1,000.00","1,000.00","-","-","24/Aug/2020 MY (UTC+08:00)","08:33 MY (UTC+08:00)","CR/CARD SALES M/N 4009726 DATED 22082020","97262208","-","10,806.03","011 - System","CBSX4498","2719","2981 - MERCHANT CREDIT CARD SALES","20,372.41","","-","","","","-"
"514356803557","Current Account","GENTING GOLF COURSE BERHAD","MYR","2020-08-24 MY (UTC+08:00)","2020-08-24 MY (UTC+08:00)","2","7","1,000.00","1,000.00","-","-","24/Aug/2020 MY (UTC+08:00)","08:33 MY (UTC+08:00)","CR/CARD SALES M/N 4009726 DATED 23082020","97262308","-","9,038.82","011 - System","CBSX4498","2719","2981 - MERCHANT CREDIT CARD SALES","29,411.23","","-","","","","-"
"514356803557","Current Account","GENTING GOLF COURSE BERHAD","MYR","2020-08-24 MY (UTC+08:00)","2020-08-24 MY (UTC+08:00)","2","7","1,000.00","1,000.00","-","-","24/Aug/2020 MY (UTC+08:00)","08:41 MY (UTC+08:00)","","FUND TRANSFER","-","9,382.00","003 - ATM","000EAC0A","2987","7610 - TRANSFER TO A/C","38,793.23","","-","MOHD YUSHAILE BIN YU","TRANSFER TO A/C","","-"
"514356803557","Current Account","GENTING GOLF COURSE BERHAD","MYR","2020-08-24 MY (UTC+08:00)","2020-08-24 MY (UTC+08:00)","2","7","1,000.00","1,000.00","-","-","24/Aug/2020 MY (UTC+08:00)","09:10 MY (UTC+08:00)","","6bilik paymnt","-","1,194.00","003 - ATM","930PHONE","2988","7610 - TRANSFER TO A/C","39,987.23","","-","MUMTAZ FARHANA BINT*","TRANSFER TO A/C","","-"
"514356803557","Current Account","GENTING GOLF COURSE BERHAD","MYR","2020-08-24 MY (UTC+08:00)","2020-08-24 MY (UTC+08:00)","2","7","1,000.00","1,000.00","-","-","24/Aug/2020 MY (UTC+08:00)","16:34 MY (UTC+08:00)","KIM BEOMSEOK X 8 PAX","AGSSG-25.08.20","-","1,120.00","003 - ATM","966PHONE","2988","7610 - TRANSFER TO A/C","41,107.23","","-","AGSSG LINKS SDN BHD*","TRANSFER TO A/C","","-"
"514356803557","Current Account","GENTING GOLF COURSE BERHAD","MYR","2020-08-24 MY (UTC+08:00)","2020-08-24 MY (UTC+08:00)","2","7","1,000.00","1,000.00","-","-","24/Aug/2020 MY (UTC+08:00)","01:28 MY (UTC+08:00)","XFR DEBIT SVC CHARGE","","2.00","-","011 - System","BTCH6587","1435","XFRDRSVC - SERVICE CHARGE","41,105.23","","-","","","","-"
"514356803557","Current Account","GENTING GOLF COURSE BERHAD","MYR","2020-08-24 MY (UTC+08:00)","2020-08-24 MY (UTC+08:00)","2","7","1,000.00","1,000.00","-","-","24/Aug/2020 MY (UTC+08:00)","01:28 MY (UTC+08:00)","GENTING MALAYSIA BERHAD","514011468149","41,730.07","-","011 - System","BTCH6587","1435","XFRDR - FUND TRANSFER DEBIT","-624.84","","-","","","","-"
"514356803557","Current Account","GENTING GOLF COURSE BERHAD","MYR","2020-08-24 MY (UTC+08:00)","2020-08-24 MY (UTC+08:00)","2","7","1,000.00","1,000.00","-","-","24/Aug/2020 MY (UTC+08:00)","05:16 MY (UTC+08:00)","9870200003 CR/CARD SALES  DATED 24082020","00032408","-","1,624.84","011 - System","CBSX4498","3104","2210 - CARDS CREDIT","1,000.00","","-","","","","-"
