﻿Account Number,Account Type,Account Name,Account Currency,Date From,Date To,Total Debit,Total Credit,Begin Balance,End Balance,Transaction Date,Transaction Time,Posting Date,Processing Time,Transaction Description,Transaction Ref,Debit,Credit,Source Code,Teller ID,Branch/Channel,Transaction Code,End Balance,Filler,Virtual Account,Transaction Description 2,Transaction Description 3,Transaction Description 4,Expiry Date
"514356803557","Current Account","GENTING GOLF COURSE BERHAD","MYR","2020-08-25 MY (UTC+08:00)","2020-08-25 MY (UTC+08:00)","3","9","1,000.00","2,360.00","-","-","25/Aug/2020 MY (UTC+08:00)","08:32 MY (UTC+08:00)","CR/CARD SALES M/N 4009726 DATED 24082020","97262408","-","2,617.24","011 - System","CBSX4498","2719","2981 - MERCHANT CREDIT CARD SALES","3,617.24","","-","","","","-"
"514356803557","Current Account","GENTING GOLF COURSE BERHAD","MYR","2020-08-25 MY (UTC+08:00)","2020-08-25 MY (UTC+08:00)","3","9","1,000.00","2,360.00","-","-","25/Aug/2020 MY (UTC+08:00)","16:06 MY (UTC+08:00)","G4414512","AGSSGLINKS","-","229.00","003 - ATM","906PHONE","2988","7610 - TRANSFER TO A/C","3,846.24","","-","AGSSG LINKS SDN BHD*","TRANSFER TO A/C","","-"
"514356803557","Current Account","GENTING GOLF COURSE BERHAD","MYR","2020-08-25 MY (UTC+08:00)","2020-08-25 MY (UTC+08:00)","3","9","1,000.00","2,360.00","-","-","25/Aug/2020 MY (UTC+08:00)","16:07 MY (UTC+08:00)","G4460010","AGSSGLINKS","-","716.00","003 - ATM","938PHONE","2988","7610 - TRANSFER TO A/C","4,562.24","","-","AGSSG LINKS SDN BHD*","TRANSFER TO A/C","","-"
"514356803557","Current Account","GENTING GOLF COURSE BERHAD","MYR","2020-08-25 MY (UTC+08:00)","2020-08-25 MY (UTC+08:00)","3","9","1,000.00","2,360.00","-","-","25/Aug/2020 MY (UTC+08:00)","16:07 MY (UTC+08:00)","G4428920","AGSSGLINKS","-","358.00","003 - ATM","918PHONE","2988","7610 - TRANSFER TO A/C","4,920.24","","-","AGSSG LINKS SDN BHD*","TRANSFER TO A/C","","-"
"514356803557","Current Account","GENTING GOLF COURSE BERHAD","MYR","2020-08-25 MY (UTC+08:00)","2020-08-25 MY (UTC+08:00)","3","9","1,000.00","2,360.00","-","-","25/Aug/2020 MY (UTC+08:00)","16:43 MY (UTC+08:00)","G4464696","AGSSGLINKS","-","716.00","003 - ATM","930PHONE","2988","7610 - TRANSFER TO A/C","5,636.24","","-","AGSSG LINKS SDN BHD*","TRANSFER TO A/C","","-"
"514356803557","Current Account","GENTING GOLF COURSE BERHAD","MYR","2020-08-25 MY (UTC+08:00)","2020-08-25 MY (UTC+08:00)","3","9","1,000.00","2,360.00","-","-","25/Aug/2020 MY (UTC+08:00)","16:44 MY (UTC+08:00)","G4483975","AGSSGLINKS","-","358.00","003 - ATM","988PHONE","2988","7610 - TRANSFER TO A/C","5,994.24","","-","AGSSG LINKS SDN BHD*","TRANSFER TO A/C","","-"
"514356803557","Current Account","GENTING GOLF COURSE BERHAD","MYR","2020-08-25 MY (UTC+08:00)","2020-08-25 MY (UTC+08:00)","3","9","1,000.00","2,360.00","-","-","25/Aug/2020 MY (UTC+08:00)","18:37 MY (UTC+08:00)","0","0","-","1,360.00","011 - System","CBSX8211","2802","8100 - CLEARING CHQ DEP","7,354.24","","-","","","","-"
"514356803557","Current Account","GENTING GOLF COURSE BERHAD","MYR","2020-08-25 MY (UTC+08:00)","2020-08-25 MY (UTC+08:00)","3","9","1,000.00","2,360.00","-","-","25/Aug/2020 MY (UTC+08:00)","01:34 MY (UTC+08:00)","XFR DEBIT SVC CHARGE","","2.00","-","011 - System","BTCH6587","1435","XFRDRSVC - SERVICE CHARGE","7,352.24","","-","","","","-"
"514356803557","Current Account","GENTING GOLF COURSE BERHAD","MYR","2020-08-25 MY (UTC+08:00)","2020-08-25 MY (UTC+08:00)","3","9","1,000.00","2,360.00","-","-","25/Aug/2020 MY (UTC+08:00)","01:34 MY (UTC+08:00)","GENTING MALAYSIA BERHAD","514011468149","6,985.21","-","011 - System","BTCH6587","1435","XFRDR - FUND TRANSFER DEBIT","367.03","","-","","","","-"
"514356803557","Current Account","GENTING GOLF COURSE BERHAD","MYR","2020-08-25 MY (UTC+08:00)","2020-08-25 MY (UTC+08:00)","3","9","1,000.00","2,360.00","-","-","25/Aug/2020 MY (UTC+08:00)","02:18 MY (UTC+08:00)","DR/CARD SALES M/N 4009726 DATED 24082020","","-","240.00","006 - Pos","CBSX408R","2977","8300 - CREDIT ACCOUNT","607.03","","-","","","","-"
"514356803557","Current Account","GENTING GOLF COURSE BERHAD","MYR","2020-08-25 MY (UTC+08:00)","2020-08-25 MY (UTC+08:00)","3","9","1,000.00","2,360.00","-","-","25/Aug/2020 MY (UTC+08:00)","02:19 MY (UTC+08:00)","DR/CARD SALES M/N 4009726 DATED 24082020","","0.60","-","011 - System","CBSX408R","2981","BCHARGE - ELECTRONIC TRANSACTION CHARGES","606.43","","-","","","","-"
"514356803557","Current Account","GENTING GOLF COURSE BERHAD","MYR","2020-08-25 MY (UTC+08:00)","2020-08-25 MY (UTC+08:00)","3","9","1,000.00","2,360.00","-","-","25/Aug/2020 MY (UTC+08:00)","05:33 MY (UTC+08:00)","9870200003 CR/CARD SALES  DATED 25082020","00032508","-","1,753.57","011 - System","CBSX4498","3104","2210 - CARDS CREDIT","2,360.00","","-","","","","-"
