﻿Account Number,Account Type,Account Name,Account Currency,Date From,Date To,Total Debit,Total Credit,Begin Balance,End Balance,Transaction Date,Transaction Time,Posting Date,Processing Time,Transaction Description,Transaction Ref,Debit,Credit,Source Code,Teller ID,Branch/Channel,Transaction Code,End Balance,Filler,Virtual Account,Transaction Description 2,Transaction Description 3,Transaction Description 4,Expiry Date
"514356803557","Current Account","GENTING GOLF COURSE BERHAD","MYR","2020-08-27 MY (UTC+08:00)","2020-08-27 MY (UTC+08:00)","3","6","1,000.00","1,000.00","-","-","27/Aug/2020 MY (UTC+08:00)","08:32 MY (UTC+08:00)","CR/CARD SALES M/N 4009726 DATED 26082020","97262608","-","7,632.90","011 - System","CBSX4498","2719","2981 - MERCHANT CREDIT CARD SALES","8,632.90","","-","","","","-"
"514356803557","Current Account","GENTING GOLF COURSE BERHAD","MYR","2020-08-27 MY (UTC+08:00)","2020-08-27 MY (UTC+08:00)","3","6","1,000.00","1,000.00","-","-","27/Aug/2020 MY (UTC+08:00)","12:21 MY (UTC+08:00)","G4454571","AGSSGLINKS","-","2,506.00","003 - ATM","904PHONE","2988","7610 - TRANSFER TO A/C","11,138.90","","-","AGSSG LINKS SDN BHD*","TRANSFER TO A/C","","-"
"514356803557","Current Account","GENTING GOLF COURSE BERHAD","MYR","2020-08-27 MY (UTC+08:00)","2020-08-27 MY (UTC+08:00)","3","6","1,000.00","1,000.00","-","-","27/Aug/2020 MY (UTC+08:00)","20:12 MY (UTC+08:00)","AA100774","AA100774","-","3,736.00","011 - System","CBSX4464","6408","2882 - PAYMENT CREDIT - APS/OTHERS","14,874.90","","-","FOUR G HOTEL SERVIC*","PAYMENT CREDIT - APS/OTHERS","","-"
"514356803557","Current Account","GENTING GOLF COURSE BERHAD","MYR","2020-08-27 MY (UTC+08:00)","2020-08-27 MY (UTC+08:00)","3","6","1,000.00","1,000.00","-","-","27/Aug/2020 MY (UTC+08:00)","21:54 MY (UTC+08:00)","Interbank GIRO","70821","-","759.00","011 - System","CBSX406C","2601","7991 - INTER-BANK PAYMENT INTO A/C","15,633.90","","-","PANTAI PREMIER PATH","INTER-BANK PAYMENT INTO A/C","","-"
"514356803557","Current Account","GENTING GOLF COURSE BERHAD","MYR","2020-08-27 MY (UTC+08:00)","2020-08-27 MY (UTC+08:00)","3","6","1,000.00","1,000.00","-","-","27/Aug/2020 MY (UTC+08:00)","01:31 MY (UTC+08:00)","XFR DEBIT SVC CHARGE","","2.00","-","011 - System","BTCH6587","1435","XFRDRSVC - SERVICE CHARGE","15,631.90","","-","","","","-"
"514356803557","Current Account","GENTING GOLF COURSE BERHAD","MYR","2020-08-27 MY (UTC+08:00)","2020-08-27 MY (UTC+08:00)","3","6","1,000.00","1,000.00","-","-","27/Aug/2020 MY (UTC+08:00)","01:31 MY (UTC+08:00)","GENTING MALAYSIA BERHAD","514011468149","15,127.80","-","011 - System","BTCH6587","1435","XFRDR - FUND TRANSFER DEBIT","504.10","","-","","","","-"
"514356803557","Current Account","GENTING GOLF COURSE BERHAD","MYR","2020-08-27 MY (UTC+08:00)","2020-08-27 MY (UTC+08:00)","3","6","1,000.00","1,000.00","-","-","27/Aug/2020 MY (UTC+08:00)","02:27 MY (UTC+08:00)","DR/CARD SALES M/N 4009726 DATED 26082020","","-","240.00","006 - Pos","CBSX408R","3121","8300 - CREDIT ACCOUNT","744.10","","-","","","","-"
"514356803557","Current Account","GENTING GOLF COURSE BERHAD","MYR","2020-08-27 MY (UTC+08:00)","2020-08-27 MY (UTC+08:00)","3","6","1,000.00","1,000.00","-","-","27/Aug/2020 MY (UTC+08:00)","02:28 MY (UTC+08:00)","DR/CARD SALES M/N 4009726 DATED 26082020","","0.60","-","011 - System","CBSX408R","2981","BCHARGE - ELECTRONIC TRANSACTION CHARGES","743.50","","-","","","","-"
"514356803557","Current Account","GENTING GOLF COURSE BERHAD","MYR","2020-08-27 MY (UTC+08:00)","2020-08-27 MY (UTC+08:00)","3","6","1,000.00","1,000.00","-","-","27/Aug/2020 MY (UTC+08:00)","05:33 MY (UTC+08:00)","9870200003 CR/CARD SALES  DATED 27082020","00032708","-","256.50","011 - System","CBSX4498","3104","2210 - CARDS CREDIT","1,000.00","","-","","","","-"
