﻿Account Number,Account Type,Account Name,Account Currency,Date From,Date To,Total Debit,Total Credit,Begin Balance,End Balance,Transaction Date,Transaction Time,Posting Date,Processing Time,Transaction Description,Transaction Ref,Debit,Credit,Source Code,Teller ID,Branch/Channel,Transaction Code,End Balance,Filler,Virtual Account,Transaction Description 2,Transaction Description 3,Transaction Description 4,Expiry Date
"514356803557","Current Account","GENTING GOLF COURSE BERHAD","MYR","2020-08-31 MY (UTC+08:00)","2020-08-31 MY (UTC+08:00)","3","2","1,680.00","1,680.00","-","-","31/Aug/2020 MY (UTC+08:00)","01:24 MY (UTC+08:00)","XFR DEBIT SVC CHARGE","","2.00","-","011 - System","BTCH6587","1435","XFRDRSVC - SERVICE CHARGE","1,678.00","","-","","","","-"
"514356803557","Current Account","GENTING GOLF COURSE BERHAD","MYR","2020-08-31 MY (UTC+08:00)","2020-08-31 MY (UTC+08:00)","3","2","1,680.00","1,680.00","-","-","31/Aug/2020 MY (UTC+08:00)","01:24 MY (UTC+08:00)","GENTING MALAYSIA BERHAD","514011468149","1,987.85","-","011 - System","BTCH6587","1435","XFRDR - FUND TRANSFER DEBIT","-309.85","","-","","","","-"
"514356803557","Current Account","GENTING GOLF COURSE BERHAD","MYR","2020-08-31 MY (UTC+08:00)","2020-08-31 MY (UTC+08:00)","3","2","1,680.00","1,680.00","-","-","31/Aug/2020 MY (UTC+08:00)","02:11 MY (UTC+08:00)","DR/CARD SALES M/N 4009726 DATED 30082020","","-","930.00","006 - Pos","CBSX408R","2977","8300 - CREDIT ACCOUNT","620.15","","-","","","","-"
"514356803557","Current Account","GENTING GOLF COURSE BERHAD","MYR","2020-08-31 MY (UTC+08:00)","2020-08-31 MY (UTC+08:00)","3","2","1,680.00","1,680.00","-","-","31/Aug/2020 MY (UTC+08:00)","02:12 MY (UTC+08:00)","DR/CARD SALES M/N 4009726 DATED 30082020","","2.33","-","011 - System","CBSX408R","2981","BCHARGE - ELECTRONIC TRANSACTION CHARGES","617.82","","-","","","","-"
"514356803557","Current Account","GENTING GOLF COURSE BERHAD","MYR","2020-08-31 MY (UTC+08:00)","2020-08-31 MY (UTC+08:00)","3","2","1,680.00","1,680.00","-","-","31/Aug/2020 MY (UTC+08:00)","05:47 MY (UTC+08:00)","9870200003 CR/CARD SALES  DATED 31082020","00033108","-","1,062.18","011 - System","CBSX4498","3104","2210 - CARDS CREDIT","1,680.00","","-","","","","-"
