﻿Account Number,Account Type,Account Name,Account Currency,Date From,Date To,Total Debit,Total Credit,Begin Balance,End Balance,Transaction Date,Transaction Time,Posting Date,Processing Time,Transaction Description,Transaction Ref,Debit,Credit,Source Code,Teller ID,Branch/Channel,Transaction Code,End Balance,Filler,Virtual Account,Transaction Description 2,Transaction Description 3,Transaction Description 4,Expiry Date
"514356803557","Current Account","GENTING GOLF COURSE BERHAD","MYR","2020-08-01 MY (UTC+08:00)","2020-08-31 MY (UTC+08:00)","86","157","1,000.00","1,680.00","-","-","01/Aug/2020 MY (UTC+08:00)","20:08 MY (UTC+08:00)","G4329504","AGSSGLINKS","-","2,290.00","003 - ATM","979PHONE","2988","7610 - TRANSFER TO A/C","3,290.00","","-","AGSSG LINKS SDN BHD*","TRANSFER TO A/C","","-"
"514356803557","Current Account","GENTING GOLF COURSE BERHAD","MYR","2020-08-01 MY (UTC+08:00)","2020-08-31 MY (UTC+08:00)","86","157","1,000.00","1,680.00","-","-","01/Aug/2020 MY (UTC+08:00)","01:31 MY (UTC+08:00)","GENTING MALAYSIA BERHAD","514011468149","3,175.77","-","011 - System","BTCH6587","1435","XFRDR - FUND TRANSFER DEBIT","114.23","","-","","","","-"
"514356803557","Current Account","GENTING GOLF COURSE BERHAD","MYR","2020-08-01 MY (UTC+08:00)","2020-08-31 MY (UTC+08:00)","86","157","1,000.00","1,680.00","-","-","01/Aug/2020 MY (UTC+08:00)","01:31 MY (UTC+08:00)","XFR DEBIT SVC CHARGE","","2.00","-","011 - System","BTCH6587","1435","XFRDRSVC - SERVICE CHARGE","112.23","","-","","","","-"
"514356803557","Current Account","GENTING GOLF COURSE BERHAD","MYR","2020-08-01 MY (UTC+08:00)","2020-08-31 MY (UTC+08:00)","86","157","1,000.00","1,680.00","-","-","01/Aug/2020 MY (UTC+08:00)","03:17 MY (UTC+08:00)","DR/CARD SALES M/N 4009726 DATED 31072020","","-","890.00","006 - Pos","CBSX408R","3121","8300 - CREDIT ACCOUNT","1,002.23","","-","","","","-"
"514356803557","Current Account","GENTING GOLF COURSE BERHAD","MYR","2020-08-01 MY (UTC+08:00)","2020-08-31 MY (UTC+08:00)","86","157","1,000.00","1,680.00","-","-","01/Aug/2020 MY (UTC+08:00)","03:17 MY (UTC+08:00)","DR/CARD SALES M/N 4009726 DATED 31072020","","2.23","-","011 - System","CBSX408R","2981","BCHARGE - ELECTRONIC TRANSACTION CHARGES","1,000.00","","-","","","","-"
"514356803557","Current Account","GENTING GOLF COURSE BERHAD","MYR","2020-08-01 MY (UTC+08:00)","2020-08-31 MY (UTC+08:00)","86","157","1,000.00","1,680.00","-","-","02/Aug/2020 MY (UTC+08:00)","11:55 MY (UTC+08:00)","Pay and play","AGSSGLINKS","-","140.00","003 - ATM","936PHONE","2988","7610 - TRANSFER TO A/C","1,140.00","","-","WONG KUI LENG      *","TRANSFER TO A/C","","-"
"514356803557","Current Account","GENTING GOLF COURSE BERHAD","MYR","2020-08-01 MY (UTC+08:00)","2020-08-31 MY (UTC+08:00)","86","157","1,000.00","1,680.00","-","-","02/Aug/2020 MY (UTC+08:00)","01:26 MY (UTC+08:00)","XFR DEBIT SVC CHARGE","","2.00","-","011 - System","BTCH6587","1435","XFRDRSVC - SERVICE CHARGE","1,138.00","","-","","","","-"
"514356803557","Current Account","GENTING GOLF COURSE BERHAD","MYR","2020-08-01 MY (UTC+08:00)","2020-08-31 MY (UTC+08:00)","86","157","1,000.00","1,680.00","-","-","02/Aug/2020 MY (UTC+08:00)","01:26 MY (UTC+08:00)","GENTING MALAYSIA BERHAD","514011468149","297.60","-","011 - System","BTCH6587","1435","XFRDR - FUND TRANSFER DEBIT","840.40","","-","","","","-"
"514356803557","Current Account","GENTING GOLF COURSE BERHAD","MYR","2020-08-01 MY (UTC+08:00)","2020-08-31 MY (UTC+08:00)","86","157","1,000.00","1,680.00","-","-","02/Aug/2020 MY (UTC+08:00)","02:20 MY (UTC+08:00)","DR/CARD SALES M/N 4009726 DATED 01082020","","-","160.00","006 - Pos","CBSX408R","3121","8300 - CREDIT ACCOUNT","1,000.40","","-","","","","-"
"514356803557","Current Account","GENTING GOLF COURSE BERHAD","MYR","2020-08-01 MY (UTC+08:00)","2020-08-31 MY (UTC+08:00)","86","157","1,000.00","1,680.00","-","-","02/Aug/2020 MY (UTC+08:00)","02:21 MY (UTC+08:00)","DR/CARD SALES M/N 4009726 DATED 01082020","","0.40","-","011 - System","CBSX408R","2981","BCHARGE - ELECTRONIC TRANSACTION CHARGES","1,000.00","","-","","","","-"
"514356803557","Current Account","GENTING GOLF COURSE BERHAD","MYR","2020-08-01 MY (UTC+08:00)","2020-08-31 MY (UTC+08:00)","86","157","1,000.00","1,680.00","-","-","03/Aug/2020 MY (UTC+08:00)","08:34 MY (UTC+08:00)","CR/CARD SALES M/N 4009726 DATED 01082020","97260108","-","12,129.54","011 - System","CBSX4498","2719","2981 - MERCHANT CREDIT CARD SALES","13,129.54","","-","","","","-"
"514356803557","Current Account","GENTING GOLF COURSE BERHAD","MYR","2020-08-01 MY (UTC+08:00)","2020-08-31 MY (UTC+08:00)","86","157","1,000.00","1,680.00","-","-","03/Aug/2020 MY (UTC+08:00)","08:34 MY (UTC+08:00)","CR/CARD SALES M/N 4009726 DATED 02082020","97260208","-","5,598.22","011 - System","CBSX4498","2719","2981 - MERCHANT CREDIT CARD SALES","18,727.76","","-","","","","-"
"514356803557","Current Account","GENTING GOLF COURSE BERHAD","MYR","2020-08-01 MY (UTC+08:00)","2020-08-31 MY (UTC+08:00)","86","157","1,000.00","1,680.00","-","-","03/Aug/2020 MY (UTC+08:00)","08:34 MY (UTC+08:00)","CR/CARD SALES M/N 4009726 DATED 30072020","97263007","-","8,380.77","011 - System","CBSX4498","2719","2981 - MERCHANT CREDIT CARD SALES","27,108.53","","-","","","","-"
"514356803557","Current Account","GENTING GOLF COURSE BERHAD","MYR","2020-08-01 MY (UTC+08:00)","2020-08-31 MY (UTC+08:00)","86","157","1,000.00","1,680.00","-","-","03/Aug/2020 MY (UTC+08:00)","08:34 MY (UTC+08:00)","CR/CARD SALES M/N 4009726 DATED 31072020","97263107","-","14,298.37","011 - System","CBSX4498","2719","2981 - MERCHANT CREDIT CARD SALES","41,406.90","","-","","","","-"
"514356803557","Current Account","GENTING GOLF COURSE BERHAD","MYR","2020-08-01 MY (UTC+08:00)","2020-08-31 MY (UTC+08:00)","86","157","1,000.00","1,680.00","-","-","03/Aug/2020 MY (UTC+08:00)","09:48 MY (UTC+08:00)","DATE     REFERENCE","81002415012021","-","6,773.60","011 - System","CBSX406C","2601","7991 - INTER-BANK PAYMENT INTO A/C","48,180.50","","-","YTL COMMUNICATIONS","INTER-BANK PAYMENT INTO A/C","","-"
"514356803557","Current Account","GENTING GOLF COURSE BERHAD","MYR","2020-08-01 MY (UTC+08:00)","2020-08-31 MY (UTC+08:00)","86","157","1,000.00","1,680.00","-","-","03/Aug/2020 MY (UTC+08:00)","14:55 MY (UTC+08:00)","F&B - 09.08.2020","AGSSG LINKS","-","2,500.00","003 - ATM","923PHONE","2988","7610 - TRANSFER TO A/C","50,680.50","","-","AGSSG LINKS SDN BHD*","TRANSFER TO A/C","","-"
"514356803557","Current Account","GENTING GOLF COURSE BERHAD","MYR","2020-08-01 MY (UTC+08:00)","2020-08-31 MY (UTC+08:00)","86","157","1,000.00","1,680.00","-","-","03/Aug/2020 MY (UTC+08:00)","18:29 MY (UTC+08:00)","G4359409","AGSSGLINKS","-","716.00","003 - ATM","928PHONE","2988","7610 - TRANSFER TO A/C","51,396.50","","-","AGSSG LINKS SDN BHD*","TRANSFER TO A/C","","-"
"514356803557","Current Account","GENTING GOLF COURSE BERHAD","MYR","2020-08-01 MY (UTC+08:00)","2020-08-31 MY (UTC+08:00)","86","157","1,000.00","1,680.00","-","-","03/Aug/2020 MY (UTC+08:00)","19:36 MY (UTC+08:00)","EDOTCO MALAYSIA SDN","PLR094670","-","3,926.20","025 - Office","CBSX4618","7502","CCRBEN1 - CMS - CR PYMT MARS","55,322.70","","-","EDOTCO MALAYSIA SDN","CMS - CR PYMT MARS","","-"
"514356803557","Current Account","GENTING GOLF COURSE BERHAD","MYR","2020-08-01 MY (UTC+08:00)","2020-08-31 MY (UTC+08:00)","86","157","1,000.00","1,680.00","-","-","03/Aug/2020 MY (UTC+08:00)","01:33 MY (UTC+08:00)","GENTING MALAYSIA BERHAD","514011468149","54,400.50","-","011 - System","BTCH6587","1435","XFRDR - FUND TRANSFER DEBIT","922.20","","-","","","","-"
"514356803557","Current Account","GENTING GOLF COURSE BERHAD","MYR","2020-08-01 MY (UTC+08:00)","2020-08-31 MY (UTC+08:00)","86","157","1,000.00","1,680.00","-","-","03/Aug/2020 MY (UTC+08:00)","01:33 MY (UTC+08:00)","XFR DEBIT SVC CHARGE","","2.00","-","011 - System","BTCH6587","1435","XFRDRSVC - SERVICE CHARGE","920.20","","-","","","","-"
"514356803557","Current Account","GENTING GOLF COURSE BERHAD","MYR","2020-08-01 MY (UTC+08:00)","2020-08-31 MY (UTC+08:00)","86","157","1,000.00","1,680.00","-","-","03/Aug/2020 MY (UTC+08:00)","02:14 MY (UTC+08:00)","DR/CARD SALES M/N 4009726 DATED 02082020","","-","80.00","006 - Pos","CBSX408R","2977","8300 - CREDIT ACCOUNT","1,000.20","","-","","","","-"
"514356803557","Current Account","GENTING GOLF COURSE BERHAD","MYR","2020-08-01 MY (UTC+08:00)","2020-08-31 MY (UTC+08:00)","86","157","1,000.00","1,680.00","-","-","03/Aug/2020 MY (UTC+08:00)","02:14 MY (UTC+08:00)","DR/CARD SALES M/N 4009726 DATED 02082020","","0.20","-","011 - System","CBSX408R","2981","BCHARGE - ELECTRONIC TRANSACTION CHARGES","1,000.00","","-","","","","-"
"514356803557","Current Account","GENTING GOLF COURSE BERHAD","MYR","2020-08-01 MY (UTC+08:00)","2020-08-31 MY (UTC+08:00)","86","157","1,000.00","1,680.00","-","-","04/Aug/2020 MY (UTC+08:00)","08:32 MY (UTC+08:00)","CR/CARD SALES M/N 4009726 DATED 03082020","97260308","-","3,529.13","011 - System","CBSX4498","2719","2981 - MERCHANT CREDIT CARD SALES","4,529.13","","-","","","","-"
"514356803557","Current Account","GENTING GOLF COURSE BERHAD","MYR","2020-08-01 MY (UTC+08:00)","2020-08-31 MY (UTC+08:00)","86","157","1,000.00","1,680.00","-","-","04/Aug/2020 MY (UTC+08:00)","17:18 MY (UTC+08:00)","Zahana","Skkkb2","-","2,220.00","003 - ATM","939PHONE","2988","7610 - TRANSFER TO A/C","6,749.13","","-","FAKHRUZZAMAN BIN RA*","TRANSFER TO A/C","","-"
"514356803557","Current Account","GENTING GOLF COURSE BERHAD","MYR","2020-08-01 MY (UTC+08:00)","2020-08-31 MY (UTC+08:00)","86","157","1,000.00","1,680.00","-","-","04/Aug/2020 MY (UTC+08:00)","01:31 MY (UTC+08:00)","XFR DEBIT SVC CHARGE","","2.00","-","011 - System","BTCH6587","1435","XFRDRSVC - SERVICE CHARGE","6,747.13","","-","","","","-"
"514356803557","Current Account","GENTING GOLF COURSE BERHAD","MYR","2020-08-01 MY (UTC+08:00)","2020-08-31 MY (UTC+08:00)","86","157","1,000.00","1,680.00","-","-","04/Aug/2020 MY (UTC+08:00)","01:31 MY (UTC+08:00)","GENTING MALAYSIA BERHAD","514011468149","7,616.08","-","011 - System","BTCH6587","1435","XFRDR - FUND TRANSFER DEBIT","-868.95","","-","","","","-"
"514356803557","Current Account","GENTING GOLF COURSE BERHAD","MYR","2020-08-01 MY (UTC+08:00)","2020-08-31 MY (UTC+08:00)","86","157","1,000.00","1,680.00","-","-","04/Aug/2020 MY (UTC+08:00)","05:08 MY (UTC+08:00)","MBB HQ ACCOUNTS PAYA","323432","-","96.00","025 - Office","CBSX4618","2502","CCRBEN1 - CMS - CR PYMT MARS","-772.95","","-","MAPS-PROPERTY","CMS - CR PYMT MARS","","-"
"514356803557","Current Account","GENTING GOLF COURSE BERHAD","MYR","2020-08-01 MY (UTC+08:00)","2020-08-31 MY (UTC+08:00)","86","157","1,000.00","1,680.00","-","-","04/Aug/2020 MY (UTC+08:00)","05:33 MY (UTC+08:00)","9870200003 CR/CARD SALES  DATED 04082020","00030408","-","1,772.95","011 - System","CBSX4498","3104","2210 - CARDS CREDIT","1,000.00","","-","","","","-"
"514356803557","Current Account","GENTING GOLF COURSE BERHAD","MYR","2020-08-01 MY (UTC+08:00)","2020-08-31 MY (UTC+08:00)","86","157","1,000.00","1,680.00","-","-","05/Aug/2020 MY (UTC+08:00)","08:32 MY (UTC+08:00)","CR/CARD SALES M/N 4009726 DATED 04082020","97260408","-","2,849.57","011 - System","CBSX4498","2719","2981 - MERCHANT CREDIT CARD SALES","3,849.57","","-","","","","-"
"514356803557","Current Account","GENTING GOLF COURSE BERHAD","MYR","2020-08-01 MY (UTC+08:00)","2020-08-31 MY (UTC+08:00)","86","157","1,000.00","1,680.00","-","-","05/Aug/2020 MY (UTC+08:00)","11:02 MY (UTC+08:00)","CHUAH KIN TAT","70000853","-","1,050.00","018 - Teller","000ABB3A","0606","7100 - CASH DEPOSIT","4,899.57","","-","","","","-"
"514356803557","Current Account","GENTING GOLF COURSE BERHAD","MYR","2020-08-01 MY (UTC+08:00)","2020-08-31 MY (UTC+08:00)","86","157","1,000.00","1,680.00","-","-","05/Aug/2020 MY (UTC+08:00)","12:20 MY (UTC+08:00)","200000002440","2LJTAA0015508","-","2,316.00","011 - System","CBSX406C","2601","7991 - INTER-BANK PAYMENT INTO A/C","7,215.57","","-","LEMBAGA JURUKUR TAN","INTER-BANK PAYMENT INTO A/C","","-"
"514356803557","Current Account","GENTING GOLF COURSE BERHAD","MYR","2020-08-01 MY (UTC+08:00)","2020-08-31 MY (UTC+08:00)","86","157","1,000.00","1,680.00","-","-","05/Aug/2020 MY (UTC+08:00)","14:20 MY (UTC+08:00)","202011066807788926","R200805323519S","-","20,619.12","011 - System","MHHJA22","2601","2910 - CCA CREDIT INWARD RENTAS","27,834.69","","-","AKAUNTAN NEGARA MAL*","CREDIT INWARD RENTAS","","-"
"514356803557","Current Account","GENTING GOLF COURSE BERHAD","MYR","2020-08-01 MY (UTC+08:00)","2020-08-31 MY (UTC+08:00)","86","157","1,000.00","1,680.00","-","-","05/Aug/2020 MY (UTC+08:00)","18:46 MY (UTC+08:00)","No.0023000139312008/","9401872469","-","16,588.60","011 - System","CBSX406C","2601","7991 - INTER-BANK PAYMENT INTO A/C","44,423.29","","-","MAXIS BROADBAND SDN","INTER-BANK PAYMENT INTO A/C","","-"
"514356803557","Current Account","GENTING GOLF COURSE BERHAD","MYR","2020-08-01 MY (UTC+08:00)","2020-08-31 MY (UTC+08:00)","86","157","1,000.00","1,680.00","-","-","05/Aug/2020 MY (UTC+08:00)","01:34 MY (UTC+08:00)","GENTING MALAYSIA BERHAD","514011468149","43,421.29","-","011 - System","BTCH6587","1435","XFRDR - FUND TRANSFER DEBIT","1,002.00","","-","","","","-"
"514356803557","Current Account","GENTING GOLF COURSE BERHAD","MYR","2020-08-01 MY (UTC+08:00)","2020-08-31 MY (UTC+08:00)","86","157","1,000.00","1,680.00","-","-","05/Aug/2020 MY (UTC+08:00)","01:34 MY (UTC+08:00)","XFR DEBIT SVC CHARGE","","2.00","-","011 - System","BTCH6587","1435","XFRDRSVC - SERVICE CHARGE","1,000.00","","-","","","","-"
"514356803557","Current Account","GENTING GOLF COURSE BERHAD","MYR","2020-08-01 MY (UTC+08:00)","2020-08-31 MY (UTC+08:00)","86","157","1,000.00","1,680.00","-","-","06/Aug/2020 MY (UTC+08:00)","08:31 MY (UTC+08:00)","CR/CARD SALES M/N 4009726 DATED 05082020","97260508","-","1,826.13","011 - System","CBSX4498","2719","2981 - MERCHANT CREDIT CARD SALES","2,826.13","","-","","","","-"
"514356803557","Current Account","GENTING GOLF COURSE BERHAD","MYR","2020-08-01 MY (UTC+08:00)","2020-08-31 MY (UTC+08:00)","86","157","1,000.00","1,680.00","-","-","06/Aug/2020 MY (UTC+08:00)","10:17 MY (UTC+08:00)","Awana","4408290 440167","-","224.00","003 - ATM","998PHONE","2988","7610 - TRANSFER TO A/C","3,050.13","","-","NIZARUDDIN BIN NAHA*","TRANSFER TO A/C","","-"
"514356803557","Current Account","GENTING GOLF COURSE BERHAD","MYR","2020-08-01 MY (UTC+08:00)","2020-08-31 MY (UTC+08:00)","86","157","1,000.00","1,680.00","-","-","06/Aug/2020 MY (UTC+08:00)","12:35 MY (UTC+08:00)","","70001306","-","2,300.00","003 - ATM","0002A98A","2987","7610 - TRANSFER TO A/C","5,350.13","","500511270095","LEE HAK CHAN","TRANSFER TO A/C","","-"
"514356803557","Current Account","GENTING GOLF COURSE BERHAD","MYR","2020-08-01 MY (UTC+08:00)","2020-08-31 MY (UTC+08:00)","86","157","1,000.00","1,680.00","-","-","06/Aug/2020 MY (UTC+08:00)","15:15 MY (UTC+08:00)","4 PAX - 09.08.2020","AGSSG LINKS","-","200.00","003 - ATM","955PHONE","2988","7610 - TRANSFER TO A/C","5,550.13","","-","AGSSG LINKS SDN BHD*","TRANSFER TO A/C","","-"
"514356803557","Current Account","GENTING GOLF COURSE BERHAD","MYR","2020-08-01 MY (UTC+08:00)","2020-08-31 MY (UTC+08:00)","86","157","1,000.00","1,680.00","-","-","06/Aug/2020 MY (UTC+08:00)","21:56 MY (UTC+08:00)","Awana KM 13","61","-","7,143.84","011 - System","CBSX406C","2601","7991 - INTER-BANK PAYMENT INTO A/C","12,693.97","","-","TOUCH MATRIX SDN BH","INTER-BANK PAYMENT INTO A/C","","-"
"514356803557","Current Account","GENTING GOLF COURSE BERHAD","MYR","2020-08-01 MY (UTC+08:00)","2020-08-31 MY (UTC+08:00)","86","157","1,000.00","1,680.00","-","-","06/Aug/2020 MY (UTC+08:00)","01:31 MY (UTC+08:00)","XFR DEBIT SVC CHARGE","","2.00","-","011 - System","BTCH6587","1435","XFRDRSVC - SERVICE CHARGE","12,691.97","","-","","","","-"
"514356803557","Current Account","GENTING GOLF COURSE BERHAD","MYR","2020-08-01 MY (UTC+08:00)","2020-08-31 MY (UTC+08:00)","86","157","1,000.00","1,680.00","-","-","06/Aug/2020 MY (UTC+08:00)","01:31 MY (UTC+08:00)","GENTING MALAYSIA BERHAD","514011468149","11,691.97","-","011 - System","BTCH6587","1435","XFRDR - FUND TRANSFER DEBIT","1,000.00","","-","","","","-"
"514356803557","Current Account","GENTING GOLF COURSE BERHAD","MYR","2020-08-01 MY (UTC+08:00)","2020-08-31 MY (UTC+08:00)","86","157","1,000.00","1,680.00","-","-","07/Aug/2020 MY (UTC+08:00)","08:32 MY (UTC+08:00)","CR/CARD SALES M/N 4009726 DATED 06082020","97260608","-","1,477.29","011 - System","CBSX4498","2719","2981 - MERCHANT CREDIT CARD SALES","2,477.29","","-","","","","-"
"514356803557","Current Account","GENTING GOLF COURSE BERHAD","MYR","2020-08-01 MY (UTC+08:00)","2020-08-31 MY (UTC+08:00)","86","157","1,000.00","1,680.00","-","-","07/Aug/2020 MY (UTC+08:00)","11:26 MY (UTC+08:00)","AGSSG-09.08.2020","ROOMS - 24 PAX","-","5,496.00","003 - ATM","999PHONE","2988","7610 - TRANSFER TO A/C","7,973.29","","-","AGSSG LINKS SDN BHD*","TRANSFER TO A/C","","-"
"514356803557","Current Account","GENTING GOLF COURSE BERHAD","MYR","2020-08-01 MY (UTC+08:00)","2020-08-31 MY (UTC+08:00)","86","157","1,000.00","1,680.00","-","-","07/Aug/2020 MY (UTC+08:00)","11:57 MY (UTC+08:00)","AGSSG-09.08.2020","4 ROOMS","-","916.00","003 - ATM","965PHONE","2988","7610 - TRANSFER TO A/C","8,889.29","","-","AGSSG LINKS SDN BHD*","TRANSFER TO A/C","","-"
"514356803557","Current Account","GENTING GOLF COURSE BERHAD","MYR","2020-08-01 MY (UTC+08:00)","2020-08-31 MY (UTC+08:00)","86","157","1,000.00","1,680.00","-","-","07/Aug/2020 MY (UTC+08:00)","12:23 MY (UTC+08:00)","IBG Transaction","2005644000001551","-","17,722.32","011 - System","CBSX406C","2601","7991 - INTER-BANK PAYMENT INTO A/C","26,611.61","","-","DIGI TELECOMMUNICAT","INTER-BANK PAYMENT INTO A/C","","-"
"514356803557","Current Account","GENTING GOLF COURSE BERHAD","MYR","2020-08-01 MY (UTC+08:00)","2020-08-31 MY (UTC+08:00)","86","157","1,000.00","1,680.00","-","-","07/Aug/2020 MY (UTC+08:00)","16:38 MY (UTC+08:00)","0","0","-","7,232.80","011 - System","CBSX8211","2802","8100 - CLEARING CHQ DEP","33,844.41","","-","","","","-"
"514356803557","Current Account","GENTING GOLF COURSE BERHAD","MYR","2020-08-01 MY (UTC+08:00)","2020-08-31 MY (UTC+08:00)","86","157","1,000.00","1,680.00","-","-","07/Aug/2020 MY (UTC+08:00)","18:50 MY (UTC+08:00)","Golf and stay","Q20207P9L6","-","358.00","011 - System","CBSX406C","2601","7991 - INTER-BANK PAYMENT INTO A/C","34,202.41","","-","MR CHIN CHEE YAN","INTER-BANK PAYMENT INTO A/C","","-"
"514356803557","Current Account","GENTING GOLF COURSE BERHAD","MYR","2020-08-01 MY (UTC+08:00)","2020-08-31 MY (UTC+08:00)","86","157","1,000.00","1,680.00","-","-","07/Aug/2020 MY (UTC+08:00)","18:50 MY (UTC+08:00)","uco July2020","Inv no GGC4000003210","-","380.00","011 - System","CBSX406C","2601","7991 - INTER-BANK PAYMENT INTO A/C","34,582.41","","-","WOEIS VIGOR SDN BHD","INTER-BANK PAYMENT INTO A/C","","-"
"514356803557","Current Account","GENTING GOLF COURSE BERHAD","MYR","2020-08-01 MY (UTC+08:00)","2020-08-31 MY (UTC+08:00)","86","157","1,000.00","1,680.00","-","-","07/Aug/2020 MY (UTC+08:00)","00:48 MY (UTC+08:00)","XFR DEBIT SVC CHARGE","","2.00","-","011 - System","BTCH6587","1435","XFRDRSVC - SERVICE CHARGE","34,580.41","","-","","","","-"
"514356803557","Current Account","GENTING GOLF COURSE BERHAD","MYR","2020-08-01 MY (UTC+08:00)","2020-08-31 MY (UTC+08:00)","86","157","1,000.00","1,680.00","-","-","07/Aug/2020 MY (UTC+08:00)","00:48 MY (UTC+08:00)","GENTING MALAYSIA BERHAD","514011468149","26,347.61","-","011 - System","BTCH6587","1435","XFRDR - FUND TRANSFER DEBIT","8,232.80","","-","","","","-"
"514356803557","Current Account","GENTING GOLF COURSE BERHAD","MYR","2020-08-01 MY (UTC+08:00)","2020-08-31 MY (UTC+08:00)","86","157","1,000.00","1,680.00","-","-","08/Aug/2020 MY (UTC+08:00)","10:18 MY (UTC+08:00)","AGSSG-08.08.2020","PAY & PLAY","-","2,660.00","003 - ATM","976PHONE","2988","7610 - TRANSFER TO A/C","10,892.80","","-","AGSSG LINKS SDN BHD*","TRANSFER TO A/C","","-"
"514356803557","Current Account","GENTING GOLF COURSE BERHAD","MYR","2020-08-01 MY (UTC+08:00)","2020-08-31 MY (UTC+08:00)","86","157","1,000.00","1,680.00","-","-","08/Aug/2020 MY (UTC+08:00)","01:29 MY (UTC+08:00)","XFR DEBIT SVC CHARGE","","2.00","-","011 - System","BTCH6587","1435","XFRDRSVC - SERVICE CHARGE","10,890.80","","-","","","","-"
"514356803557","Current Account","GENTING GOLF COURSE BERHAD","MYR","2020-08-01 MY (UTC+08:00)","2020-08-31 MY (UTC+08:00)","86","157","1,000.00","1,680.00","-","-","08/Aug/2020 MY (UTC+08:00)","01:29 MY (UTC+08:00)","GENTING MALAYSIA BERHAD","514011468149","2,658.00","-","011 - System","BTCH6587","1435","XFRDR - FUND TRANSFER DEBIT","8,232.80","","-","","","","-"
"514356803557","Current Account","GENTING GOLF COURSE BERHAD","MYR","2020-08-01 MY (UTC+08:00)","2020-08-31 MY (UTC+08:00)","86","157","1,000.00","1,680.00","-","-","09/Aug/2020 MY (UTC+08:00)","01:28 MY (UTC+08:00)","XFR DEBIT SVC CHARGE","","2.00","-","011 - System","BTCH6587","1435","XFRDRSVC - SERVICE CHARGE","8,230.80","","-","","","","-"
"514356803557","Current Account","GENTING GOLF COURSE BERHAD","MYR","2020-08-01 MY (UTC+08:00)","2020-08-31 MY (UTC+08:00)","86","157","1,000.00","1,680.00","-","-","09/Aug/2020 MY (UTC+08:00)","01:28 MY (UTC+08:00)","GENTING MALAYSIA BERHAD","514011468149","733.16","-","011 - System","BTCH6587","1435","XFRDR - FUND TRANSFER DEBIT","7,497.64","","-","","","","-"
"514356803557","Current Account","GENTING GOLF COURSE BERHAD","MYR","2020-08-01 MY (UTC+08:00)","2020-08-31 MY (UTC+08:00)","86","157","1,000.00","1,680.00","-","-","09/Aug/2020 MY (UTC+08:00)","02:15 MY (UTC+08:00)","DR/CARD SALES M/N 4009726 DATED 08082020","","-","580.00","006 - Pos","CBSX408R","2977","8300 - CREDIT ACCOUNT","8,077.64","","-","","","","-"
"514356803557","Current Account","GENTING GOLF COURSE BERHAD","MYR","2020-08-01 MY (UTC+08:00)","2020-08-31 MY (UTC+08:00)","86","157","1,000.00","1,680.00","-","-","09/Aug/2020 MY (UTC+08:00)","02:16 MY (UTC+08:00)","DR/CARD SALES M/N 4009726 DATED 08082020","","1.45","-","011 - System","CBSX408R","2981","BCHARGE - ELECTRONIC TRANSACTION CHARGES","8,076.19","","-","","","","-"
"514356803557","Current Account","GENTING GOLF COURSE BERHAD","MYR","2020-08-01 MY (UTC+08:00)","2020-08-31 MY (UTC+08:00)","86","157","1,000.00","1,680.00","-","-","09/Aug/2020 MY (UTC+08:00)","02:18 MY (UTC+08:00)","DR/CARD SALES M/N 4009726 DATED 08082020","","-","157.00","006 - Pos","CBSX408R","3121","8300 - CREDIT ACCOUNT","8,233.19","","-","","","","-"
"514356803557","Current Account","GENTING GOLF COURSE BERHAD","MYR","2020-08-01 MY (UTC+08:00)","2020-08-31 MY (UTC+08:00)","86","157","1,000.00","1,680.00","-","-","09/Aug/2020 MY (UTC+08:00)","02:18 MY (UTC+08:00)","DR/CARD SALES M/N 4009726 DATED 08082020","","0.39","-","011 - System","CBSX408R","2981","BCHARGE - ELECTRONIC TRANSACTION CHARGES","8,232.80","","-","","","","-"
"514356803557","Current Account","GENTING GOLF COURSE BERHAD","MYR","2020-08-01 MY (UTC+08:00)","2020-08-31 MY (UTC+08:00)","86","157","1,000.00","1,680.00","-","-","10/Aug/2020 MY (UTC+08:00)","08:34 MY (UTC+08:00)","CR/CARD SALES M/N 4009726 DATED 07082020","97260708","-","6,641.22","011 - System","CBSX4498","2719","2981 - MERCHANT CREDIT CARD SALES","14,874.02","","-","","","","-"
"514356803557","Current Account","GENTING GOLF COURSE BERHAD","MYR","2020-08-01 MY (UTC+08:00)","2020-08-31 MY (UTC+08:00)","86","157","1,000.00","1,680.00","-","-","10/Aug/2020 MY (UTC+08:00)","08:34 MY (UTC+08:00)","CR/CARD SALES M/N 4009726 DATED 08082020","97260808","-","13,226.77","011 - System","CBSX4498","2719","2981 - MERCHANT CREDIT CARD SALES","28,100.79","","-","","","","-"
"514356803557","Current Account","GENTING GOLF COURSE BERHAD","MYR","2020-08-01 MY (UTC+08:00)","2020-08-31 MY (UTC+08:00)","86","157","1,000.00","1,680.00","-","-","10/Aug/2020 MY (UTC+08:00)","08:34 MY (UTC+08:00)","CR/CARD SALES M/N 4009726 DATED 09082020","97260908","-","6,273.54","011 - System","CBSX4498","2719","2981 - MERCHANT CREDIT CARD SALES","34,374.33","","-","","","","-"
"514356803557","Current Account","GENTING GOLF COURSE BERHAD","MYR","2020-08-01 MY (UTC+08:00)","2020-08-31 MY (UTC+08:00)","86","157","1,000.00","1,680.00","-","-","10/Aug/2020 MY (UTC+08:00)","09:41 MY (UTC+08:00)","IBG PAYMENT INTO A/C","3100083905","-","10,922.65","011 - System","CBSX406C","2601","7991 - INTER-BANK PAYMENT INTO A/C","45,296.98","","-","U MOBILE SDN BHD","INTER-BANK PAYMENT INTO A/C","","-"
"514356803557","Current Account","GENTING GOLF COURSE BERHAD","MYR","2020-08-01 MY (UTC+08:00)","2020-08-31 MY (UTC+08:00)","86","157","1,000.00","1,680.00","-","-","10/Aug/2020 MY (UTC+08:00)","13:09 MY (UTC+08:00)","PAY&PLAY","AGSSGLINKS","-","280.00","003 - ATM","907PHONE","2988","7610 - TRANSFER TO A/C","45,576.98","","-","WONG KUI LENG      *","TRANSFER TO A/C","","-"
"514356803557","Current Account","GENTING GOLF COURSE BERHAD","MYR","2020-08-01 MY (UTC+08:00)","2020-08-31 MY (UTC+08:00)","86","157","1,000.00","1,680.00","-","-","10/Aug/2020 MY (UTC+08:00)","13:33 MY (UTC+08:00)","Enggang Room","Nurshahirah","-","850.00","003 - ATM","996PHONE","2988","7610 - TRANSFER TO A/C","46,426.98","","-","NURSHAHIRAH BINTI S*","TRANSFER TO A/C","","-"
"514356803557","Current Account","GENTING GOLF COURSE BERHAD","MYR","2020-08-01 MY (UTC+08:00)","2020-08-31 MY (UTC+08:00)","86","157","1,000.00","1,680.00","-","-","10/Aug/2020 MY (UTC+08:00)","15:27 MY (UTC+08:00)","200000002527","2LJTAA0015580","-","388.00","011 - System","CBSX406C","2601","7991 - INTER-BANK PAYMENT INTO A/C","46,814.98","","-","LEMBAGA JURUKUR TAN","INTER-BANK PAYMENT INTO A/C","","-"
"514356803557","Current Account","GENTING GOLF COURSE BERHAD","MYR","2020-08-01 MY (UTC+08:00)","2020-08-31 MY (UTC+08:00)","86","157","1,000.00","1,680.00","-","-","10/Aug/2020 MY (UTC+08:00)","16:17 MY (UTC+08:00)","PAY&PLAY","AGSSGLINKS","-","280.00","003 - ATM","976PHONE","2988","7610 - TRANSFER TO A/C","47,094.98","","-","AGSSG LINKS SDN BHD*","TRANSFER TO A/C","","-"
"514356803557","Current Account","GENTING GOLF COURSE BERHAD","MYR","2020-08-01 MY (UTC+08:00)","2020-08-31 MY (UTC+08:00)","86","157","1,000.00","1,680.00","-","-","10/Aug/2020 MY (UTC+08:00)","18:37 MY (UTC+08:00)","0","0","-","21,105.00","011 - System","CBSX8211","2802","8100 - CLEARING CHQ DEP","68,199.98","","-","","","","-"
"514356803557","Current Account","GENTING GOLF COURSE BERHAD","MYR","2020-08-01 MY (UTC+08:00)","2020-08-31 MY (UTC+08:00)","86","157","1,000.00","1,680.00","-","-","10/Aug/2020 MY (UTC+08:00)","21:05 MY (UTC+08:00)","0025644MAYB CLEARING CHQ DEP","78000452","-","3,127.00","011 - System","CBSX8211","2802","8100 - CLEARING CHQ DEP","71,326.98","","500511270035","","","","-"
"514356803557","Current Account","GENTING GOLF COURSE BERHAD","MYR","2020-08-01 MY (UTC+08:00)","2020-08-31 MY (UTC+08:00)","86","157","1,000.00","1,680.00","-","-","10/Aug/2020 MY (UTC+08:00)","01:36 MY (UTC+08:00)","XFR DEBIT SVC CHARGE","","2.00","-","011 - System","BTCH6587","1435","XFRDRSVC - SERVICE CHARGE","71,324.98","","-","","","","-"
"514356803557","Current Account","GENTING GOLF COURSE BERHAD","MYR","2020-08-01 MY (UTC+08:00)","2020-08-31 MY (UTC+08:00)","86","157","1,000.00","1,680.00","-","-","10/Aug/2020 MY (UTC+08:00)","01:36 MY (UTC+08:00)","GENTING MALAYSIA BERHAD","514011468149","48,116.52","-","011 - System","BTCH6587","1435","XFRDR - FUND TRANSFER DEBIT","23,208.46","","-","","","","-"
"514356803557","Current Account","GENTING GOLF COURSE BERHAD","MYR","2020-08-01 MY (UTC+08:00)","2020-08-31 MY (UTC+08:00)","86","157","1,000.00","1,680.00","-","-","10/Aug/2020 MY (UTC+08:00)","02:13 MY (UTC+08:00)","DR/CARD SALES M/N 4009726 DATED 09082020","","-","1,080.00","006 - Pos","CBSX408R","2977","8300 - CREDIT ACCOUNT","24,288.46","","-","","","","-"
"514356803557","Current Account","GENTING GOLF COURSE BERHAD","MYR","2020-08-01 MY (UTC+08:00)","2020-08-31 MY (UTC+08:00)","86","157","1,000.00","1,680.00","-","-","10/Aug/2020 MY (UTC+08:00)","02:13 MY (UTC+08:00)","DR/CARD SALES M/N 4009726 DATED 09082020","","2.70","-","011 - System","CBSX408R","2981","BCHARGE - ELECTRONIC TRANSACTION CHARGES","24,285.76","","-","","","","-"
"514356803557","Current Account","GENTING GOLF COURSE BERHAD","MYR","2020-08-01 MY (UTC+08:00)","2020-08-31 MY (UTC+08:00)","86","157","1,000.00","1,680.00","-","-","10/Aug/2020 MY (UTC+08:00)","02:15 MY (UTC+08:00)","DR/CARD SALES M/N 4009726 DATED 09082020","","-","500.00","006 - Pos","CBSX408R","3121","8300 - CREDIT ACCOUNT","24,785.76","","-","","","","-"
"514356803557","Current Account","GENTING GOLF COURSE BERHAD","MYR","2020-08-01 MY (UTC+08:00)","2020-08-31 MY (UTC+08:00)","86","157","1,000.00","1,680.00","-","-","10/Aug/2020 MY (UTC+08:00)","02:15 MY (UTC+08:00)","DR/CARD SALES M/N 4009726 DATED 09082020","","1.25","-","011 - System","CBSX408R","2981","BCHARGE - ELECTRONIC TRANSACTION CHARGES","24,784.51","","-","","","","-"
"514356803557","Current Account","GENTING GOLF COURSE BERHAD","MYR","2020-08-01 MY (UTC+08:00)","2020-08-31 MY (UTC+08:00)","86","157","1,000.00","1,680.00","-","-","10/Aug/2020 MY (UTC+08:00)","05:20 MY (UTC+08:00)","9870200003 CR/CARD SALES  DATED 10082020","00031008","-","447.49","011 - System","CBSX4498","3104","2210 - CARDS CREDIT","25,232.00","","-","","","","-"
"514356803557","Current Account","GENTING GOLF COURSE BERHAD","MYR","2020-08-01 MY (UTC+08:00)","2020-08-31 MY (UTC+08:00)","86","157","1,000.00","1,680.00","-","-","11/Aug/2020 MY (UTC+08:00)","08:32 MY (UTC+08:00)","CR/CARD SALES M/N 4009726 DATED 10082020","97261008","-","1,518.93","011 - System","CBSX4498","2719","2981 - MERCHANT CREDIT CARD SALES","26,750.93","","-","","","","-"
"514356803557","Current Account","GENTING GOLF COURSE BERHAD","MYR","2020-08-01 MY (UTC+08:00)","2020-08-31 MY (UTC+08:00)","86","157","1,000.00","1,680.00","-","-","11/Aug/2020 MY (UTC+08:00)","10:58 MY (UTC+08:00)","AGSSG-ROOM","G 4401849","-","1,790.00","003 - ATM","948PHONE","2988","7610 - TRANSFER TO A/C","28,540.93","","-","AGSSG LINKS SDN BHD*","TRANSFER TO A/C","","-"
"514356803557","Current Account","GENTING GOLF COURSE BERHAD","MYR","2020-08-01 MY (UTC+08:00)","2020-08-31 MY (UTC+08:00)","86","157","1,000.00","1,680.00","-","-","11/Aug/2020 MY (UTC+08:00)","21:53 MY (UTC+08:00)","MIT PYMT","mit pymt","-","17,739.00","011 - System","CBSX406C","2601","7991 - INTER-BANK PAYMENT INTO A/C","46,279.93","","-","MIT INSURANCE BROKE","INTER-BANK PAYMENT INTO A/C","","-"
"514356803557","Current Account","GENTING GOLF COURSE BERHAD","MYR","2020-08-01 MY (UTC+08:00)","2020-08-31 MY (UTC+08:00)","86","157","1,000.00","1,680.00","-","-","11/Aug/2020 MY (UTC+08:00)","01:32 MY (UTC+08:00)","XFR DEBIT SVC CHARGE","","2.00","-","011 - System","BTCH6587","1435","XFRDRSVC - SERVICE CHARGE","46,277.93","","-","","","","-"
"514356803557","Current Account","GENTING GOLF COURSE BERHAD","MYR","2020-08-01 MY (UTC+08:00)","2020-08-31 MY (UTC+08:00)","86","157","1,000.00","1,680.00","-","-","11/Aug/2020 MY (UTC+08:00)","01:32 MY (UTC+08:00)","GENTING MALAYSIA BERHAD","514011468149","45,819.25","-","011 - System","BTCH6587","1435","XFRDR - FUND TRANSFER DEBIT","458.68","","-","","","","-"
"514356803557","Current Account","GENTING GOLF COURSE BERHAD","MYR","2020-08-01 MY (UTC+08:00)","2020-08-31 MY (UTC+08:00)","86","157","1,000.00","1,680.00","-","-","11/Aug/2020 MY (UTC+08:00)","05:36 MY (UTC+08:00)","9870200003 CR/CARD SALES  DATED 11082020","00031108","-","541.32","011 - System","CBSX4498","3104","2210 - CARDS CREDIT","1,000.00","","-","","","","-"
"514356803557","Current Account","GENTING GOLF COURSE BERHAD","MYR","2020-08-01 MY (UTC+08:00)","2020-08-31 MY (UTC+08:00)","86","157","1,000.00","1,680.00","-","-","12/Aug/2020 MY (UTC+08:00)","08:32 MY (UTC+08:00)","CR/CARD SALES M/N 4009726 DATED 11082020","97261108","-","4,835.35","011 - System","CBSX4498","2719","2981 - MERCHANT CREDIT CARD SALES","5,835.35","","-","","","","-"
"514356803557","Current Account","GENTING GOLF COURSE BERHAD","MYR","2020-08-01 MY (UTC+08:00)","2020-08-31 MY (UTC+08:00)","86","157","1,000.00","1,680.00","-","-","12/Aug/2020 MY (UTC+08:00)","11:12 MY (UTC+08:00)","AGSSG-ROOM","G 4424923","-","716.00","003 - ATM","984PHONE","2988","7610 - TRANSFER TO A/C","6,551.35","","-","AGSSG LINKS SDN BHD*","TRANSFER TO A/C","","-"
"514356803557","Current Account","GENTING GOLF COURSE BERHAD","MYR","2020-08-01 MY (UTC+08:00)","2020-08-31 MY (UTC+08:00)","86","157","1,000.00","1,680.00","-","-","12/Aug/2020 MY (UTC+08:00)","13:08 MY (UTC+08:00)","PAY&PLAY","AGSSGLINKS","-","280.00","003 - ATM","949PHONE","2988","7610 - TRANSFER TO A/C","6,831.35","","-","WONG KUI LENG      *","TRANSFER TO A/C","","-"
"514356803557","Current Account","GENTING GOLF COURSE BERHAD","MYR","2020-08-01 MY (UTC+08:00)","2020-08-31 MY (UTC+08:00)","86","157","1,000.00","1,680.00","-","-","12/Aug/2020 MY (UTC+08:00)","16:41 MY (UTC+08:00)","G 4414487","AGSSGLINKS","-","370.00","003 - ATM","979PHONE","2988","7610 - TRANSFER TO A/C","7,201.35","","-","AGSSG LINKS SDN BHD*","TRANSFER TO A/C","","-"
"514356803557","Current Account","GENTING GOLF COURSE BERHAD","MYR","2020-08-01 MY (UTC+08:00)","2020-08-31 MY (UTC+08:00)","86","157","1,000.00","1,680.00","-","-","12/Aug/2020 MY (UTC+08:00)","16:42 MY (UTC+08:00)","G 4410235","AGSSGLINKS","-","370.00","003 - ATM","989PHONE","2988","7610 - TRANSFER TO A/C","7,571.35","","-","AGSSG LINKS SDN BHD*","TRANSFER TO A/C","","-"
"514356803557","Current Account","GENTING GOLF COURSE BERHAD","MYR","2020-08-01 MY (UTC+08:00)","2020-08-31 MY (UTC+08:00)","86","157","1,000.00","1,680.00","-","-","12/Aug/2020 MY (UTC+08:00)","16:43 MY (UTC+08:00)","G 4406608","AGSSGLINKS","-","235.00","003 - ATM","937PHONE","2988","7610 - TRANSFER TO A/C","7,806.35","","-","AGSSG LINKS SDN BHD*","TRANSFER TO A/C","","-"
"514356803557","Current Account","GENTING GOLF COURSE BERHAD","MYR","2020-08-01 MY (UTC+08:00)","2020-08-31 MY (UTC+08:00)","86","157","1,000.00","1,680.00","-","-","12/Aug/2020 MY (UTC+08:00)","16:48 MY (UTC+08:00)","G 4406608","AGSSGLINKS","-","235.00","003 - ATM","933PHONE","2988","7610 - TRANSFER TO A/C","8,041.35","","-","AGSSG LINKS SDN BHD*","TRANSFER TO A/C","","-"
"514356803557","Current Account","GENTING GOLF COURSE BERHAD","MYR","2020-08-01 MY (UTC+08:00)","2020-08-31 MY (UTC+08:00)","86","157","1,000.00","1,680.00","-","-","12/Aug/2020 MY (UTC+08:00)","17:51 MY (UTC+08:00)","G4433194","AGSSGLINKS","-","322.00","003 - ATM","959PHONE","2988","7610 - TRANSFER TO A/C","8,363.35","","-","AGSSG LINKS SDN BHD*","TRANSFER TO A/C","","-"
"514356803557","Current Account","GENTING GOLF COURSE BERHAD","MYR","2020-08-01 MY (UTC+08:00)","2020-08-31 MY (UTC+08:00)","86","157","1,000.00","1,680.00","-","-","12/Aug/2020 MY (UTC+08:00)","01:35 MY (UTC+08:00)","GENTING MALAYSIA BERHAD","514011468149","7,880.05","-","011 - System","BTCH6587","1435","XFRDR - FUND TRANSFER DEBIT","483.30","","-","","","","-"
"514356803557","Current Account","GENTING GOLF COURSE BERHAD","MYR","2020-08-01 MY (UTC+08:00)","2020-08-31 MY (UTC+08:00)","86","157","1,000.00","1,680.00","-","-","12/Aug/2020 MY (UTC+08:00)","01:35 MY (UTC+08:00)","XFR DEBIT SVC CHARGE","","2.00","-","011 - System","BTCH6587","1435","XFRDRSVC - SERVICE CHARGE","481.30","","-","","","","-"
"514356803557","Current Account","GENTING GOLF COURSE BERHAD","MYR","2020-08-01 MY (UTC+08:00)","2020-08-31 MY (UTC+08:00)","86","157","1,000.00","1,680.00","-","-","12/Aug/2020 MY (UTC+08:00)","02:25 MY (UTC+08:00)","DR/CARD SALES M/N 4009726 DATED 11082020","","-","520.00","006 - Pos","CBSX408R","3121","8300 - CREDIT ACCOUNT","1,001.30","","-","","","","-"
"514356803557","Current Account","GENTING GOLF COURSE BERHAD","MYR","2020-08-01 MY (UTC+08:00)","2020-08-31 MY (UTC+08:00)","86","157","1,000.00","1,680.00","-","-","12/Aug/2020 MY (UTC+08:00)","02:26 MY (UTC+08:00)","DR/CARD SALES M/N 4009726 DATED 11082020","","1.30","-","011 - System","CBSX408R","2981","BCHARGE - ELECTRONIC TRANSACTION CHARGES","1,000.00","","-","","","","-"
"514356803557","Current Account","GENTING GOLF COURSE BERHAD","MYR","2020-08-01 MY (UTC+08:00)","2020-08-31 MY (UTC+08:00)","86","157","1,000.00","1,680.00","-","-","13/Aug/2020 MY (UTC+08:00)","08:31 MY (UTC+08:00)","CR/CARD SALES M/N 4009726 DATED 12082020","97261208","-","6,319.51","011 - System","CBSX4498","2719","2981 - MERCHANT CREDIT CARD SALES","7,319.51","","-","","","","-"
"514356803557","Current Account","GENTING GOLF COURSE BERHAD","MYR","2020-08-01 MY (UTC+08:00)","2020-08-31 MY (UTC+08:00)","86","157","1,000.00","1,680.00","-","-","13/Aug/2020 MY (UTC+08:00)","10:31 MY (UTC+08:00)","PAY&PLAY","AGSSGLINKS","-","140.00","003 - ATM","923PHONE","2988","7610 - TRANSFER TO A/C","7,459.51","","-","WONG KUI LENG      *","TRANSFER TO A/C","","-"
"514356803557","Current Account","GENTING GOLF COURSE BERHAD","MYR","2020-08-01 MY (UTC+08:00)","2020-08-31 MY (UTC+08:00)","86","157","1,000.00","1,680.00","-","-","13/Aug/2020 MY (UTC+08:00)","10:51 MY (UTC+08:00)","","MBB GREENTOWN","-","1,784.00","003 - ATM","916PHONE","2988","7610 - TRANSFER TO A/C","9,243.51","","-","GANESH AL SIVANASAR*","TRANSFER TO A/C","","-"
"514356803557","Current Account","GENTING GOLF COURSE BERHAD","MYR","2020-08-01 MY (UTC+08:00)","2020-08-31 MY (UTC+08:00)","86","157","1,000.00","1,680.00","-","-","13/Aug/2020 MY (UTC+08:00)","16:20 MY (UTC+08:00)","AGSSG - ROOM BOOKING","G4439315","-","200.00","003 - ATM","947PHONE","2988","7610 - TRANSFER TO A/C","9,443.51","","-","AGSSG LINKS SDN BHD*","TRANSFER TO A/C","","-"
"514356803557","Current Account","GENTING GOLF COURSE BERHAD","MYR","2020-08-01 MY (UTC+08:00)","2020-08-31 MY (UTC+08:00)","86","157","1,000.00","1,680.00","-","-","13/Aug/2020 MY (UTC+08:00)","16:20 MY (UTC+08:00)","AGSSG-ROOM BOOKING","G4414470","-","1,074.00","003 - ATM","957PHONE","2988","7610 - TRANSFER TO A/C","10,517.51","","-","AGSSG LINKS SDN BHD*","TRANSFER TO A/C","","-"
"514356803557","Current Account","GENTING GOLF COURSE BERHAD","MYR","2020-08-01 MY (UTC+08:00)","2020-08-31 MY (UTC+08:00)","86","157","1,000.00","1,680.00","-","-","13/Aug/2020 MY (UTC+08:00)","16:20 MY (UTC+08:00)","AGSSG-ROOM BOOKING","G4428337","-","358.00","003 - ATM","980PHONE","2988","7610 - TRANSFER TO A/C","10,875.51","","-","AGSSG LINKS SDN BHD*","TRANSFER TO A/C","","-"
"514356803557","Current Account","GENTING GOLF COURSE BERHAD","MYR","2020-08-01 MY (UTC+08:00)","2020-08-31 MY (UTC+08:00)","86","157","1,000.00","1,680.00","-","-","13/Aug/2020 MY (UTC+08:00)","01:26 MY (UTC+08:00)","XFR DEBIT SVC CHARGE","","2.00","-","011 - System","BTCH6587","1435","XFRDRSVC - SERVICE CHARGE","10,873.51","","-","","","","-"
"514356803557","Current Account","GENTING GOLF COURSE BERHAD","MYR","2020-08-01 MY (UTC+08:00)","2020-08-31 MY (UTC+08:00)","86","157","1,000.00","1,680.00","-","-","13/Aug/2020 MY (UTC+08:00)","01:26 MY (UTC+08:00)","GENTING MALAYSIA BERHAD","514011468149","9,962.02","-","011 - System","BTCH6587","1435","XFRDR - FUND TRANSFER DEBIT","911.49","","-","","","","-"
"514356803557","Current Account","GENTING GOLF COURSE BERHAD","MYR","2020-08-01 MY (UTC+08:00)","2020-08-31 MY (UTC+08:00)","86","157","1,000.00","1,680.00","-","-","13/Aug/2020 MY (UTC+08:00)","05:22 MY (UTC+08:00)","9870200003 CR/CARD SALES  DATED 13082020","00031308","-","88.51","011 - System","CBSX4498","3104","2210 - CARDS CREDIT","1,000.00","","-","","","","-"
"514356803557","Current Account","GENTING GOLF COURSE BERHAD","MYR","2020-08-01 MY (UTC+08:00)","2020-08-31 MY (UTC+08:00)","86","157","1,000.00","1,680.00","-","-","14/Aug/2020 MY (UTC+08:00)","08:32 MY (UTC+08:00)","CR/CARD SALES M/N 4009726 DATED 13082020","97261308","-","4,207.40","011 - System","CBSX4498","2719","2981 - MERCHANT CREDIT CARD SALES","5,207.40","","-","","","","-"
"514356803557","Current Account","GENTING GOLF COURSE BERHAD","MYR","2020-08-01 MY (UTC+08:00)","2020-08-31 MY (UTC+08:00)","86","157","1,000.00","1,680.00","-","-","14/Aug/2020 MY (UTC+08:00)","09:30 MY (UTC+08:00)","SEKSYEN PEMBAYARAN J","IBG PAYMENT","-","3,030.00","011 - System","CBSX406C","2601","7991 - INTER-BANK PAYMENT INTO A/C","8,237.40","","-","SEKSYEN PEMBAYAR","INTER-BANK PAYMENT INTO A/C","","-"
"514356803557","Current Account","GENTING GOLF COURSE BERHAD","MYR","2020-08-01 MY (UTC+08:00)","2020-08-31 MY (UTC+08:00)","86","157","1,000.00","1,680.00","-","-","14/Aug/2020 MY (UTC+08:00)","15:08 MY (UTC+08:00)","Invoice","Invoice","-","61,447.20","011 - System","CBSX4464","6408","2882 - PAYMENT CREDIT - APS/OTHERS","69,684.60","","-","FOUR G HOTEL SERVIC*","PAYMENT CREDIT - APS/OTHERS","","-"
"514356803557","Current Account","GENTING GOLF COURSE BERHAD","MYR","2020-08-01 MY (UTC+08:00)","2020-08-31 MY (UTC+08:00)","86","157","1,000.00","1,680.00","-","-","14/Aug/2020 MY (UTC+08:00)","22:50 MY (UTC+08:00)","Meeting Edotco MV","Q20255-M0Z1","-","1,958.00","003 - ATM","916PHONE","2988","7610 - TRANSFER TO A/C","71,642.60","","-","SHUHAIRI BIN ABDUL *","TRANSFER TO A/C","","-"
"514356803557","Current Account","GENTING GOLF COURSE BERHAD","MYR","2020-08-01 MY (UTC+08:00)","2020-08-31 MY (UTC+08:00)","86","157","1,000.00","1,680.00","-","-","14/Aug/2020 MY (UTC+08:00)","01:10 MY (UTC+08:00)","XFR DEBIT SVC CHARGE","","2.00","-","011 - System","BTCH6587","1435","XFRDRSVC - SERVICE CHARGE","71,640.60","","-","","","","-"
"514356803557","Current Account","GENTING GOLF COURSE BERHAD","MYR","2020-08-01 MY (UTC+08:00)","2020-08-31 MY (UTC+08:00)","86","157","1,000.00","1,680.00","-","-","14/Aug/2020 MY (UTC+08:00)","01:10 MY (UTC+08:00)","GENTING MALAYSIA BERHAD","514011468149","70,690.17","-","011 - System","BTCH6587","1435","XFRDR - FUND TRANSFER DEBIT","950.43","","-","","","","-"
"514356803557","Current Account","GENTING GOLF COURSE BERHAD","MYR","2020-08-01 MY (UTC+08:00)","2020-08-31 MY (UTC+08:00)","86","157","1,000.00","1,680.00","-","-","14/Aug/2020 MY (UTC+08:00)","05:26 MY (UTC+08:00)","9870200003 CR/CARD SALES  DATED 14082020","00031408","-","49.57","011 - System","CBSX4498","3104","2210 - CARDS CREDIT","1,000.00","","-","","","","-"
"514356803557","Current Account","GENTING GOLF COURSE BERHAD","MYR","2020-08-01 MY (UTC+08:00)","2020-08-31 MY (UTC+08:00)","86","157","1,000.00","1,680.00","-","-","15/Aug/2020 MY (UTC+08:00)","09:11 MY (UTC+08:00)","44423332/4442528","4442529  Awana","-","357.00","003 - ATM","932PHONE","2988","7610 - TRANSFER TO A/C","1,357.00","","-","MARDIEANNA BINTI AB*","TRANSFER TO A/C","","-"
"514356803557","Current Account","GENTING GOLF COURSE BERHAD","MYR","2020-08-01 MY (UTC+08:00)","2020-08-31 MY (UTC+08:00)","86","157","1,000.00","1,680.00","-","-","15/Aug/2020 MY (UTC+08:00)","09:13 MY (UTC+08:00)","4442546","Awana Hotel","-","119.00","003 - ATM","983PHONE","2988","7610 - TRANSFER TO A/C","1,476.00","","-","MARDIEANNA BINTI AB*","TRANSFER TO A/C","","-"
"514356803557","Current Account","GENTING GOLF COURSE BERHAD","MYR","2020-08-01 MY (UTC+08:00)","2020-08-31 MY (UTC+08:00)","86","157","1,000.00","1,680.00","-","-","15/Aug/2020 MY (UTC+08:00)","11:08 MY (UTC+08:00)","PAY&PLAY","AGSSGLINKS","-","1,400.00","003 - ATM","913PHONE","2988","7610 - TRANSFER TO A/C","2,876.00","","-","AGSSG LINKS SDN BHD*","TRANSFER TO A/C","","-"
"514356803557","Current Account","GENTING GOLF COURSE BERHAD","MYR","2020-08-01 MY (UTC+08:00)","2020-08-31 MY (UTC+08:00)","86","157","1,000.00","1,680.00","-","-","15/Aug/2020 MY (UTC+08:00)","11:13 MY (UTC+08:00)","G4444355","AGSSGLINKS","-","1,110.00","003 - ATM","912PHONE","2988","7610 - TRANSFER TO A/C","3,986.00","","-","AGSSG LINKS SDN BHD*","TRANSFER TO A/C","","-"
"514356803557","Current Account","GENTING GOLF COURSE BERHAD","MYR","2020-08-01 MY (UTC+08:00)","2020-08-31 MY (UTC+08:00)","86","157","1,000.00","1,680.00","-","-","15/Aug/2020 MY (UTC+08:00)","11:16 MY (UTC+08:00)","G4444269","AGSSGLINKS","-","1,410.00","003 - ATM","941PHONE","2988","7610 - TRANSFER TO A/C","5,396.00","","-","AGSSG LINKS SDN BHD*","TRANSFER TO A/C","","-"
"514356803557","Current Account","GENTING GOLF COURSE BERHAD","MYR","2020-08-01 MY (UTC+08:00)","2020-08-31 MY (UTC+08:00)","86","157","1,000.00","1,680.00","-","-","15/Aug/2020 MY (UTC+08:00)","12:22 MY (UTC+08:00)","G4444375","AGSSGLINKS","-","157.00","003 - ATM","942PHONE","2988","7610 - TRANSFER TO A/C","5,553.00","","-","AGSSG LINKS SDN BHD*","TRANSFER TO A/C","","-"
"514356803557","Current Account","GENTING GOLF COURSE BERHAD","MYR","2020-08-01 MY (UTC+08:00)","2020-08-31 MY (UTC+08:00)","86","157","1,000.00","1,680.00","-","-","15/Aug/2020 MY (UTC+08:00)","13:19 MY (UTC+08:00)","G4414960","AGSSGLINKS","-","716.00","003 - ATM","922PHONE","2988","7610 - TRANSFER TO A/C","6,269.00","","-","AGSSG LINKS SDN BHD*","TRANSFER TO A/C","","-"
"514356803557","Current Account","GENTING GOLF COURSE BERHAD","MYR","2020-08-01 MY (UTC+08:00)","2020-08-31 MY (UTC+08:00)","86","157","1,000.00","1,680.00","-","-","15/Aug/2020 MY (UTC+08:00)","17:25 MY (UTC+08:00)","PAY AND PLAY","AGSSGLINKS","-","560.00","003 - ATM","993PHONE","2988","7610 - TRANSFER TO A/C","6,829.00","","-","WONG KUI LENG      *","TRANSFER TO A/C","","-"
"514356803557","Current Account","GENTING GOLF COURSE BERHAD","MYR","2020-08-01 MY (UTC+08:00)","2020-08-31 MY (UTC+08:00)","86","157","1,000.00","1,680.00","-","-","15/Aug/2020 MY (UTC+08:00)","01:19 MY (UTC+08:00)","XFR DEBIT SVC CHARGE","","2.00","-","011 - System","BTCH6587","1435","XFRDRSVC - SERVICE CHARGE","6,827.00","","-","","","","-"
"514356803557","Current Account","GENTING GOLF COURSE BERHAD","MYR","2020-08-01 MY (UTC+08:00)","2020-08-31 MY (UTC+08:00)","86","157","1,000.00","1,680.00","-","-","15/Aug/2020 MY (UTC+08:00)","01:19 MY (UTC+08:00)","GENTING MALAYSIA BERHAD","514011468149","5,986.60","-","011 - System","BTCH6587","1435","XFRDR - FUND TRANSFER DEBIT","840.40","","-","","","","-"
"514356803557","Current Account","GENTING GOLF COURSE BERHAD","MYR","2020-08-01 MY (UTC+08:00)","2020-08-31 MY (UTC+08:00)","86","157","1,000.00","1,680.00","-","-","15/Aug/2020 MY (UTC+08:00)","02:12 MY (UTC+08:00)","DR/CARD SALES M/N 4009726 DATED 14082020","","-","160.00","006 - Pos","CBSX408R","3121","8300 - CREDIT ACCOUNT","1,000.40","","-","","","","-"
"514356803557","Current Account","GENTING GOLF COURSE BERHAD","MYR","2020-08-01 MY (UTC+08:00)","2020-08-31 MY (UTC+08:00)","86","157","1,000.00","1,680.00","-","-","15/Aug/2020 MY (UTC+08:00)","02:13 MY (UTC+08:00)","DR/CARD SALES M/N 4009726 DATED 14082020","","0.40","-","011 - System","CBSX408R","2981","BCHARGE - ELECTRONIC TRANSACTION CHARGES","1,000.00","","-","","","","-"
"514356803557","Current Account","GENTING GOLF COURSE BERHAD","MYR","2020-08-01 MY (UTC+08:00)","2020-08-31 MY (UTC+08:00)","86","157","1,000.00","1,680.00","-","-","16/Aug/2020 MY (UTC+08:00)","01:20 MY (UTC+08:00)","XFR DEBIT SVC CHARGE","","2.00","-","011 - System","BTCH6587","1435","XFRDRSVC - SERVICE CHARGE","998.00","","-","","","","-"
"514356803557","Current Account","GENTING GOLF COURSE BERHAD","MYR","2020-08-01 MY (UTC+08:00)","2020-08-31 MY (UTC+08:00)","86","157","1,000.00","1,680.00","-","-","16/Aug/2020 MY (UTC+08:00)","01:20 MY (UTC+08:00)","GENTING MALAYSIA BERHAD","514011468149","476.80","-","011 - System","BTCH6587","1435","XFRDR - FUND TRANSFER DEBIT","521.20","","-","","","","-"
"514356803557","Current Account","GENTING GOLF COURSE BERHAD","MYR","2020-08-01 MY (UTC+08:00)","2020-08-31 MY (UTC+08:00)","86","157","1,000.00","1,680.00","-","-","16/Aug/2020 MY (UTC+08:00)","02:05 MY (UTC+08:00)","DR/CARD SALES M/N 4009726 DATED 15082020","","-","480.00","006 - Pos","CBSX408R","2977","8300 - CREDIT ACCOUNT","1,001.20","","-","","","","-"
"514356803557","Current Account","GENTING GOLF COURSE BERHAD","MYR","2020-08-01 MY (UTC+08:00)","2020-08-31 MY (UTC+08:00)","86","157","1,000.00","1,680.00","-","-","16/Aug/2020 MY (UTC+08:00)","02:06 MY (UTC+08:00)","DR/CARD SALES M/N 4009726 DATED 15082020","","1.20","-","011 - System","CBSX408R","2981","BCHARGE - ELECTRONIC TRANSACTION CHARGES","1,000.00","","-","","","","-"
"514356803557","Current Account","GENTING GOLF COURSE BERHAD","MYR","2020-08-01 MY (UTC+08:00)","2020-08-31 MY (UTC+08:00)","86","157","1,000.00","1,680.00","-","-","17/Aug/2020 MY (UTC+08:00)","08:34 MY (UTC+08:00)","CR/CARD SALES M/N 4009726 DATED 14082020","97261408","-","7,003.09","011 - System","CBSX4498","2719","2981 - MERCHANT CREDIT CARD SALES","8,003.09","","-","","","","-"
"514356803557","Current Account","GENTING GOLF COURSE BERHAD","MYR","2020-08-01 MY (UTC+08:00)","2020-08-31 MY (UTC+08:00)","86","157","1,000.00","1,680.00","-","-","17/Aug/2020 MY (UTC+08:00)","08:34 MY (UTC+08:00)","CR/CARD SALES M/N 4009726 DATED 15082020","97261508","-","14,542.62","011 - System","CBSX4498","2719","2981 - MERCHANT CREDIT CARD SALES","22,545.71","","-","","","","-"
"514356803557","Current Account","GENTING GOLF COURSE BERHAD","MYR","2020-08-01 MY (UTC+08:00)","2020-08-31 MY (UTC+08:00)","86","157","1,000.00","1,680.00","-","-","17/Aug/2020 MY (UTC+08:00)","08:34 MY (UTC+08:00)","CR/CARD SALES M/N 4009726 DATED 16082020","97261608","-","4,419.66","011 - System","CBSX4498","2719","2981 - MERCHANT CREDIT CARD SALES","26,965.37","","-","","","","-"
"514356803557","Current Account","GENTING GOLF COURSE BERHAD","MYR","2020-08-01 MY (UTC+08:00)","2020-08-31 MY (UTC+08:00)","86","157","1,000.00","1,680.00","-","-","17/Aug/2020 MY (UTC+08:00)","11:35 MY (UTC+08:00)","AGM on 27/8/20","Payment","-","500.00","003 - ATM","958PHONE","2988","7610 - TRANSFER TO A/C","27,465.37","","-","KESAVAN A/L SUBRAMA*","TRANSFER TO A/C","","-"
"514356803557","Current Account","GENTING GOLF COURSE BERHAD","MYR","2020-08-01 MY (UTC+08:00)","2020-08-31 MY (UTC+08:00)","86","157","1,000.00","1,680.00","-","-","17/Aug/2020 MY (UTC+08:00)","14:47 MY (UTC+08:00)","","Deposit mesy a","-","1,500.00","003 - ATM","904PHONE","2988","7610 - TRANSFER TO A/C","28,965.37","","-","MUQRIZ HIDAYAT BIN *","TRANSFER TO A/C","","-"
"514356803557","Current Account","GENTING GOLF COURSE BERHAD","MYR","2020-08-01 MY (UTC+08:00)","2020-08-31 MY (UTC+08:00)","86","157","1,000.00","1,680.00","-","-","17/Aug/2020 MY (UTC+08:00)","16:38 MY (UTC+08:00)","0","0","-","3,000.00","011 - System","CBSX8211","2802","8100 - CLEARING CHQ DEP","31,965.37","","-","","","","-"
"514356803557","Current Account","GENTING GOLF COURSE BERHAD","MYR","2020-08-01 MY (UTC+08:00)","2020-08-31 MY (UTC+08:00)","86","157","1,000.00","1,680.00","-","-","17/Aug/2020 MY (UTC+08:00)","01:31 MY (UTC+08:00)","XFR DEBIT SVC CHARGE","","2.00","-","011 - System","BTCH6587","1435","XFRDRSVC - SERVICE CHARGE","31,963.37","","-","","","","-"
"514356803557","Current Account","GENTING GOLF COURSE BERHAD","MYR","2020-08-01 MY (UTC+08:00)","2020-08-31 MY (UTC+08:00)","86","157","1,000.00","1,680.00","-","-","17/Aug/2020 MY (UTC+08:00)","01:31 MY (UTC+08:00)","GENTING MALAYSIA BERHAD","514011468149","35,918.20","-","011 - System","BTCH6587","1435","XFRDR - FUND TRANSFER DEBIT","-3,954.83","","-","","","","-"
"514356803557","Current Account","GENTING GOLF COURSE BERHAD","MYR","2020-08-01 MY (UTC+08:00)","2020-08-31 MY (UTC+08:00)","86","157","1,000.00","1,680.00","-","-","17/Aug/2020 MY (UTC+08:00)","02:14 MY (UTC+08:00)","DR/CARD SALES M/N 4009726 DATED 16082020","","-","680.00","006 - Pos","CBSX408R","2977","8300 - CREDIT ACCOUNT","-3,274.83","","-","","","","-"
"514356803557","Current Account","GENTING GOLF COURSE BERHAD","MYR","2020-08-01 MY (UTC+08:00)","2020-08-31 MY (UTC+08:00)","86","157","1,000.00","1,680.00","-","-","17/Aug/2020 MY (UTC+08:00)","02:14 MY (UTC+08:00)","DR/CARD SALES M/N 4009726 DATED 16082020","","1.70","-","011 - System","CBSX408R","2981","BCHARGE - ELECTRONIC TRANSACTION CHARGES","-3,276.53","","-","","","","-"
"514356803557","Current Account","GENTING GOLF COURSE BERHAD","MYR","2020-08-01 MY (UTC+08:00)","2020-08-31 MY (UTC+08:00)","86","157","1,000.00","1,680.00","-","-","17/Aug/2020 MY (UTC+08:00)","05:13 MY (UTC+08:00)","9870200003 CR/CARD SALES  DATED 17082020","00031708","-","7,276.53","011 - System","CBSX4498","3104","2210 - CARDS CREDIT","4,000.00","","-","","","","-"
"514356803557","Current Account","GENTING GOLF COURSE BERHAD","MYR","2020-08-01 MY (UTC+08:00)","2020-08-31 MY (UTC+08:00)","86","157","1,000.00","1,680.00","-","-","18/Aug/2020 MY (UTC+08:00)","08:32 MY (UTC+08:00)","CR/CARD SALES M/N 4009726 DATED 17082020","97261708","-","4,742.14","011 - System","CBSX4498","2719","2981 - MERCHANT CREDIT CARD SALES","8,742.14","","-","","","","-"
"514356803557","Current Account","GENTING GOLF COURSE BERHAD","MYR","2020-08-01 MY (UTC+08:00)","2020-08-31 MY (UTC+08:00)","86","157","1,000.00","1,680.00","-","-","18/Aug/2020 MY (UTC+08:00)","11:39 MY (UTC+08:00)","AA100743","UMP PAYMENT","-","12,880.00","025 - Office","CBSX4618","7502","CCRBEN1 - CMS - CR PYMT MARS","21,622.14","","-","BENDAHARI UMP","CMS - CR PYMT MARS","","-"
"514356803557","Current Account","GENTING GOLF COURSE BERHAD","MYR","2020-08-01 MY (UTC+08:00)","2020-08-31 MY (UTC+08:00)","86","157","1,000.00","1,680.00","-","-","18/Aug/2020 MY (UTC+08:00)","01:33 MY (UTC+08:00)","XFR DEBIT SVC CHARGE","","2.00","-","011 - System","BTCH6587","1435","XFRDRSVC - SERVICE CHARGE","21,620.14","","-","","","","-"
"514356803557","Current Account","GENTING GOLF COURSE BERHAD","MYR","2020-08-01 MY (UTC+08:00)","2020-08-31 MY (UTC+08:00)","86","157","1,000.00","1,680.00","-","-","18/Aug/2020 MY (UTC+08:00)","01:33 MY (UTC+08:00)","GENTING MALAYSIA BERHAD","514011468149","22,776.79","-","011 - System","BTCH6587","1435","XFRDR - FUND TRANSFER DEBIT","-1,156.65","","-","","","","-"
"514356803557","Current Account","GENTING GOLF COURSE BERHAD","MYR","2020-08-01 MY (UTC+08:00)","2020-08-31 MY (UTC+08:00)","86","157","1,000.00","1,680.00","-","-","18/Aug/2020 MY (UTC+08:00)","02:23 MY (UTC+08:00)","DR/CARD SALES M/N 4009726 DATED 17082020","","-","320.00","006 - Pos","CBSX408R","2977","8300 - CREDIT ACCOUNT","-836.65","","-","","","","-"
"514356803557","Current Account","GENTING GOLF COURSE BERHAD","MYR","2020-08-01 MY (UTC+08:00)","2020-08-31 MY (UTC+08:00)","86","157","1,000.00","1,680.00","-","-","18/Aug/2020 MY (UTC+08:00)","02:24 MY (UTC+08:00)","DR/CARD SALES M/N 4009726 DATED 17082020","","0.80","-","011 - System","CBSX408R","2981","BCHARGE - ELECTRONIC TRANSACTION CHARGES","-837.45","","-","","","","-"
"514356803557","Current Account","GENTING GOLF COURSE BERHAD","MYR","2020-08-01 MY (UTC+08:00)","2020-08-31 MY (UTC+08:00)","86","157","1,000.00","1,680.00","-","-","18/Aug/2020 MY (UTC+08:00)","02:25 MY (UTC+08:00)","DR/CARD SALES M/N 4009726 DATED 17082020","","-","210.00","006 - Pos","CBSX408R","3121","8300 - CREDIT ACCOUNT","-627.45","","-","","","","-"
"514356803557","Current Account","GENTING GOLF COURSE BERHAD","MYR","2020-08-01 MY (UTC+08:00)","2020-08-31 MY (UTC+08:00)","86","157","1,000.00","1,680.00","-","-","18/Aug/2020 MY (UTC+08:00)","02:26 MY (UTC+08:00)","DR/CARD SALES M/N 4009726 DATED 17082020","","0.53","-","011 - System","CBSX408R","2981","BCHARGE - ELECTRONIC TRANSACTION CHARGES","-627.98","","-","","","","-"
"514356803557","Current Account","GENTING GOLF COURSE BERHAD","MYR","2020-08-01 MY (UTC+08:00)","2020-08-31 MY (UTC+08:00)","86","157","1,000.00","1,680.00","-","-","18/Aug/2020 MY (UTC+08:00)","05:17 MY (UTC+08:00)","9870200003 CR/CARD SALES  DATED 18082020","00031808","-","1,627.98","011 - System","CBSX4498","3104","2210 - CARDS CREDIT","1,000.00","","-","","","","-"
"514356803557","Current Account","GENTING GOLF COURSE BERHAD","MYR","2020-08-01 MY (UTC+08:00)","2020-08-31 MY (UTC+08:00)","86","157","1,000.00","1,680.00","-","-","19/Aug/2020 MY (UTC+08:00)","08:31 MY (UTC+08:00)","CR/CARD SALES M/N 4009726 DATED 18082020","97261808","-","4,638.72","011 - System","CBSX4498","2719","2981 - MERCHANT CREDIT CARD SALES","5,638.72","","-","","","","-"
"514356803557","Current Account","GENTING GOLF COURSE BERHAD","MYR","2020-08-01 MY (UTC+08:00)","2020-08-31 MY (UTC+08:00)","86","157","1,000.00","1,680.00","-","-","19/Aug/2020 MY (UTC+08:00)","09:30 MY (UTC+08:00)","Genting","EFTi158518082020","-","14,442.00","011 - System","CBSX406C","2601","7991 - INTER-BANK PAYMENT INTO A/C","20,080.72","","-","MALAYSIAN GREEN TEC","INTER-BANK PAYMENT INTO A/C","","-"
"514356803557","Current Account","GENTING GOLF COURSE BERHAD","MYR","2020-08-01 MY (UTC+08:00)","2020-08-31 MY (UTC+08:00)","86","157","1,000.00","1,680.00","-","-","19/Aug/2020 MY (UTC+08:00)","15:44 MY (UTC+08:00)","9 PAX - 20.08.2020","AGSSG LINKS","-","1,260.00","003 - ATM","935PHONE","2988","7610 - TRANSFER TO A/C","21,340.72","","-","AGSSG LINKS SDN BHD*","TRANSFER TO A/C","","-"
"514356803557","Current Account","GENTING GOLF COURSE BERHAD","MYR","2020-08-01 MY (UTC+08:00)","2020-08-31 MY (UTC+08:00)","86","157","1,000.00","1,680.00","-","-","19/Aug/2020 MY (UTC+08:00)","18:19 MY (UTC+08:00)","G4410224","AGSSGLINKS","-","229.00","003 - ATM","977PHONE","2988","7610 - TRANSFER TO A/C","21,569.72","","-","AGSSG LINKS SDN BHD*","TRANSFER TO A/C","","-"
"514356803557","Current Account","GENTING GOLF COURSE BERHAD","MYR","2020-08-01 MY (UTC+08:00)","2020-08-31 MY (UTC+08:00)","86","157","1,000.00","1,680.00","-","-","19/Aug/2020 MY (UTC+08:00)","18:19 MY (UTC+08:00)","G4357526","AGSSGLINKS","-","5,991.00","003 - ATM","924PHONE","2988","7610 - TRANSFER TO A/C","27,560.72","","-","AGSSG LINKS SDN BHD*","TRANSFER TO A/C","","-"
"514356803557","Current Account","GENTING GOLF COURSE BERHAD","MYR","2020-08-01 MY (UTC+08:00)","2020-08-31 MY (UTC+08:00)","86","157","1,000.00","1,680.00","-","-","19/Aug/2020 MY (UTC+08:00)","01:28 MY (UTC+08:00)","XFR DEBIT SVC CHARGE","","2.00","-","011 - System","BTCH6587","1435","XFRDRSVC - SERVICE CHARGE","27,558.72","","-","","","","-"
"514356803557","Current Account","GENTING GOLF COURSE BERHAD","MYR","2020-08-01 MY (UTC+08:00)","2020-08-31 MY (UTC+08:00)","86","157","1,000.00","1,680.00","-","-","19/Aug/2020 MY (UTC+08:00)","01:28 MY (UTC+08:00)","GENTING MALAYSIA BERHAD","514011468149","26,558.72","-","011 - System","BTCH6587","1435","XFRDR - FUND TRANSFER DEBIT","1,000.00","","-","","","","-"
"514356803557","Current Account","GENTING GOLF COURSE BERHAD","MYR","2020-08-01 MY (UTC+08:00)","2020-08-31 MY (UTC+08:00)","86","157","1,000.00","1,680.00","-","-","20/Aug/2020 MY (UTC+08:00)","11:29 MY (UTC+08:00)","24-25 ogos","Nurul izaida","-","2,682.00","003 - ATM","964PHONE","2988","7610 - TRANSFER TO A/C","3,682.00","","-","NURUL IZAIDA BINTI *","TRANSFER TO A/C","","-"
"514356803557","Current Account","GENTING GOLF COURSE BERHAD","MYR","2020-08-01 MY (UTC+08:00)","2020-08-31 MY (UTC+08:00)","86","157","1,000.00","1,680.00","-","-","20/Aug/2020 MY (UTC+08:00)","22:25 MY (UTC+08:00)","","Awana","-","597.00","003 - ATM","913PHONE","2988","7610 - TRANSFER TO A/C","4,279.00","","-","ASIAH HANIM BINTI M*","TRANSFER TO A/C","","-"
"514356803557","Current Account","GENTING GOLF COURSE BERHAD","MYR","2020-08-01 MY (UTC+08:00)","2020-08-31 MY (UTC+08:00)","86","157","1,000.00","1,680.00","-","-","20/Aug/2020 MY (UTC+08:00)","01:19 MY (UTC+08:00)","XFR DEBIT SVC CHARGE","","2.00","-","011 - System","BTCH6587","1435","XFRDRSVC - SERVICE CHARGE","4,277.00","","-","","","","-"
"514356803557","Current Account","GENTING GOLF COURSE BERHAD","MYR","2020-08-01 MY (UTC+08:00)","2020-08-31 MY (UTC+08:00)","86","157","1,000.00","1,680.00","-","-","20/Aug/2020 MY (UTC+08:00)","01:19 MY (UTC+08:00)","GENTING MALAYSIA BERHAD","514011468149","3,277.00","-","011 - System","BTCH6587","1435","XFRDR - FUND TRANSFER DEBIT","1,000.00","","-","","","","-"
"514356803557","Current Account","GENTING GOLF COURSE BERHAD","MYR","2020-08-01 MY (UTC+08:00)","2020-08-31 MY (UTC+08:00)","86","157","1,000.00","1,680.00","-","-","21/Aug/2020 MY (UTC+08:00)","08:33 MY (UTC+08:00)","CR/CARD SALES M/N 4009726 DATED 19082020","97261908","-","11,193.13","011 - System","CBSX4498","2719","2981 - MERCHANT CREDIT CARD SALES","12,193.13","","-","","","","-"
"514356803557","Current Account","GENTING GOLF COURSE BERHAD","MYR","2020-08-01 MY (UTC+08:00)","2020-08-31 MY (UTC+08:00)","86","157","1,000.00","1,680.00","-","-","21/Aug/2020 MY (UTC+08:00)","08:33 MY (UTC+08:00)","CR/CARD SALES M/N 4009726 DATED 20082020","97262008","-","8,454.64","011 - System","CBSX4498","2719","2981 - MERCHANT CREDIT CARD SALES","20,647.77","","-","","","","-"
"514356803557","Current Account","GENTING GOLF COURSE BERHAD","MYR","2020-08-01 MY (UTC+08:00)","2020-08-31 MY (UTC+08:00)","86","157","1,000.00","1,680.00","-","-","21/Aug/2020 MY (UTC+08:00)","11:41 MY (UTC+08:00)","G4467543","AGSSGLINKS","-","358.00","003 - ATM","971PHONE","2988","7610 - TRANSFER TO A/C","21,005.77","","-","AGSSG LINKS SDN BHD*","TRANSFER TO A/C","","-"
"514356803557","Current Account","GENTING GOLF COURSE BERHAD","MYR","2020-08-01 MY (UTC+08:00)","2020-08-31 MY (UTC+08:00)","86","157","1,000.00","1,680.00","-","-","21/Aug/2020 MY (UTC+08:00)","11:42 MY (UTC+08:00)","G4463551","AGSSGLINKS","-","716.00","003 - ATM","953PHONE","2988","7610 - TRANSFER TO A/C","21,721.77","","-","AGSSG LINKS SDN BHD*","TRANSFER TO A/C","","-"
"514356803557","Current Account","GENTING GOLF COURSE BERHAD","MYR","2020-08-01 MY (UTC+08:00)","2020-08-31 MY (UTC+08:00)","86","157","1,000.00","1,680.00","-","-","21/Aug/2020 MY (UTC+08:00)","15:25 MY (UTC+08:00)","Aug'20","Aug'20","-","2,147.70","011 - System","CBSX406C","2601","7991 - INTER-BANK PAYMENT INTO A/C","23,869.47","","-","NIPPON PAINT (MALAY","INTER-BANK PAYMENT INTO A/C","","-"
"514356803557","Current Account","GENTING GOLF COURSE BERHAD","MYR","2020-08-01 MY (UTC+08:00)","2020-08-31 MY (UTC+08:00)","86","157","1,000.00","1,680.00","-","-","21/Aug/2020 MY (UTC+08:00)","01:15 MY (UTC+08:00)","XFR DEBIT SVC CHARGE","","2.00","-","011 - System","BTCH6587","1435","XFRDRSVC - SERVICE CHARGE","23,867.47","","-","","","","-"
"514356803557","Current Account","GENTING GOLF COURSE BERHAD","MYR","2020-08-01 MY (UTC+08:00)","2020-08-31 MY (UTC+08:00)","86","157","1,000.00","1,680.00","-","-","21/Aug/2020 MY (UTC+08:00)","01:15 MY (UTC+08:00)","GENTING MALAYSIA BERHAD","514011468149","23,027.07","-","011 - System","BTCH6587","1435","XFRDR - FUND TRANSFER DEBIT","840.40","","-","","","","-"
"514356803557","Current Account","GENTING GOLF COURSE BERHAD","MYR","2020-08-01 MY (UTC+08:00)","2020-08-31 MY (UTC+08:00)","86","157","1,000.00","1,680.00","-","-","21/Aug/2020 MY (UTC+08:00)","02:07 MY (UTC+08:00)","DR/CARD SALES M/N 4009726 DATED 20082020","","-","160.00","006 - Pos","CBSX408R","2977","8300 - CREDIT ACCOUNT","1,000.40","","-","","","","-"
"514356803557","Current Account","GENTING GOLF COURSE BERHAD","MYR","2020-08-01 MY (UTC+08:00)","2020-08-31 MY (UTC+08:00)","86","157","1,000.00","1,680.00","-","-","21/Aug/2020 MY (UTC+08:00)","02:08 MY (UTC+08:00)","DR/CARD SALES M/N 4009726 DATED 20082020","","0.40","-","011 - System","CBSX408R","2981","BCHARGE - ELECTRONIC TRANSACTION CHARGES","1,000.00","","-","","","","-"
"514356803557","Current Account","GENTING GOLF COURSE BERHAD","MYR","2020-08-01 MY (UTC+08:00)","2020-08-31 MY (UTC+08:00)","86","157","1,000.00","1,680.00","-","-","22/Aug/2020 MY (UTC+08:00)","10:20 MY (UTC+08:00)","PAY & PLAY","AGSSGLINKS","-","840.00","003 - ATM","998PHONE","2988","7610 - TRANSFER TO A/C","1,840.00","","-","AGSSG LINKS SDN BHD*","TRANSFER TO A/C","","-"
"514356803557","Current Account","GENTING GOLF COURSE BERHAD","MYR","2020-08-01 MY (UTC+08:00)","2020-08-31 MY (UTC+08:00)","86","157","1,000.00","1,680.00","-","-","22/Aug/2020 MY (UTC+08:00)","01:25 MY (UTC+08:00)","XFR DEBIT SVC CHARGE","","2.00","-","011 - System","BTCH6587","1435","XFRDRSVC - SERVICE CHARGE","1,838.00","","-","","","","-"
"514356803557","Current Account","GENTING GOLF COURSE BERHAD","MYR","2020-08-01 MY (UTC+08:00)","2020-08-31 MY (UTC+08:00)","86","157","1,000.00","1,680.00","-","-","22/Aug/2020 MY (UTC+08:00)","01:25 MY (UTC+08:00)","GENTING MALAYSIA BERHAD","514011468149","917.80","-","011 - System","BTCH6587","1435","XFRDR - FUND TRANSFER DEBIT","920.20","","-","","","","-"
"514356803557","Current Account","GENTING GOLF COURSE BERHAD","MYR","2020-08-01 MY (UTC+08:00)","2020-08-31 MY (UTC+08:00)","86","157","1,000.00","1,680.00","-","-","22/Aug/2020 MY (UTC+08:00)","02:34 MY (UTC+08:00)","DR/CARD SALES M/N 4009726 DATED 21082020","","-","80.00","006 - Pos","CBSX408R","3121","8300 - CREDIT ACCOUNT","1,000.20","","-","","","","-"
"514356803557","Current Account","GENTING GOLF COURSE BERHAD","MYR","2020-08-01 MY (UTC+08:00)","2020-08-31 MY (UTC+08:00)","86","157","1,000.00","1,680.00","-","-","22/Aug/2020 MY (UTC+08:00)","02:35 MY (UTC+08:00)","DR/CARD SALES M/N 4009726 DATED 21082020","","0.20","-","011 - System","CBSX408R","2981","BCHARGE - ELECTRONIC TRANSACTION CHARGES","1,000.00","","-","","","","-"
"514356803557","Current Account","GENTING GOLF COURSE BERHAD","MYR","2020-08-01 MY (UTC+08:00)","2020-08-31 MY (UTC+08:00)","86","157","1,000.00","1,680.00","-","-","23/Aug/2020 MY (UTC+08:00)","22:20 MY (UTC+08:00)","","FUND TRANSFER","-","10,000.00","003 - ATM","000E76BA","2987","7610 - TRANSFER TO A/C","11,000.00","","-","MOHD YUSHAILE BIN YU","TRANSFER TO A/C","","-"
"514356803557","Current Account","GENTING GOLF COURSE BERHAD","MYR","2020-08-01 MY (UTC+08:00)","2020-08-31 MY (UTC+08:00)","86","157","1,000.00","1,680.00","-","-","23/Aug/2020 MY (UTC+08:00)","01:23 MY (UTC+08:00)","XFR DEBIT SVC CHARGE","","2.00","-","011 - System","BTCH6587","1435","XFRDRSVC - SERVICE CHARGE","10,998.00","","-","","","","-"
"514356803557","Current Account","GENTING GOLF COURSE BERHAD","MYR","2020-08-01 MY (UTC+08:00)","2020-08-31 MY (UTC+08:00)","86","157","1,000.00","1,680.00","-","-","23/Aug/2020 MY (UTC+08:00)","01:23 MY (UTC+08:00)","GENTING MALAYSIA BERHAD","514011468149","10,566.57","-","011 - System","BTCH6587","1435","XFRDR - FUND TRANSFER DEBIT","431.43","","-","","","","-"
"514356803557","Current Account","GENTING GOLF COURSE BERHAD","MYR","2020-08-01 MY (UTC+08:00)","2020-08-31 MY (UTC+08:00)","86","157","1,000.00","1,680.00","-","-","23/Aug/2020 MY (UTC+08:00)","02:12 MY (UTC+08:00)","DR/CARD SALES M/N 4009726 DATED 22082020","","-","170.00","006 - Pos","CBSX408R","2977","8300 - CREDIT ACCOUNT","601.43","","-","","","","-"
"514356803557","Current Account","GENTING GOLF COURSE BERHAD","MYR","2020-08-01 MY (UTC+08:00)","2020-08-31 MY (UTC+08:00)","86","157","1,000.00","1,680.00","-","-","23/Aug/2020 MY (UTC+08:00)","02:13 MY (UTC+08:00)","DR/CARD SALES M/N 4009726 DATED 22082020","","0.43","-","011 - System","CBSX408R","2981","BCHARGE - ELECTRONIC TRANSACTION CHARGES","601.00","","-","","","","-"
"514356803557","Current Account","GENTING GOLF COURSE BERHAD","MYR","2020-08-01 MY (UTC+08:00)","2020-08-31 MY (UTC+08:00)","86","157","1,000.00","1,680.00","-","-","23/Aug/2020 MY (UTC+08:00)","02:15 MY (UTC+08:00)","DR/CARD SALES M/N 4009726 DATED 22082020","","-","400.00","006 - Pos","CBSX408R","3121","8300 - CREDIT ACCOUNT","1,001.00","","-","","","","-"
"514356803557","Current Account","GENTING GOLF COURSE BERHAD","MYR","2020-08-01 MY (UTC+08:00)","2020-08-31 MY (UTC+08:00)","86","157","1,000.00","1,680.00","-","-","23/Aug/2020 MY (UTC+08:00)","02:16 MY (UTC+08:00)","DR/CARD SALES M/N 4009726 DATED 22082020","","1.00","-","011 - System","CBSX408R","2981","BCHARGE - ELECTRONIC TRANSACTION CHARGES","1,000.00","","-","","","","-"
"514356803557","Current Account","GENTING GOLF COURSE BERHAD","MYR","2020-08-01 MY (UTC+08:00)","2020-08-31 MY (UTC+08:00)","86","157","1,000.00","1,680.00","-","-","24/Aug/2020 MY (UTC+08:00)","08:33 MY (UTC+08:00)","CR/CARD SALES M/N 4009726 DATED 21082020","97262108","-","8,566.38","011 - System","CBSX4498","2719","2981 - MERCHANT CREDIT CARD SALES","9,566.38","","-","","","","-"
"514356803557","Current Account","GENTING GOLF COURSE BERHAD","MYR","2020-08-01 MY (UTC+08:00)","2020-08-31 MY (UTC+08:00)","86","157","1,000.00","1,680.00","-","-","24/Aug/2020 MY (UTC+08:00)","08:33 MY (UTC+08:00)","CR/CARD SALES M/N 4009726 DATED 22082020","97262208","-","10,806.03","011 - System","CBSX4498","2719","2981 - MERCHANT CREDIT CARD SALES","20,372.41","","-","","","","-"
"514356803557","Current Account","GENTING GOLF COURSE BERHAD","MYR","2020-08-01 MY (UTC+08:00)","2020-08-31 MY (UTC+08:00)","86","157","1,000.00","1,680.00","-","-","24/Aug/2020 MY (UTC+08:00)","08:33 MY (UTC+08:00)","CR/CARD SALES M/N 4009726 DATED 23082020","97262308","-","9,038.82","011 - System","CBSX4498","2719","2981 - MERCHANT CREDIT CARD SALES","29,411.23","","-","","","","-"
"514356803557","Current Account","GENTING GOLF COURSE BERHAD","MYR","2020-08-01 MY (UTC+08:00)","2020-08-31 MY (UTC+08:00)","86","157","1,000.00","1,680.00","-","-","24/Aug/2020 MY (UTC+08:00)","08:41 MY (UTC+08:00)","","FUND TRANSFER","-","9,382.00","003 - ATM","000EAC0A","2987","7610 - TRANSFER TO A/C","38,793.23","","-","MOHD YUSHAILE BIN YU","TRANSFER TO A/C","","-"
"514356803557","Current Account","GENTING GOLF COURSE BERHAD","MYR","2020-08-01 MY (UTC+08:00)","2020-08-31 MY (UTC+08:00)","86","157","1,000.00","1,680.00","-","-","24/Aug/2020 MY (UTC+08:00)","09:10 MY (UTC+08:00)","","6bilik paymnt","-","1,194.00","003 - ATM","930PHONE","2988","7610 - TRANSFER TO A/C","39,987.23","","-","MUMTAZ FARHANA BINT*","TRANSFER TO A/C","","-"
"514356803557","Current Account","GENTING GOLF COURSE BERHAD","MYR","2020-08-01 MY (UTC+08:00)","2020-08-31 MY (UTC+08:00)","86","157","1,000.00","1,680.00","-","-","24/Aug/2020 MY (UTC+08:00)","16:34 MY (UTC+08:00)","KIM BEOMSEOK X 8 PAX","AGSSG-25.08.20","-","1,120.00","003 - ATM","966PHONE","2988","7610 - TRANSFER TO A/C","41,107.23","","-","AGSSG LINKS SDN BHD*","TRANSFER TO A/C","","-"
"514356803557","Current Account","GENTING GOLF COURSE BERHAD","MYR","2020-08-01 MY (UTC+08:00)","2020-08-31 MY (UTC+08:00)","86","157","1,000.00","1,680.00","-","-","24/Aug/2020 MY (UTC+08:00)","01:28 MY (UTC+08:00)","XFR DEBIT SVC CHARGE","","2.00","-","011 - System","BTCH6587","1435","XFRDRSVC - SERVICE CHARGE","41,105.23","","-","","","","-"
"514356803557","Current Account","GENTING GOLF COURSE BERHAD","MYR","2020-08-01 MY (UTC+08:00)","2020-08-31 MY (UTC+08:00)","86","157","1,000.00","1,680.00","-","-","24/Aug/2020 MY (UTC+08:00)","01:28 MY (UTC+08:00)","GENTING MALAYSIA BERHAD","514011468149","41,730.07","-","011 - System","BTCH6587","1435","XFRDR - FUND TRANSFER DEBIT","-624.84","","-","","","","-"
"514356803557","Current Account","GENTING GOLF COURSE BERHAD","MYR","2020-08-01 MY (UTC+08:00)","2020-08-31 MY (UTC+08:00)","86","157","1,000.00","1,680.00","-","-","24/Aug/2020 MY (UTC+08:00)","05:16 MY (UTC+08:00)","9870200003 CR/CARD SALES  DATED 24082020","00032408","-","1,624.84","011 - System","CBSX4498","3104","2210 - CARDS CREDIT","1,000.00","","-","","","","-"
"514356803557","Current Account","GENTING GOLF COURSE BERHAD","MYR","2020-08-01 MY (UTC+08:00)","2020-08-31 MY (UTC+08:00)","86","157","1,000.00","1,680.00","-","-","25/Aug/2020 MY (UTC+08:00)","08:32 MY (UTC+08:00)","CR/CARD SALES M/N 4009726 DATED 24082020","97262408","-","2,617.24","011 - System","CBSX4498","2719","2981 - MERCHANT CREDIT CARD SALES","3,617.24","","-","","","","-"
"514356803557","Current Account","GENTING GOLF COURSE BERHAD","MYR","2020-08-01 MY (UTC+08:00)","2020-08-31 MY (UTC+08:00)","86","157","1,000.00","1,680.00","-","-","25/Aug/2020 MY (UTC+08:00)","16:06 MY (UTC+08:00)","G4414512","AGSSGLINKS","-","229.00","003 - ATM","906PHONE","2988","7610 - TRANSFER TO A/C","3,846.24","","-","AGSSG LINKS SDN BHD*","TRANSFER TO A/C","","-"
"514356803557","Current Account","GENTING GOLF COURSE BERHAD","MYR","2020-08-01 MY (UTC+08:00)","2020-08-31 MY (UTC+08:00)","86","157","1,000.00","1,680.00","-","-","25/Aug/2020 MY (UTC+08:00)","16:07 MY (UTC+08:00)","G4460010","AGSSGLINKS","-","716.00","003 - ATM","938PHONE","2988","7610 - TRANSFER TO A/C","4,562.24","","-","AGSSG LINKS SDN BHD*","TRANSFER TO A/C","","-"
"514356803557","Current Account","GENTING GOLF COURSE BERHAD","MYR","2020-08-01 MY (UTC+08:00)","2020-08-31 MY (UTC+08:00)","86","157","1,000.00","1,680.00","-","-","25/Aug/2020 MY (UTC+08:00)","16:07 MY (UTC+08:00)","G4428920","AGSSGLINKS","-","358.00","003 - ATM","918PHONE","2988","7610 - TRANSFER TO A/C","4,920.24","","-","AGSSG LINKS SDN BHD*","TRANSFER TO A/C","","-"
"514356803557","Current Account","GENTING GOLF COURSE BERHAD","MYR","2020-08-01 MY (UTC+08:00)","2020-08-31 MY (UTC+08:00)","86","157","1,000.00","1,680.00","-","-","25/Aug/2020 MY (UTC+08:00)","16:43 MY (UTC+08:00)","G4464696","AGSSGLINKS","-","716.00","003 - ATM","930PHONE","2988","7610 - TRANSFER TO A/C","5,636.24","","-","AGSSG LINKS SDN BHD*","TRANSFER TO A/C","","-"
"514356803557","Current Account","GENTING GOLF COURSE BERHAD","MYR","2020-08-01 MY (UTC+08:00)","2020-08-31 MY (UTC+08:00)","86","157","1,000.00","1,680.00","-","-","25/Aug/2020 MY (UTC+08:00)","16:44 MY (UTC+08:00)","G4483975","AGSSGLINKS","-","358.00","003 - ATM","988PHONE","2988","7610 - TRANSFER TO A/C","5,994.24","","-","AGSSG LINKS SDN BHD*","TRANSFER TO A/C","","-"
"514356803557","Current Account","GENTING GOLF COURSE BERHAD","MYR","2020-08-01 MY (UTC+08:00)","2020-08-31 MY (UTC+08:00)","86","157","1,000.00","1,680.00","-","-","25/Aug/2020 MY (UTC+08:00)","18:37 MY (UTC+08:00)","0","0","-","1,360.00","011 - System","CBSX8211","2802","8100 - CLEARING CHQ DEP","7,354.24","","-","","","","-"
"514356803557","Current Account","GENTING GOLF COURSE BERHAD","MYR","2020-08-01 MY (UTC+08:00)","2020-08-31 MY (UTC+08:00)","86","157","1,000.00","1,680.00","-","-","25/Aug/2020 MY (UTC+08:00)","01:34 MY (UTC+08:00)","XFR DEBIT SVC CHARGE","","2.00","-","011 - System","BTCH6587","1435","XFRDRSVC - SERVICE CHARGE","7,352.24","","-","","","","-"
"514356803557","Current Account","GENTING GOLF COURSE BERHAD","MYR","2020-08-01 MY (UTC+08:00)","2020-08-31 MY (UTC+08:00)","86","157","1,000.00","1,680.00","-","-","25/Aug/2020 MY (UTC+08:00)","01:34 MY (UTC+08:00)","GENTING MALAYSIA BERHAD","514011468149","6,985.21","-","011 - System","BTCH6587","1435","XFRDR - FUND TRANSFER DEBIT","367.03","","-","","","","-"
"514356803557","Current Account","GENTING GOLF COURSE BERHAD","MYR","2020-08-01 MY (UTC+08:00)","2020-08-31 MY (UTC+08:00)","86","157","1,000.00","1,680.00","-","-","25/Aug/2020 MY (UTC+08:00)","02:18 MY (UTC+08:00)","DR/CARD SALES M/N 4009726 DATED 24082020","","-","240.00","006 - Pos","CBSX408R","2977","8300 - CREDIT ACCOUNT","607.03","","-","","","","-"
"514356803557","Current Account","GENTING GOLF COURSE BERHAD","MYR","2020-08-01 MY (UTC+08:00)","2020-08-31 MY (UTC+08:00)","86","157","1,000.00","1,680.00","-","-","25/Aug/2020 MY (UTC+08:00)","02:19 MY (UTC+08:00)","DR/CARD SALES M/N 4009726 DATED 24082020","","0.60","-","011 - System","CBSX408R","2981","BCHARGE - ELECTRONIC TRANSACTION CHARGES","606.43","","-","","","","-"
"514356803557","Current Account","GENTING GOLF COURSE BERHAD","MYR","2020-08-01 MY (UTC+08:00)","2020-08-31 MY (UTC+08:00)","86","157","1,000.00","1,680.00","-","-","25/Aug/2020 MY (UTC+08:00)","05:33 MY (UTC+08:00)","9870200003 CR/CARD SALES  DATED 25082020","00032508","-","1,753.57","011 - System","CBSX4498","3104","2210 - CARDS CREDIT","2,360.00","","-","","","","-"
"514356803557","Current Account","GENTING GOLF COURSE BERHAD","MYR","2020-08-01 MY (UTC+08:00)","2020-08-31 MY (UTC+08:00)","86","157","1,000.00","1,680.00","-","-","26/Aug/2020 MY (UTC+08:00)","08:32 MY (UTC+08:00)","CR/CARD SALES M/N 4009726 DATED 25082020","97262508","-","2,157.14","011 - System","CBSX4498","2719","2981 - MERCHANT CREDIT CARD SALES","4,517.14","","-","","","","-"
"514356803557","Current Account","GENTING GOLF COURSE BERHAD","MYR","2020-08-01 MY (UTC+08:00)","2020-08-31 MY (UTC+08:00)","86","157","1,000.00","1,680.00","-","-","26/Aug/2020 MY (UTC+08:00)","10:46 MY (UTC+08:00)","","payment bilik","-","199.00","003 - ATM","948PHONE","2988","7610 - TRANSFER TO A/C","4,716.14","","-","MOHD FAIZAL BIN AB *","TRANSFER TO A/C","","-"
"514356803557","Current Account","GENTING GOLF COURSE BERHAD","MYR","2020-08-01 MY (UTC+08:00)","2020-08-31 MY (UTC+08:00)","86","157","1,000.00","1,680.00","-","-","26/Aug/2020 MY (UTC+08:00)","19:58 MY (UTC+08:00)","","Hotel mesy ago","-","3,516.00","003 - ATM","944PHONE","2988","7610 - TRANSFER TO A/C","8,232.14","","-","MUQRIZ HIDAYAT BIN *","TRANSFER TO A/C","","-"
"514356803557","Current Account","GENTING GOLF COURSE BERHAD","MYR","2020-08-01 MY (UTC+08:00)","2020-08-31 MY (UTC+08:00)","86","157","1,000.00","1,680.00","-","-","26/Aug/2020 MY (UTC+08:00)","01:35 MY (UTC+08:00)","XFR DEBIT SVC CHARGE","","2.00","-","011 - System","BTCH6587","1435","XFRDRSVC - SERVICE CHARGE","8,230.14","","-","","","","-"
"514356803557","Current Account","GENTING GOLF COURSE BERHAD","MYR","2020-08-01 MY (UTC+08:00)","2020-08-31 MY (UTC+08:00)","86","157","1,000.00","1,680.00","-","-","26/Aug/2020 MY (UTC+08:00)","01:35 MY (UTC+08:00)","GENTING MALAYSIA BERHAD","514011468149","7,435.00","-","011 - System","BTCH6587","1435","XFRDR - FUND TRANSFER DEBIT","795.14","","-","","","","-"
"514356803557","Current Account","GENTING GOLF COURSE BERHAD","MYR","2020-08-01 MY (UTC+08:00)","2020-08-31 MY (UTC+08:00)","86","157","1,000.00","1,680.00","-","-","26/Aug/2020 MY (UTC+08:00)","05:51 MY (UTC+08:00)","9870200003 CR/CARD SALES  DATED 26082020","00032608","-","204.86","011 - System","CBSX4498","3104","2210 - CARDS CREDIT","1,000.00","","-","","","","-"
"514356803557","Current Account","GENTING GOLF COURSE BERHAD","MYR","2020-08-01 MY (UTC+08:00)","2020-08-31 MY (UTC+08:00)","86","157","1,000.00","1,680.00","-","-","27/Aug/2020 MY (UTC+08:00)","08:32 MY (UTC+08:00)","CR/CARD SALES M/N 4009726 DATED 26082020","97262608","-","7,632.90","011 - System","CBSX4498","2719","2981 - MERCHANT CREDIT CARD SALES","8,632.90","","-","","","","-"
"514356803557","Current Account","GENTING GOLF COURSE BERHAD","MYR","2020-08-01 MY (UTC+08:00)","2020-08-31 MY (UTC+08:00)","86","157","1,000.00","1,680.00","-","-","27/Aug/2020 MY (UTC+08:00)","12:21 MY (UTC+08:00)","G4454571","AGSSGLINKS","-","2,506.00","003 - ATM","904PHONE","2988","7610 - TRANSFER TO A/C","11,138.90","","-","AGSSG LINKS SDN BHD*","TRANSFER TO A/C","","-"
"514356803557","Current Account","GENTING GOLF COURSE BERHAD","MYR","2020-08-01 MY (UTC+08:00)","2020-08-31 MY (UTC+08:00)","86","157","1,000.00","1,680.00","-","-","27/Aug/2020 MY (UTC+08:00)","20:12 MY (UTC+08:00)","AA100774","AA100774","-","3,736.00","011 - System","CBSX4464","6408","2882 - PAYMENT CREDIT - APS/OTHERS","14,874.90","","-","FOUR G HOTEL SERVIC*","PAYMENT CREDIT - APS/OTHERS","","-"
"514356803557","Current Account","GENTING GOLF COURSE BERHAD","MYR","2020-08-01 MY (UTC+08:00)","2020-08-31 MY (UTC+08:00)","86","157","1,000.00","1,680.00","-","-","27/Aug/2020 MY (UTC+08:00)","21:54 MY (UTC+08:00)","Interbank GIRO","70821","-","759.00","011 - System","CBSX406C","2601","7991 - INTER-BANK PAYMENT INTO A/C","15,633.90","","-","PANTAI PREMIER PATH","INTER-BANK PAYMENT INTO A/C","","-"
"514356803557","Current Account","GENTING GOLF COURSE BERHAD","MYR","2020-08-01 MY (UTC+08:00)","2020-08-31 MY (UTC+08:00)","86","157","1,000.00","1,680.00","-","-","27/Aug/2020 MY (UTC+08:00)","01:31 MY (UTC+08:00)","XFR DEBIT SVC CHARGE","","2.00","-","011 - System","BTCH6587","1435","XFRDRSVC - SERVICE CHARGE","15,631.90","","-","","","","-"
"514356803557","Current Account","GENTING GOLF COURSE BERHAD","MYR","2020-08-01 MY (UTC+08:00)","2020-08-31 MY (UTC+08:00)","86","157","1,000.00","1,680.00","-","-","27/Aug/2020 MY (UTC+08:00)","01:31 MY (UTC+08:00)","GENTING MALAYSIA BERHAD","514011468149","15,127.80","-","011 - System","BTCH6587","1435","XFRDR - FUND TRANSFER DEBIT","504.10","","-","","","","-"
"514356803557","Current Account","GENTING GOLF COURSE BERHAD","MYR","2020-08-01 MY (UTC+08:00)","2020-08-31 MY (UTC+08:00)","86","157","1,000.00","1,680.00","-","-","27/Aug/2020 MY (UTC+08:00)","02:27 MY (UTC+08:00)","DR/CARD SALES M/N 4009726 DATED 26082020","","-","240.00","006 - Pos","CBSX408R","3121","8300 - CREDIT ACCOUNT","744.10","","-","","","","-"
"514356803557","Current Account","GENTING GOLF COURSE BERHAD","MYR","2020-08-01 MY (UTC+08:00)","2020-08-31 MY (UTC+08:00)","86","157","1,000.00","1,680.00","-","-","27/Aug/2020 MY (UTC+08:00)","02:28 MY (UTC+08:00)","DR/CARD SALES M/N 4009726 DATED 26082020","","0.60","-","011 - System","CBSX408R","2981","BCHARGE - ELECTRONIC TRANSACTION CHARGES","743.50","","-","","","","-"
"514356803557","Current Account","GENTING GOLF COURSE BERHAD","MYR","2020-08-01 MY (UTC+08:00)","2020-08-31 MY (UTC+08:00)","86","157","1,000.00","1,680.00","-","-","27/Aug/2020 MY (UTC+08:00)","05:33 MY (UTC+08:00)","9870200003 CR/CARD SALES  DATED 27082020","00032708","-","256.50","011 - System","CBSX4498","3104","2210 - CARDS CREDIT","1,000.00","","-","","","","-"
"514356803557","Current Account","GENTING GOLF COURSE BERHAD","MYR","2020-08-01 MY (UTC+08:00)","2020-08-31 MY (UTC+08:00)","86","157","1,000.00","1,680.00","-","-","28/Aug/2020 MY (UTC+08:00)","08:32 MY (UTC+08:00)","CR/CARD SALES M/N 4009726 DATED 27082020","97262708","-","6,250.72","011 - System","CBSX4498","2719","2981 - MERCHANT CREDIT CARD SALES","7,250.72","","-","","","","-"
"514356803557","Current Account","GENTING GOLF COURSE BERHAD","MYR","2020-08-01 MY (UTC+08:00)","2020-08-31 MY (UTC+08:00)","86","157","1,000.00","1,680.00","-","-","28/Aug/2020 MY (UTC+08:00)","09:37 MY (UTC+08:00)","AGSSG LINKS SDN BHD","G4494981","-","358.00","003 - ATM","992PHONE","2988","7610 - TRANSFER TO A/C","7,608.72","","-","AGSSG LINKS SDN BHD*","TRANSFER TO A/C","","-"
"514356803557","Current Account","GENTING GOLF COURSE BERHAD","MYR","2020-08-01 MY (UTC+08:00)","2020-08-31 MY (UTC+08:00)","86","157","1,000.00","1,680.00","-","-","28/Aug/2020 MY (UTC+08:00)","09:38 MY (UTC+08:00)","AGSSG LINKS SDN BHD","G4410224","-","229.00","003 - ATM","933PHONE","2988","7610 - TRANSFER TO A/C","7,837.72","","-","AGSSG LINKS SDN BHD*","TRANSFER TO A/C","","-"
"514356803557","Current Account","GENTING GOLF COURSE BERHAD","MYR","2020-08-01 MY (UTC+08:00)","2020-08-31 MY (UTC+08:00)","86","157","1,000.00","1,680.00","-","-","28/Aug/2020 MY (UTC+08:00)","13:59 MY (UTC+08:00)","AGSSG- JIMMY LOH X 8","28.08.2020-FRI","-","1,120.00","003 - ATM","985PHONE","2988","7610 - TRANSFER TO A/C","8,957.72","","-","AGSSG LINKS SDN BHD*","TRANSFER TO A/C","","-"
"514356803557","Current Account","GENTING GOLF COURSE BERHAD","MYR","2020-08-01 MY (UTC+08:00)","2020-08-31 MY (UTC+08:00)","86","157","1,000.00","1,680.00","-","-","28/Aug/2020 MY (UTC+08:00)","15:35 MY (UTC+08:00)","MESY PEMBENTANGAN","A1471","-","4,621.00","011 - System","CBSX406C","2601","7991 - INTER-BANK PAYMENT INTO A/C","13,578.72","","-","MAJLIS DAERAH RAUB","INTER-BANK PAYMENT INTO A/C","","-"
"514356803557","Current Account","GENTING GOLF COURSE BERHAD","MYR","2020-08-01 MY (UTC+08:00)","2020-08-31 MY (UTC+08:00)","86","157","1,000.00","1,680.00","-","-","28/Aug/2020 MY (UTC+08:00)","19:51 MY (UTC+08:00)","0","0","-","680.00","011 - System","CBSX8211","2802","8100 - CLEARING CHQ DEP","14,258.72","","-","","","","-"
"514356803557","Current Account","GENTING GOLF COURSE BERHAD","MYR","2020-08-01 MY (UTC+08:00)","2020-08-31 MY (UTC+08:00)","86","157","1,000.00","1,680.00","-","-","28/Aug/2020 MY (UTC+08:00)","01:37 MY (UTC+08:00)","XFR DEBIT SVC CHARGE","","2.00","-","011 - System","BTCH6587","1435","XFRDRSVC - SERVICE CHARGE","14,256.72","","-","","","","-"
"514356803557","Current Account","GENTING GOLF COURSE BERHAD","MYR","2020-08-01 MY (UTC+08:00)","2020-08-31 MY (UTC+08:00)","86","157","1,000.00","1,680.00","-","-","28/Aug/2020 MY (UTC+08:00)","01:37 MY (UTC+08:00)","GENTING MALAYSIA BERHAD","514011468149","12,772.44","-","011 - System","BTCH6587","1435","XFRDR - FUND TRANSFER DEBIT","1,484.28","","-","","","","-"
"514356803557","Current Account","GENTING GOLF COURSE BERHAD","MYR","2020-08-01 MY (UTC+08:00)","2020-08-31 MY (UTC+08:00)","86","157","1,000.00","1,680.00","-","-","28/Aug/2020 MY (UTC+08:00)","05:34 MY (UTC+08:00)","9870200003 CR/CARD SALES  DATED 28082020","00032808","-","195.72","011 - System","CBSX4498","3104","2210 - CARDS CREDIT","1,680.00","","-","","","","-"
"514356803557","Current Account","GENTING GOLF COURSE BERHAD","MYR","2020-08-01 MY (UTC+08:00)","2020-08-31 MY (UTC+08:00)","86","157","1,000.00","1,680.00","-","-","29/Aug/2020 MY (UTC+08:00)","09:44 MY (UTC+08:00)","AGSSG-DANIEL X 8 PAX","29.08.2020-SAT","-","1,120.00","003 - ATM","950PHONE","2988","7610 - TRANSFER TO A/C","2,800.00","","-","AGSSG LINKS SDN BHD*","TRANSFER TO A/C","","-"
"514356803557","Current Account","GENTING GOLF COURSE BERHAD","MYR","2020-08-01 MY (UTC+08:00)","2020-08-31 MY (UTC+08:00)","86","157","1,000.00","1,680.00","-","-","29/Aug/2020 MY (UTC+08:00)","09:45 MY (UTC+08:00)","CHON YONG HO X 2 PAX","30.08.2020-SUN","-","280.00","003 - ATM","963PHONE","2988","7610 - TRANSFER TO A/C","3,080.00","","-","AGSSG LINKS SDN BHD*","TRANSFER TO A/C","","-"
"514356803557","Current Account","GENTING GOLF COURSE BERHAD","MYR","2020-08-01 MY (UTC+08:00)","2020-08-31 MY (UTC+08:00)","86","157","1,000.00","1,680.00","-","-","29/Aug/2020 MY (UTC+08:00)","01:30 MY (UTC+08:00)","XFR DEBIT SVC CHARGE","","2.00","-","011 - System","BTCH6587","1435","XFRDRSVC - SERVICE CHARGE","3,078.00","","-","","","","-"
"514356803557","Current Account","GENTING GOLF COURSE BERHAD","MYR","2020-08-01 MY (UTC+08:00)","2020-08-31 MY (UTC+08:00)","86","157","1,000.00","1,680.00","-","-","29/Aug/2020 MY (UTC+08:00)","01:30 MY (UTC+08:00)","GENTING MALAYSIA BERHAD","514011468149","3,866.81","-","011 - System","BTCH6587","1435","XFRDR - FUND TRANSFER DEBIT","-788.81","","-","","","","-"
"514356803557","Current Account","GENTING GOLF COURSE BERHAD","MYR","2020-08-01 MY (UTC+08:00)","2020-08-31 MY (UTC+08:00)","86","157","1,000.00","1,680.00","-","-","29/Aug/2020 MY (UTC+08:00)","02:29 MY (UTC+08:00)","DR/CARD SALES M/N 4009726 DATED 28082020","","-","1,530.00","006 - Pos","CBSX408R","2977","8300 - CREDIT ACCOUNT","741.19","","-","","","","-"
"514356803557","Current Account","GENTING GOLF COURSE BERHAD","MYR","2020-08-01 MY (UTC+08:00)","2020-08-31 MY (UTC+08:00)","86","157","1,000.00","1,680.00","-","-","29/Aug/2020 MY (UTC+08:00)","02:30 MY (UTC+08:00)","DR/CARD SALES M/N 4009726 DATED 28082020","","3.83","-","011 - System","CBSX408R","2981","BCHARGE - ELECTRONIC TRANSACTION CHARGES","737.36","","-","","","","-"
"514356803557","Current Account","GENTING GOLF COURSE BERHAD","MYR","2020-08-01 MY (UTC+08:00)","2020-08-31 MY (UTC+08:00)","86","157","1,000.00","1,680.00","-","-","29/Aug/2020 MY (UTC+08:00)","02:32 MY (UTC+08:00)","DR/CARD SALES M/N 4009726 DATED 28082020","","-","945.00","006 - Pos","CBSX408R","3121","8300 - CREDIT ACCOUNT","1,682.36","","-","","","","-"
"514356803557","Current Account","GENTING GOLF COURSE BERHAD","MYR","2020-08-01 MY (UTC+08:00)","2020-08-31 MY (UTC+08:00)","86","157","1,000.00","1,680.00","-","-","29/Aug/2020 MY (UTC+08:00)","02:33 MY (UTC+08:00)","DR/CARD SALES M/N 4009726 DATED 28082020","","2.36","-","011 - System","CBSX408R","2981","BCHARGE - ELECTRONIC TRANSACTION CHARGES","1,680.00","","-","","","","-"
"514356803557","Current Account","GENTING GOLF COURSE BERHAD","MYR","2020-08-01 MY (UTC+08:00)","2020-08-31 MY (UTC+08:00)","86","157","1,000.00","1,680.00","-","-","30/Aug/2020 MY (UTC+08:00)","01:26 MY (UTC+08:00)","XFR DEBIT SVC CHARGE","","2.00","-","011 - System","BTCH6587","1435","XFRDRSVC - SERVICE CHARGE","1,678.00","","-","","","","-"
"514356803557","Current Account","GENTING GOLF COURSE BERHAD","MYR","2020-08-01 MY (UTC+08:00)","2020-08-31 MY (UTC+08:00)","86","157","1,000.00","1,680.00","-","-","30/Aug/2020 MY (UTC+08:00)","01:26 MY (UTC+08:00)","GENTING MALAYSIA BERHAD","514011468149","511.71","-","011 - System","BTCH6587","1435","XFRDR - FUND TRANSFER DEBIT","1,166.29","","-","","","","-"
"514356803557","Current Account","GENTING GOLF COURSE BERHAD","MYR","2020-08-01 MY (UTC+08:00)","2020-08-31 MY (UTC+08:00)","86","157","1,000.00","1,680.00","-","-","30/Aug/2020 MY (UTC+08:00)","02:26 MY (UTC+08:00)","DR/CARD SALES M/N 4009726 DATED 29082020","","-","155.00","006 - Pos","CBSX408R","2977","8300 - CREDIT ACCOUNT","1,321.29","","-","","","","-"
"514356803557","Current Account","GENTING GOLF COURSE BERHAD","MYR","2020-08-01 MY (UTC+08:00)","2020-08-31 MY (UTC+08:00)","86","157","1,000.00","1,680.00","-","-","30/Aug/2020 MY (UTC+08:00)","02:27 MY (UTC+08:00)","DR/CARD SALES M/N 4009726 DATED 29082020","","0.39","-","011 - System","CBSX408R","2981","BCHARGE - ELECTRONIC TRANSACTION CHARGES","1,320.90","","-","","","","-"
"514356803557","Current Account","GENTING GOLF COURSE BERHAD","MYR","2020-08-01 MY (UTC+08:00)","2020-08-31 MY (UTC+08:00)","86","157","1,000.00","1,680.00","-","-","30/Aug/2020 MY (UTC+08:00)","02:28 MY (UTC+08:00)","DR/CARD SALES M/N 4009726 DATED 29082020","","-","360.00","006 - Pos","CBSX408R","3121","8300 - CREDIT ACCOUNT","1,680.90","","-","","","","-"
"514356803557","Current Account","GENTING GOLF COURSE BERHAD","MYR","2020-08-01 MY (UTC+08:00)","2020-08-31 MY (UTC+08:00)","86","157","1,000.00","1,680.00","-","-","30/Aug/2020 MY (UTC+08:00)","02:29 MY (UTC+08:00)","DR/CARD SALES M/N 4009726 DATED 29082020","","0.90","-","011 - System","CBSX408R","2981","BCHARGE - ELECTRONIC TRANSACTION CHARGES","1,680.00","","-","","","","-"
"514356803557","Current Account","GENTING GOLF COURSE BERHAD","MYR","2020-08-01 MY (UTC+08:00)","2020-08-31 MY (UTC+08:00)","86","157","1,000.00","1,680.00","-","-","31/Aug/2020 MY (UTC+08:00)","01:24 MY (UTC+08:00)","XFR DEBIT SVC CHARGE","","2.00","-","011 - System","BTCH6587","1435","XFRDRSVC - SERVICE CHARGE","1,678.00","","-","","","","-"
"514356803557","Current Account","GENTING GOLF COURSE BERHAD","MYR","2020-08-01 MY (UTC+08:00)","2020-08-31 MY (UTC+08:00)","86","157","1,000.00","1,680.00","-","-","31/Aug/2020 MY (UTC+08:00)","01:24 MY (UTC+08:00)","GENTING MALAYSIA BERHAD","514011468149","1,987.85","-","011 - System","BTCH6587","1435","XFRDR - FUND TRANSFER DEBIT","-309.85","","-","","","","-"
"514356803557","Current Account","GENTING GOLF COURSE BERHAD","MYR","2020-08-01 MY (UTC+08:00)","2020-08-31 MY (UTC+08:00)","86","157","1,000.00","1,680.00","-","-","31/Aug/2020 MY (UTC+08:00)","02:11 MY (UTC+08:00)","DR/CARD SALES M/N 4009726 DATED 30082020","","-","930.00","006 - Pos","CBSX408R","2977","8300 - CREDIT ACCOUNT","620.15","","-","","","","-"
"514356803557","Current Account","GENTING GOLF COURSE BERHAD","MYR","2020-08-01 MY (UTC+08:00)","2020-08-31 MY (UTC+08:00)","86","157","1,000.00","1,680.00","-","-","31/Aug/2020 MY (UTC+08:00)","02:12 MY (UTC+08:00)","DR/CARD SALES M/N 4009726 DATED 30082020","","2.33","-","011 - System","CBSX408R","2981","BCHARGE - ELECTRONIC TRANSACTION CHARGES","617.82","","-","","","","-"
"514356803557","Current Account","GENTING GOLF COURSE BERHAD","MYR","2020-08-01 MY (UTC+08:00)","2020-08-31 MY (UTC+08:00)","86","157","1,000.00","1,680.00","-","-","31/Aug/2020 MY (UTC+08:00)","05:47 MY (UTC+08:00)","9870200003 CR/CARD SALES  DATED 31082020","00033108","-","1,062.18","011 - System","CBSX4498","3104","2210 - CARDS CREDIT","1,680.00","","-","","","","-"
