﻿Account Number,Account Type,Account Name,Account Currency,Date From,Date To,Total Debit,Total Credit,Begin Balance,End Balance,Transaction Date,Transaction Time,Posting Date,Processing Time,Transaction Description,Transaction Ref,Debit,Credit,Source Code,Teller ID,Branch/Channel,Transaction Code,End Balance,Filler,Virtual Account,Transaction Description 2,Transaction Description 3,Transaction Description 4,Expiry Date
"514356700865","Current Account","GENTING MALAYSIA BERHAD","MYR","2020-08-05 MY (UTC+08:00)","2020-08-05 MY (UTC+08:00)","2","5","1,000.00","1,000.00","-","-","05/Aug/2020 MY (UTC+08:00)","14:26 MY (UTC+08:00)","","Genting","-","100.00","003 - ATM","956PHONE","2988","7610 - TRANSFER TO A/C","1,100.00","","-","LEE CHING KANG     *","TRANSFER TO A/C","","-"
"514356700865","Current Account","GENTING MALAYSIA BERHAD","MYR","2020-08-05 MY (UTC+08:00)","2020-08-05 MY (UTC+08:00)","2","5","1,000.00","1,000.00","-","-","05/Aug/2020 MY (UTC+08:00)","15:16 MY (UTC+08:00)","FIRST WORLD HOTEL -","4402026","-","100.00","003 - ATM","931PHONE","2988","7610 - TRANSFER TO A/C","1,200.00","","-","NORAINI BINTI MASRA*","TRANSFER TO A/C","","-"
"514356700865","Current Account","GENTING MALAYSIA BERHAD","MYR","2020-08-05 MY (UTC+08:00)","2020-08-05 MY (UTC+08:00)","2","5","1,000.00","1,000.00","-","-","05/Aug/2020 MY (UTC+08:00)","20:36 MY (UTC+08:00)","CDM CASH DEPOSIT","","-","400.00","003 - ATM","0002B19A","2630","7010 - CDM CASH DEPOSIT","1,600.00","","-","","","","-"
"514356700865","Current Account","GENTING MALAYSIA BERHAD","MYR","2020-08-05 MY (UTC+08:00)","2020-08-05 MY (UTC+08:00)","2","5","1,000.00","1,000.00","-","-","05/Aug/2020 MY (UTC+08:00)","00:13 MY (UTC+08:00)","BILL PYMT TO COLL.(IB)AHY","","-","160.00","011 - System","CBSX4763","2988","8301 - BILLS PAYMENT CREDIT","1,760.00","","-","","","","-"
"514356700865","Current Account","GENTING MALAYSIA BERHAD","MYR","2020-08-05 MY (UTC+08:00)","2020-08-05 MY (UTC+08:00)","2","5","1,000.00","1,000.00","-","-","05/Aug/2020 MY (UTC+08:00)","00:13 MY (UTC+08:00)","BILL PYMT TO COLL.(IB)511","","-","13,457.00","011 - System","CBSX4763","2988","8301 - BILLS PAYMENT CREDIT","15,217.00","","-","","","","-"
"514356700865","Current Account","GENTING MALAYSIA BERHAD","MYR","2020-08-05 MY (UTC+08:00)","2020-08-05 MY (UTC+08:00)","2","5","1,000.00","1,000.00","-","-","05/Aug/2020 MY (UTC+08:00)","01:35 MY (UTC+08:00)","XFR DEBIT SVC CHARGE","","2.00","-","011 - System","BTCH6587","1435","XFRDRSVC - SERVICE CHARGE","15,215.00","","-","","","","-"
"514356700865","Current Account","GENTING MALAYSIA BERHAD","MYR","2020-08-05 MY (UTC+08:00)","2020-08-05 MY (UTC+08:00)","2","5","1,000.00","1,000.00","-","-","05/Aug/2020 MY (UTC+08:00)","01:35 MY (UTC+08:00)","GENTING MALAYSIA BERHAD","514011468149","14,215.00","-","011 - System","BTCH6587","1435","XFRDR - FUND TRANSFER DEBIT","1,000.00","","-","","","","-"
