﻿Account Number,Account Type,Account Name,Account Currency,Date From,Date To,Total Debit,Total Credit,Begin Balance,End Balance,Transaction Date,Transaction Time,Posting Date,Processing Time,Transaction Description,Transaction Ref,Debit,Credit,Source Code,Teller ID,Branch/Channel,Transaction Code,End Balance,Filler,Virtual Account,Transaction Description 2,Transaction Description 3,Transaction Description 4,Expiry Date
"514356700865","Current Account","GENTING MALAYSIA BERHAD","MYR","2020-08-10 MY (UTC+08:00)","2020-08-10 MY (UTC+08:00)","2","6","1,000.00","1,000.00","-","-","10/Aug/2020 MY (UTC+08:00)","15:00 MY (UTC+08:00)","WONG TECK KEE","4424256","-","70.00","018 - Teller","000B0B1A","0135","7100 - CASH DEPOSIT","1,070.00","","-","","","","-"
"514356700865","Current Account","GENTING MALAYSIA BERHAD","MYR","2020-08-10 MY (UTC+08:00)","2020-08-10 MY (UTC+08:00)","2","6","1,000.00","1,000.00","-","-","10/Aug/2020 MY (UTC+08:00)","15:01 MY (UTC+08:00)","WONG TECK KEE","4424255","-","70.00","018 - Teller","000B0B1A","0135","7100 - CASH DEPOSIT","1,140.00","","-","","","","-"
"514356700865","Current Account","GENTING MALAYSIA BERHAD","MYR","2020-08-10 MY (UTC+08:00)","2020-08-10 MY (UTC+08:00)","2","6","1,000.00","1,000.00","-","-","10/Aug/2020 MY (UTC+08:00)","18:41 MY (UTC+08:00)","BEBK081008803919","Pay by 4424418","-","70.00","011 - System","CBSX406C","2601","7991 - INTER-BANK PAYMENT INTO A/C","1,210.00","","-","NEW KAI SAN","INTER-BANK PAYMENT INTO A/C","","-"
"514356700865","Current Account","GENTING MALAYSIA BERHAD","MYR","2020-08-10 MY (UTC+08:00)","2020-08-10 MY (UTC+08:00)","2","6","1,000.00","1,000.00","-","-","10/Aug/2020 MY (UTC+08:00)","18:41 MY (UTC+08:00)","BEBK081012073234","Pay by 4424419","-","70.00","011 - System","CBSX406C","2601","7991 - INTER-BANK PAYMENT INTO A/C","1,280.00","","-","NEW KAI SAN","INTER-BANK PAYMENT INTO A/C","","-"
"514356700865","Current Account","GENTING MALAYSIA BERHAD","MYR","2020-08-10 MY (UTC+08:00)","2020-08-10 MY (UTC+08:00)","2","6","1,000.00","1,000.00","-","-","10/Aug/2020 MY (UTC+08:00)","00:16 MY (UTC+08:00)","BILL PYMT TO COLL.(IB)ACV","","-","435.00","011 - System","CBSX4763","2988","8301 - BILLS PAYMENT CREDIT","1,715.00","","-","","","","-"
"514356700865","Current Account","GENTING MALAYSIA BERHAD","MYR","2020-08-10 MY (UTC+08:00)","2020-08-10 MY (UTC+08:00)","2","6","1,000.00","1,000.00","-","-","10/Aug/2020 MY (UTC+08:00)","00:16 MY (UTC+08:00)","BILL PYMT TO COLL.(IB)511","","-","9,181.00","011 - System","CBSX4763","2988","8301 - BILLS PAYMENT CREDIT","10,896.00","","-","","","","-"
"514356700865","Current Account","GENTING MALAYSIA BERHAD","MYR","2020-08-10 MY (UTC+08:00)","2020-08-10 MY (UTC+08:00)","2","6","1,000.00","1,000.00","-","-","10/Aug/2020 MY (UTC+08:00)","01:36 MY (UTC+08:00)","XFR DEBIT SVC CHARGE","","2.00","-","011 - System","BTCH6587","1435","XFRDRSVC - SERVICE CHARGE","10,894.00","","-","","","","-"
"514356700865","Current Account","GENTING MALAYSIA BERHAD","MYR","2020-08-10 MY (UTC+08:00)","2020-08-10 MY (UTC+08:00)","2","6","1,000.00","1,000.00","-","-","10/Aug/2020 MY (UTC+08:00)","01:36 MY (UTC+08:00)","GENTING MALAYSIA BERHAD","514011468149","9,894.00","-","011 - System","BTCH6587","1435","XFRDR - FUND TRANSFER DEBIT","1,000.00","","-","","","","-"
