﻿Account Number,Account Type,Account Name,Account Currency,Date From,Date To,Total Debit,Total Credit,Begin Balance,End Balance,Transaction Date,Transaction Time,Posting Date,Processing Time,Transaction Description,Transaction Ref,Debit,Credit,Source Code,Teller ID,Branch/Channel,Transaction Code,End Balance,Filler,Virtual Account,Transaction Description 2,Transaction Description 3,Transaction Description 4,Expiry Date
"514356700865","Current Account","GENTING MALAYSIA BERHAD","MYR","2020-08-14 MY (UTC+08:00)","2020-08-14 MY (UTC+08:00)","2","4","1,000.00","1,000.00","-","-","14/Aug/2020 MY (UTC+08:00)","07:54 MY (UTC+08:00)","","booking room","-","420.00","003 - ATM","961PHONE","2988","7610 - TRANSFER TO A/C","1,420.00","","-","GOH KENG AIK       *","TRANSFER TO A/C","","-"
"514356700865","Current Account","GENTING MALAYSIA BERHAD","MYR","2020-08-14 MY (UTC+08:00)","2020-08-14 MY (UTC+08:00)","2","4","1,000.00","1,000.00","-","-","14/Aug/2020 MY (UTC+08:00)","21:11 MY (UTC+08:00)","GP MEMBER : 00892862","BOOKING NO : 4","-","140.00","003 - ATM","985PHONE","2988","7610 - TRANSFER TO A/C","1,560.00","","-","SEOW CHIN SHUANG   *","TRANSFER TO A/C","","-"
"514356700865","Current Account","GENTING MALAYSIA BERHAD","MYR","2020-08-14 MY (UTC+08:00)","2020-08-14 MY (UTC+08:00)","2","4","1,000.00","1,000.00","-","-","14/Aug/2020 MY (UTC+08:00)","00:14 MY (UTC+08:00)","BILL PYMT TO COLL.(IB)ACV","","-","290.00","011 - System","CBSX4763","2988","8301 - BILLS PAYMENT CREDIT","1,850.00","","-","","","","-"
"514356700865","Current Account","GENTING MALAYSIA BERHAD","MYR","2020-08-14 MY (UTC+08:00)","2020-08-14 MY (UTC+08:00)","2","4","1,000.00","1,000.00","-","-","14/Aug/2020 MY (UTC+08:00)","00:14 MY (UTC+08:00)","BILL PYMT TO COLL.(IB)511","","-","12,821.00","011 - System","CBSX4763","2988","8301 - BILLS PAYMENT CREDIT","14,671.00","","-","","","","-"
"514356700865","Current Account","GENTING MALAYSIA BERHAD","MYR","2020-08-14 MY (UTC+08:00)","2020-08-14 MY (UTC+08:00)","2","4","1,000.00","1,000.00","-","-","14/Aug/2020 MY (UTC+08:00)","01:10 MY (UTC+08:00)","XFR DEBIT SVC CHARGE","","2.00","-","011 - System","BTCH6587","1435","XFRDRSVC - SERVICE CHARGE","14,669.00","","-","","","","-"
"514356700865","Current Account","GENTING MALAYSIA BERHAD","MYR","2020-08-14 MY (UTC+08:00)","2020-08-14 MY (UTC+08:00)","2","4","1,000.00","1,000.00","-","-","14/Aug/2020 MY (UTC+08:00)","01:10 MY (UTC+08:00)","GENTING MALAYSIA BERHAD","514011468149","13,669.00","-","011 - System","BTCH6587","1435","XFRDR - FUND TRANSFER DEBIT","1,000.00","","-","","","","-"
