﻿Account Number,Account Type,Account Name,Account Currency,Date From,Date To,Total Debit,Total Credit,Begin Balance,End Balance,Transaction Date,Transaction Time,Posting Date,Processing Time,Transaction Description,Transaction Ref,Debit,Credit,Source Code,Teller ID,Branch/Channel,Transaction Code,End Balance,Filler,Virtual Account,Transaction Description 2,Transaction Description 3,Transaction Description 4,Expiry Date
"514356700865","Current Account","GENTING MALAYSIA BERHAD","MYR","2020-08-18 MY (UTC+08:00)","2020-08-18 MY (UTC+08:00)","2","4","1,000.00","1,000.00","-","-","18/Aug/2020 MY (UTC+08:00)","09:52 MY (UTC+08:00)","AWANA 11 TO 14 NOV20","Member 127077411","-","2,493.00","011 - System","CBSX406C","2601","7991 - INTER-BANK PAYMENT INTO A/C","3,493.00","","-","ACCELVANTAGE ACADEM","INTER-BANK PAYMENT INTO A/C","","-"
"514356700865","Current Account","GENTING MALAYSIA BERHAD","MYR","2020-08-18 MY (UTC+08:00)","2020-08-18 MY (UTC+08:00)","2","4","1,000.00","1,000.00","-","-","18/Aug/2020 MY (UTC+08:00)","14:26 MY (UTC+08:00)","LEONG YEW CHOY","FWH4448800","-","70.00","018 - Teller","0000C81A","1997","7100 - CASH DEPOSIT","3,563.00","","-","","","","-"
"514356700865","Current Account","GENTING MALAYSIA BERHAD","MYR","2020-08-18 MY (UTC+08:00)","2020-08-18 MY (UTC+08:00)","2","4","1,000.00","1,000.00","-","-","18/Aug/2020 MY (UTC+08:00)","23:55 MY (UTC+08:00)","Genting 0091865225","Book # 4441943","-","693.00","003 - ATM","902PHONE","2988","7610 - TRANSFER TO A/C","4,256.00","","-","LIM PEI YEE        *","TRANSFER TO A/C","","-"
"514356700865","Current Account","GENTING MALAYSIA BERHAD","MYR","2020-08-18 MY (UTC+08:00)","2020-08-18 MY (UTC+08:00)","2","4","1,000.00","1,000.00","-","-","18/Aug/2020 MY (UTC+08:00)","00:13 MY (UTC+08:00)","BILL PYMT TO COLL.(IB)511","","-","14,482.00","011 - System","CBSX4763","2988","8301 - BILLS PAYMENT CREDIT","18,738.00","","-","","","","-"
"514356700865","Current Account","GENTING MALAYSIA BERHAD","MYR","2020-08-18 MY (UTC+08:00)","2020-08-18 MY (UTC+08:00)","2","4","1,000.00","1,000.00","-","-","18/Aug/2020 MY (UTC+08:00)","01:33 MY (UTC+08:00)","XFR DEBIT SVC CHARGE","","2.00","-","011 - System","BTCH6587","1435","XFRDRSVC - SERVICE CHARGE","18,736.00","","-","","","","-"
"514356700865","Current Account","GENTING MALAYSIA BERHAD","MYR","2020-08-18 MY (UTC+08:00)","2020-08-18 MY (UTC+08:00)","2","4","1,000.00","1,000.00","-","-","18/Aug/2020 MY (UTC+08:00)","01:33 MY (UTC+08:00)","GENTING MALAYSIA BERHAD","514011468149","17,736.00","-","011 - System","BTCH6587","1435","XFRDR - FUND TRANSFER DEBIT","1,000.00","","-","","","","-"
