﻿Account Number,Account Type,Account Name,Account Currency,Date From,Date To,Total Debit,Total Credit,Begin Balance,End Balance,Transaction Date,Transaction Time,Posting Date,Processing Time,Transaction Description,Transaction Ref,Debit,Credit,Source Code,Teller ID,Branch/Channel,Transaction Code,End Balance,Filler,Virtual Account,Transaction Description 2,Transaction Description 3,Transaction Description 4,Expiry Date
"514356700865","Current Account","GENTING MALAYSIA BERHAD","MYR","2020-08-19 MY (UTC+08:00)","2020-08-19 MY (UTC+08:00)","2","5","1,000.00","1,000.00","-","-","19/Aug/2020 MY (UTC+08:00)","11:34 MY (UTC+08:00)","SANTHA DEVI A/P M GOVINDASAMY","4443854","-","70.00","018 - Teller","000AE27A","1284","7100 - CASH DEPOSIT","1,070.00","","-","","","","-"
"514356700865","Current Account","GENTING MALAYSIA BERHAD","MYR","2020-08-19 MY (UTC+08:00)","2020-08-19 MY (UTC+08:00)","2","5","1,000.00","1,000.00","-","-","19/Aug/2020 MY (UTC+08:00)","11:35 MY (UTC+08:00)","ASITAMBI MUNIANDY","4443860","-","70.00","018 - Teller","000AE27A","1284","7100 - CASH DEPOSIT","1,140.00","","-","","","","-"
"514356700865","Current Account","GENTING MALAYSIA BERHAD","MYR","2020-08-19 MY (UTC+08:00)","2020-08-19 MY (UTC+08:00)","2","5","1,000.00","1,000.00","-","-","19/Aug/2020 MY (UTC+08:00)","17:26 MY (UTC+08:00)","","Genting Grand","-","567.00","003 - ATM","931PHONE","2988","7610 - TRANSFER TO A/C","1,707.00","","-","MICHEAL CHAN KHENG *","TRANSFER TO A/C","","-"
"514356700865","Current Account","GENTING MALAYSIA BERHAD","MYR","2020-08-19 MY (UTC+08:00)","2020-08-19 MY (UTC+08:00)","2","5","1,000.00","1,000.00","-","-","19/Aug/2020 MY (UTC+08:00)","00:13 MY (UTC+08:00)","BILL PYMT TO COLL.(IB)AHY","","-","350.00","011 - System","CBSX4763","2988","8301 - BILLS PAYMENT CREDIT","2,057.00","","-","","","","-"
"514356700865","Current Account","GENTING MALAYSIA BERHAD","MYR","2020-08-19 MY (UTC+08:00)","2020-08-19 MY (UTC+08:00)","2","5","1,000.00","1,000.00","-","-","19/Aug/2020 MY (UTC+08:00)","00:13 MY (UTC+08:00)","BILL PYMT TO COLL.(IB)511","","-","11,016.00","011 - System","CBSX4763","2988","8301 - BILLS PAYMENT CREDIT","13,073.00","","-","","","","-"
"514356700865","Current Account","GENTING MALAYSIA BERHAD","MYR","2020-08-19 MY (UTC+08:00)","2020-08-19 MY (UTC+08:00)","2","5","1,000.00","1,000.00","-","-","19/Aug/2020 MY (UTC+08:00)","01:28 MY (UTC+08:00)","GENTING MALAYSIA BERHAD","514011468149","12,071.00","-","011 - System","BTCH6587","1435","XFRDR - FUND TRANSFER DEBIT","1,002.00","","-","","","","-"
"514356700865","Current Account","GENTING MALAYSIA BERHAD","MYR","2020-08-19 MY (UTC+08:00)","2020-08-19 MY (UTC+08:00)","2","5","1,000.00","1,000.00","-","-","19/Aug/2020 MY (UTC+08:00)","01:28 MY (UTC+08:00)","XFR DEBIT SVC CHARGE","","2.00","-","011 - System","BTCH6587","1435","XFRDRSVC - SERVICE CHARGE","1,000.00","","-","","","","-"
