﻿Account Number,Account Type,Account Name,Account Currency,Date From,Date To,Total Debit,Total Credit,Begin Balance,End Balance,Transaction Date,Transaction Time,Posting Date,Processing Time,Transaction Description,Transaction Ref,Debit,Credit,Source Code,Teller ID,Branch/Channel,Transaction Code,End Balance,Filler,Virtual Account,Transaction Description 2,Transaction Description 3,Transaction Description 4,Expiry Date
"514356700865","Current Account","GENTING MALAYSIA BERHAD","MYR","2020-08-23 MY (UTC+08:00)","2020-08-23 MY (UTC+08:00)","2","2","1,000.00","1,000.00","-","-","23/Aug/2020 MY (UTC+08:00)","13:33 MY (UTC+08:00)","","Thx","-","220.00","003 - ATM","966PHONE","2988","7610 - TRANSFER TO A/C","1,220.00","","-","SAMUEL CHONG SONG A*","TRANSFER TO A/C","","-"
"514356700865","Current Account","GENTING MALAYSIA BERHAD","MYR","2020-08-23 MY (UTC+08:00)","2020-08-23 MY (UTC+08:00)","2","2","1,000.00","1,000.00","-","-","23/Aug/2020 MY (UTC+08:00)","00:12 MY (UTC+08:00)","BILL PYMT TO COLL.(IB)511","","-","70.00","011 - System","CBSX4763","2988","8301 - BILLS PAYMENT CREDIT","1,290.00","","-","","","","-"
"514356700865","Current Account","GENTING MALAYSIA BERHAD","MYR","2020-08-23 MY (UTC+08:00)","2020-08-23 MY (UTC+08:00)","2","2","1,000.00","1,000.00","-","-","23/Aug/2020 MY (UTC+08:00)","01:23 MY (UTC+08:00)","XFR DEBIT SVC CHARGE","","2.00","-","011 - System","BTCH6587","1435","XFRDRSVC - SERVICE CHARGE","1,288.00","","-","","","","-"
"514356700865","Current Account","GENTING MALAYSIA BERHAD","MYR","2020-08-23 MY (UTC+08:00)","2020-08-23 MY (UTC+08:00)","2","2","1,000.00","1,000.00","-","-","23/Aug/2020 MY (UTC+08:00)","01:23 MY (UTC+08:00)","GENTING MALAYSIA BERHAD","514011468149","288.00","-","011 - System","BTCH6587","1435","XFRDR - FUND TRANSFER DEBIT","1,000.00","","-","","","","-"
