﻿Account Number,Account Type,Account Name,Account Currency,Date From,Date To,Total Debit,Total Credit,Begin Balance,End Balance,Transaction Date,Transaction Time,Posting Date,Processing Time,Transaction Description,Transaction Ref,Debit,Credit,Source Code,Teller ID,Branch/Channel,Transaction Code,End Balance,Filler,Virtual Account,Transaction Description 2,Transaction Description 3,Transaction Description 4,Expiry Date
"514356700865","Current Account","GENTING MALAYSIA BERHAD","MYR","2020-08-26 MY (UTC+08:00)","2020-08-26 MY (UTC+08:00)","2","2","1,000.00","1,000.00","-","-","26/Aug/2020 MY (UTC+08:00)","09:36 MY (UTC+08:00)","BMBK082523352893","Pay By 4480300","-","110.00","011 - System","CBSX406C","2601","7991 - INTER-BANK PAYMENT INTO A/C","1,110.00","","-","NEW KAI SAN","INTER-BANK PAYMENT INTO A/C","","-"
"514356700865","Current Account","GENTING MALAYSIA BERHAD","MYR","2020-08-26 MY (UTC+08:00)","2020-08-26 MY (UTC+08:00)","2","2","1,000.00","1,000.00","-","-","26/Aug/2020 MY (UTC+08:00)","00:13 MY (UTC+08:00)","BILL PYMT TO COLL.(IB)ACV","","-","1,750.00","011 - System","CBSX4763","2988","8301 - BILLS PAYMENT CREDIT","2,860.00","","-","","","","-"
"514356700865","Current Account","GENTING MALAYSIA BERHAD","MYR","2020-08-26 MY (UTC+08:00)","2020-08-26 MY (UTC+08:00)","2","2","1,000.00","1,000.00","-","-","26/Aug/2020 MY (UTC+08:00)","01:35 MY (UTC+08:00)","XFR DEBIT SVC CHARGE","","2.00","-","011 - System","BTCH6587","1435","XFRDRSVC - SERVICE CHARGE","2,858.00","","-","","","","-"
"514356700865","Current Account","GENTING MALAYSIA BERHAD","MYR","2020-08-26 MY (UTC+08:00)","2020-08-26 MY (UTC+08:00)","2","2","1,000.00","1,000.00","-","-","26/Aug/2020 MY (UTC+08:00)","01:35 MY (UTC+08:00)","GENTING MALAYSIA BERHAD","514011468149","1,858.00","-","011 - System","BTCH6587","1435","XFRDR - FUND TRANSFER DEBIT","1,000.00","","-","","","","-"
