﻿Account Number,Account Type,Account Name,Account Currency,Date From,Date To,Total Debit,Total Credit,Begin Balance,End Balance,Transaction Date,Transaction Time,Posting Date,Processing Time,Transaction Description,Transaction Ref,Debit,Credit,Source Code,Teller ID,Branch/Channel,Transaction Code,End Balance,Filler,Virtual Account,Transaction Description 2,Transaction Description 3,Transaction Description 4,Expiry Date
"514356700865","Current Account","GENTING MALAYSIA BERHAD","MYR","2020-08-28 MY (UTC+08:00)","2020-08-28 MY (UTC+08:00)","2","4","1,000.00","1,000.00","-","-","28/Aug/2020 MY (UTC+08:00)","09:36 MY (UTC+08:00)","","payment","-","1,600.00","003 - ATM","985PHONE","2988","7610 - TRANSFER TO A/C","2,600.00","","-","KONG FEI SIANG     *","TRANSFER TO A/C","","-"
"514356700865","Current Account","GENTING MALAYSIA BERHAD","MYR","2020-08-28 MY (UTC+08:00)","2020-08-28 MY (UTC+08:00)","2","4","1,000.00","1,000.00","-","-","28/Aug/2020 MY (UTC+08:00)","10:40 MY (UTC+08:00)","","payment bn 449","-","1,600.00","003 - ATM","935PHONE","2988","7610 - TRANSFER TO A/C","4,200.00","","-","KONG FEI SIANG     *","TRANSFER TO A/C","","-"
"514356700865","Current Account","GENTING MALAYSIA BERHAD","MYR","2020-08-28 MY (UTC+08:00)","2020-08-28 MY (UTC+08:00)","2","4","1,000.00","1,000.00","-","-","28/Aug/2020 MY (UTC+08:00)","16:36 MY (UTC+08:00)","4498161","genting malays","-","110.00","003 - ATM","930PHONE","2988","7610 - TRANSFER TO A/C","4,310.00","","-","CHAN BOON HONG     *","TRANSFER TO A/C","","-"
"514356700865","Current Account","GENTING MALAYSIA BERHAD","MYR","2020-08-28 MY (UTC+08:00)","2020-08-28 MY (UTC+08:00)","2","4","1,000.00","1,000.00","-","-","28/Aug/2020 MY (UTC+08:00)","00:13 MY (UTC+08:00)","BILL PYMT TO COLL.(IB)ACV","","-","435.00","011 - System","CBSX4763","2988","8301 - BILLS PAYMENT CREDIT","4,745.00","","-","","","","-"
"514356700865","Current Account","GENTING MALAYSIA BERHAD","MYR","2020-08-28 MY (UTC+08:00)","2020-08-28 MY (UTC+08:00)","2","4","1,000.00","1,000.00","-","-","28/Aug/2020 MY (UTC+08:00)","01:37 MY (UTC+08:00)","XFR DEBIT SVC CHARGE","","2.00","-","011 - System","BTCH6587","1435","XFRDRSVC - SERVICE CHARGE","4,743.00","","-","","","","-"
"514356700865","Current Account","GENTING MALAYSIA BERHAD","MYR","2020-08-28 MY (UTC+08:00)","2020-08-28 MY (UTC+08:00)","2","4","1,000.00","1,000.00","-","-","28/Aug/2020 MY (UTC+08:00)","01:37 MY (UTC+08:00)","GENTING MALAYSIA BERHAD","514011468149","3,743.00","-","011 - System","BTCH6587","1435","XFRDR - FUND TRANSFER DEBIT","1,000.00","","-","","","","-"
