﻿Account Number,Account Type,Account Name,Account Currency,Date From,Date To,Total Debit,Total Credit,Begin Balance,End Balance,Transaction Date,Transaction Time,Posting Date,Processing Time,Transaction Description,Transaction Ref,Debit,Credit,Source Code,Teller ID,Branch/Channel,Transaction Code,End Balance,Filler,Virtual Account,Transaction Description 2,Transaction Description 3,Transaction Description 4,Expiry Date
"514356700865","Current Account","GENTING MALAYSIA BERHAD","MYR","2020-08-01 MY (UTC+08:00)","2020-08-31 MY (UTC+08:00)","64","98","1,000.00","1,000.00","-","-","01/Aug/2020 MY (UTC+08:00)","00:12 MY (UTC+08:00)","BILL PYMT TO COLL.(IB)511","","-","8,287.00","011 - System","CBSX4763","2988","8301 - BILLS PAYMENT CREDIT","9,287.00","","-","","","","-"
"514356700865","Current Account","GENTING MALAYSIA BERHAD","MYR","2020-08-01 MY (UTC+08:00)","2020-08-31 MY (UTC+08:00)","64","98","1,000.00","1,000.00","-","-","01/Aug/2020 MY (UTC+08:00)","01:31 MY (UTC+08:00)","GENTING MALAYSIA BERHAD","514011468149","6,898.50","-","011 - System","BTCH6587","1435","XFRDR - FUND TRANSFER DEBIT","2,388.50","","-","","","","-"
"514356700865","Current Account","GENTING MALAYSIA BERHAD","MYR","2020-08-01 MY (UTC+08:00)","2020-08-31 MY (UTC+08:00)","64","98","1,000.00","1,000.00","-","-","01/Aug/2020 MY (UTC+08:00)","01:31 MY (UTC+08:00)","XFR DEBIT SVC CHARGE","","2.00","-","011 - System","BTCH6587","1435","XFRDRSVC - SERVICE CHARGE","2,386.50","","-","","","","-"
"514356700865","Current Account","GENTING MALAYSIA BERHAD","MYR","2020-08-01 MY (UTC+08:00)","2020-08-31 MY (UTC+08:00)","64","98","1,000.00","1,000.00","-","-","01/Aug/2020 MY (UTC+08:00)","03:15 MY (UTC+08:00)","S/C TRNS VIA M2U     AHY","","2.50","-","011 - System","CBSX4237","2996","PCSCDR - PAYEE CORP SERVICE CHARGE DEBIT","2,384.00","","-","","","","-"
"514356700865","Current Account","GENTING MALAYSIA BERHAD","MYR","2020-08-01 MY (UTC+08:00)","2020-08-31 MY (UTC+08:00)","64","98","1,000.00","1,000.00","-","-","01/Aug/2020 MY (UTC+08:00)","03:15 MY (UTC+08:00)","S/C TRNS VIA M2U     ACV","","100.00","-","011 - System","CBSX4237","2996","PCSCDR - PAYEE CORP SERVICE CHARGE DEBIT","2,284.00","","-","","","","-"
"514356700865","Current Account","GENTING MALAYSIA BERHAD","MYR","2020-08-01 MY (UTC+08:00)","2020-08-31 MY (UTC+08:00)","64","98","1,000.00","1,000.00","-","-","01/Aug/2020 MY (UTC+08:00)","03:15 MY (UTC+08:00)","S/C TRNS VIA M2U     511","","1,284.00","-","011 - System","CBSX4237","2996","PCSCDR - PAYEE CORP SERVICE CHARGE DEBIT","1,000.00","","-","","","","-"
"514356700865","Current Account","GENTING MALAYSIA BERHAD","MYR","2020-08-01 MY (UTC+08:00)","2020-08-31 MY (UTC+08:00)","64","98","1,000.00","1,000.00","-","-","02/Aug/2020 MY (UTC+08:00)","00:13 MY (UTC+08:00)","BILL PYMT TO COLL.(IB)511","","-","7,949.00","011 - System","CBSX4763","2988","8301 - BILLS PAYMENT CREDIT","8,949.00","","-","","","","-"
"514356700865","Current Account","GENTING MALAYSIA BERHAD","MYR","2020-08-01 MY (UTC+08:00)","2020-08-31 MY (UTC+08:00)","64","98","1,000.00","1,000.00","-","-","02/Aug/2020 MY (UTC+08:00)","01:26 MY (UTC+08:00)","XFR DEBIT SVC CHARGE","","2.00","-","011 - System","BTCH6587","1435","XFRDRSVC - SERVICE CHARGE","8,947.00","","-","","","","-"
"514356700865","Current Account","GENTING MALAYSIA BERHAD","MYR","2020-08-01 MY (UTC+08:00)","2020-08-31 MY (UTC+08:00)","64","98","1,000.00","1,000.00","-","-","02/Aug/2020 MY (UTC+08:00)","01:26 MY (UTC+08:00)","GENTING MALAYSIA BERHAD","514011468149","7,947.00","-","011 - System","BTCH6587","1435","XFRDR - FUND TRANSFER DEBIT","1,000.00","","-","","","","-"
"514356700865","Current Account","GENTING MALAYSIA BERHAD","MYR","2020-08-01 MY (UTC+08:00)","2020-08-31 MY (UTC+08:00)","64","98","1,000.00","1,000.00","-","-","03/Aug/2020 MY (UTC+08:00)","15:19 MY (UTC+08:00)","","Chic","-","70.00","003 - ATM","915PHONE","2988","7610 - TRANSFER TO A/C","1,070.00","","-","SERENE ONG SOO LEE *","TRANSFER TO A/C","","-"
"514356700865","Current Account","GENTING MALAYSIA BERHAD","MYR","2020-08-01 MY (UTC+08:00)","2020-08-31 MY (UTC+08:00)","64","98","1,000.00","1,000.00","-","-","03/Aug/2020 MY (UTC+08:00)","23:45 MY (UTC+08:00)","Reservation Number 4","Choong Nam The","-","77.00","003 - ATM","967PHONE","2988","7610 - TRANSFER TO A/C","1,147.00","","-","CHOONG CHEE MUN    *","TRANSFER TO A/C","","-"
"514356700865","Current Account","GENTING MALAYSIA BERHAD","MYR","2020-08-01 MY (UTC+08:00)","2020-08-31 MY (UTC+08:00)","64","98","1,000.00","1,000.00","-","-","03/Aug/2020 MY (UTC+08:00)","00:14 MY (UTC+08:00)","BILL PYMT TO COLL.(IB)511","","-","9,013.00","011 - System","CBSX4763","2988","8301 - BILLS PAYMENT CREDIT","10,160.00","","-","","","","-"
"514356700865","Current Account","GENTING MALAYSIA BERHAD","MYR","2020-08-01 MY (UTC+08:00)","2020-08-31 MY (UTC+08:00)","64","98","1,000.00","1,000.00","-","-","03/Aug/2020 MY (UTC+08:00)","01:33 MY (UTC+08:00)","XFR DEBIT SVC CHARGE","","2.00","-","011 - System","BTCH6587","1435","XFRDRSVC - SERVICE CHARGE","10,158.00","","-","","","","-"
"514356700865","Current Account","GENTING MALAYSIA BERHAD","MYR","2020-08-01 MY (UTC+08:00)","2020-08-31 MY (UTC+08:00)","64","98","1,000.00","1,000.00","-","-","03/Aug/2020 MY (UTC+08:00)","01:33 MY (UTC+08:00)","GENTING MALAYSIA BERHAD","514011468149","9,158.00","-","011 - System","BTCH6587","1435","XFRDR - FUND TRANSFER DEBIT","1,000.00","","-","","","","-"
"514356700865","Current Account","GENTING MALAYSIA BERHAD","MYR","2020-08-01 MY (UTC+08:00)","2020-08-31 MY (UTC+08:00)","64","98","1,000.00","1,000.00","-","-","04/Aug/2020 MY (UTC+08:00)","09:37 MY (UTC+08:00)","Awana Genting","4401673","-","112.00","003 - ATM","941PHONE","2988","7610 - TRANSFER TO A/C","1,112.00","","-","NIZARUDDIN BIN NAHA*","TRANSFER TO A/C","","-"
"514356700865","Current Account","GENTING MALAYSIA BERHAD","MYR","2020-08-01 MY (UTC+08:00)","2020-08-31 MY (UTC+08:00)","64","98","1,000.00","1,000.00","-","-","04/Aug/2020 MY (UTC+08:00)","00:14 MY (UTC+08:00)","BILL PYMT TO COLL.(IB)511","","-","11,101.00","011 - System","CBSX4763","2988","8301 - BILLS PAYMENT CREDIT","12,213.00","","-","","","","-"
"514356700865","Current Account","GENTING MALAYSIA BERHAD","MYR","2020-08-01 MY (UTC+08:00)","2020-08-31 MY (UTC+08:00)","64","98","1,000.00","1,000.00","-","-","04/Aug/2020 MY (UTC+08:00)","01:31 MY (UTC+08:00)","XFR DEBIT SVC CHARGE","","2.00","-","011 - System","BTCH6587","1435","XFRDRSVC - SERVICE CHARGE","12,211.00","","-","","","","-"
"514356700865","Current Account","GENTING MALAYSIA BERHAD","MYR","2020-08-01 MY (UTC+08:00)","2020-08-31 MY (UTC+08:00)","64","98","1,000.00","1,000.00","-","-","04/Aug/2020 MY (UTC+08:00)","01:31 MY (UTC+08:00)","GENTING MALAYSIA BERHAD","514011468149","11,211.00","-","011 - System","BTCH6587","1435","XFRDR - FUND TRANSFER DEBIT","1,000.00","","-","","","","-"
"514356700865","Current Account","GENTING MALAYSIA BERHAD","MYR","2020-08-01 MY (UTC+08:00)","2020-08-31 MY (UTC+08:00)","64","98","1,000.00","1,000.00","-","-","05/Aug/2020 MY (UTC+08:00)","14:26 MY (UTC+08:00)","","Genting","-","100.00","003 - ATM","956PHONE","2988","7610 - TRANSFER TO A/C","1,100.00","","-","LEE CHING KANG     *","TRANSFER TO A/C","","-"
"514356700865","Current Account","GENTING MALAYSIA BERHAD","MYR","2020-08-01 MY (UTC+08:00)","2020-08-31 MY (UTC+08:00)","64","98","1,000.00","1,000.00","-","-","05/Aug/2020 MY (UTC+08:00)","15:16 MY (UTC+08:00)","FIRST WORLD HOTEL -","4402026","-","100.00","003 - ATM","931PHONE","2988","7610 - TRANSFER TO A/C","1,200.00","","-","NORAINI BINTI MASRA*","TRANSFER TO A/C","","-"
"514356700865","Current Account","GENTING MALAYSIA BERHAD","MYR","2020-08-01 MY (UTC+08:00)","2020-08-31 MY (UTC+08:00)","64","98","1,000.00","1,000.00","-","-","05/Aug/2020 MY (UTC+08:00)","20:36 MY (UTC+08:00)","CDM CASH DEPOSIT","","-","400.00","003 - ATM","0002B19A","2630","7010 - CDM CASH DEPOSIT","1,600.00","","-","","","","-"
"514356700865","Current Account","GENTING MALAYSIA BERHAD","MYR","2020-08-01 MY (UTC+08:00)","2020-08-31 MY (UTC+08:00)","64","98","1,000.00","1,000.00","-","-","05/Aug/2020 MY (UTC+08:00)","00:13 MY (UTC+08:00)","BILL PYMT TO COLL.(IB)AHY","","-","160.00","011 - System","CBSX4763","2988","8301 - BILLS PAYMENT CREDIT","1,760.00","","-","","","","-"
"514356700865","Current Account","GENTING MALAYSIA BERHAD","MYR","2020-08-01 MY (UTC+08:00)","2020-08-31 MY (UTC+08:00)","64","98","1,000.00","1,000.00","-","-","05/Aug/2020 MY (UTC+08:00)","00:13 MY (UTC+08:00)","BILL PYMT TO COLL.(IB)511","","-","13,457.00","011 - System","CBSX4763","2988","8301 - BILLS PAYMENT CREDIT","15,217.00","","-","","","","-"
"514356700865","Current Account","GENTING MALAYSIA BERHAD","MYR","2020-08-01 MY (UTC+08:00)","2020-08-31 MY (UTC+08:00)","64","98","1,000.00","1,000.00","-","-","05/Aug/2020 MY (UTC+08:00)","01:35 MY (UTC+08:00)","XFR DEBIT SVC CHARGE","","2.00","-","011 - System","BTCH6587","1435","XFRDRSVC - SERVICE CHARGE","15,215.00","","-","","","","-"
"514356700865","Current Account","GENTING MALAYSIA BERHAD","MYR","2020-08-01 MY (UTC+08:00)","2020-08-31 MY (UTC+08:00)","64","98","1,000.00","1,000.00","-","-","05/Aug/2020 MY (UTC+08:00)","01:35 MY (UTC+08:00)","GENTING MALAYSIA BERHAD","514011468149","14,215.00","-","011 - System","BTCH6587","1435","XFRDR - FUND TRANSFER DEBIT","1,000.00","","-","","","","-"
"514356700865","Current Account","GENTING MALAYSIA BERHAD","MYR","2020-08-01 MY (UTC+08:00)","2020-08-31 MY (UTC+08:00)","64","98","1,000.00","1,000.00","-","-","06/Aug/2020 MY (UTC+08:00)","15:08 MY (UTC+08:00)","CDM CASH DEPOSIT","","-","140.00","003 - ATM","000DE82A","2630","7010 - CDM CASH DEPOSIT","1,140.00","","-","","","","-"
"514356700865","Current Account","GENTING MALAYSIA BERHAD","MYR","2020-08-01 MY (UTC+08:00)","2020-08-31 MY (UTC+08:00)","64","98","1,000.00","1,000.00","-","-","06/Aug/2020 MY (UTC+08:00)","00:12 MY (UTC+08:00)","BILL PYMT TO COLL.(IB)AHY","","-","1,040.00","011 - System","CBSX4763","2988","8301 - BILLS PAYMENT CREDIT","2,180.00","","-","","","","-"
"514356700865","Current Account","GENTING MALAYSIA BERHAD","MYR","2020-08-01 MY (UTC+08:00)","2020-08-31 MY (UTC+08:00)","64","98","1,000.00","1,000.00","-","-","06/Aug/2020 MY (UTC+08:00)","00:12 MY (UTC+08:00)","BILL PYMT TO COLL.(IB)511","","-","13,581.00","011 - System","CBSX4763","2988","8301 - BILLS PAYMENT CREDIT","15,761.00","","-","","","","-"
"514356700865","Current Account","GENTING MALAYSIA BERHAD","MYR","2020-08-01 MY (UTC+08:00)","2020-08-31 MY (UTC+08:00)","64","98","1,000.00","1,000.00","-","-","06/Aug/2020 MY (UTC+08:00)","01:31 MY (UTC+08:00)","XFR DEBIT SVC CHARGE","","2.00","-","011 - System","BTCH6587","1435","XFRDRSVC - SERVICE CHARGE","15,759.00","","-","","","","-"
"514356700865","Current Account","GENTING MALAYSIA BERHAD","MYR","2020-08-01 MY (UTC+08:00)","2020-08-31 MY (UTC+08:00)","64","98","1,000.00","1,000.00","-","-","06/Aug/2020 MY (UTC+08:00)","01:31 MY (UTC+08:00)","GENTING MALAYSIA BERHAD","514011468149","14,759.00","-","011 - System","BTCH6587","1435","XFRDR - FUND TRANSFER DEBIT","1,000.00","","-","","","","-"
"514356700865","Current Account","GENTING MALAYSIA BERHAD","MYR","2020-08-01 MY (UTC+08:00)","2020-08-31 MY (UTC+08:00)","64","98","1,000.00","1,000.00","-","-","07/Aug/2020 MY (UTC+08:00)","11:41 MY (UTC+08:00)","4405972 74 89 90 05","room booking","-","420.00","003 - ATM","965PHONE","2988","7610 - TRANSFER TO A/C","1,420.00","","-","GOH KENG AIK       *","TRANSFER TO A/C","","-"
"514356700865","Current Account","GENTING MALAYSIA BERHAD","MYR","2020-08-01 MY (UTC+08:00)","2020-08-31 MY (UTC+08:00)","64","98","1,000.00","1,000.00","-","-","07/Aug/2020 MY (UTC+08:00)","14:02 MY (UTC+08:00)","01118879927","FWH4410068","-","240.00","018 - Teller","000AE32A","0743","7100 - CASH DEPOSIT","1,660.00","","-","","","","-"
"514356700865","Current Account","GENTING MALAYSIA BERHAD","MYR","2020-08-01 MY (UTC+08:00)","2020-08-31 MY (UTC+08:00)","64","98","1,000.00","1,000.00","-","-","07/Aug/2020 MY (UTC+08:00)","14:10 MY (UTC+08:00)","REV  2020220 0141013 3128968","FWH4410068","240.00","-","018 - Teller","000AE32A","0743","7108 - CASH DEPOSIT REV","1,420.00","","-","","","","-"
"514356700865","Current Account","GENTING MALAYSIA BERHAD","MYR","2020-08-01 MY (UTC+08:00)","2020-08-31 MY (UTC+08:00)","64","98","1,000.00","1,000.00","-","-","07/Aug/2020 MY (UTC+08:00)","14:11 MY (UTC+08:00)","FWH4410068","0089391794","-","240.00","018 - Teller","000AE32A","0743","7100 - CASH DEPOSIT","1,660.00","","-","","","","-"
"514356700865","Current Account","GENTING MALAYSIA BERHAD","MYR","2020-08-01 MY (UTC+08:00)","2020-08-31 MY (UTC+08:00)","64","98","1,000.00","1,000.00","-","-","07/Aug/2020 MY (UTC+08:00)","14:32 MY (UTC+08:00)","Room Booking","Genting Malays","-","190.00","003 - ATM","991PHONE","2988","7610 - TRANSFER TO A/C","1,850.00","","-","CHONG SIEW LEE     *","TRANSFER TO A/C","","-"
"514356700865","Current Account","GENTING MALAYSIA BERHAD","MYR","2020-08-01 MY (UTC+08:00)","2020-08-31 MY (UTC+08:00)","64","98","1,000.00","1,000.00","-","-","07/Aug/2020 MY (UTC+08:00)","15:54 MY (UTC+08:00)","CDM CASH DEPOSIT","","-","360.00","003 - ATM","000EE19A","2630","7010 - CDM CASH DEPOSIT","2,210.00","","-","","","","-"
"514356700865","Current Account","GENTING MALAYSIA BERHAD","MYR","2020-08-01 MY (UTC+08:00)","2020-08-31 MY (UTC+08:00)","64","98","1,000.00","1,000.00","-","-","07/Aug/2020 MY (UTC+08:00)","16:59 MY (UTC+08:00)","","4402288","-","70.00","003 - ATM","912PHONE","2988","7610 - TRANSFER TO A/C","2,280.00","","-","IDA ER KHAI WEI    *","TRANSFER TO A/C","","-"
"514356700865","Current Account","GENTING MALAYSIA BERHAD","MYR","2020-08-01 MY (UTC+08:00)","2020-08-31 MY (UTC+08:00)","64","98","1,000.00","1,000.00","-","-","07/Aug/2020 MY (UTC+08:00)","17:00 MY (UTC+08:00)","","4402307","-","70.00","003 - ATM","909PHONE","2988","7610 - TRANSFER TO A/C","2,350.00","","-","IDA ER KHAI WEI    *","TRANSFER TO A/C","","-"
"514356700865","Current Account","GENTING MALAYSIA BERHAD","MYR","2020-08-01 MY (UTC+08:00)","2020-08-31 MY (UTC+08:00)","64","98","1,000.00","1,000.00","-","-","07/Aug/2020 MY (UTC+08:00)","17:02 MY (UTC+08:00)","","4402303","-","70.00","003 - ATM","943PHONE","2988","7610 - TRANSFER TO A/C","2,420.00","","-","IDA ER KHAI WEI    *","TRANSFER TO A/C","","-"
"514356700865","Current Account","GENTING MALAYSIA BERHAD","MYR","2020-08-01 MY (UTC+08:00)","2020-08-31 MY (UTC+08:00)","64","98","1,000.00","1,000.00","-","-","07/Aug/2020 MY (UTC+08:00)","00:07 MY (UTC+08:00)","BILL PYMT TO COLL.(IB)ACV","","-","435.00","011 - System","CBSX4763","2988","8301 - BILLS PAYMENT CREDIT","2,855.00","","-","","","","-"
"514356700865","Current Account","GENTING MALAYSIA BERHAD","MYR","2020-08-01 MY (UTC+08:00)","2020-08-31 MY (UTC+08:00)","64","98","1,000.00","1,000.00","-","-","07/Aug/2020 MY (UTC+08:00)","00:07 MY (UTC+08:00)","BILL PYMT TO COLL.(IB)511","","-","9,682.00","011 - System","CBSX4763","2988","8301 - BILLS PAYMENT CREDIT","12,537.00","","-","","","","-"
"514356700865","Current Account","GENTING MALAYSIA BERHAD","MYR","2020-08-01 MY (UTC+08:00)","2020-08-31 MY (UTC+08:00)","64","98","1,000.00","1,000.00","-","-","07/Aug/2020 MY (UTC+08:00)","00:48 MY (UTC+08:00)","XFR DEBIT SVC CHARGE","","2.00","-","011 - System","BTCH6587","1435","XFRDRSVC - SERVICE CHARGE","12,535.00","","-","","","","-"
"514356700865","Current Account","GENTING MALAYSIA BERHAD","MYR","2020-08-01 MY (UTC+08:00)","2020-08-31 MY (UTC+08:00)","64","98","1,000.00","1,000.00","-","-","07/Aug/2020 MY (UTC+08:00)","00:48 MY (UTC+08:00)","GENTING MALAYSIA BERHAD","514011468149","11,535.00","-","011 - System","BTCH6587","1435","XFRDR - FUND TRANSFER DEBIT","1,000.00","","-","","","","-"
"514356700865","Current Account","GENTING MALAYSIA BERHAD","MYR","2020-08-01 MY (UTC+08:00)","2020-08-31 MY (UTC+08:00)","64","98","1,000.00","1,000.00","-","-","08/Aug/2020 MY (UTC+08:00)","13:33 MY (UTC+08:00)","CDM CASH DEPOSIT","","-","150.00","003 - ATM","000E84BA","2630","7010 - CDM CASH DEPOSIT","1,150.00","","-","","","","-"
"514356700865","Current Account","GENTING MALAYSIA BERHAD","MYR","2020-08-01 MY (UTC+08:00)","2020-08-31 MY (UTC+08:00)","64","98","1,000.00","1,000.00","-","-","08/Aug/2020 MY (UTC+08:00)","00:13 MY (UTC+08:00)","BILL PYMT TO COLL.(IB)511","","-","11,034.00","011 - System","CBSX4763","2988","8301 - BILLS PAYMENT CREDIT","12,184.00","","-","","","","-"
"514356700865","Current Account","GENTING MALAYSIA BERHAD","MYR","2020-08-01 MY (UTC+08:00)","2020-08-31 MY (UTC+08:00)","64","98","1,000.00","1,000.00","-","-","08/Aug/2020 MY (UTC+08:00)","01:29 MY (UTC+08:00)","XFR DEBIT SVC CHARGE","","2.00","-","011 - System","BTCH6587","1435","XFRDRSVC - SERVICE CHARGE","12,182.00","","-","","","","-"
"514356700865","Current Account","GENTING MALAYSIA BERHAD","MYR","2020-08-01 MY (UTC+08:00)","2020-08-31 MY (UTC+08:00)","64","98","1,000.00","1,000.00","-","-","08/Aug/2020 MY (UTC+08:00)","01:29 MY (UTC+08:00)","GENTING MALAYSIA BERHAD","514011468149","11,182.00","-","011 - System","BTCH6587","1435","XFRDR - FUND TRANSFER DEBIT","1,000.00","","-","","","","-"
"514356700865","Current Account","GENTING MALAYSIA BERHAD","MYR","2020-08-01 MY (UTC+08:00)","2020-08-31 MY (UTC+08:00)","64","98","1,000.00","1,000.00","-","-","09/Aug/2020 MY (UTC+08:00)","13:30 MY (UTC+08:00)","","G 1st world LO","-","430.00","003 - ATM","974PHONE","2988","7610 - TRANSFER TO A/C","1,430.00","","-","LOW GUO YEI        *","TRANSFER TO A/C","","-"
"514356700865","Current Account","GENTING MALAYSIA BERHAD","MYR","2020-08-01 MY (UTC+08:00)","2020-08-31 MY (UTC+08:00)","64","98","1,000.00","1,000.00","-","-","09/Aug/2020 MY (UTC+08:00)","22:23 MY (UTC+08:00)","CDM CASH DEPOSIT","","-","140.00","003 - ATM","0002F16A","2630","7010 - CDM CASH DEPOSIT","1,570.00","","-","","","","-"
"514356700865","Current Account","GENTING MALAYSIA BERHAD","MYR","2020-08-01 MY (UTC+08:00)","2020-08-31 MY (UTC+08:00)","64","98","1,000.00","1,000.00","-","-","09/Aug/2020 MY (UTC+08:00)","00:12 MY (UTC+08:00)","BILL PYMT TO COLL.(IB)511","","-","12,139.00","011 - System","CBSX4763","2988","8301 - BILLS PAYMENT CREDIT","13,709.00","","-","","","","-"
"514356700865","Current Account","GENTING MALAYSIA BERHAD","MYR","2020-08-01 MY (UTC+08:00)","2020-08-31 MY (UTC+08:00)","64","98","1,000.00","1,000.00","-","-","09/Aug/2020 MY (UTC+08:00)","01:28 MY (UTC+08:00)","XFR DEBIT SVC CHARGE","","2.00","-","011 - System","BTCH6587","1435","XFRDRSVC - SERVICE CHARGE","13,707.00","","-","","","","-"
"514356700865","Current Account","GENTING MALAYSIA BERHAD","MYR","2020-08-01 MY (UTC+08:00)","2020-08-31 MY (UTC+08:00)","64","98","1,000.00","1,000.00","-","-","09/Aug/2020 MY (UTC+08:00)","01:28 MY (UTC+08:00)","GENTING MALAYSIA BERHAD","514011468149","12,707.00","-","011 - System","BTCH6587","1435","XFRDR - FUND TRANSFER DEBIT","1,000.00","","-","","","","-"
"514356700865","Current Account","GENTING MALAYSIA BERHAD","MYR","2020-08-01 MY (UTC+08:00)","2020-08-31 MY (UTC+08:00)","64","98","1,000.00","1,000.00","-","-","10/Aug/2020 MY (UTC+08:00)","15:00 MY (UTC+08:00)","WONG TECK KEE","4424256","-","70.00","018 - Teller","000B0B1A","0135","7100 - CASH DEPOSIT","1,070.00","","-","","","","-"
"514356700865","Current Account","GENTING MALAYSIA BERHAD","MYR","2020-08-01 MY (UTC+08:00)","2020-08-31 MY (UTC+08:00)","64","98","1,000.00","1,000.00","-","-","10/Aug/2020 MY (UTC+08:00)","15:01 MY (UTC+08:00)","WONG TECK KEE","4424255","-","70.00","018 - Teller","000B0B1A","0135","7100 - CASH DEPOSIT","1,140.00","","-","","","","-"
"514356700865","Current Account","GENTING MALAYSIA BERHAD","MYR","2020-08-01 MY (UTC+08:00)","2020-08-31 MY (UTC+08:00)","64","98","1,000.00","1,000.00","-","-","10/Aug/2020 MY (UTC+08:00)","18:41 MY (UTC+08:00)","BEBK081008803919","Pay by 4424418","-","70.00","011 - System","CBSX406C","2601","7991 - INTER-BANK PAYMENT INTO A/C","1,210.00","","-","NEW KAI SAN","INTER-BANK PAYMENT INTO A/C","","-"
"514356700865","Current Account","GENTING MALAYSIA BERHAD","MYR","2020-08-01 MY (UTC+08:00)","2020-08-31 MY (UTC+08:00)","64","98","1,000.00","1,000.00","-","-","10/Aug/2020 MY (UTC+08:00)","18:41 MY (UTC+08:00)","BEBK081012073234","Pay by 4424419","-","70.00","011 - System","CBSX406C","2601","7991 - INTER-BANK PAYMENT INTO A/C","1,280.00","","-","NEW KAI SAN","INTER-BANK PAYMENT INTO A/C","","-"
"514356700865","Current Account","GENTING MALAYSIA BERHAD","MYR","2020-08-01 MY (UTC+08:00)","2020-08-31 MY (UTC+08:00)","64","98","1,000.00","1,000.00","-","-","10/Aug/2020 MY (UTC+08:00)","00:16 MY (UTC+08:00)","BILL PYMT TO COLL.(IB)ACV","","-","435.00","011 - System","CBSX4763","2988","8301 - BILLS PAYMENT CREDIT","1,715.00","","-","","","","-"
"514356700865","Current Account","GENTING MALAYSIA BERHAD","MYR","2020-08-01 MY (UTC+08:00)","2020-08-31 MY (UTC+08:00)","64","98","1,000.00","1,000.00","-","-","10/Aug/2020 MY (UTC+08:00)","00:16 MY (UTC+08:00)","BILL PYMT TO COLL.(IB)511","","-","9,181.00","011 - System","CBSX4763","2988","8301 - BILLS PAYMENT CREDIT","10,896.00","","-","","","","-"
"514356700865","Current Account","GENTING MALAYSIA BERHAD","MYR","2020-08-01 MY (UTC+08:00)","2020-08-31 MY (UTC+08:00)","64","98","1,000.00","1,000.00","-","-","10/Aug/2020 MY (UTC+08:00)","01:36 MY (UTC+08:00)","XFR DEBIT SVC CHARGE","","2.00","-","011 - System","BTCH6587","1435","XFRDRSVC - SERVICE CHARGE","10,894.00","","-","","","","-"
"514356700865","Current Account","GENTING MALAYSIA BERHAD","MYR","2020-08-01 MY (UTC+08:00)","2020-08-31 MY (UTC+08:00)","64","98","1,000.00","1,000.00","-","-","10/Aug/2020 MY (UTC+08:00)","01:36 MY (UTC+08:00)","GENTING MALAYSIA BERHAD","514011468149","9,894.00","-","011 - System","BTCH6587","1435","XFRDR - FUND TRANSFER DEBIT","1,000.00","","-","","","","-"
"514356700865","Current Account","GENTING MALAYSIA BERHAD","MYR","2020-08-01 MY (UTC+08:00)","2020-08-31 MY (UTC+08:00)","64","98","1,000.00","1,000.00","-","-","11/Aug/2020 MY (UTC+08:00)","07:24 MY (UTC+08:00)","CDM CASH DEPOSIT","","-","230.00","003 - ATM","00007FAA","2630","7010 - CDM CASH DEPOSIT","1,230.00","","-","","","","-"
"514356700865","Current Account","GENTING MALAYSIA BERHAD","MYR","2020-08-01 MY (UTC+08:00)","2020-08-31 MY (UTC+08:00)","64","98","1,000.00","1,000.00","-","-","11/Aug/2020 MY (UTC+08:00)","13:21 MY (UTC+08:00)","","4430439 and 44","-","280.00","003 - ATM","988PHONE","2988","7610 - TRANSFER TO A/C","1,510.00","","-","CHOH CHEE YEN      *","TRANSFER TO A/C","","-"
"514356700865","Current Account","GENTING MALAYSIA BERHAD","MYR","2020-08-01 MY (UTC+08:00)","2020-08-31 MY (UTC+08:00)","64","98","1,000.00","1,000.00","-","-","11/Aug/2020 MY (UTC+08:00)","14:18 MY (UTC+08:00)","","TAN HOI WAN 44","-","140.00","003 - ATM","960PHONE","2988","7610 - TRANSFER TO A/C","1,650.00","","-","TAN XIN WEI        *","TRANSFER TO A/C","","-"
"514356700865","Current Account","GENTING MALAYSIA BERHAD","MYR","2020-08-01 MY (UTC+08:00)","2020-08-31 MY (UTC+08:00)","64","98","1,000.00","1,000.00","-","-","11/Aug/2020 MY (UTC+08:00)","16:54 MY (UTC+08:00)","Vasu","Vasu","-","80.00","003 - ATM","995PHONE","2988","7610 - TRANSFER TO A/C","1,730.00","","-","DEVAJAYAN A/L DAVAR*","TRANSFER TO A/C","","-"
"514356700865","Current Account","GENTING MALAYSIA BERHAD","MYR","2020-08-01 MY (UTC+08:00)","2020-08-31 MY (UTC+08:00)","64","98","1,000.00","1,000.00","-","-","11/Aug/2020 MY (UTC+08:00)","00:13 MY (UTC+08:00)","BILL PYMT TO COLL.(IB)ACV","","-","580.00","011 - System","CBSX4763","2988","8301 - BILLS PAYMENT CREDIT","2,310.00","","-","","","","-"
"514356700865","Current Account","GENTING MALAYSIA BERHAD","MYR","2020-08-01 MY (UTC+08:00)","2020-08-31 MY (UTC+08:00)","64","98","1,000.00","1,000.00","-","-","11/Aug/2020 MY (UTC+08:00)","00:13 MY (UTC+08:00)","BILL PYMT TO COLL.(IB)AHY","","-","2,160.00","011 - System","CBSX4763","2988","8301 - BILLS PAYMENT CREDIT","4,470.00","","-","","","","-"
"514356700865","Current Account","GENTING MALAYSIA BERHAD","MYR","2020-08-01 MY (UTC+08:00)","2020-08-31 MY (UTC+08:00)","64","98","1,000.00","1,000.00","-","-","11/Aug/2020 MY (UTC+08:00)","00:13 MY (UTC+08:00)","BILL PYMT TO COLL.(IB)511","","-","11,824.00","011 - System","CBSX4763","2988","8301 - BILLS PAYMENT CREDIT","16,294.00","","-","","","","-"
"514356700865","Current Account","GENTING MALAYSIA BERHAD","MYR","2020-08-01 MY (UTC+08:00)","2020-08-31 MY (UTC+08:00)","64","98","1,000.00","1,000.00","-","-","11/Aug/2020 MY (UTC+08:00)","01:32 MY (UTC+08:00)","XFR DEBIT SVC CHARGE","","2.00","-","011 - System","BTCH6587","1435","XFRDRSVC - SERVICE CHARGE","16,292.00","","-","","","","-"
"514356700865","Current Account","GENTING MALAYSIA BERHAD","MYR","2020-08-01 MY (UTC+08:00)","2020-08-31 MY (UTC+08:00)","64","98","1,000.00","1,000.00","-","-","11/Aug/2020 MY (UTC+08:00)","01:32 MY (UTC+08:00)","GENTING MALAYSIA BERHAD","514011468149","15,292.00","-","011 - System","BTCH6587","1435","XFRDR - FUND TRANSFER DEBIT","1,000.00","","-","","","","-"
"514356700865","Current Account","GENTING MALAYSIA BERHAD","MYR","2020-08-01 MY (UTC+08:00)","2020-08-31 MY (UTC+08:00)","64","98","1,000.00","1,000.00","-","-","12/Aug/2020 MY (UTC+08:00)","17:09 MY (UTC+08:00)","","genting","-","280.00","003 - ATM","926PHONE","2988","7610 - TRANSFER TO A/C","1,280.00","","-","YIK KIN SOON       *","TRANSFER TO A/C","","-"
"514356700865","Current Account","GENTING MALAYSIA BERHAD","MYR","2020-08-01 MY (UTC+08:00)","2020-08-31 MY (UTC+08:00)","64","98","1,000.00","1,000.00","-","-","12/Aug/2020 MY (UTC+08:00)","18:41 MY (UTC+08:00)","Sudirman M Arif","Payment Awana HotelM","-","498.00","011 - System","CBSX406C","2601","7991 - INTER-BANK PAYMENT INTO A/C","1,778.00","","-","ENCIK MOHD SUDIRMAN","INTER-BANK PAYMENT INTO A/C","","-"
"514356700865","Current Account","GENTING MALAYSIA BERHAD","MYR","2020-08-01 MY (UTC+08:00)","2020-08-31 MY (UTC+08:00)","64","98","1,000.00","1,000.00","-","-","12/Aug/2020 MY (UTC+08:00)","00:14 MY (UTC+08:00)","BILL PYMT TO COLL.(IB)511","","-","13,563.00","011 - System","CBSX4763","2988","8301 - BILLS PAYMENT CREDIT","15,341.00","","-","","","","-"
"514356700865","Current Account","GENTING MALAYSIA BERHAD","MYR","2020-08-01 MY (UTC+08:00)","2020-08-31 MY (UTC+08:00)","64","98","1,000.00","1,000.00","-","-","12/Aug/2020 MY (UTC+08:00)","01:35 MY (UTC+08:00)","GENTING MALAYSIA BERHAD","514011468149","14,339.00","-","011 - System","BTCH6587","1435","XFRDR - FUND TRANSFER DEBIT","1,002.00","","-","","","","-"
"514356700865","Current Account","GENTING MALAYSIA BERHAD","MYR","2020-08-01 MY (UTC+08:00)","2020-08-31 MY (UTC+08:00)","64","98","1,000.00","1,000.00","-","-","12/Aug/2020 MY (UTC+08:00)","01:35 MY (UTC+08:00)","XFR DEBIT SVC CHARGE","","2.00","-","011 - System","BTCH6587","1435","XFRDRSVC - SERVICE CHARGE","1,000.00","","-","","","","-"
"514356700865","Current Account","GENTING MALAYSIA BERHAD","MYR","2020-08-01 MY (UTC+08:00)","2020-08-31 MY (UTC+08:00)","64","98","1,000.00","1,000.00","-","-","13/Aug/2020 MY (UTC+08:00)","11:44 MY (UTC+08:00)","CDM CASH DEPOSIT","","-","140.00","003 - ATM","000DCF8A","2630","7010 - CDM CASH DEPOSIT","1,140.00","","-","","","","-"
"514356700865","Current Account","GENTING MALAYSIA BERHAD","MYR","2020-08-01 MY (UTC+08:00)","2020-08-31 MY (UTC+08:00)","64","98","1,000.00","1,000.00","-","-","13/Aug/2020 MY (UTC+08:00)","11:46 MY (UTC+08:00)","CDM CASH DEPOSIT","","-","140.00","003 - ATM","000DCF8A","2630","7010 - CDM CASH DEPOSIT","1,280.00","","-","","","","-"
"514356700865","Current Account","GENTING MALAYSIA BERHAD","MYR","2020-08-01 MY (UTC+08:00)","2020-08-31 MY (UTC+08:00)","64","98","1,000.00","1,000.00","-","-","13/Aug/2020 MY (UTC+08:00)","21:43 MY (UTC+08:00)","4440468","Genting","-","100.00","003 - ATM","907PHONE","2988","7610 - TRANSFER TO A/C","1,380.00","","-","LEE LOI FONG       *","TRANSFER TO A/C","","-"
"514356700865","Current Account","GENTING MALAYSIA BERHAD","MYR","2020-08-01 MY (UTC+08:00)","2020-08-31 MY (UTC+08:00)","64","98","1,000.00","1,000.00","-","-","13/Aug/2020 MY (UTC+08:00)","00:15 MY (UTC+08:00)","BILL PYMT TO COLL.(IB)ACV","","-","435.00","011 - System","CBSX4763","2988","8301 - BILLS PAYMENT CREDIT","1,815.00","","-","","","","-"
"514356700865","Current Account","GENTING MALAYSIA BERHAD","MYR","2020-08-01 MY (UTC+08:00)","2020-08-31 MY (UTC+08:00)","64","98","1,000.00","1,000.00","-","-","13/Aug/2020 MY (UTC+08:00)","00:15 MY (UTC+08:00)","BILL PYMT TO COLL.(IB)511","","-","11,711.00","011 - System","CBSX4763","2988","8301 - BILLS PAYMENT CREDIT","13,526.00","","-","","","","-"
"514356700865","Current Account","GENTING MALAYSIA BERHAD","MYR","2020-08-01 MY (UTC+08:00)","2020-08-31 MY (UTC+08:00)","64","98","1,000.00","1,000.00","-","-","13/Aug/2020 MY (UTC+08:00)","01:26 MY (UTC+08:00)","XFR DEBIT SVC CHARGE","","2.00","-","011 - System","BTCH6587","1435","XFRDRSVC - SERVICE CHARGE","13,524.00","","-","","","","-"
"514356700865","Current Account","GENTING MALAYSIA BERHAD","MYR","2020-08-01 MY (UTC+08:00)","2020-08-31 MY (UTC+08:00)","64","98","1,000.00","1,000.00","-","-","13/Aug/2020 MY (UTC+08:00)","01:26 MY (UTC+08:00)","GENTING MALAYSIA BERHAD","514011468149","12,524.00","-","011 - System","BTCH6587","1435","XFRDR - FUND TRANSFER DEBIT","1,000.00","","-","","","","-"
"514356700865","Current Account","GENTING MALAYSIA BERHAD","MYR","2020-08-01 MY (UTC+08:00)","2020-08-31 MY (UTC+08:00)","64","98","1,000.00","1,000.00","-","-","14/Aug/2020 MY (UTC+08:00)","07:54 MY (UTC+08:00)","","booking room","-","420.00","003 - ATM","961PHONE","2988","7610 - TRANSFER TO A/C","1,420.00","","-","GOH KENG AIK       *","TRANSFER TO A/C","","-"
"514356700865","Current Account","GENTING MALAYSIA BERHAD","MYR","2020-08-01 MY (UTC+08:00)","2020-08-31 MY (UTC+08:00)","64","98","1,000.00","1,000.00","-","-","14/Aug/2020 MY (UTC+08:00)","21:11 MY (UTC+08:00)","GP MEMBER : 00892862","BOOKING NO : 4","-","140.00","003 - ATM","985PHONE","2988","7610 - TRANSFER TO A/C","1,560.00","","-","SEOW CHIN SHUANG   *","TRANSFER TO A/C","","-"
"514356700865","Current Account","GENTING MALAYSIA BERHAD","MYR","2020-08-01 MY (UTC+08:00)","2020-08-31 MY (UTC+08:00)","64","98","1,000.00","1,000.00","-","-","14/Aug/2020 MY (UTC+08:00)","00:14 MY (UTC+08:00)","BILL PYMT TO COLL.(IB)ACV","","-","290.00","011 - System","CBSX4763","2988","8301 - BILLS PAYMENT CREDIT","1,850.00","","-","","","","-"
"514356700865","Current Account","GENTING MALAYSIA BERHAD","MYR","2020-08-01 MY (UTC+08:00)","2020-08-31 MY (UTC+08:00)","64","98","1,000.00","1,000.00","-","-","14/Aug/2020 MY (UTC+08:00)","00:14 MY (UTC+08:00)","BILL PYMT TO COLL.(IB)511","","-","12,821.00","011 - System","CBSX4763","2988","8301 - BILLS PAYMENT CREDIT","14,671.00","","-","","","","-"
"514356700865","Current Account","GENTING MALAYSIA BERHAD","MYR","2020-08-01 MY (UTC+08:00)","2020-08-31 MY (UTC+08:00)","64","98","1,000.00","1,000.00","-","-","14/Aug/2020 MY (UTC+08:00)","01:10 MY (UTC+08:00)","XFR DEBIT SVC CHARGE","","2.00","-","011 - System","BTCH6587","1435","XFRDRSVC - SERVICE CHARGE","14,669.00","","-","","","","-"
"514356700865","Current Account","GENTING MALAYSIA BERHAD","MYR","2020-08-01 MY (UTC+08:00)","2020-08-31 MY (UTC+08:00)","64","98","1,000.00","1,000.00","-","-","14/Aug/2020 MY (UTC+08:00)","01:10 MY (UTC+08:00)","GENTING MALAYSIA BERHAD","514011468149","13,669.00","-","011 - System","BTCH6587","1435","XFRDR - FUND TRANSFER DEBIT","1,000.00","","-","","","","-"
"514356700865","Current Account","GENTING MALAYSIA BERHAD","MYR","2020-08-01 MY (UTC+08:00)","2020-08-31 MY (UTC+08:00)","64","98","1,000.00","1,000.00","-","-","15/Aug/2020 MY (UTC+08:00)","15:20 MY (UTC+08:00)","CDM CASH DEPOSIT","","-","210.00","003 - ATM","00009FBA","2630","7010 - CDM CASH DEPOSIT","1,210.00","","-","","","","-"
"514356700865","Current Account","GENTING MALAYSIA BERHAD","MYR","2020-08-01 MY (UTC+08:00)","2020-08-31 MY (UTC+08:00)","64","98","1,000.00","1,000.00","-","-","15/Aug/2020 MY (UTC+08:00)","19:04 MY (UTC+08:00)","","4446556 bookin","-","147.00","003 - ATM","921PHONE","2988","7610 - TRANSFER TO A/C","1,357.00","","-","YAP EE LING        *","TRANSFER TO A/C","","-"
"514356700865","Current Account","GENTING MALAYSIA BERHAD","MYR","2020-08-01 MY (UTC+08:00)","2020-08-31 MY (UTC+08:00)","64","98","1,000.00","1,000.00","-","-","15/Aug/2020 MY (UTC+08:00)","23:11 MY (UTC+08:00)","Deluxe rooms","Booking Koo Ah","-","140.00","003 - ATM","962PHONE","2988","7610 - TRANSFER TO A/C","1,497.00","","-","WANG PHEI FERN     *","TRANSFER TO A/C","","-"
"514356700865","Current Account","GENTING MALAYSIA BERHAD","MYR","2020-08-01 MY (UTC+08:00)","2020-08-31 MY (UTC+08:00)","64","98","1,000.00","1,000.00","-","-","15/Aug/2020 MY (UTC+08:00)","00:13 MY (UTC+08:00)","BILL PYMT TO COLL.(IB)511","","-","6,385.00","011 - System","CBSX4763","2988","8301 - BILLS PAYMENT CREDIT","7,882.00","","-","","","","-"
"514356700865","Current Account","GENTING MALAYSIA BERHAD","MYR","2020-08-01 MY (UTC+08:00)","2020-08-31 MY (UTC+08:00)","64","98","1,000.00","1,000.00","-","-","15/Aug/2020 MY (UTC+08:00)","01:19 MY (UTC+08:00)","XFR DEBIT SVC CHARGE","","2.00","-","011 - System","BTCH6587","1435","XFRDRSVC - SERVICE CHARGE","7,880.00","","-","","","","-"
"514356700865","Current Account","GENTING MALAYSIA BERHAD","MYR","2020-08-01 MY (UTC+08:00)","2020-08-31 MY (UTC+08:00)","64","98","1,000.00","1,000.00","-","-","15/Aug/2020 MY (UTC+08:00)","01:19 MY (UTC+08:00)","GENTING MALAYSIA BERHAD","514011468149","6,880.00","-","011 - System","BTCH6587","1435","XFRDR - FUND TRANSFER DEBIT","1,000.00","","-","","","","-"
"514356700865","Current Account","GENTING MALAYSIA BERHAD","MYR","2020-08-01 MY (UTC+08:00)","2020-08-31 MY (UTC+08:00)","64","98","1,000.00","1,000.00","-","-","16/Aug/2020 MY (UTC+08:00)","11:21 MY (UTC+08:00)","","4448949","-","302.00","003 - ATM","910PHONE","2988","7610 - TRANSFER TO A/C","1,302.00","","-","LIM CHEE CHIEN     *","TRANSFER TO A/C","","-"
"514356700865","Current Account","GENTING MALAYSIA BERHAD","MYR","2020-08-01 MY (UTC+08:00)","2020-08-31 MY (UTC+08:00)","64","98","1,000.00","1,000.00","-","-","16/Aug/2020 MY (UTC+08:00)","16:04 MY (UTC+08:00)","","4451247","-","70.00","003 - ATM","919PHONE","2988","7610 - TRANSFER TO A/C","1,372.00","","-","SELVI A/P DEVADASS *","TRANSFER TO A/C","","-"
"514356700865","Current Account","GENTING MALAYSIA BERHAD","MYR","2020-08-01 MY (UTC+08:00)","2020-08-31 MY (UTC+08:00)","64","98","1,000.00","1,000.00","-","-","16/Aug/2020 MY (UTC+08:00)","00:12 MY (UTC+08:00)","BILL PYMT TO COLL.(IB)511","","-","10,041.00","011 - System","CBSX4763","2988","8301 - BILLS PAYMENT CREDIT","11,413.00","","-","","","","-"
"514356700865","Current Account","GENTING MALAYSIA BERHAD","MYR","2020-08-01 MY (UTC+08:00)","2020-08-31 MY (UTC+08:00)","64","98","1,000.00","1,000.00","-","-","16/Aug/2020 MY (UTC+08:00)","01:20 MY (UTC+08:00)","XFR DEBIT SVC CHARGE","","2.00","-","011 - System","BTCH6587","1435","XFRDRSVC - SERVICE CHARGE","11,411.00","","-","","","","-"
"514356700865","Current Account","GENTING MALAYSIA BERHAD","MYR","2020-08-01 MY (UTC+08:00)","2020-08-31 MY (UTC+08:00)","64","98","1,000.00","1,000.00","-","-","16/Aug/2020 MY (UTC+08:00)","01:20 MY (UTC+08:00)","GENTING MALAYSIA BERHAD","514011468149","10,411.00","-","011 - System","BTCH6587","1435","XFRDR - FUND TRANSFER DEBIT","1,000.00","","-","","","","-"
"514356700865","Current Account","GENTING MALAYSIA BERHAD","MYR","2020-08-01 MY (UTC+08:00)","2020-08-31 MY (UTC+08:00)","64","98","1,000.00","1,000.00","-","-","17/Aug/2020 MY (UTC+08:00)","13:29 MY (UTC+08:00)","4430439 and 4430440","Boo Chan huat","-","160.00","003 - ATM","913PHONE","2988","7610 - TRANSFER TO A/C","1,160.00","","-","CHOH CHEE YEN      *","TRANSFER TO A/C","","-"
"514356700865","Current Account","GENTING MALAYSIA BERHAD","MYR","2020-08-01 MY (UTC+08:00)","2020-08-31 MY (UTC+08:00)","64","98","1,000.00","1,000.00","-","-","17/Aug/2020 MY (UTC+08:00)","00:12 MY (UTC+08:00)","BILL PYMT TO COLL.(IB)511","","-","9,238.00","011 - System","CBSX4763","2988","8301 - BILLS PAYMENT CREDIT","10,398.00","","-","","","","-"
"514356700865","Current Account","GENTING MALAYSIA BERHAD","MYR","2020-08-01 MY (UTC+08:00)","2020-08-31 MY (UTC+08:00)","64","98","1,000.00","1,000.00","-","-","17/Aug/2020 MY (UTC+08:00)","01:31 MY (UTC+08:00)","XFR DEBIT SVC CHARGE","","2.00","-","011 - System","BTCH6587","1435","XFRDRSVC - SERVICE CHARGE","10,396.00","","-","","","","-"
"514356700865","Current Account","GENTING MALAYSIA BERHAD","MYR","2020-08-01 MY (UTC+08:00)","2020-08-31 MY (UTC+08:00)","64","98","1,000.00","1,000.00","-","-","17/Aug/2020 MY (UTC+08:00)","01:31 MY (UTC+08:00)","GENTING MALAYSIA BERHAD","514011468149","9,396.00","-","011 - System","BTCH6587","1435","XFRDR - FUND TRANSFER DEBIT","1,000.00","","-","","","","-"
"514356700865","Current Account","GENTING MALAYSIA BERHAD","MYR","2020-08-01 MY (UTC+08:00)","2020-08-31 MY (UTC+08:00)","64","98","1,000.00","1,000.00","-","-","18/Aug/2020 MY (UTC+08:00)","09:52 MY (UTC+08:00)","AWANA 11 TO 14 NOV20","Member 127077411","-","2,493.00","011 - System","CBSX406C","2601","7991 - INTER-BANK PAYMENT INTO A/C","3,493.00","","-","ACCELVANTAGE ACADEM","INTER-BANK PAYMENT INTO A/C","","-"
"514356700865","Current Account","GENTING MALAYSIA BERHAD","MYR","2020-08-01 MY (UTC+08:00)","2020-08-31 MY (UTC+08:00)","64","98","1,000.00","1,000.00","-","-","18/Aug/2020 MY (UTC+08:00)","14:26 MY (UTC+08:00)","LEONG YEW CHOY","FWH4448800","-","70.00","018 - Teller","0000C81A","1997","7100 - CASH DEPOSIT","3,563.00","","-","","","","-"
"514356700865","Current Account","GENTING MALAYSIA BERHAD","MYR","2020-08-01 MY (UTC+08:00)","2020-08-31 MY (UTC+08:00)","64","98","1,000.00","1,000.00","-","-","18/Aug/2020 MY (UTC+08:00)","23:55 MY (UTC+08:00)","Genting 0091865225","Book # 4441943","-","693.00","003 - ATM","902PHONE","2988","7610 - TRANSFER TO A/C","4,256.00","","-","LIM PEI YEE        *","TRANSFER TO A/C","","-"
"514356700865","Current Account","GENTING MALAYSIA BERHAD","MYR","2020-08-01 MY (UTC+08:00)","2020-08-31 MY (UTC+08:00)","64","98","1,000.00","1,000.00","-","-","18/Aug/2020 MY (UTC+08:00)","00:13 MY (UTC+08:00)","BILL PYMT TO COLL.(IB)511","","-","14,482.00","011 - System","CBSX4763","2988","8301 - BILLS PAYMENT CREDIT","18,738.00","","-","","","","-"
"514356700865","Current Account","GENTING MALAYSIA BERHAD","MYR","2020-08-01 MY (UTC+08:00)","2020-08-31 MY (UTC+08:00)","64","98","1,000.00","1,000.00","-","-","18/Aug/2020 MY (UTC+08:00)","01:33 MY (UTC+08:00)","XFR DEBIT SVC CHARGE","","2.00","-","011 - System","BTCH6587","1435","XFRDRSVC - SERVICE CHARGE","18,736.00","","-","","","","-"
"514356700865","Current Account","GENTING MALAYSIA BERHAD","MYR","2020-08-01 MY (UTC+08:00)","2020-08-31 MY (UTC+08:00)","64","98","1,000.00","1,000.00","-","-","18/Aug/2020 MY (UTC+08:00)","01:33 MY (UTC+08:00)","GENTING MALAYSIA BERHAD","514011468149","17,736.00","-","011 - System","BTCH6587","1435","XFRDR - FUND TRANSFER DEBIT","1,000.00","","-","","","","-"
"514356700865","Current Account","GENTING MALAYSIA BERHAD","MYR","2020-08-01 MY (UTC+08:00)","2020-08-31 MY (UTC+08:00)","64","98","1,000.00","1,000.00","-","-","19/Aug/2020 MY (UTC+08:00)","11:34 MY (UTC+08:00)","SANTHA DEVI A/P M GOVINDASAMY","4443854","-","70.00","018 - Teller","000AE27A","1284","7100 - CASH DEPOSIT","1,070.00","","-","","","","-"
"514356700865","Current Account","GENTING MALAYSIA BERHAD","MYR","2020-08-01 MY (UTC+08:00)","2020-08-31 MY (UTC+08:00)","64","98","1,000.00","1,000.00","-","-","19/Aug/2020 MY (UTC+08:00)","11:35 MY (UTC+08:00)","ASITAMBI MUNIANDY","4443860","-","70.00","018 - Teller","000AE27A","1284","7100 - CASH DEPOSIT","1,140.00","","-","","","","-"
"514356700865","Current Account","GENTING MALAYSIA BERHAD","MYR","2020-08-01 MY (UTC+08:00)","2020-08-31 MY (UTC+08:00)","64","98","1,000.00","1,000.00","-","-","19/Aug/2020 MY (UTC+08:00)","17:26 MY (UTC+08:00)","","Genting Grand","-","567.00","003 - ATM","931PHONE","2988","7610 - TRANSFER TO A/C","1,707.00","","-","MICHEAL CHAN KHENG *","TRANSFER TO A/C","","-"
"514356700865","Current Account","GENTING MALAYSIA BERHAD","MYR","2020-08-01 MY (UTC+08:00)","2020-08-31 MY (UTC+08:00)","64","98","1,000.00","1,000.00","-","-","19/Aug/2020 MY (UTC+08:00)","00:13 MY (UTC+08:00)","BILL PYMT TO COLL.(IB)AHY","","-","350.00","011 - System","CBSX4763","2988","8301 - BILLS PAYMENT CREDIT","2,057.00","","-","","","","-"
"514356700865","Current Account","GENTING MALAYSIA BERHAD","MYR","2020-08-01 MY (UTC+08:00)","2020-08-31 MY (UTC+08:00)","64","98","1,000.00","1,000.00","-","-","19/Aug/2020 MY (UTC+08:00)","00:13 MY (UTC+08:00)","BILL PYMT TO COLL.(IB)511","","-","11,016.00","011 - System","CBSX4763","2988","8301 - BILLS PAYMENT CREDIT","13,073.00","","-","","","","-"
"514356700865","Current Account","GENTING MALAYSIA BERHAD","MYR","2020-08-01 MY (UTC+08:00)","2020-08-31 MY (UTC+08:00)","64","98","1,000.00","1,000.00","-","-","19/Aug/2020 MY (UTC+08:00)","01:28 MY (UTC+08:00)","GENTING MALAYSIA BERHAD","514011468149","12,071.00","-","011 - System","BTCH6587","1435","XFRDR - FUND TRANSFER DEBIT","1,002.00","","-","","","","-"
"514356700865","Current Account","GENTING MALAYSIA BERHAD","MYR","2020-08-01 MY (UTC+08:00)","2020-08-31 MY (UTC+08:00)","64","98","1,000.00","1,000.00","-","-","19/Aug/2020 MY (UTC+08:00)","01:28 MY (UTC+08:00)","XFR DEBIT SVC CHARGE","","2.00","-","011 - System","BTCH6587","1435","XFRDRSVC - SERVICE CHARGE","1,000.00","","-","","","","-"
"514356700865","Current Account","GENTING MALAYSIA BERHAD","MYR","2020-08-01 MY (UTC+08:00)","2020-08-31 MY (UTC+08:00)","64","98","1,000.00","1,000.00","-","-","20/Aug/2020 MY (UTC+08:00)","14:02 MY (UTC+08:00)","CDM CASH DEPOSIT","","-","280.00","003 - ATM","0002B1DA","2630","7010 - CDM CASH DEPOSIT","1,280.00","","-","","","","-"
"514356700865","Current Account","GENTING MALAYSIA BERHAD","MYR","2020-08-01 MY (UTC+08:00)","2020-08-31 MY (UTC+08:00)","64","98","1,000.00","1,000.00","-","-","20/Aug/2020 MY (UTC+08:00)","00:13 MY (UTC+08:00)","BILL PYMT TO COLL.(IB)511","","-","6,038.00","011 - System","CBSX4763","2988","8301 - BILLS PAYMENT CREDIT","7,318.00","","-","","","","-"
"514356700865","Current Account","GENTING MALAYSIA BERHAD","MYR","2020-08-01 MY (UTC+08:00)","2020-08-31 MY (UTC+08:00)","64","98","1,000.00","1,000.00","-","-","20/Aug/2020 MY (UTC+08:00)","01:19 MY (UTC+08:00)","XFR DEBIT SVC CHARGE","","2.00","-","011 - System","BTCH6587","1435","XFRDRSVC - SERVICE CHARGE","7,316.00","","-","","","","-"
"514356700865","Current Account","GENTING MALAYSIA BERHAD","MYR","2020-08-01 MY (UTC+08:00)","2020-08-31 MY (UTC+08:00)","64","98","1,000.00","1,000.00","-","-","20/Aug/2020 MY (UTC+08:00)","01:19 MY (UTC+08:00)","GENTING MALAYSIA BERHAD","514011468149","6,316.00","-","011 - System","BTCH6587","1435","XFRDR - FUND TRANSFER DEBIT","1,000.00","","-","","","","-"
"514356700865","Current Account","GENTING MALAYSIA BERHAD","MYR","2020-08-01 MY (UTC+08:00)","2020-08-31 MY (UTC+08:00)","64","98","1,000.00","1,000.00","-","-","21/Aug/2020 MY (UTC+08:00)","09:40 MY (UTC+08:00)","BEBK082053319608","fwh4462697","-","70.00","011 - System","CBSX406C","2601","7991 - INTER-BANK PAYMENT INTO A/C","1,070.00","","-","LEE SIN CHAI","INTER-BANK PAYMENT INTO A/C","","-"
"514356700865","Current Account","GENTING MALAYSIA BERHAD","MYR","2020-08-01 MY (UTC+08:00)","2020-08-31 MY (UTC+08:00)","64","98","1,000.00","1,000.00","-","-","21/Aug/2020 MY (UTC+08:00)","12:55 MY (UTC+08:00)","CDM CASH DEPOSIT","","-","70.00","003 - ATM","0002AFBA","2630","7010 - CDM CASH DEPOSIT","1,140.00","","-","","","","-"
"514356700865","Current Account","GENTING MALAYSIA BERHAD","MYR","2020-08-01 MY (UTC+08:00)","2020-08-31 MY (UTC+08:00)","64","98","1,000.00","1,000.00","-","-","21/Aug/2020 MY (UTC+08:00)","12:59 MY (UTC+08:00)","SANTHA DEVI","4456312","-","70.00","018 - Teller","0004530A","1211","7100 - CASH DEPOSIT","1,210.00","","-","","","","-"
"514356700865","Current Account","GENTING MALAYSIA BERHAD","MYR","2020-08-01 MY (UTC+08:00)","2020-08-31 MY (UTC+08:00)","64","98","1,000.00","1,000.00","-","-","21/Aug/2020 MY (UTC+08:00)","13:00 MY (UTC+08:00)","ASITAMBI MUNIANDY","4456302","-","70.00","018 - Teller","0004530A","1211","7100 - CASH DEPOSIT","1,280.00","","-","","","","-"
"514356700865","Current Account","GENTING MALAYSIA BERHAD","MYR","2020-08-01 MY (UTC+08:00)","2020-08-31 MY (UTC+08:00)","64","98","1,000.00","1,000.00","-","-","21/Aug/2020 MY (UTC+08:00)","00:13 MY (UTC+08:00)","BILL PYMT TO COLL.(IB)511","","-","4,885.00","011 - System","CBSX4763","2988","8301 - BILLS PAYMENT CREDIT","6,165.00","","-","","","","-"
"514356700865","Current Account","GENTING MALAYSIA BERHAD","MYR","2020-08-01 MY (UTC+08:00)","2020-08-31 MY (UTC+08:00)","64","98","1,000.00","1,000.00","-","-","21/Aug/2020 MY (UTC+08:00)","01:15 MY (UTC+08:00)","XFR DEBIT SVC CHARGE","","2.00","-","011 - System","BTCH6587","1435","XFRDRSVC - SERVICE CHARGE","6,163.00","","-","","","","-"
"514356700865","Current Account","GENTING MALAYSIA BERHAD","MYR","2020-08-01 MY (UTC+08:00)","2020-08-31 MY (UTC+08:00)","64","98","1,000.00","1,000.00","-","-","21/Aug/2020 MY (UTC+08:00)","01:15 MY (UTC+08:00)","GENTING MALAYSIA BERHAD","514011468149","5,163.00","-","011 - System","BTCH6587","1435","XFRDR - FUND TRANSFER DEBIT","1,000.00","","-","","","","-"
"514356700865","Current Account","GENTING MALAYSIA BERHAD","MYR","2020-08-01 MY (UTC+08:00)","2020-08-31 MY (UTC+08:00)","64","98","1,000.00","1,000.00","-","-","23/Aug/2020 MY (UTC+08:00)","13:33 MY (UTC+08:00)","","Thx","-","220.00","003 - ATM","966PHONE","2988","7610 - TRANSFER TO A/C","1,220.00","","-","SAMUEL CHONG SONG A*","TRANSFER TO A/C","","-"
"514356700865","Current Account","GENTING MALAYSIA BERHAD","MYR","2020-08-01 MY (UTC+08:00)","2020-08-31 MY (UTC+08:00)","64","98","1,000.00","1,000.00","-","-","23/Aug/2020 MY (UTC+08:00)","00:12 MY (UTC+08:00)","BILL PYMT TO COLL.(IB)511","","-","70.00","011 - System","CBSX4763","2988","8301 - BILLS PAYMENT CREDIT","1,290.00","","-","","","","-"
"514356700865","Current Account","GENTING MALAYSIA BERHAD","MYR","2020-08-01 MY (UTC+08:00)","2020-08-31 MY (UTC+08:00)","64","98","1,000.00","1,000.00","-","-","23/Aug/2020 MY (UTC+08:00)","01:23 MY (UTC+08:00)","XFR DEBIT SVC CHARGE","","2.00","-","011 - System","BTCH6587","1435","XFRDRSVC - SERVICE CHARGE","1,288.00","","-","","","","-"
"514356700865","Current Account","GENTING MALAYSIA BERHAD","MYR","2020-08-01 MY (UTC+08:00)","2020-08-31 MY (UTC+08:00)","64","98","1,000.00","1,000.00","-","-","23/Aug/2020 MY (UTC+08:00)","01:23 MY (UTC+08:00)","GENTING MALAYSIA BERHAD","514011468149","288.00","-","011 - System","BTCH6587","1435","XFRDR - FUND TRANSFER DEBIT","1,000.00","","-","","","","-"
"514356700865","Current Account","GENTING MALAYSIA BERHAD","MYR","2020-08-01 MY (UTC+08:00)","2020-08-31 MY (UTC+08:00)","64","98","1,000.00","1,000.00","-","-","24/Aug/2020 MY (UTC+08:00)","09:19 MY (UTC+08:00)","","0088497896","-","320.00","003 - ATM","905PHONE","2988","7610 - TRANSFER TO A/C","1,320.00","","-","HENG AIK JIUNN     *","TRANSFER TO A/C","","-"
"514356700865","Current Account","GENTING MALAYSIA BERHAD","MYR","2020-08-01 MY (UTC+08:00)","2020-08-31 MY (UTC+08:00)","64","98","1,000.00","1,000.00","-","-","24/Aug/2020 MY (UTC+08:00)","09:39 MY (UTC+08:00)","BMBK082207530210","Pay By 4473531","-","70.00","011 - System","CBSX406C","2601","7991 - INTER-BANK PAYMENT INTO A/C","1,390.00","","-","NEW KAI SAN","INTER-BANK PAYMENT INTO A/C","","-"
"514356700865","Current Account","GENTING MALAYSIA BERHAD","MYR","2020-08-01 MY (UTC+08:00)","2020-08-31 MY (UTC+08:00)","64","98","1,000.00","1,000.00","-","-","24/Aug/2020 MY (UTC+08:00)","09:39 MY (UTC+08:00)","BMBK082205768554","Pay By 4473530","-","70.00","011 - System","CBSX406C","2601","7991 - INTER-BANK PAYMENT INTO A/C","1,460.00","","-","NEW KAI SAN","INTER-BANK PAYMENT INTO A/C","","-"
"514356700865","Current Account","GENTING MALAYSIA BERHAD","MYR","2020-08-01 MY (UTC+08:00)","2020-08-31 MY (UTC+08:00)","64","98","1,000.00","1,000.00","-","-","24/Aug/2020 MY (UTC+08:00)","00:13 MY (UTC+08:00)","BILL PYMT TO COLL.(IB)ACV","","-","290.00","011 - System","CBSX4763","2988","8301 - BILLS PAYMENT CREDIT","1,750.00","","-","","","","-"
"514356700865","Current Account","GENTING MALAYSIA BERHAD","MYR","2020-08-01 MY (UTC+08:00)","2020-08-31 MY (UTC+08:00)","64","98","1,000.00","1,000.00","-","-","24/Aug/2020 MY (UTC+08:00)","01:28 MY (UTC+08:00)","XFR DEBIT SVC CHARGE","","2.00","-","011 - System","BTCH6587","1435","XFRDRSVC - SERVICE CHARGE","1,748.00","","-","","","","-"
"514356700865","Current Account","GENTING MALAYSIA BERHAD","MYR","2020-08-01 MY (UTC+08:00)","2020-08-31 MY (UTC+08:00)","64","98","1,000.00","1,000.00","-","-","24/Aug/2020 MY (UTC+08:00)","01:28 MY (UTC+08:00)","GENTING MALAYSIA BERHAD","514011468149","748.00","-","011 - System","BTCH6587","1435","XFRDR - FUND TRANSFER DEBIT","1,000.00","","-","","","","-"
"514356700865","Current Account","GENTING MALAYSIA BERHAD","MYR","2020-08-01 MY (UTC+08:00)","2020-08-31 MY (UTC+08:00)","64","98","1,000.00","1,000.00","-","-","25/Aug/2020 MY (UTC+08:00)","00:12 MY (UTC+08:00)","BILL PYMT TO COLL.(IB)ACV","","-","580.00","011 - System","CBSX4763","2988","8301 - BILLS PAYMENT CREDIT","1,580.00","","-","","","","-"
"514356700865","Current Account","GENTING MALAYSIA BERHAD","MYR","2020-08-01 MY (UTC+08:00)","2020-08-31 MY (UTC+08:00)","64","98","1,000.00","1,000.00","-","-","25/Aug/2020 MY (UTC+08:00)","01:34 MY (UTC+08:00)","XFR DEBIT SVC CHARGE","","2.00","-","011 - System","BTCH6587","1435","XFRDRSVC - SERVICE CHARGE","1,578.00","","-","","","","-"
"514356700865","Current Account","GENTING MALAYSIA BERHAD","MYR","2020-08-01 MY (UTC+08:00)","2020-08-31 MY (UTC+08:00)","64","98","1,000.00","1,000.00","-","-","25/Aug/2020 MY (UTC+08:00)","01:34 MY (UTC+08:00)","GENTING MALAYSIA BERHAD","514011468149","578.00","-","011 - System","BTCH6587","1435","XFRDR - FUND TRANSFER DEBIT","1,000.00","","-","","","","-"
"514356700865","Current Account","GENTING MALAYSIA BERHAD","MYR","2020-08-01 MY (UTC+08:00)","2020-08-31 MY (UTC+08:00)","64","98","1,000.00","1,000.00","-","-","26/Aug/2020 MY (UTC+08:00)","09:36 MY (UTC+08:00)","BMBK082523352893","Pay By 4480300","-","110.00","011 - System","CBSX406C","2601","7991 - INTER-BANK PAYMENT INTO A/C","1,110.00","","-","NEW KAI SAN","INTER-BANK PAYMENT INTO A/C","","-"
"514356700865","Current Account","GENTING MALAYSIA BERHAD","MYR","2020-08-01 MY (UTC+08:00)","2020-08-31 MY (UTC+08:00)","64","98","1,000.00","1,000.00","-","-","26/Aug/2020 MY (UTC+08:00)","00:13 MY (UTC+08:00)","BILL PYMT TO COLL.(IB)ACV","","-","1,750.00","011 - System","CBSX4763","2988","8301 - BILLS PAYMENT CREDIT","2,860.00","","-","","","","-"
"514356700865","Current Account","GENTING MALAYSIA BERHAD","MYR","2020-08-01 MY (UTC+08:00)","2020-08-31 MY (UTC+08:00)","64","98","1,000.00","1,000.00","-","-","26/Aug/2020 MY (UTC+08:00)","01:35 MY (UTC+08:00)","XFR DEBIT SVC CHARGE","","2.00","-","011 - System","BTCH6587","1435","XFRDRSVC - SERVICE CHARGE","2,858.00","","-","","","","-"
"514356700865","Current Account","GENTING MALAYSIA BERHAD","MYR","2020-08-01 MY (UTC+08:00)","2020-08-31 MY (UTC+08:00)","64","98","1,000.00","1,000.00","-","-","26/Aug/2020 MY (UTC+08:00)","01:35 MY (UTC+08:00)","GENTING MALAYSIA BERHAD","514011468149","1,858.00","-","011 - System","BTCH6587","1435","XFRDR - FUND TRANSFER DEBIT","1,000.00","","-","","","","-"
"514356700865","Current Account","GENTING MALAYSIA BERHAD","MYR","2020-08-01 MY (UTC+08:00)","2020-08-31 MY (UTC+08:00)","64","98","1,000.00","1,000.00","-","-","27/Aug/2020 MY (UTC+08:00)","00:13 MY (UTC+08:00)","BILL PYMT TO COLL.(IB)ACV","","-","435.00","011 - System","CBSX4763","2988","8301 - BILLS PAYMENT CREDIT","1,435.00","","-","","","","-"
"514356700865","Current Account","GENTING MALAYSIA BERHAD","MYR","2020-08-01 MY (UTC+08:00)","2020-08-31 MY (UTC+08:00)","64","98","1,000.00","1,000.00","-","-","27/Aug/2020 MY (UTC+08:00)","01:31 MY (UTC+08:00)","XFR DEBIT SVC CHARGE","","2.00","-","011 - System","BTCH6587","1435","XFRDRSVC - SERVICE CHARGE","1,433.00","","-","","","","-"
"514356700865","Current Account","GENTING MALAYSIA BERHAD","MYR","2020-08-01 MY (UTC+08:00)","2020-08-31 MY (UTC+08:00)","64","98","1,000.00","1,000.00","-","-","27/Aug/2020 MY (UTC+08:00)","01:31 MY (UTC+08:00)","GENTING MALAYSIA BERHAD","514011468149","433.00","-","011 - System","BTCH6587","1435","XFRDR - FUND TRANSFER DEBIT","1,000.00","","-","","","","-"
"514356700865","Current Account","GENTING MALAYSIA BERHAD","MYR","2020-08-01 MY (UTC+08:00)","2020-08-31 MY (UTC+08:00)","64","98","1,000.00","1,000.00","-","-","28/Aug/2020 MY (UTC+08:00)","09:36 MY (UTC+08:00)","","payment","-","1,600.00","003 - ATM","985PHONE","2988","7610 - TRANSFER TO A/C","2,600.00","","-","KONG FEI SIANG     *","TRANSFER TO A/C","","-"
"514356700865","Current Account","GENTING MALAYSIA BERHAD","MYR","2020-08-01 MY (UTC+08:00)","2020-08-31 MY (UTC+08:00)","64","98","1,000.00","1,000.00","-","-","28/Aug/2020 MY (UTC+08:00)","10:40 MY (UTC+08:00)","","payment bn 449","-","1,600.00","003 - ATM","935PHONE","2988","7610 - TRANSFER TO A/C","4,200.00","","-","KONG FEI SIANG     *","TRANSFER TO A/C","","-"
"514356700865","Current Account","GENTING MALAYSIA BERHAD","MYR","2020-08-01 MY (UTC+08:00)","2020-08-31 MY (UTC+08:00)","64","98","1,000.00","1,000.00","-","-","28/Aug/2020 MY (UTC+08:00)","16:36 MY (UTC+08:00)","4498161","genting malays","-","110.00","003 - ATM","930PHONE","2988","7610 - TRANSFER TO A/C","4,310.00","","-","CHAN BOON HONG     *","TRANSFER TO A/C","","-"
"514356700865","Current Account","GENTING MALAYSIA BERHAD","MYR","2020-08-01 MY (UTC+08:00)","2020-08-31 MY (UTC+08:00)","64","98","1,000.00","1,000.00","-","-","28/Aug/2020 MY (UTC+08:00)","00:13 MY (UTC+08:00)","BILL PYMT TO COLL.(IB)ACV","","-","435.00","011 - System","CBSX4763","2988","8301 - BILLS PAYMENT CREDIT","4,745.00","","-","","","","-"
"514356700865","Current Account","GENTING MALAYSIA BERHAD","MYR","2020-08-01 MY (UTC+08:00)","2020-08-31 MY (UTC+08:00)","64","98","1,000.00","1,000.00","-","-","28/Aug/2020 MY (UTC+08:00)","01:37 MY (UTC+08:00)","XFR DEBIT SVC CHARGE","","2.00","-","011 - System","BTCH6587","1435","XFRDRSVC - SERVICE CHARGE","4,743.00","","-","","","","-"
"514356700865","Current Account","GENTING MALAYSIA BERHAD","MYR","2020-08-01 MY (UTC+08:00)","2020-08-31 MY (UTC+08:00)","64","98","1,000.00","1,000.00","-","-","28/Aug/2020 MY (UTC+08:00)","01:37 MY (UTC+08:00)","GENTING MALAYSIA BERHAD","514011468149","3,743.00","-","011 - System","BTCH6587","1435","XFRDR - FUND TRANSFER DEBIT","1,000.00","","-","","","","-"
"514356700865","Current Account","GENTING MALAYSIA BERHAD","MYR","2020-08-01 MY (UTC+08:00)","2020-08-31 MY (UTC+08:00)","64","98","1,000.00","1,000.00","-","-","29/Aug/2020 MY (UTC+08:00)","00:12 MY (UTC+08:00)","BILL PYMT TO COLL.(IB)511","","-","70.00","011 - System","CBSX4763","2988","8301 - BILLS PAYMENT CREDIT","1,070.00","","-","","","","-"
"514356700865","Current Account","GENTING MALAYSIA BERHAD","MYR","2020-08-01 MY (UTC+08:00)","2020-08-31 MY (UTC+08:00)","64","98","1,000.00","1,000.00","-","-","29/Aug/2020 MY (UTC+08:00)","01:30 MY (UTC+08:00)","XFR DEBIT SVC CHARGE","","2.00","-","011 - System","BTCH6587","1435","XFRDRSVC - SERVICE CHARGE","1,068.00","","-","","","","-"
"514356700865","Current Account","GENTING MALAYSIA BERHAD","MYR","2020-08-01 MY (UTC+08:00)","2020-08-31 MY (UTC+08:00)","64","98","1,000.00","1,000.00","-","-","29/Aug/2020 MY (UTC+08:00)","01:30 MY (UTC+08:00)","GENTING MALAYSIA BERHAD","514011468149","68.00","-","011 - System","BTCH6587","1435","XFRDR - FUND TRANSFER DEBIT","1,000.00","","-","","","","-"
"514356700865","Current Account","GENTING MALAYSIA BERHAD","MYR","2020-08-01 MY (UTC+08:00)","2020-08-31 MY (UTC+08:00)","64","98","1,000.00","1,000.00","-","-","30/Aug/2020 MY (UTC+08:00)","00:13 MY (UTC+08:00)","BILL PYMT TO COLL.(IB)511","","-","70.00","011 - System","CBSX4763","2988","8301 - BILLS PAYMENT CREDIT","1,070.00","","-","","","","-"
"514356700865","Current Account","GENTING MALAYSIA BERHAD","MYR","2020-08-01 MY (UTC+08:00)","2020-08-31 MY (UTC+08:00)","64","98","1,000.00","1,000.00","-","-","30/Aug/2020 MY (UTC+08:00)","01:26 MY (UTC+08:00)","XFR DEBIT SVC CHARGE","","2.00","-","011 - System","BTCH6587","1435","XFRDRSVC - SERVICE CHARGE","1,068.00","","-","","","","-"
"514356700865","Current Account","GENTING MALAYSIA BERHAD","MYR","2020-08-01 MY (UTC+08:00)","2020-08-31 MY (UTC+08:00)","64","98","1,000.00","1,000.00","-","-","30/Aug/2020 MY (UTC+08:00)","01:26 MY (UTC+08:00)","GENTING MALAYSIA BERHAD","514011468149","68.00","-","011 - System","BTCH6587","1435","XFRDR - FUND TRANSFER DEBIT","1,000.00","","-","","","","-"
"514356700865","Current Account","GENTING MALAYSIA BERHAD","MYR","2020-08-01 MY (UTC+08:00)","2020-08-31 MY (UTC+08:00)","64","98","1,000.00","1,000.00","-","-","31/Aug/2020 MY (UTC+08:00)","12:48 MY (UTC+08:00)","CDM CASH DEPOSIT","","-","80.00","003 - ATM","000DCF1A","2630","7010 - CDM CASH DEPOSIT","1,080.00","","-","","","","-"
"514356700865","Current Account","GENTING MALAYSIA BERHAD","MYR","2020-08-01 MY (UTC+08:00)","2020-08-31 MY (UTC+08:00)","64","98","1,000.00","1,000.00","-","-","31/Aug/2020 MY (UTC+08:00)","00:13 MY (UTC+08:00)","BILL PYMT TO COLL.(IB)511","","-","180.00","011 - System","CBSX4763","2988","8301 - BILLS PAYMENT CREDIT","1,260.00","","-","","","","-"
"514356700865","Current Account","GENTING MALAYSIA BERHAD","MYR","2020-08-01 MY (UTC+08:00)","2020-08-31 MY (UTC+08:00)","64","98","1,000.00","1,000.00","-","-","31/Aug/2020 MY (UTC+08:00)","01:24 MY (UTC+08:00)","XFR DEBIT SVC CHARGE","","2.00","-","011 - System","BTCH6587","1435","XFRDRSVC - SERVICE CHARGE","1,258.00","","-","","","","-"
"514356700865","Current Account","GENTING MALAYSIA BERHAD","MYR","2020-08-01 MY (UTC+08:00)","2020-08-31 MY (UTC+08:00)","64","98","1,000.00","1,000.00","-","-","31/Aug/2020 MY (UTC+08:00)","01:24 MY (UTC+08:00)","GENTING MALAYSIA BERHAD","514011468149","258.00","-","011 - System","BTCH6587","1435","XFRDR - FUND TRANSFER DEBIT","1,000.00","","-","","","","-"
