Terminal Activity Report
Generation Date:07-Sep-2020 08:25:36
Merchant Number:000001130800360
Settlement Date:05-Sep-2020
No.,Merchant Name,Merchant Id,EDC Terminal No.,Settlement Date,EDC Batch No.,Statement Batch No.,Card No./Trans. ID,Trans. Date,Trans. Time,Approval Code,Trans. Amount,MDR Rate,Disc. Amount,Nett Amount,Card Brand,Interchange Fee Code
1.,R.WORLD LGKAWI-RESERV-MO,000001130800360,64404831,05-Sep-2020,66,72722,4322-07xx-xxxx-6822,05-Sep-2020,10:57:07,684121,360.00,1.20,-4.32,355.68,Visa Credit,CR
 ,,,,,,,,,,TOTAL,360.00,,-4.32,355.68