﻿Account Number,Account Type,Account Name,Account Currency,Date From,Date To,Total Debit,Total Credit,Begin Balance,End Balance,Transaction Date,Transaction Time,Posting Date,Processing Time,Transaction Description,Transaction Ref,Debit,Credit,Source Code,Teller ID,Branch/Channel,Transaction Code,End Balance,Filler,Virtual Account,Transaction Description 2,Transaction Description 3,Transaction Description 4,Expiry Date
"706061000064","Foreign Current Account","GENTING MALAYSIA BERHAD","USD","2020-08-01 MY (UTC+08:00)","2020-08-31 MY (UTC+08:00)","3","2","1,600.68","1,347.45","-","-","01/Aug/2020 MY (UTC+08:00)","03:15 MY (UTC+08:00)","INTEREST PAYMENT","","-","0.08","011 - System","CBSX6659","0606","INTPAY - INTEREST PAYMENT","1,600.76","","-","","","","-"
"706061000064","Foreign Current Account","GENTING MALAYSIA BERHAD","USD","2020-08-01 MY (UTC+08:00)","2020-08-31 MY (UTC+08:00)","3","2","1,600.68","1,347.45","-","-","11/Aug/2020 MY (UTC+08:00)","16:35 MY (UTC+08:00)","RFDDD100820MN001007008915","100820 USD","46.66","-","018 - Teller","000ABB0A","0606","6320 - TRANSFER FUNDS TO MYR A/C","1,554.10","","-","","","","-"
"706061000064","Foreign Current Account","GENTING MALAYSIA BERHAD","USD","2020-08-01 MY (UTC+08:00)","2020-08-31 MY (UTC+08:00)","3","2","1,600.68","1,347.45","-","-","11/Aug/2020 MY (UTC+08:00)","16:56 MY (UTC+08:00)","REV  2020224 0165647 0017366","100820 USD","-","46.66","018 - Teller","000ABB0A","0606","6328 - ","1,600.76","","-","","","","-"
"706061000064","Foreign Current Account","GENTING MALAYSIA BERHAD","USD","2020-08-01 MY (UTC+08:00)","2020-08-31 MY (UTC+08:00)","3","2","1,600.68","1,347.45","-","-","11/Aug/2020 MY (UTC+08:00)","17:00 MY (UTC+08:00)","RFDDD100820MN001007008915","100820 USD","45.66","-","018 - Teller","000ABB0A","0606","6320 - TRANSFER FUNDS TO MYR A/C","1,555.10","","-","","","","-"
"706061000064","Foreign Current Account","GENTING MALAYSIA BERHAD","USD","2020-08-01 MY (UTC+08:00)","2020-08-31 MY (UTC+08:00)","3","2","1,600.68","1,347.45","-","-","19/Aug/2020 MY (UTC+08:00)","14:46 MY (UTC+08:00)","RFD DD 190820 MN 004007008915","MN004007008915","207.65","-","018 - Teller","000ABBDA","0606","6320 - TRANSFER FUNDS TO MYR A/C","1,347.45","","-","","","","-"
