﻿Account Number,Account Type,Account Name,Account Currency,Date From,Date To,Total Debit,Total Credit,Begin Balance,End Balance,Transaction Date,Transaction Time,Posting Date,Processing Time,Transaction Description,Transaction Ref,Debit,Credit,Source Code,Teller ID,Branch/Channel,Transaction Code,End Balance,Filler,Virtual Account,Transaction Description 2,Transaction Description 3,Transaction Description 4,Expiry Date
"706061000064","Foreign Current Account","GENTING MALAYSIA BERHAD","SGD","2020-08-01 MY (UTC+08:00)","2020-08-31 MY (UTC+08:00)","12","3","16,534.80","4,624.45","-","-","10/Aug/2020 MY (UTC+08:00)","15:14 MY (UTC+08:00)","RFD DD 100820 MN 004007008915","10082020 SGD","5,469.66","-","018 - Teller","000ABB0A","0606","6320 - TRANSFER FUNDS TO MYR A/C","11,065.14","","-","","","","-"
"706061000064","Foreign Current Account","GENTING MALAYSIA BERHAD","SGD","2020-08-01 MY (UTC+08:00)","2020-08-31 MY (UTC+08:00)","12","3","16,534.80","4,624.45","-","-","10/Aug/2020 MY (UTC+08:00)","15:21 MY (UTC+08:00)","RFDDD100820MN004007008915","100820 SGD","113.72","-","018 - Teller","000ABB0A","0606","6320 - TRANSFER FUNDS TO MYR A/C","10,951.42","","-","","","","-"
"706061000064","Foreign Current Account","GENTING MALAYSIA BERHAD","SGD","2020-08-01 MY (UTC+08:00)","2020-08-31 MY (UTC+08:00)","12","3","16,534.80","4,624.45","-","-","10/Aug/2020 MY (UTC+08:00)","15:27 MY (UTC+08:00)","RFDDD100820MN001007008915","100820 SGD","45.66","-","018 - Teller","000ABB0A","0606","6320 - TRANSFER FUNDS TO MYR A/C","10,905.76","","-","","","","-"
"706061000064","Foreign Current Account","GENTING MALAYSIA BERHAD","SGD","2020-08-01 MY (UTC+08:00)","2020-08-31 MY (UTC+08:00)","12","3","16,534.80","4,624.45","-","-","10/Aug/2020 MY (UTC+08:00)","02:12 MY (UTC+08:00)","C/CARD SALES MN   400700891XXX","","-","46.61","011 - System","CBSX6659","0606","CARDFCCR - ","10,952.37","","-","","","","-"
"706061000064","Foreign Current Account","GENTING MALAYSIA BERHAD","SGD","2020-08-01 MY (UTC+08:00)","2020-08-31 MY (UTC+08:00)","12","3","16,534.80","4,624.45","-","-","10/Aug/2020 MY (UTC+08:00)","02:12 MY (UTC+08:00)","C/CARD CHARGES MN 400700891XXX","","6.00","-","011 - System","CBSX6659","0606","CARDFCCH - ","10,946.37","","-","","","","-"
"706061000064","Foreign Current Account","GENTING MALAYSIA BERHAD","SGD","2020-08-01 MY (UTC+08:00)","2020-08-31 MY (UTC+08:00)","12","3","16,534.80","4,624.45","-","-","11/Aug/2020 MY (UTC+08:00)","15:14 MY (UTC+08:00)","RFDDD110820MN004007008915","110820 SGD","765.99","-","018 - Teller","000ABB0A","0606","6320 - TRANSFER FUNDS TO MYR A/C","10,180.38","","-","","","","-"
"706061000064","Foreign Current Account","GENTING MALAYSIA BERHAD","SGD","2020-08-01 MY (UTC+08:00)","2020-08-31 MY (UTC+08:00)","12","3","16,534.80","4,624.45","-","-","11/Aug/2020 MY (UTC+08:00)","15:20 MY (UTC+08:00)","RFDDD110820MN004007008915","110820 SGD","287.56","-","018 - Teller","000ABB0A","0606","6320 - TRANSFER FUNDS TO MYR A/C","9,892.82","","-","","","","-"
"706061000064","Foreign Current Account","GENTING MALAYSIA BERHAD","SGD","2020-08-01 MY (UTC+08:00)","2020-08-31 MY (UTC+08:00)","12","3","16,534.80","4,624.45","-","-","11/Aug/2020 MY (UTC+08:00)","16:05 MY (UTC+08:00)","FCA MISC NON CASH CREDIT","REVRFDDD100820","-","45.66","018 - Teller","000ABB0A","0606","7500 - MISC NON CASH CREDIT","9,938.48","","-","","","","-"
"706061000064","Foreign Current Account","GENTING MALAYSIA BERHAD","SGD","2020-08-01 MY (UTC+08:00)","2020-08-31 MY (UTC+08:00)","12","3","16,534.80","4,624.45","-","-","12/Aug/2020 MY (UTC+08:00)","17:53 MY (UTC+08:00)","RFDD100820MN001007008915","100820 SGD","45.66","-","018 - Teller","000ABB0A","0606","6500 - MISC NON CASH DEBIT","9,892.82","","-","","","","-"
"706061000064","Foreign Current Account","GENTING MALAYSIA BERHAD","SGD","2020-08-01 MY (UTC+08:00)","2020-08-31 MY (UTC+08:00)","12","3","16,534.80","4,624.45","-","-","13/Aug/2020 MY (UTC+08:00)","10:43 MY (UTC+08:00)","RFDDD100820MN001007008915","REV 100820","-","45.66","018 - Teller","000ABB0A","0606","7320 - RECEIVE FUNDS FROM MYR A/C","9,938.48","","-","","","","-"
"706061000064","Foreign Current Account","GENTING MALAYSIA BERHAD","SGD","2020-08-01 MY (UTC+08:00)","2020-08-31 MY (UTC+08:00)","12","3","16,534.80","4,624.45","-","-","18/Aug/2020 MY (UTC+08:00)","11:29 MY (UTC+08:00)","RFD DD 170820 MN 004007008915","MN004007008915","3,646.71","-","018 - Teller","000ABB1A","0606","6320 - TRANSFER FUNDS TO MYR A/C","6,291.77","","-","","","","-"
"706061000064","Foreign Current Account","GENTING MALAYSIA BERHAD","SGD","2020-08-01 MY (UTC+08:00)","2020-08-31 MY (UTC+08:00)","12","3","16,534.80","4,624.45","-","-","18/Aug/2020 MY (UTC+08:00)","11:44 MY (UTC+08:00)","RFD DD 170820 MN 004007008915","MN004007008915","152.37","-","018 - Teller","000ABB1A","0606","6320 - TRANSFER FUNDS TO MYR A/C","6,139.40","","-","","","","-"
"706061000064","Foreign Current Account","GENTING MALAYSIA BERHAD","SGD","2020-08-01 MY (UTC+08:00)","2020-08-31 MY (UTC+08:00)","12","3","16,534.80","4,624.45","-","-","19/Aug/2020 MY (UTC+08:00)","15:11 MY (UTC+08:00)","RFD DD 190820 MN 004007008915","MN004007008915","661.13","-","018 - Teller","000ABBDA","0606","6320 - TRANSFER FUNDS TO MYR A/C","5,478.27","","-","","","","-"
"706061000064","Foreign Current Account","GENTING MALAYSIA BERHAD","SGD","2020-08-01 MY (UTC+08:00)","2020-08-31 MY (UTC+08:00)","12","3","16,534.80","4,624.45","-","-","19/Aug/2020 MY (UTC+08:00)","15:26 MY (UTC+08:00)","RFD DD 190820 MN 004007008915","MN004007008915","361.48","-","018 - Teller","000ABBDA","0606","6320 - TRANSFER FUNDS TO MYR A/C","5,116.79","","-","","","","-"
"706061000064","Foreign Current Account","GENTING MALAYSIA BERHAD","SGD","2020-08-01 MY (UTC+08:00)","2020-08-31 MY (UTC+08:00)","12","3","16,534.80","4,624.45","-","-","27/Aug/2020 MY (UTC+08:00)","10:39 MY (UTC+08:00)","RFD DD 260820 MN 004007008915","MN004007008915","492.34","-","018 - Teller","000ABB1A","0606","6320 - TRANSFER FUNDS TO MYR A/C","4,624.45","","-","","","","-"
