Company : M001272 - GENTING MALAYSIA BERHAD,,,,,,,,,,,,
Account Opening Branch : Wisma Genting,,,,,,,,,,,,
Account No. : 8000548341/WIDURI PELANGI SDN BHD 800548341(MYR),,,,,,,,,,,,
Period : 27-08-2020 - 27-08-2020,,,,,,,,,,,,
Opening Available Balance : 56823.49,,,,,,,,,,,,
Closing Available Balance : 19831.64,,,,,,,,,,,,
Account Number,Record Sequence Number,Transaction Date,Transaction Code,Transaction Code Description,Originating Branch Code,Document Reference Number,Transaction Amount,Transaction Amount Type,Balance,Balance Type,Filler,Record Type
8000548341,5,27082020,341,TR IBG,3050,05663139,55000,D,19831.64,C,,1
8000548341,4,27082020,174,IBG CREDIT,2001,820240712292877,2837,C,74831.64,C,,1
8000548341,3,27082020,141,AUTOPAY CR,1030,107072,632.3,C,71994.64,C,,1
8000548341,2,27082020,141,AUTOPAY CR,1960,200145,13774.87,C,71362.34,C,,1
8000548341,1,27082020,141,AUTOPAY CR,1170,200125,763.98,C,57587.47,C,,1
