Company : M001272 - GENTING MALAYSIA BERHAD,,,,,,,,,,,,
Account Opening Branch : Wisma Genting,,,,,,,,,,,,
Account No. : 8000548341/WIDURI PELANGI SDN BHD 800548341(MYR),,,,,,,,,,,,
Period : 28-09-2020 - 28-09-2020,,,,,,,,,,,,
Opening Available Balance : 79990.43,,,,,,,,,,,,
Closing Available Balance : 73171.59,,,,,,,,,,,,
Account Number,Record Sequence Number,Transaction Date,Transaction Code,Transaction Code Description,Originating Branch Code,Document Reference Number,Transaction Amount,Transaction Amount Type,Balance,Balance Type,Filler,Record Type
8000548341,6,28092020,341,TR IBG,3050,05860188,78000,D,73171.59,C,,1
8000548341,5,28092020,174,IBG CREDIT,2001,220272712474878,4312.34,C,151171.59,C,,1
8000548341,4,28092020,141,AUTOPAY CR,1030,107072,5353.47,C,146859.25,C,,1
8000548341,3,28092020,141,AUTOPAY CR,1030,600290,243.9,C,141505.78,C,,1
8000548341,2,28092020,141,AUTOPAY CR,1170,200125,7966.74,C,141261.88,C,,1
8000548341,1,28092020,141,AUTOPAY CR,1960,200145,53304.71,C,133295.14,C,,1
