﻿Account Number,Account Type,Account Name,Account Currency,Date From,Date To,Total Debit,Total Credit,Begin Balance,End Balance,Transaction Date,Transaction Time,Posting Date,Processing Time,Transaction Description,Transaction Ref,Debit,Credit,Source Code,Teller ID,Branch/Channel,Transaction Code,End Balance,Filler,Virtual Account,Transaction Description 2,Transaction Description 3,Transaction Description 4,Expiry Date
"514356804129","Current Account","GENTING MALAYSIA BERHAD","MYR","2020-08-01 MY (UTC+08:00)","2020-08-31 MY (UTC+08:00)","8","5","1,000.00","1,000.00","-","-","03/Aug/2020 MY (UTC+08:00)","08:34 MY (UTC+08:00)","CR/CARD SALES M/N 4145447 DATED 01082020","54470108","-","991.00","011 - System","CBSX4498","2719","2981 - MERCHANT CREDIT CARD SALES","1,991.00","","-","","","","-"
"514356804129","Current Account","GENTING MALAYSIA BERHAD","MYR","2020-08-01 MY (UTC+08:00)","2020-08-31 MY (UTC+08:00)","8","5","1,000.00","1,000.00","-","-","03/Aug/2020 MY (UTC+08:00)","08:34 MY (UTC+08:00)","CR/CARD SALES M/N 4145447 DATED 31072020","54473107","-","19,820.00","011 - System","CBSX4498","2719","2981 - MERCHANT CREDIT CARD SALES","21,811.00","","-","","","","-"
"514356804129","Current Account","GENTING MALAYSIA BERHAD","MYR","2020-08-01 MY (UTC+08:00)","2020-08-31 MY (UTC+08:00)","8","5","1,000.00","1,000.00","-","-","03/Aug/2020 MY (UTC+08:00)","01:33 MY (UTC+08:00)","XFR DEBIT SVC CHARGE","","2.00","-","011 - System","BTCH6587","1435","XFRDRSVC - SERVICE CHARGE","21,809.00","","-","","","","-"
"514356804129","Current Account","GENTING MALAYSIA BERHAD","MYR","2020-08-01 MY (UTC+08:00)","2020-08-31 MY (UTC+08:00)","8","5","1,000.00","1,000.00","-","-","03/Aug/2020 MY (UTC+08:00)","01:33 MY (UTC+08:00)","GENTING MALAYSIA BERHAD","514011468149","20,809.00","-","011 - System","BTCH6587","1435","XFRDR - FUND TRANSFER DEBIT","1,000.00","","-","","","","-"
"514356804129","Current Account","GENTING MALAYSIA BERHAD","MYR","2020-08-01 MY (UTC+08:00)","2020-08-31 MY (UTC+08:00)","8","5","1,000.00","1,000.00","-","-","10/Aug/2020 MY (UTC+08:00)","08:34 MY (UTC+08:00)","CR/CARD SALES M/N 4145447 DATED 08082020","54470808","-","29,730.00","011 - System","CBSX4498","2719","2981 - MERCHANT CREDIT CARD SALES","30,730.00","","-","","","","-"
"514356804129","Current Account","GENTING MALAYSIA BERHAD","MYR","2020-08-01 MY (UTC+08:00)","2020-08-31 MY (UTC+08:00)","8","5","1,000.00","1,000.00","-","-","10/Aug/2020 MY (UTC+08:00)","01:36 MY (UTC+08:00)","XFR DEBIT SVC CHARGE","","2.00","-","011 - System","BTCH6587","1435","XFRDRSVC - SERVICE CHARGE","30,728.00","","-","","","","-"
"514356804129","Current Account","GENTING MALAYSIA BERHAD","MYR","2020-08-01 MY (UTC+08:00)","2020-08-31 MY (UTC+08:00)","8","5","1,000.00","1,000.00","-","-","10/Aug/2020 MY (UTC+08:00)","01:36 MY (UTC+08:00)","GENTING MALAYSIA BERHAD","514011468149","29,728.00","-","011 - System","BTCH6587","1435","XFRDR - FUND TRANSFER DEBIT","1,000.00","","-","","","","-"
"514356804129","Current Account","GENTING MALAYSIA BERHAD","MYR","2020-08-01 MY (UTC+08:00)","2020-08-31 MY (UTC+08:00)","8","5","1,000.00","1,000.00","-","-","11/Aug/2020 MY (UTC+08:00)","01:32 MY (UTC+08:00)","XFR DEBIT SVC CHARGE","","2.00","-","011 - System","BTCH6587","1435","XFRDRSVC - SERVICE CHARGE","998.00","","-","","","","-"
"514356804129","Current Account","GENTING MALAYSIA BERHAD","MYR","2020-08-01 MY (UTC+08:00)","2020-08-31 MY (UTC+08:00)","8","5","1,000.00","1,000.00","-","-","11/Aug/2020 MY (UTC+08:00)","01:32 MY (UTC+08:00)","GENTING MALAYSIA BERHAD","514011468149","49,173.00","-","011 - System","BTCH6587","1435","XFRDR - FUND TRANSFER DEBIT","-48,175.00","","-","","","","-"
"514356804129","Current Account","GENTING MALAYSIA BERHAD","MYR","2020-08-01 MY (UTC+08:00)","2020-08-31 MY (UTC+08:00)","8","5","1,000.00","1,000.00","-","-","11/Aug/2020 MY (UTC+08:00)","05:36 MY (UTC+08:00)","9204054142 CR/CARD SALES  DATED 11082020","41421108","-","49,175.00","011 - System","CBSX4498","3104","2210 - CARDS CREDIT","1,000.00","","-","","","","-"
"514356804129","Current Account","GENTING MALAYSIA BERHAD","MYR","2020-08-01 MY (UTC+08:00)","2020-08-31 MY (UTC+08:00)","8","5","1,000.00","1,000.00","-","-","17/Aug/2020 MY (UTC+08:00)","08:34 MY (UTC+08:00)","CR/CARD SALES M/N 4145447 DATED 16082020","54471608","-","9,910.00","011 - System","CBSX4498","2719","2981 - MERCHANT CREDIT CARD SALES","10,910.00","","-","","","","-"
"514356804129","Current Account","GENTING MALAYSIA BERHAD","MYR","2020-08-01 MY (UTC+08:00)","2020-08-31 MY (UTC+08:00)","8","5","1,000.00","1,000.00","-","-","17/Aug/2020 MY (UTC+08:00)","01:31 MY (UTC+08:00)","XFR DEBIT SVC CHARGE","","2.00","-","011 - System","BTCH6587","1435","XFRDRSVC - SERVICE CHARGE","10,908.00","","-","","","","-"
"514356804129","Current Account","GENTING MALAYSIA BERHAD","MYR","2020-08-01 MY (UTC+08:00)","2020-08-31 MY (UTC+08:00)","8","5","1,000.00","1,000.00","-","-","17/Aug/2020 MY (UTC+08:00)","01:31 MY (UTC+08:00)","GENTING MALAYSIA BERHAD","514011468149","9,908.00","-","011 - System","BTCH6587","1435","XFRDR - FUND TRANSFER DEBIT","1,000.00","","-","","","","-"
