Company : M001272 - GENTING MALAYSIA BERHAD
Account Opening Branch : Wisma Genting
Account No. : 8008034147/GENTING GOLF COURSE BHD(MYR)
Period : 24-09-2020 - 24-09-2020
Opening Available Balance : 1268.45
Closing Available Balance : 15030.05
Account Number,Record Sequence Number,Transaction Date,Transaction Code,Transaction Code Description,Originating Branch Code,Document Reference Number,Transaction Amount,Transaction Amount Type,Balance,Balance Type,Transaction Time,Customer Reference,Filler,Record Type,Recipient Reference,Other Payment Details,Sender Name
8008034147,1,24092020,0174,"=""IBG CREDIT""",2001,"=""520268712468128""",13761.6,C,15030.05,C,211432,"=""98949900000067 0013294589""",,1,"=""98949900000067 00132""","=""4000833/20200224/473""","=""HOTELBEDS PTE LTD"""

