﻿Account Number,Account Type,Account Name,Account Currency,Date From,Date To,Total Debit,Total Credit,Begin Balance,End Balance,Transaction Date,Transaction Time,Posting Date,Processing Time,Transaction Description,Transaction Ref,Debit,Credit,Source Code,Teller ID,Branch/Channel,Transaction Code,End Balance,Filler,Virtual Account,Transaction Description 2,Transaction Description 3,Transaction Description 4,Expiry Date
"514356803557","Current Account","GENTING GOLF COURSE BERHAD","MYR","2020-09-02 MY (UTC+08:00)","2020-09-02 MY (UTC+08:00)","3","5","1,000.00","1,000.00","-","-","02/Sep/2020 MY (UTC+08:00)","08:32 MY (UTC+08:00)","CR/CARD SALES M/N 4009726 DATED 01092020","97260109","-","2,038.04","011 - System","CBSX4498","2719","2981 - MERCHANT CREDIT CARD SALES","3,038.04","","-","","","","-"
"514356803557","Current Account","GENTING GOLF COURSE BERHAD","MYR","2020-09-02 MY (UTC+08:00)","2020-09-02 MY (UTC+08:00)","3","5","1,000.00","1,000.00","-","-","02/Sep/2020 MY (UTC+08:00)","14:00 MY (UTC+08:00)","G4499864","AGSSGLINKS","-","358.00","003 - ATM","926PHONE","2988","7610 - TRANSFER TO A/C","3,396.04","","-","AGSSG LINKS SDN BHD*","TRANSFER TO A/C","","-"
"514356803557","Current Account","GENTING GOLF COURSE BERHAD","MYR","2020-09-02 MY (UTC+08:00)","2020-09-02 MY (UTC+08:00)","3","5","1,000.00","1,000.00","-","-","02/Sep/2020 MY (UTC+08:00)","21:54 MY (UTC+08:00)","g4376545","MIT PYMT","-","18,940.00","011 - System","CBSX406C","2601","7991 - INTER-BANK PAYMENT INTO A/C","22,336.04","","-","MIT INSURANCE BROKE","INTER-BANK PAYMENT INTO A/C","","-"
"514356803557","Current Account","GENTING GOLF COURSE BERHAD","MYR","2020-09-02 MY (UTC+08:00)","2020-09-02 MY (UTC+08:00)","3","5","1,000.00","1,000.00","-","-","02/Sep/2020 MY (UTC+08:00)","01:39 MY (UTC+08:00)","XFR DEBIT SVC CHARGE","","2.00","-","011 - System","BTCH6587","1435","XFRDRSVC - SERVICE CHARGE","22,334.04","","-","","","","-"
"514356803557","Current Account","GENTING GOLF COURSE BERHAD","MYR","2020-09-02 MY (UTC+08:00)","2020-09-02 MY (UTC+08:00)","3","5","1,000.00","1,000.00","-","-","02/Sep/2020 MY (UTC+08:00)","01:39 MY (UTC+08:00)","GENTING MALAYSIA BERHAD","514011468149","22,083.57","-","011 - System","BTCH6587","1435","XFRDR - FUND TRANSFER DEBIT","250.47","","-","","","","-"
"514356803557","Current Account","GENTING GOLF COURSE BERHAD","MYR","2020-09-02 MY (UTC+08:00)","2020-09-02 MY (UTC+08:00)","3","5","1,000.00","1,000.00","-","-","02/Sep/2020 MY (UTC+08:00)","02:45 MY (UTC+08:00)","DR/CARD SALES M/N 4009726 DATED 01092020","","-","260.00","006 - Pos","CBSX408R","3121","8300 - CREDIT ACCOUNT","510.47","","-","","","","-"
"514356803557","Current Account","GENTING GOLF COURSE BERHAD","MYR","2020-09-02 MY (UTC+08:00)","2020-09-02 MY (UTC+08:00)","3","5","1,000.00","1,000.00","-","-","02/Sep/2020 MY (UTC+08:00)","02:45 MY (UTC+08:00)","DR/CARD SALES M/N 4009726 DATED 01092020","","0.65","-","011 - System","CBSX408R","2981","BCHARGE - ELECTRONIC TRANSACTION CHARGES","509.82","","-","","","","-"
"514356803557","Current Account","GENTING GOLF COURSE BERHAD","MYR","2020-09-02 MY (UTC+08:00)","2020-09-02 MY (UTC+08:00)","3","5","1,000.00","1,000.00","-","-","02/Sep/2020 MY (UTC+08:00)","05:46 MY (UTC+08:00)","9870200003 CR/CARD SALES  DATED 02092020","00030209","-","490.18","011 - System","CBSX4498","3104","2210 - CARDS CREDIT","1,000.00","","-","","","","-"
