﻿Account Number,Account Type,Account Name,Account Currency,Date From,Date To,Total Debit,Total Credit,Begin Balance,End Balance,Transaction Date,Transaction Time,Posting Date,Processing Time,Transaction Description,Transaction Ref,Debit,Credit,Source Code,Teller ID,Branch/Channel,Transaction Code,End Balance,Filler,Virtual Account,Transaction Description 2,Transaction Description 3,Transaction Description 4,Expiry Date
"514356803557","Current Account","GENTING GOLF COURSE BERHAD","MYR","2020-09-03 MY (UTC+08:00)","2020-09-03 MY (UTC+08:00)","2","4","1,000.00","1,000.00","-","-","03/Sep/2020 MY (UTC+08:00)","08:32 MY (UTC+08:00)","CR/CARD SALES M/N 4009726 DATED 02092020","97260209","-","4,546.12","011 - System","CBSX4498","2719","2981 - MERCHANT CREDIT CARD SALES","5,546.12","","-","","","","-"
"514356803557","Current Account","GENTING GOLF COURSE BERHAD","MYR","2020-09-03 MY (UTC+08:00)","2020-09-03 MY (UTC+08:00)","2","4","1,000.00","1,000.00","-","-","03/Sep/2020 MY (UTC+08:00)","14:25 MY (UTC+08:00)","EDOTCO MALAYSIA SDN","PLR097804","-","3,926.20","025 - Office","CBSX4618","7502","CCRBEN1 - CMS - CR PYMT MARS","9,472.32","","-","EDOTCO MALAYSIA SDN","CMS - CR PYMT MARS","","-"
"514356803557","Current Account","GENTING GOLF COURSE BERHAD","MYR","2020-09-03 MY (UTC+08:00)","2020-09-03 MY (UTC+08:00)","2","4","1,000.00","1,000.00","-","-","03/Sep/2020 MY (UTC+08:00)","01:34 MY (UTC+08:00)","XFR DEBIT SVC CHARGE","","2.00","-","011 - System","BTCH6587","1435","XFRDRSVC - SERVICE CHARGE","9,470.32","","-","","","","-"
"514356803557","Current Account","GENTING GOLF COURSE BERHAD","MYR","2020-09-03 MY (UTC+08:00)","2020-09-03 MY (UTC+08:00)","2","4","1,000.00","1,000.00","-","-","03/Sep/2020 MY (UTC+08:00)","01:34 MY (UTC+08:00)","GENTING MALAYSIA BERHAD","514011468149","8,665.46","-","011 - System","BTCH6587","1435","XFRDR - FUND TRANSFER DEBIT","804.86","","-","","","","-"
"514356803557","Current Account","GENTING GOLF COURSE BERHAD","MYR","2020-09-03 MY (UTC+08:00)","2020-09-03 MY (UTC+08:00)","2","4","1,000.00","1,000.00","-","-","03/Sep/2020 MY (UTC+08:00)","05:10 MY (UTC+08:00)","MBB HQ ACCOUNTS PAYA","325838","-","96.00","025 - Office","CBSX4618","2502","CCRBEN1 - CMS - CR PYMT MARS","900.86","","-","MAPS-PROPERTY","CMS - CR PYMT MARS","","-"
"514356803557","Current Account","GENTING GOLF COURSE BERHAD","MYR","2020-09-03 MY (UTC+08:00)","2020-09-03 MY (UTC+08:00)","2","4","1,000.00","1,000.00","-","-","03/Sep/2020 MY (UTC+08:00)","05:42 MY (UTC+08:00)","9870200003 CR/CARD SALES  DATED 03092020","00030309","-","99.14","011 - System","CBSX4498","3104","2210 - CARDS CREDIT","1,000.00","","-","","","","-"
