﻿Account Number,Account Type,Account Name,Account Currency,Date From,Date To,Total Debit,Total Credit,Begin Balance,End Balance,Transaction Date,Transaction Time,Posting Date,Processing Time,Transaction Description,Transaction Ref,Debit,Credit,Source Code,Teller ID,Branch/Channel,Transaction Code,End Balance,Filler,Virtual Account,Transaction Description 2,Transaction Description 3,Transaction Description 4,Expiry Date
"514356803557","Current Account","GENTING GOLF COURSE BERHAD","MYR","2020-09-04 MY (UTC+08:00)","2020-09-04 MY (UTC+08:00)","4","11","1,000.00","4,328.00","-","-","04/Sep/2020 MY (UTC+08:00)","08:32 MY (UTC+08:00)","CR/CARD SALES M/N 4009726 DATED 03092020","97260309","-","9,093.94","011 - System","CBSX4498","2719","2981 - MERCHANT CREDIT CARD SALES","10,093.94","","-","","","","-"
"514356803557","Current Account","GENTING GOLF COURSE BERHAD","MYR","2020-09-04 MY (UTC+08:00)","2020-09-04 MY (UTC+08:00)","4","11","1,000.00","4,328.00","-","-","04/Sep/2020 MY (UTC+08:00)","09:36 MY (UTC+08:00)","campsite fee","Awana Bio park","-","2,115.00","003 - ATM","910PHONE","2988","7610 - TRANSFER TO A/C","12,208.94","","-","SEE TIAM HUAT      *","TRANSFER TO A/C","","-"
"514356803557","Current Account","GENTING GOLF COURSE BERHAD","MYR","2020-09-04 MY (UTC+08:00)","2020-09-04 MY (UTC+08:00)","4","11","1,000.00","4,328.00","-","-","04/Sep/2020 MY (UTC+08:00)","15:28 MY (UTC+08:00)","No.0024000139312009/","9401897563","-","16,814.36","011 - System","CBSX406C","2601","7991 - INTER-BANK PAYMENT INTO A/C","29,023.30","","-","MAXIS BROADBAND SDN","INTER-BANK PAYMENT INTO A/C","","-"
"514356803557","Current Account","GENTING GOLF COURSE BERHAD","MYR","2020-09-04 MY (UTC+08:00)","2020-09-04 MY (UTC+08:00)","4","11","1,000.00","4,328.00","-","-","04/Sep/2020 MY (UTC+08:00)","16:48 MY (UTC+08:00)","AGSSG - G4515317","CHOO X 3 PAX","-","687.00","003 - ATM","983PHONE","2988","7610 - TRANSFER TO A/C","29,710.30","","-","AGSSG LINKS SDN BHD*","TRANSFER TO A/C","","-"
"514356803557","Current Account","GENTING GOLF COURSE BERHAD","MYR","2020-09-04 MY (UTC+08:00)","2020-09-04 MY (UTC+08:00)","4","11","1,000.00","4,328.00","-","-","04/Sep/2020 MY (UTC+08:00)","21:06 MY (UTC+08:00)","0025646MAYB CLEARING CHQ DEP","78000452","-","3,328.00","011 - System","CBSX8211","2802","8100 - CLEARING CHQ DEP","33,038.30","","500511270035","","","","-"
"514356803557","Current Account","GENTING GOLF COURSE BERHAD","MYR","2020-09-04 MY (UTC+08:00)","2020-09-04 MY (UTC+08:00)","4","11","1,000.00","4,328.00","-","-","04/Sep/2020 MY (UTC+08:00)","21:53 MY (UTC+08:00)","Awana KM 13","62","-","8,712.00","011 - System","CBSX406C","2601","7991 - INTER-BANK PAYMENT INTO A/C","41,750.30","","-","TOUCH MATRIX SDN BH","INTER-BANK PAYMENT INTO A/C","","-"
"514356803557","Current Account","GENTING GOLF COURSE BERHAD","MYR","2020-09-04 MY (UTC+08:00)","2020-09-04 MY (UTC+08:00)","4","11","1,000.00","4,328.00","-","-","04/Sep/2020 MY (UTC+08:00)","21:53 MY (UTC+08:00)","BBC-86-09-2020","WHB","-","10,054.00","011 - System","CBSX406C","2601","7991 - INTER-BANK PAYMENT INTO A/C","51,804.30","","-","WORLDWIDE HOLDINGS","INTER-BANK PAYMENT INTO A/C","","-"
"514356803557","Current Account","GENTING GOLF COURSE BERHAD","MYR","2020-09-04 MY (UTC+08:00)","2020-09-04 MY (UTC+08:00)","4","11","1,000.00","4,328.00","-","-","04/Sep/2020 MY (UTC+08:00)","21:53 MY (UTC+08:00)","AL HI-TEA BUFFET  BA","2ABCAC0023181 MEMBEK","-","2,800.00","011 - System","CBSX406C","2601","7991 - INTER-BANK PAYMENT INTO A/C","54,604.30","","-","TETUAN MAJLIS DAERA","INTER-BANK PAYMENT INTO A/C","","-"
"514356803557","Current Account","GENTING GOLF COURSE BERHAD","MYR","2020-09-04 MY (UTC+08:00)","2020-09-04 MY (UTC+08:00)","4","11","1,000.00","4,328.00","-","-","04/Sep/2020 MY (UTC+08:00)","01:12 MY (UTC+08:00)","XFR DEBIT SVC CHARGE","","2.00","-","011 - System","BTCH6587","1435","XFRDRSVC - SERVICE CHARGE","54,602.30","","-","","","","-"
"514356803557","Current Account","GENTING GOLF COURSE BERHAD","MYR","2020-09-04 MY (UTC+08:00)","2020-09-04 MY (UTC+08:00)","4","11","1,000.00","4,328.00","-","-","04/Sep/2020 MY (UTC+08:00)","01:12 MY (UTC+08:00)","GENTING MALAYSIA BERHAD","514011468149","51,449.45","-","011 - System","BTCH6587","1435","XFRDR - FUND TRANSFER DEBIT","3,152.85","","-","","","","-"
"514356803557","Current Account","GENTING GOLF COURSE BERHAD","MYR","2020-09-04 MY (UTC+08:00)","2020-09-04 MY (UTC+08:00)","4","11","1,000.00","4,328.00","-","-","04/Sep/2020 MY (UTC+08:00)","02:25 MY (UTC+08:00)","DR/CARD SALES M/N 4009726 DATED 03092020","","-","480.00","006 - Pos","CBSX408R","2977","8300 - CREDIT ACCOUNT","3,632.85","","-","","","","-"
"514356803557","Current Account","GENTING GOLF COURSE BERHAD","MYR","2020-09-04 MY (UTC+08:00)","2020-09-04 MY (UTC+08:00)","4","11","1,000.00","4,328.00","-","-","04/Sep/2020 MY (UTC+08:00)","02:25 MY (UTC+08:00)","DR/CARD SALES M/N 4009726 DATED 03092020","","1.20","-","011 - System","CBSX408R","2981","BCHARGE - ELECTRONIC TRANSACTION CHARGES","3,631.65","","-","","","","-"
"514356803557","Current Account","GENTING GOLF COURSE BERHAD","MYR","2020-09-04 MY (UTC+08:00)","2020-09-04 MY (UTC+08:00)","4","11","1,000.00","4,328.00","-","-","04/Sep/2020 MY (UTC+08:00)","02:27 MY (UTC+08:00)","DR/CARD SALES M/N 4009726 DATED 03092020","","-","635.00","006 - Pos","CBSX408R","3121","8300 - CREDIT ACCOUNT","4,266.65","","-","","","","-"
"514356803557","Current Account","GENTING GOLF COURSE BERHAD","MYR","2020-09-04 MY (UTC+08:00)","2020-09-04 MY (UTC+08:00)","4","11","1,000.00","4,328.00","-","-","04/Sep/2020 MY (UTC+08:00)","02:28 MY (UTC+08:00)","DR/CARD SALES M/N 4009726 DATED 03092020","","1.59","-","011 - System","CBSX408R","2981","BCHARGE - ELECTRONIC TRANSACTION CHARGES","4,265.06","","-","","","","-"
"514356803557","Current Account","GENTING GOLF COURSE BERHAD","MYR","2020-09-04 MY (UTC+08:00)","2020-09-04 MY (UTC+08:00)","4","11","1,000.00","4,328.00","-","-","04/Sep/2020 MY (UTC+08:00)","05:35 MY (UTC+08:00)","9870200003 CR/CARD SALES  DATED 04092020","00030409","-","62.94","011 - System","CBSX4498","3104","2210 - CARDS CREDIT","4,328.00","","-","","","","-"
