﻿Account Number,Account Type,Account Name,Account Currency,Date From,Date To,Total Debit,Total Credit,Begin Balance,End Balance,Transaction Date,Transaction Time,Posting Date,Processing Time,Transaction Description,Transaction Ref,Debit,Credit,Source Code,Teller ID,Branch/Channel,Transaction Code,End Balance,Filler,Virtual Account,Transaction Description 2,Transaction Description 3,Transaction Description 4,Expiry Date
"514356803557","Current Account","GENTING GOLF COURSE BERHAD","MYR","2020-09-05 MY (UTC+08:00)","2020-09-05 MY (UTC+08:00)","2","3","4,328.00","4,328.00","-","-","05/Sep/2020 MY (UTC+08:00)","10:53 MY (UTC+08:00)","PAY & PLAY","AGSSG LINKS","-","420.00","003 - ATM","913PHONE","2988","7610 - TRANSFER TO A/C","4,748.00","","-","AGSSG LINKS SDN BHD*","TRANSFER TO A/C","","-"
"514356803557","Current Account","GENTING GOLF COURSE BERHAD","MYR","2020-09-05 MY (UTC+08:00)","2020-09-05 MY (UTC+08:00)","2","3","4,328.00","4,328.00","-","-","05/Sep/2020 MY (UTC+08:00)","12:24 MY (UTC+08:00)","G4506436","AGSSGLINKS","-","1,603.00","003 - ATM","943PHONE","2988","7610 - TRANSFER TO A/C","6,351.00","","-","AGSSG LINKS SDN BHD*","TRANSFER TO A/C","","-"
"514356803557","Current Account","GENTING GOLF COURSE BERHAD","MYR","2020-09-05 MY (UTC+08:00)","2020-09-05 MY (UTC+08:00)","2","3","4,328.00","4,328.00","-","-","05/Sep/2020 MY (UTC+08:00)","12:25 MY (UTC+08:00)","G4515305","AGSSGLINKS","-","916.00","003 - ATM","947PHONE","2988","7610 - TRANSFER TO A/C","7,267.00","","-","AGSSG LINKS SDN BHD*","TRANSFER TO A/C","","-"
"514356803557","Current Account","GENTING GOLF COURSE BERHAD","MYR","2020-09-05 MY (UTC+08:00)","2020-09-05 MY (UTC+08:00)","2","3","4,328.00","4,328.00","-","-","05/Sep/2020 MY (UTC+08:00)","01:34 MY (UTC+08:00)","XFR DEBIT SVC CHARGE","","2.00","-","011 - System","BTCH6587","1435","XFRDRSVC - SERVICE CHARGE","7,265.00","","-","","","","-"
"514356803557","Current Account","GENTING GOLF COURSE BERHAD","MYR","2020-09-05 MY (UTC+08:00)","2020-09-05 MY (UTC+08:00)","2","3","4,328.00","4,328.00","-","-","05/Sep/2020 MY (UTC+08:00)","01:34 MY (UTC+08:00)","GENTING MALAYSIA BERHAD","514011468149","2,937.00","-","011 - System","BTCH6587","1435","XFRDR - FUND TRANSFER DEBIT","4,328.00","","-","","","","-"
