﻿Account Number,Account Type,Account Name,Account Currency,Date From,Date To,Total Debit,Total Credit,Begin Balance,End Balance,Transaction Date,Transaction Time,Posting Date,Processing Time,Transaction Description,Transaction Ref,Debit,Credit,Source Code,Teller ID,Branch/Channel,Transaction Code,End Balance,Filler,Virtual Account,Transaction Description 2,Transaction Description 3,Transaction Description 4,Expiry Date
"514356803557","Current Account","GENTING GOLF COURSE BERHAD","MYR","2020-09-07 MY (UTC+08:00)","2020-09-07 MY (UTC+08:00)","2","12","4,328.00","1,000.00","-","-","07/Sep/2020 MY (UTC+08:00)","08:34 MY (UTC+08:00)","CR/CARD SALES M/N 4009726 DATED 04092020","97260409","-","5,679.59","011 - System","CBSX4498","2719","2981 - MERCHANT CREDIT CARD SALES","10,007.59","","-","","","","-"
"514356803557","Current Account","GENTING GOLF COURSE BERHAD","MYR","2020-09-07 MY (UTC+08:00)","2020-09-07 MY (UTC+08:00)","2","12","4,328.00","1,000.00","-","-","07/Sep/2020 MY (UTC+08:00)","08:34 MY (UTC+08:00)","CR/CARD SALES M/N 4009726 DATED 05092020","97260509","-","10,172.77","011 - System","CBSX4498","2719","2981 - MERCHANT CREDIT CARD SALES","20,180.36","","-","","","","-"
"514356803557","Current Account","GENTING GOLF COURSE BERHAD","MYR","2020-09-07 MY (UTC+08:00)","2020-09-07 MY (UTC+08:00)","2","12","4,328.00","1,000.00","-","-","07/Sep/2020 MY (UTC+08:00)","08:34 MY (UTC+08:00)","CR/CARD SALES M/N 4009726 DATED 06092020","97260609","-","6,364.37","011 - System","CBSX4498","2719","2981 - MERCHANT CREDIT CARD SALES","26,544.73","","-","","","","-"
"514356803557","Current Account","GENTING GOLF COURSE BERHAD","MYR","2020-09-07 MY (UTC+08:00)","2020-09-07 MY (UTC+08:00)","2","12","4,328.00","1,000.00","-","-","07/Sep/2020 MY (UTC+08:00)","11:36 MY (UTC+08:00)","G4526863","AGSSGLINKS","-","358.00","003 - ATM","942PHONE","2988","7610 - TRANSFER TO A/C","26,902.73","","-","AGSSG LINKS SDN BHD*","TRANSFER TO A/C","","-"
"514356803557","Current Account","GENTING GOLF COURSE BERHAD","MYR","2020-09-07 MY (UTC+08:00)","2020-09-07 MY (UTC+08:00)","2","12","4,328.00","1,000.00","-","-","07/Sep/2020 MY (UTC+08:00)","11:37 MY (UTC+08:00)","G4518868","AGSSGLINKS","-","916.00","003 - ATM","984PHONE","2988","7610 - TRANSFER TO A/C","27,818.73","","-","AGSSG LINKS SDN BHD*","TRANSFER TO A/C","","-"
"514356803557","Current Account","GENTING GOLF COURSE BERHAD","MYR","2020-09-07 MY (UTC+08:00)","2020-09-07 MY (UTC+08:00)","2","12","4,328.00","1,000.00","-","-","07/Sep/2020 MY (UTC+08:00)","12:22 MY (UTC+08:00)","IBG Transaction","2006080000001781","-","17,722.32","011 - System","CBSX406C","2601","7991 - INTER-BANK PAYMENT INTO A/C","45,541.05","","-","DIGI TELECOMMUNICAT","INTER-BANK PAYMENT INTO A/C","","-"
"514356803557","Current Account","GENTING GOLF COURSE BERHAD","MYR","2020-09-07 MY (UTC+08:00)","2020-09-07 MY (UTC+08:00)","2","12","4,328.00","1,000.00","-","-","07/Sep/2020 MY (UTC+08:00)","12:22 MY (UTC+08:00)","IBG Transaction","2006188000009882","-","7,744.00","011 - System","CBSX406C","2601","7991 - INTER-BANK PAYMENT INTO A/C","53,285.05","","-","DIGI TELECOMMUNICAT","INTER-BANK PAYMENT INTO A/C","","-"
"514356803557","Current Account","GENTING GOLF COURSE BERHAD","MYR","2020-09-07 MY (UTC+08:00)","2020-09-07 MY (UTC+08:00)","2","12","4,328.00","1,000.00","-","-","07/Sep/2020 MY (UTC+08:00)","14:34 MY (UTC+08:00)","202010066808981678","R200907670453S","-","50,068.22","011 - System","MHHJA20","2601","2910 - CCA CREDIT INWARD RENTAS","103,353.27","","-","AKAUNTAN NEGARA MAL*","CREDIT INWARD RENTAS","","-"
"514356803557","Current Account","GENTING GOLF COURSE BERHAD","MYR","2020-09-07 MY (UTC+08:00)","2020-09-07 MY (UTC+08:00)","2","12","4,328.00","1,000.00","-","-","07/Sep/2020 MY (UTC+08:00)","15:51 MY (UTC+08:00)","JAMES HWANG","AGSSG-08.09.20","-","140.00","003 - ATM","916PHONE","2988","7610 - TRANSFER TO A/C","103,493.27","","-","AGSSG LINKS SDN BHD*","TRANSFER TO A/C","","-"
"514356803557","Current Account","GENTING GOLF COURSE BERHAD","MYR","2020-09-07 MY (UTC+08:00)","2020-09-07 MY (UTC+08:00)","2","12","4,328.00","1,000.00","-","-","07/Sep/2020 MY (UTC+08:00)","18:35 MY (UTC+08:00)","Mohd Fahmi 11 Sept","Mohd Fahmi Awa","-","2,189.00","003 - ATM","956PHONE","2988","7610 - TRANSFER TO A/C","105,682.27","","-","NOOR HANI BINTI IBR*","TRANSFER TO A/C","","-"
"514356803557","Current Account","GENTING GOLF COURSE BERHAD","MYR","2020-09-07 MY (UTC+08:00)","2020-09-07 MY (UTC+08:00)","2","12","4,328.00","1,000.00","-","-","07/Sep/2020 MY (UTC+08:00)","18:45 MY (UTC+08:00)","BBC-87-09-2020","WHB","-","556.00","011 - System","CBSX406C","2601","7991 - INTER-BANK PAYMENT INTO A/C","106,238.27","","-","WORLDWIDE HOLDINGS","INTER-BANK PAYMENT INTO A/C","","-"
"514356803557","Current Account","GENTING GOLF COURSE BERHAD","MYR","2020-09-07 MY (UTC+08:00)","2020-09-07 MY (UTC+08:00)","2","12","4,328.00","1,000.00","-","-","07/Sep/2020 MY (UTC+08:00)","01:39 MY (UTC+08:00)","GENTING MALAYSIA BERHAD","514011468149","105,558.86","-","011 - System","BTCH6587","1435","XFRDR - FUND TRANSFER DEBIT","679.41","","-","","","","-"
"514356803557","Current Account","GENTING GOLF COURSE BERHAD","MYR","2020-09-07 MY (UTC+08:00)","2020-09-07 MY (UTC+08:00)","2","12","4,328.00","1,000.00","-","-","07/Sep/2020 MY (UTC+08:00)","01:39 MY (UTC+08:00)","XFR DEBIT SVC CHARGE","","2.00","-","011 - System","BTCH6587","1435","XFRDRSVC - SERVICE CHARGE","677.41","","-","","","","-"
"514356803557","Current Account","GENTING GOLF COURSE BERHAD","MYR","2020-09-07 MY (UTC+08:00)","2020-09-07 MY (UTC+08:00)","2","12","4,328.00","1,000.00","-","-","07/Sep/2020 MY (UTC+08:00)","05:39 MY (UTC+08:00)","9870200003 CR/CARD SALES  DATED 07092020","00030709","-","322.59","011 - System","CBSX4498","3104","2210 - CARDS CREDIT","1,000.00","","-","","","","-"
