﻿Account Number,Account Type,Account Name,Account Currency,Date From,Date To,Total Debit,Total Credit,Begin Balance,End Balance,Transaction Date,Transaction Time,Posting Date,Processing Time,Transaction Description,Transaction Ref,Debit,Credit,Source Code,Teller ID,Branch/Channel,Transaction Code,End Balance,Filler,Virtual Account,Transaction Description 2,Transaction Description 3,Transaction Description 4,Expiry Date
"514356803557","Current Account","GENTING GOLF COURSE BERHAD","MYR","2020-09-12 MY (UTC+08:00)","2020-09-12 MY (UTC+08:00)","3","1","1,000.00","1,000.00","-","-","12/Sep/2020 MY (UTC+08:00)","01:23 MY (UTC+08:00)","XFR DEBIT SVC CHARGE","","2.00","-","011 - System","BTCH6587","1435","XFRDRSVC - SERVICE CHARGE","998.00","","-","","","","-"
"514356803557","Current Account","GENTING GOLF COURSE BERHAD","MYR","2020-09-12 MY (UTC+08:00)","2020-09-12 MY (UTC+08:00)","3","1","1,000.00","1,000.00","-","-","12/Sep/2020 MY (UTC+08:00)","01:23 MY (UTC+08:00)","GENTING MALAYSIA BERHAD","514011468149","506.72","-","011 - System","BTCH6587","1435","XFRDR - FUND TRANSFER DEBIT","491.28","","-","","","","-"
"514356803557","Current Account","GENTING GOLF COURSE BERHAD","MYR","2020-09-12 MY (UTC+08:00)","2020-09-12 MY (UTC+08:00)","3","1","1,000.00","1,000.00","-","-","12/Sep/2020 MY (UTC+08:00)","02:36 MY (UTC+08:00)","DR/CARD SALES M/N 4009726 DATED 11092020","","-","510.00","006 - Pos","CBSX408R","2977","8300 - CREDIT ACCOUNT","1,001.28","","-","","","","-"
"514356803557","Current Account","GENTING GOLF COURSE BERHAD","MYR","2020-09-12 MY (UTC+08:00)","2020-09-12 MY (UTC+08:00)","3","1","1,000.00","1,000.00","-","-","12/Sep/2020 MY (UTC+08:00)","02:37 MY (UTC+08:00)","DR/CARD SALES M/N 4009726 DATED 11092020","","1.28","-","011 - System","CBSX408R","2981","BCHARGE - ELECTRONIC TRANSACTION CHARGES","1,000.00","","-","","","","-"
