﻿Account Number,Account Type,Account Name,Account Currency,Date From,Date To,Total Debit,Total Credit,Begin Balance,End Balance,Transaction Date,Transaction Time,Posting Date,Processing Time,Transaction Description,Transaction Ref,Debit,Credit,Source Code,Teller ID,Branch/Channel,Transaction Code,End Balance,Filler,Virtual Account,Transaction Description 2,Transaction Description 3,Transaction Description 4,Expiry Date
"514356803557","Current Account","GENTING GOLF COURSE BERHAD","MYR","2020-09-14 MY (UTC+08:00)","2020-09-14 MY (UTC+08:00)","2","3","1,000.00","1,000.00","-","-","14/Sep/2020 MY (UTC+08:00)","08:34 MY (UTC+08:00)","CR/CARD SALES M/N 4009726 DATED 11092020","97261109","-","15,370.44","011 - System","CBSX4498","2719","2981 - MERCHANT CREDIT CARD SALES","16,370.44","","-","","","","-"
"514356803557","Current Account","GENTING GOLF COURSE BERHAD","MYR","2020-09-14 MY (UTC+08:00)","2020-09-14 MY (UTC+08:00)","2","3","1,000.00","1,000.00","-","-","14/Sep/2020 MY (UTC+08:00)","08:34 MY (UTC+08:00)","CR/CARD SALES M/N 4009726 DATED 12092020","97261209","-","13,442.63","011 - System","CBSX4498","2719","2981 - MERCHANT CREDIT CARD SALES","29,813.07","","-","","","","-"
"514356803557","Current Account","GENTING GOLF COURSE BERHAD","MYR","2020-09-14 MY (UTC+08:00)","2020-09-14 MY (UTC+08:00)","2","3","1,000.00","1,000.00","-","-","14/Sep/2020 MY (UTC+08:00)","08:34 MY (UTC+08:00)","CR/CARD SALES M/N 4009726 DATED 13092020","97261309","-","14,714.73","011 - System","CBSX4498","2719","2981 - MERCHANT CREDIT CARD SALES","44,527.80","","-","","","","-"
"514356803557","Current Account","GENTING GOLF COURSE BERHAD","MYR","2020-09-14 MY (UTC+08:00)","2020-09-14 MY (UTC+08:00)","2","3","1,000.00","1,000.00","-","-","14/Sep/2020 MY (UTC+08:00)","01:27 MY (UTC+08:00)","XFR DEBIT SVC CHARGE","","2.00","-","011 - System","BTCH6587","1435","XFRDRSVC - SERVICE CHARGE","44,525.80","","-","","","","-"
"514356803557","Current Account","GENTING GOLF COURSE BERHAD","MYR","2020-09-14 MY (UTC+08:00)","2020-09-14 MY (UTC+08:00)","2","3","1,000.00","1,000.00","-","-","14/Sep/2020 MY (UTC+08:00)","01:27 MY (UTC+08:00)","GENTING MALAYSIA BERHAD","514011468149","43,525.80","-","011 - System","BTCH6587","1435","XFRDR - FUND TRANSFER DEBIT","1,000.00","","-","","","","-"
