﻿Account Number,Account Type,Account Name,Account Currency,Date From,Date To,Total Debit,Total Credit,Begin Balance,End Balance,Transaction Date,Transaction Time,Posting Date,Processing Time,Transaction Description,Transaction Ref,Debit,Credit,Source Code,Teller ID,Branch/Channel,Transaction Code,End Balance,Filler,Virtual Account,Transaction Description 2,Transaction Description 3,Transaction Description 4,Expiry Date
"514356803557","Current Account","GENTING GOLF COURSE BERHAD","MYR","2020-09-18 MY (UTC+08:00)","2020-09-18 MY (UTC+08:00)","3","7","1,000.00","1,000.00","-","-","18/Sep/2020 MY (UTC+08:00)","08:32 MY (UTC+08:00)","CR/CARD SALES M/N 4009726 DATED 17092020","97261709","-","6,776.36","011 - System","CBSX4498","2719","2981 - MERCHANT CREDIT CARD SALES","7,776.36","","-","","","","-"
"514356803557","Current Account","GENTING GOLF COURSE BERHAD","MYR","2020-09-18 MY (UTC+08:00)","2020-09-18 MY (UTC+08:00)","3","7","1,000.00","1,000.00","-","-","18/Sep/2020 MY (UTC+08:00)","14:22 MY (UTC+08:00)","G4489764","AGSSGLINKS","-","1,432.00","003 - ATM","944PHONE","2988","7610 - TRANSFER TO A/C","9,208.36","","-","AGSSG LINKS SDN BHD*","TRANSFER TO A/C","","-"
"514356803557","Current Account","GENTING GOLF COURSE BERHAD","MYR","2020-09-18 MY (UTC+08:00)","2020-09-18 MY (UTC+08:00)","3","7","1,000.00","1,000.00","-","-","18/Sep/2020 MY (UTC+08:00)","14:23 MY (UTC+08:00)","G4569833","AGSSGLINKS","-","179.00","003 - ATM","981PHONE","2988","7610 - TRANSFER TO A/C","9,387.36","","-","AGSSG LINKS SDN BHD*","TRANSFER TO A/C","","-"
"514356803557","Current Account","GENTING GOLF COURSE BERHAD","MYR","2020-09-18 MY (UTC+08:00)","2020-09-18 MY (UTC+08:00)","3","7","1,000.00","1,000.00","-","-","18/Sep/2020 MY (UTC+08:00)","14:24 MY (UTC+08:00)","PAY&PLAY","AGSSGLINKS","-","560.00","003 - ATM","920PHONE","2988","7610 - TRANSFER TO A/C","9,947.36","","-","AGSSG LINKS SDN BHD*","TRANSFER TO A/C","","-"
"514356803557","Current Account","GENTING GOLF COURSE BERHAD","MYR","2020-09-18 MY (UTC+08:00)","2020-09-18 MY (UTC+08:00)","3","7","1,000.00","1,000.00","-","-","18/Sep/2020 MY (UTC+08:00)","18:37 MY (UTC+08:00)","Interbank GIRO","72903","-","2,000.00","011 - System","CBSX406C","2601","7991 - INTER-BANK PAYMENT INTO A/C","11,947.36","","-","PANTAI PREMIER PATH","INTER-BANK PAYMENT INTO A/C","","-"
"514356803557","Current Account","GENTING GOLF COURSE BERHAD","MYR","2020-09-18 MY (UTC+08:00)","2020-09-18 MY (UTC+08:00)","3","7","1,000.00","1,000.00","-","-","18/Sep/2020 MY (UTC+08:00)","01:16 MY (UTC+08:00)","XFR DEBIT SVC CHARGE","","2.00","-","011 - System","BTCH6587","1435","XFRDRSVC - SERVICE CHARGE","11,945.36","","-","","","","-"
"514356803557","Current Account","GENTING GOLF COURSE BERHAD","MYR","2020-09-18 MY (UTC+08:00)","2020-09-18 MY (UTC+08:00)","3","7","1,000.00","1,000.00","-","-","18/Sep/2020 MY (UTC+08:00)","01:16 MY (UTC+08:00)","GENTING MALAYSIA BERHAD","514011468149","11,420.38","-","011 - System","BTCH6587","1435","XFRDR - FUND TRANSFER DEBIT","524.98","","-","","","","-"
"514356803557","Current Account","GENTING GOLF COURSE BERHAD","MYR","2020-09-18 MY (UTC+08:00)","2020-09-18 MY (UTC+08:00)","3","7","1,000.00","1,000.00","-","-","18/Sep/2020 MY (UTC+08:00)","02:23 MY (UTC+08:00)","DR/CARD SALES M/N 4009726 DATED 17092020","","-","280.00","006 - Pos","CBSX408R","3121","8300 - CREDIT ACCOUNT","804.98","","-","","","","-"
"514356803557","Current Account","GENTING GOLF COURSE BERHAD","MYR","2020-09-18 MY (UTC+08:00)","2020-09-18 MY (UTC+08:00)","3","7","1,000.00","1,000.00","-","-","18/Sep/2020 MY (UTC+08:00)","02:23 MY (UTC+08:00)","DR/CARD SALES M/N 4009726 DATED 17092020","","0.70","-","011 - System","CBSX408R","2981","BCHARGE - ELECTRONIC TRANSACTION CHARGES","804.28","","-","","","","-"
"514356803557","Current Account","GENTING GOLF COURSE BERHAD","MYR","2020-09-18 MY (UTC+08:00)","2020-09-18 MY (UTC+08:00)","3","7","1,000.00","1,000.00","-","-","18/Sep/2020 MY (UTC+08:00)","05:12 MY (UTC+08:00)","9870200003 CR/CARD SALES  DATED 18092020","00031809","-","195.72","011 - System","CBSX4498","3104","2210 - CARDS CREDIT","1,000.00","","-","","","","-"
