﻿Account Number,Account Type,Account Name,Account Currency,Date From,Date To,Total Debit,Total Credit,Begin Balance,End Balance,Transaction Date,Transaction Time,Posting Date,Processing Time,Transaction Description,Transaction Ref,Debit,Credit,Source Code,Teller ID,Branch/Channel,Transaction Code,End Balance,Filler,Virtual Account,Transaction Description 2,Transaction Description 3,Transaction Description 4,Expiry Date
"514356803557","Current Account","GENTING GOLF COURSE BERHAD","MYR","2020-09-19 MY (UTC+08:00)","2020-09-19 MY (UTC+08:00)","3","1","1,000.00","1,000.00","-","-","19/Sep/2020 MY (UTC+08:00)","01:27 MY (UTC+08:00)","XFR DEBIT SVC CHARGE","","2.00","-","011 - System","BTCH6587","1435","XFRDRSVC - SERVICE CHARGE","998.00","","-","","","","-"
"514356803557","Current Account","GENTING GOLF COURSE BERHAD","MYR","2020-09-19 MY (UTC+08:00)","2020-09-19 MY (UTC+08:00)","3","1","1,000.00","1,000.00","-","-","19/Sep/2020 MY (UTC+08:00)","01:27 MY (UTC+08:00)","GENTING MALAYSIA BERHAD","514011468149","536.65","-","011 - System","BTCH6587","1435","XFRDR - FUND TRANSFER DEBIT","461.35","","-","","","","-"
"514356803557","Current Account","GENTING GOLF COURSE BERHAD","MYR","2020-09-19 MY (UTC+08:00)","2020-09-19 MY (UTC+08:00)","3","1","1,000.00","1,000.00","-","-","19/Sep/2020 MY (UTC+08:00)","02:15 MY (UTC+08:00)","DR/CARD SALES M/N 4009726 DATED 18092020","","-","540.00","006 - Pos","CBSX408R","3121","8300 - CREDIT ACCOUNT","1,001.35","","-","","","","-"
"514356803557","Current Account","GENTING GOLF COURSE BERHAD","MYR","2020-09-19 MY (UTC+08:00)","2020-09-19 MY (UTC+08:00)","3","1","1,000.00","1,000.00","-","-","19/Sep/2020 MY (UTC+08:00)","02:16 MY (UTC+08:00)","DR/CARD SALES M/N 4009726 DATED 18092020","","1.35","-","011 - System","CBSX408R","2981","BCHARGE - ELECTRONIC TRANSACTION CHARGES","1,000.00","","-","","","","-"
