﻿Account Number,Account Type,Account Name,Account Currency,Date From,Date To,Total Debit,Total Credit,Begin Balance,End Balance,Transaction Date,Transaction Time,Posting Date,Processing Time,Transaction Description,Transaction Ref,Debit,Credit,Source Code,Teller ID,Branch/Channel,Transaction Code,End Balance,Filler,Virtual Account,Transaction Description 2,Transaction Description 3,Transaction Description 4,Expiry Date
"514356803557","Current Account","GENTING GOLF COURSE BERHAD","MYR","2020-09-20 MY (UTC+08:00)","2020-09-20 MY (UTC+08:00)","4","3","1,000.00","1,000.00","-","-","20/Sep/2020 MY (UTC+08:00)","08:13 MY (UTC+08:00)","G4510943","AGSSGLINKS","-","687.00","003 - ATM","935PHONE","2988","7610 - TRANSFER TO A/C","1,687.00","","-","AGSSG LINKS SDN BHD*","TRANSFER TO A/C","","-"
"514356803557","Current Account","GENTING GOLF COURSE BERHAD","MYR","2020-09-20 MY (UTC+08:00)","2020-09-20 MY (UTC+08:00)","4","3","1,000.00","1,000.00","-","-","20/Sep/2020 MY (UTC+08:00)","01:22 MY (UTC+08:00)","XFR DEBIT SVC CHARGE","","2.00","-","011 - System","BTCH6587","1435","XFRDRSVC - SERVICE CHARGE","1,685.00","","-","","","","-"
"514356803557","Current Account","GENTING GOLF COURSE BERHAD","MYR","2020-09-20 MY (UTC+08:00)","2020-09-20 MY (UTC+08:00)","4","3","1,000.00","1,000.00","-","-","20/Sep/2020 MY (UTC+08:00)","01:22 MY (UTC+08:00)","GENTING MALAYSIA BERHAD","514011468149","941.45","-","011 - System","BTCH6587","1435","XFRDR - FUND TRANSFER DEBIT","743.55","","-","","","","-"
"514356803557","Current Account","GENTING GOLF COURSE BERHAD","MYR","2020-09-20 MY (UTC+08:00)","2020-09-20 MY (UTC+08:00)","4","3","1,000.00","1,000.00","-","-","20/Sep/2020 MY (UTC+08:00)","02:20 MY (UTC+08:00)","DR/CARD SALES M/N 4009726 DATED 19092020","","-","150.00","006 - Pos","CBSX408R","2977","8300 - CREDIT ACCOUNT","893.55","","-","","","","-"
"514356803557","Current Account","GENTING GOLF COURSE BERHAD","MYR","2020-09-20 MY (UTC+08:00)","2020-09-20 MY (UTC+08:00)","4","3","1,000.00","1,000.00","-","-","20/Sep/2020 MY (UTC+08:00)","02:21 MY (UTC+08:00)","DR/CARD SALES M/N 4009726 DATED 19092020","","0.38","-","011 - System","CBSX408R","2981","BCHARGE - ELECTRONIC TRANSACTION CHARGES","893.17","","-","","","","-"
"514356803557","Current Account","GENTING GOLF COURSE BERHAD","MYR","2020-09-20 MY (UTC+08:00)","2020-09-20 MY (UTC+08:00)","4","3","1,000.00","1,000.00","-","-","20/Sep/2020 MY (UTC+08:00)","02:23 MY (UTC+08:00)","DR/CARD SALES M/N 4009726 DATED 19092020","","-","107.10","006 - Pos","CBSX408R","3121","8300 - CREDIT ACCOUNT","1,000.27","","-","","","","-"
"514356803557","Current Account","GENTING GOLF COURSE BERHAD","MYR","2020-09-20 MY (UTC+08:00)","2020-09-20 MY (UTC+08:00)","4","3","1,000.00","1,000.00","-","-","20/Sep/2020 MY (UTC+08:00)","02:23 MY (UTC+08:00)","DR/CARD SALES M/N 4009726 DATED 19092020","","0.27","-","011 - System","CBSX408R","2981","BCHARGE - ELECTRONIC TRANSACTION CHARGES","1,000.00","","-","","","","-"
