﻿Account Number,Account Type,Account Name,Account Currency,Date From,Date To,Total Debit,Total Credit,Begin Balance,End Balance,Transaction Date,Transaction Time,Posting Date,Processing Time,Transaction Description,Transaction Ref,Debit,Credit,Source Code,Teller ID,Branch/Channel,Transaction Code,End Balance,Filler,Virtual Account,Transaction Description 2,Transaction Description 3,Transaction Description 4,Expiry Date
"514356803557","Current Account","GENTING GOLF COURSE BERHAD","MYR","2020-09-23 MY (UTC+08:00)","2020-09-23 MY (UTC+08:00)","2","6","1,000.00","1,000.00","-","-","23/Sep/2020 MY (UTC+08:00)","08:32 MY (UTC+08:00)","CR/CARD SALES M/N 4009726 DATED 22092020","97262209","-","1,657.32","011 - System","CBSX4498","2719","2981 - MERCHANT CREDIT CARD SALES","2,657.32","","-","","","","-"
"514356803557","Current Account","GENTING GOLF COURSE BERHAD","MYR","2020-09-23 MY (UTC+08:00)","2020-09-23 MY (UTC+08:00)","2","6","1,000.00","1,000.00","-","-","23/Sep/2020 MY (UTC+08:00)","14:48 MY (UTC+08:00)","G4605687","AGSSGLINKS","-","358.00","003 - ATM","906PHONE","2988","7610 - TRANSFER TO A/C","3,015.32","","-","AGSSG LINKS SDN BHD*","TRANSFER TO A/C","","-"
"514356803557","Current Account","GENTING GOLF COURSE BERHAD","MYR","2020-09-23 MY (UTC+08:00)","2020-09-23 MY (UTC+08:00)","2","6","1,000.00","1,000.00","-","-","23/Sep/2020 MY (UTC+08:00)","15:23 MY (UTC+08:00)","50 pax","Hi Tea SMKAP","-","3,500.00","011 - System","CBSX406C","2601","7991 - INTER-BANK PAYMENT INTO A/C","6,515.32","","-","PUAN SAEMAH BINTI M","INTER-BANK PAYMENT INTO A/C","","-"
"514356803557","Current Account","GENTING GOLF COURSE BERHAD","MYR","2020-09-23 MY (UTC+08:00)","2020-09-23 MY (UTC+08:00)","2","6","1,000.00","1,000.00","-","-","23/Sep/2020 MY (UTC+08:00)","15:36 MY (UTC+08:00)","Deposit HKKB","Q-20515-R6T0","-","2,500.00","003 - ATM","956PHONE","2988","7610 - TRANSFER TO A/C","9,015.32","","-","MOHD BASIL BIN SULA*","TRANSFER TO A/C","","-"
"514356803557","Current Account","GENTING GOLF COURSE BERHAD","MYR","2020-09-23 MY (UTC+08:00)","2020-09-23 MY (UTC+08:00)","2","6","1,000.00","1,000.00","-","-","23/Sep/2020 MY (UTC+08:00)","16:49 MY (UTC+08:00)","CampX 24-26Sept20","Q-20403-B7X1","-","3,765.00","003 - ATM","981PHONE","2988","7610 - TRANSFER TO A/C","12,780.32","","-","THE R I C H ACADEMY*","TRANSFER TO A/C","","-"
"514356803557","Current Account","GENTING GOLF COURSE BERHAD","MYR","2020-09-23 MY (UTC+08:00)","2020-09-23 MY (UTC+08:00)","2","6","1,000.00","1,000.00","-","-","23/Sep/2020 MY (UTC+08:00)","18:06 MY (UTC+08:00)","CDM CASH DEPOSIT","","-","500.00","003 - ATM","00048F7A","2630","7010 - CDM CASH DEPOSIT","13,280.32","","-","","","","-"
"514356803557","Current Account","GENTING GOLF COURSE BERHAD","MYR","2020-09-23 MY (UTC+08:00)","2020-09-23 MY (UTC+08:00)","2","6","1,000.00","1,000.00","-","-","23/Sep/2020 MY (UTC+08:00)","01:27 MY (UTC+08:00)","XFR DEBIT SVC CHARGE","","2.00","-","011 - System","BTCH6587","1435","XFRDRSVC - SERVICE CHARGE","13,278.32","","-","","","","-"
"514356803557","Current Account","GENTING GOLF COURSE BERHAD","MYR","2020-09-23 MY (UTC+08:00)","2020-09-23 MY (UTC+08:00)","2","6","1,000.00","1,000.00","-","-","23/Sep/2020 MY (UTC+08:00)","01:27 MY (UTC+08:00)","GENTING MALAYSIA BERHAD","514011468149","12,278.32","-","011 - System","BTCH6587","1435","XFRDR - FUND TRANSFER DEBIT","1,000.00","","-","","","","-"
