﻿Account Number,Account Type,Account Name,Account Currency,Date From,Date To,Total Debit,Total Credit,Begin Balance,End Balance,Transaction Date,Transaction Time,Posting Date,Processing Time,Transaction Description,Transaction Ref,Debit,Credit,Source Code,Teller ID,Branch/Channel,Transaction Code,End Balance,Filler,Virtual Account,Transaction Description 2,Transaction Description 3,Transaction Description 4,Expiry Date
"514356803557","Current Account","GENTING GOLF COURSE BERHAD","MYR","2020-09-25 MY (UTC+08:00)","2020-09-25 MY (UTC+08:00)","3","4","1,000.00","1,000.00","-","-","25/Sep/2020 MY (UTC+08:00)","07:30 MY (UTC+08:00)","Noor Lela","Deposit retrea","-","2,000.00","003 - ATM","935PHONE","2988","7610 - TRANSFER TO A/C","3,000.00","","-","NOOR LELA BINTI  IS*","TRANSFER TO A/C","","-"
"514356803557","Current Account","GENTING GOLF COURSE BERHAD","MYR","2020-09-25 MY (UTC+08:00)","2020-09-25 MY (UTC+08:00)","3","4","1,000.00","1,000.00","-","-","25/Sep/2020 MY (UTC+08:00)","08:32 MY (UTC+08:00)","CR/CARD SALES M/N 4009726 DATED 24092020","97262409","-","6,710.90","011 - System","CBSX4498","2719","2981 - MERCHANT CREDIT CARD SALES","9,710.90","","-","","","","-"
"514356803557","Current Account","GENTING GOLF COURSE BERHAD","MYR","2020-09-25 MY (UTC+08:00)","2020-09-25 MY (UTC+08:00)","3","4","1,000.00","1,000.00","-","-","25/Sep/2020 MY (UTC+08:00)","13:55 MY (UTC+08:00)","CHAN, MOHD ,Z.TIEW","AGSSG-27.09.20","-","980.00","003 - ATM","922PHONE","2988","7610 - TRANSFER TO A/C","10,690.90","","-","AGSSG LINKS SDN BHD*","TRANSFER TO A/C","","-"
"514356803557","Current Account","GENTING GOLF COURSE BERHAD","MYR","2020-09-25 MY (UTC+08:00)","2020-09-25 MY (UTC+08:00)","3","4","1,000.00","1,000.00","-","-","25/Sep/2020 MY (UTC+08:00)","01:10 MY (UTC+08:00)","XFR DEBIT SVC CHARGE","","2.00","-","011 - System","BTCH6587","1435","XFRDRSVC - SERVICE CHARGE","10,688.90","","-","","","","-"
"514356803557","Current Account","GENTING GOLF COURSE BERHAD","MYR","2020-09-25 MY (UTC+08:00)","2020-09-25 MY (UTC+08:00)","3","4","1,000.00","1,000.00","-","-","25/Sep/2020 MY (UTC+08:00)","01:10 MY (UTC+08:00)","GENTING MALAYSIA BERHAD","514011468149","10,267.45","-","011 - System","BTCH6587","1435","XFRDR - FUND TRANSFER DEBIT","421.45","","-","","","","-"
"514356803557","Current Account","GENTING GOLF COURSE BERHAD","MYR","2020-09-25 MY (UTC+08:00)","2020-09-25 MY (UTC+08:00)","3","4","1,000.00","1,000.00","-","-","25/Sep/2020 MY (UTC+08:00)","02:18 MY (UTC+08:00)","DR/CARD SALES M/N 4009726 DATED 24092020","","-","580.00","006 - Pos","CBSX408R","3121","8300 - CREDIT ACCOUNT","1,001.45","","-","","","","-"
"514356803557","Current Account","GENTING GOLF COURSE BERHAD","MYR","2020-09-25 MY (UTC+08:00)","2020-09-25 MY (UTC+08:00)","3","4","1,000.00","1,000.00","-","-","25/Sep/2020 MY (UTC+08:00)","02:19 MY (UTC+08:00)","DR/CARD SALES M/N 4009726 DATED 24092020","","1.45","-","011 - System","CBSX408R","2981","BCHARGE - ELECTRONIC TRANSACTION CHARGES","1,000.00","","-","","","","-"
