﻿Account Number,Account Type,Account Name,Account Currency,Date From,Date To,Total Debit,Total Credit,Begin Balance,End Balance,Transaction Date,Transaction Time,Posting Date,Processing Time,Transaction Description,Transaction Ref,Debit,Credit,Source Code,Teller ID,Branch/Channel,Transaction Code,End Balance,Filler,Virtual Account,Transaction Description 2,Transaction Description 3,Transaction Description 4,Expiry Date
"514356803557","Current Account","GENTING GOLF COURSE BERHAD","MYR","2020-09-27 MY (UTC+08:00)","2020-09-27 MY (UTC+08:00)","3","1","1,000.00","1,000.00","-","-","27/Sep/2020 MY (UTC+08:00)","01:20 MY (UTC+08:00)","XFR DEBIT SVC CHARGE","","2.00","-","011 - System","BTCH6587","1435","XFRDRSVC - SERVICE CHARGE","998.00","","-","","","","-"
"514356803557","Current Account","GENTING GOLF COURSE BERHAD","MYR","2020-09-27 MY (UTC+08:00)","2020-09-27 MY (UTC+08:00)","3","1","1,000.00","1,000.00","-","-","27/Sep/2020 MY (UTC+08:00)","01:20 MY (UTC+08:00)","GENTING MALAYSIA BERHAD","514011468149","2,392.00","-","011 - System","BTCH6587","1435","XFRDR - FUND TRANSFER DEBIT","-1,394.00","","-","","","","-"
"514356803557","Current Account","GENTING GOLF COURSE BERHAD","MYR","2020-09-27 MY (UTC+08:00)","2020-09-27 MY (UTC+08:00)","3","1","1,000.00","1,000.00","-","-","27/Sep/2020 MY (UTC+08:00)","02:10 MY (UTC+08:00)","DR/CARD SALES M/N 4009726 DATED 26092020","","-","2,400.00","006 - Pos","CBSX408R","3121","8300 - CREDIT ACCOUNT","1,006.00","","-","","","","-"
"514356803557","Current Account","GENTING GOLF COURSE BERHAD","MYR","2020-09-27 MY (UTC+08:00)","2020-09-27 MY (UTC+08:00)","3","1","1,000.00","1,000.00","-","-","27/Sep/2020 MY (UTC+08:00)","02:11 MY (UTC+08:00)","DR/CARD SALES M/N 4009726 DATED 26092020","","6.00","-","011 - System","CBSX408R","2981","BCHARGE - ELECTRONIC TRANSACTION CHARGES","1,000.00","","-","","","","-"
