﻿Account Number,Account Type,Account Name,Account Currency,Date From,Date To,Total Debit,Total Credit,Begin Balance,End Balance,Transaction Date,Transaction Time,Posting Date,Processing Time,Transaction Description,Transaction Ref,Debit,Credit,Source Code,Teller ID,Branch/Channel,Transaction Code,End Balance,Filler,Virtual Account,Transaction Description 2,Transaction Description 3,Transaction Description 4,Expiry Date
"514356803557","Current Account","GENTING GOLF COURSE BERHAD","MYR","2020-09-29 MY (UTC+08:00)","2020-09-29 MY (UTC+08:00)","3","3","1,000.00","1,000.00","-","-","29/Sep/2020 MY (UTC+08:00)","08:32 MY (UTC+08:00)","CR/CARD SALES M/N 4009726 DATED 28092020","97262809","-","3,791.91","011 - System","CBSX4498","2719","2981 - MERCHANT CREDIT CARD SALES","4,791.91","","-","","","","-"
"514356803557","Current Account","GENTING GOLF COURSE BERHAD","MYR","2020-09-29 MY (UTC+08:00)","2020-09-29 MY (UTC+08:00)","3","3","1,000.00","1,000.00","-","-","29/Sep/2020 MY (UTC+08:00)","01:29 MY (UTC+08:00)","XFR DEBIT SVC CHARGE","","2.00","-","011 - System","BTCH6587","1435","XFRDRSVC - SERVICE CHARGE","4,789.91","","-","","","","-"
"514356803557","Current Account","GENTING GOLF COURSE BERHAD","MYR","2020-09-29 MY (UTC+08:00)","2020-09-29 MY (UTC+08:00)","3","3","1,000.00","1,000.00","-","-","29/Sep/2020 MY (UTC+08:00)","01:29 MY (UTC+08:00)","GENTING MALAYSIA BERHAD","514011468149","5,165.36","-","011 - System","BTCH6587","1435","XFRDR - FUND TRANSFER DEBIT","-375.45","","-","","","","-"
"514356803557","Current Account","GENTING GOLF COURSE BERHAD","MYR","2020-09-29 MY (UTC+08:00)","2020-09-29 MY (UTC+08:00)","3","3","1,000.00","1,000.00","-","-","29/Sep/2020 MY (UTC+08:00)","02:15 MY (UTC+08:00)","DR/CARD SALES M/N 4009726 DATED 28092020","","-","160.00","006 - Pos","CBSX408R","2977","8300 - CREDIT ACCOUNT","-215.45","","-","","","","-"
"514356803557","Current Account","GENTING GOLF COURSE BERHAD","MYR","2020-09-29 MY (UTC+08:00)","2020-09-29 MY (UTC+08:00)","3","3","1,000.00","1,000.00","-","-","29/Sep/2020 MY (UTC+08:00)","02:16 MY (UTC+08:00)","DR/CARD SALES M/N 4009726 DATED 28092020","","0.40","-","011 - System","CBSX408R","2981","BCHARGE - ELECTRONIC TRANSACTION CHARGES","-215.85","","-","","","","-"
"514356803557","Current Account","GENTING GOLF COURSE BERHAD","MYR","2020-09-29 MY (UTC+08:00)","2020-09-29 MY (UTC+08:00)","3","3","1,000.00","1,000.00","-","-","29/Sep/2020 MY (UTC+08:00)","05:38 MY (UTC+08:00)","9870200003 CR/CARD SALES  DATED 29092020","00032909","-","1,215.85","011 - System","CBSX4498","3104","2210 - CARDS CREDIT","1,000.00","","-","","","","-"
