﻿Account Number,Account Type,Account Name,Account Currency,Date From,Date To,Total Debit,Total Credit,Begin Balance,End Balance,Transaction Date,Transaction Time,Posting Date,Processing Time,Transaction Description,Transaction Ref,Debit,Credit,Source Code,Teller ID,Branch/Channel,Transaction Code,End Balance,Filler,Virtual Account,Transaction Description 2,Transaction Description 3,Transaction Description 4,Expiry Date
"514356803557","Current Account","GENTING GOLF COURSE BERHAD","MYR","2020-09-30 MY (UTC+08:00)","2020-09-30 MY (UTC+08:00)","3","8","1,000.00","4,600.00","-","-","30/Sep/2020 MY (UTC+08:00)","08:32 MY (UTC+08:00)","CR/CARD SALES M/N 4009726 DATED 29092020","97262909","-","19,526.90","011 - System","CBSX4498","2719","2981 - MERCHANT CREDIT CARD SALES","20,526.90","","-","","","","-"
"514356803557","Current Account","GENTING GOLF COURSE BERHAD","MYR","2020-09-30 MY (UTC+08:00)","2020-09-30 MY (UTC+08:00)","3","8","1,000.00","4,600.00","-","-","30/Sep/2020 MY (UTC+08:00)","09:06 MY (UTC+08:00)","202011066810054469","R200930923459S","-","25,554.91","011 - System","MHHJA19","2601","2910 - CCA CREDIT INWARD RENTAS","46,081.81","","-","AKAUNTAN NEGARA MAL*","CREDIT INWARD RENTAS","","-"
"514356803557","Current Account","GENTING GOLF COURSE BERHAD","MYR","2020-09-30 MY (UTC+08:00)","2020-09-30 MY (UTC+08:00)","3","8","1,000.00","4,600.00","-","-","30/Sep/2020 MY (UTC+08:00)","15:31 MY (UTC+08:00)","IBG PAYMENT INTO A/C","Fund transfer","-","1,000.00","011 - System","CBSX406C","2601","7991 - INTER-BANK PAYMENT INTO A/C","47,081.81","","-","INDRA A/P ARUMUGAM","INTER-BANK PAYMENT INTO A/C","","-"
"514356803557","Current Account","GENTING GOLF COURSE BERHAD","MYR","2020-09-30 MY (UTC+08:00)","2020-09-30 MY (UTC+08:00)","3","8","1,000.00","4,600.00","-","-","30/Sep/2020 MY (UTC+08:00)","18:45 MY (UTC+08:00)","UCO PAYMENT SEP2020","INV NO GGC4000003251","-","342.00","011 - System","CBSX406C","2601","7991 - INTER-BANK PAYMENT INTO A/C","47,423.81","","-","WOEIS VIGOR SDN BHD","INTER-BANK PAYMENT INTO A/C","","-"
"514356803557","Current Account","GENTING GOLF COURSE BERHAD","MYR","2020-09-30 MY (UTC+08:00)","2020-09-30 MY (UTC+08:00)","3","8","1,000.00","4,600.00","-","-","30/Sep/2020 MY (UTC+08:00)","19:51 MY (UTC+08:00)","0","0","-","3,600.00","011 - System","CBSX8211","2802","8100 - CLEARING CHQ DEP","51,023.81","","-","","","","-"
"514356803557","Current Account","GENTING GOLF COURSE BERHAD","MYR","2020-09-30 MY (UTC+08:00)","2020-09-30 MY (UTC+08:00)","3","8","1,000.00","4,600.00","-","-","30/Sep/2020 MY (UTC+08:00)","21:55 MY (UTC+08:00)","DATE     REFERENCE","81002475162021","-","6,773.60","011 - System","CBSX406C","2601","7991 - INTER-BANK PAYMENT INTO A/C","57,797.41","","-","YTL COMMUNICATIONS","INTER-BANK PAYMENT INTO A/C","","-"
"514356803557","Current Account","GENTING GOLF COURSE BERHAD","MYR","2020-09-30 MY (UTC+08:00)","2020-09-30 MY (UTC+08:00)","3","8","1,000.00","4,600.00","-","-","30/Sep/2020 MY (UTC+08:00)","01:27 MY (UTC+08:00)","XFR DEBIT SVC CHARGE","","2.00","-","011 - System","BTCH6587","1435","XFRDRSVC - SERVICE CHARGE","57,795.41","","-","","","","-"
"514356803557","Current Account","GENTING GOLF COURSE BERHAD","MYR","2020-09-30 MY (UTC+08:00)","2020-09-30 MY (UTC+08:00)","3","8","1,000.00","4,600.00","-","-","30/Sep/2020 MY (UTC+08:00)","01:27 MY (UTC+08:00)","GENTING MALAYSIA BERHAD","514011468149","53,746.44","-","011 - System","BTCH6587","1435","XFRDR - FUND TRANSFER DEBIT","4,048.97","","-","","","","-"
"514356803557","Current Account","GENTING GOLF COURSE BERHAD","MYR","2020-09-30 MY (UTC+08:00)","2020-09-30 MY (UTC+08:00)","3","8","1,000.00","4,600.00","-","-","30/Sep/2020 MY (UTC+08:00)","02:25 MY (UTC+08:00)","DR/CARD SALES M/N 4009726 DATED 29092020","","-","160.00","006 - Pos","CBSX408R","3121","8300 - CREDIT ACCOUNT","4,208.97","","-","","","","-"
"514356803557","Current Account","GENTING GOLF COURSE BERHAD","MYR","2020-09-30 MY (UTC+08:00)","2020-09-30 MY (UTC+08:00)","3","8","1,000.00","4,600.00","-","-","30/Sep/2020 MY (UTC+08:00)","02:25 MY (UTC+08:00)","DR/CARD SALES M/N 4009726 DATED 29092020","","0.40","-","011 - System","CBSX408R","2981","BCHARGE - ELECTRONIC TRANSACTION CHARGES","4,208.57","","-","","","","-"
"514356803557","Current Account","GENTING GOLF COURSE BERHAD","MYR","2020-09-30 MY (UTC+08:00)","2020-09-30 MY (UTC+08:00)","3","8","1,000.00","4,600.00","-","-","30/Sep/2020 MY (UTC+08:00)","05:40 MY (UTC+08:00)","9870200003 CR/CARD SALES  DATED 30092020","00033009","-","391.43","011 - System","CBSX4498","3104","2210 - CARDS CREDIT","4,600.00","","-","","","","-"
