﻿Account Number,Account Type,Account Name,Account Currency,Date From,Date To,Total Debit,Total Credit,Begin Balance,End Balance,Transaction Date,Transaction Time,Posting Date,Processing Time,Transaction Description,Transaction Ref,Debit,Credit,Source Code,Teller ID,Branch/Channel,Transaction Code,End Balance,Filler,Virtual Account,Transaction Description 2,Transaction Description 3,Transaction Description 4,Expiry Date
"514356804112","Current Account","GENTING MALAYSIA BERHAD","MYR","2020-08-03 MY (UTC+08:00)","2020-08-03 MY (UTC+08:00)","2","5","1,000.00","1,000.00","-","-","03/Aug/2020 MY (UTC+08:00)","15:40 MY (UTC+08:00)","GHS/29072020/0006 RW","B4000247126","-","96.00","011 - System","CBSX406C","2601","7991 - INTER-BANK PAYMENT INTO A/C","1,096.00","","-","GENTING HIGHLANDS","INTER-BANK PAYMENT INTO A/C","","-"
"514356804112","Current Account","GENTING MALAYSIA BERHAD","MYR","2020-08-03 MY (UTC+08:00)","2020-08-03 MY (UTC+08:00)","2","5","1,000.00","1,000.00","-","-","03/Aug/2020 MY (UTC+08:00)","15:40 MY (UTC+08:00)","GHS/29072020/0007 RW","B4000247132","-","3,266.00","011 - System","CBSX406C","2601","7991 - INTER-BANK PAYMENT INTO A/C","4,362.00","","-","GENTING HIGHLANDS","INTER-BANK PAYMENT INTO A/C","","-"
"514356804112","Current Account","GENTING MALAYSIA BERHAD","MYR","2020-08-03 MY (UTC+08:00)","2020-08-03 MY (UTC+08:00)","2","5","1,000.00","1,000.00","-","-","03/Aug/2020 MY (UTC+08:00)","21:59 MY (UTC+08:00)","CLAIM SETTLEMENT","PV2003HQ9147688","-","6,323.00","011 - System","CBSX406C","2601","7991 - INTER-BANK PAYMENT INTO A/C","10,685.00","","-","ALLIANZ GENERAL INS","INTER-BANK PAYMENT INTO A/C","","-"
"514356804112","Current Account","GENTING MALAYSIA BERHAD","MYR","2020-08-03 MY (UTC+08:00)","2020-08-03 MY (UTC+08:00)","2","5","1,000.00","1,000.00","-","-","03/Aug/2020 MY (UTC+08:00)","21:59 MY (UTC+08:00)","Being refund due to","PV2003MT9148360","-","1,082.30","011 - System","CBSX406C","2601","7991 - INTER-BANK PAYMENT INTO A/C","11,767.30","","-","ALLIANZ GENERAL INS","INTER-BANK PAYMENT INTO A/C","","-"
"514356804112","Current Account","GENTING MALAYSIA BERHAD","MYR","2020-08-03 MY (UTC+08:00)","2020-08-03 MY (UTC+08:00)","2","5","1,000.00","1,000.00","-","-","03/Aug/2020 MY (UTC+08:00)","23:48 MY (UTC+08:00)","","YSH August 20","-","1,580.00","003 - ATM","991PHONE","2988","7610 - TRANSFER TO A/C","13,347.30","","-","LEE SEK KONG       *","TRANSFER TO A/C","","-"
"514356804112","Current Account","GENTING MALAYSIA BERHAD","MYR","2020-08-03 MY (UTC+08:00)","2020-08-03 MY (UTC+08:00)","2","5","1,000.00","1,000.00","-","-","03/Aug/2020 MY (UTC+08:00)","01:33 MY (UTC+08:00)","XFR DEBIT SVC CHARGE","","2.00","-","011 - System","BTCH6587","1435","XFRDRSVC - SERVICE CHARGE","13,345.30","","-","","","","-"
"514356804112","Current Account","GENTING MALAYSIA BERHAD","MYR","2020-08-03 MY (UTC+08:00)","2020-08-03 MY (UTC+08:00)","2","5","1,000.00","1,000.00","-","-","03/Aug/2020 MY (UTC+08:00)","01:33 MY (UTC+08:00)","GENTING MALAYSIA BERHAD","514011468149","12,345.30","-","011 - System","BTCH6587","1435","XFRDR - FUND TRANSFER DEBIT","1,000.00","","-","","","","-"
