﻿Account Number,Account Type,Account Name,Account Currency,Date From,Date To,Total Debit,Total Credit,Begin Balance,End Balance,Transaction Date,Transaction Time,Posting Date,Processing Time,Transaction Description,Transaction Ref,Debit,Credit,Source Code,Teller ID,Branch/Channel,Transaction Code,End Balance,Filler,Virtual Account,Transaction Description 2,Transaction Description 3,Transaction Description 4,Expiry Date
"514356804112","Current Account","GENTING MALAYSIA BERHAD","MYR","2020-08-04 MY (UTC+08:00)","2020-08-04 MY (UTC+08:00)","2","4","1,000.00","2,850.00","-","-","04/Aug/2020 MY (UTC+08:00)","14:22 MY (UTC+08:00)","","car park Aug 2","-","142.42","003 - ATM","945PHONE","2988","7610 - TRANSFER TO A/C","1,142.42","","-","PATRICIA KHOO GIM I*","TRANSFER TO A/C","","-"
"514356804112","Current Account","GENTING MALAYSIA BERHAD","MYR","2020-08-04 MY (UTC+08:00)","2020-08-04 MY (UTC+08:00)","2","4","1,000.00","2,850.00","-","-","04/Aug/2020 MY (UTC+08:00)","15:34 MY (UTC+08:00)","IBG PAYMENT INTO A/C","102132","-","224.72","011 - System","CBSX406C","2601","7991 - INTER-BANK PAYMENT INTO A/C","1,367.14","","-","CIMB BANK BERHAD (H","INTER-BANK PAYMENT INTO A/C","","-"
"514356804112","Current Account","GENTING MALAYSIA BERHAD","MYR","2020-08-04 MY (UTC+08:00)","2020-08-04 MY (UTC+08:00)","2","4","1,000.00","2,850.00","-","-","04/Aug/2020 MY (UTC+08:00)","16:44 MY (UTC+08:00)","","GenieRefundGEN","-","2,075.00","003 - ATM","969PHONE","2988","7610 - TRANSFER TO A/C","3,442.14","","-","TIW YEE HONG       *","TRANSFER TO A/C","","-"
"514356804112","Current Account","GENTING MALAYSIA BERHAD","MYR","2020-08-04 MY (UTC+08:00)","2020-08-04 MY (UTC+08:00)","2","4","1,000.00","2,850.00","-","-","04/Aug/2020 MY (UTC+08:00)","19:50 MY (UTC+08:00)","0","0","-","1,850.00","011 - System","CBSX8211","2802","8100 - CLEARING CHQ DEP","5,292.14","","-","","","","-"
"514356804112","Current Account","GENTING MALAYSIA BERHAD","MYR","2020-08-04 MY (UTC+08:00)","2020-08-04 MY (UTC+08:00)","2","4","1,000.00","2,850.00","-","-","04/Aug/2020 MY (UTC+08:00)","01:31 MY (UTC+08:00)","XFR DEBIT SVC CHARGE","","2.00","-","011 - System","BTCH6587","1435","XFRDRSVC - SERVICE CHARGE","5,290.14","","-","","","","-"
"514356804112","Current Account","GENTING MALAYSIA BERHAD","MYR","2020-08-04 MY (UTC+08:00)","2020-08-04 MY (UTC+08:00)","2","4","1,000.00","2,850.00","-","-","04/Aug/2020 MY (UTC+08:00)","01:31 MY (UTC+08:00)","GENTING MALAYSIA BERHAD","514011468149","2,440.14","-","011 - System","BTCH6587","1435","XFRDR - FUND TRANSFER DEBIT","2,850.00","","-","","","","-"
