﻿Account Number,Account Type,Account Name,Account Currency,Date From,Date To,Total Debit,Total Credit,Begin Balance,End Balance,Transaction Date,Transaction Time,Posting Date,Processing Time,Transaction Description,Transaction Ref,Debit,Credit,Source Code,Teller ID,Branch/Channel,Transaction Code,End Balance,Filler,Virtual Account,Transaction Description 2,Transaction Description 3,Transaction Description 4,Expiry Date
"514356804112","Current Account","GENTING MALAYSIA BERHAD","MYR","2020-08-11 MY (UTC+08:00)","2020-08-11 MY (UTC+08:00)","2","2","9,000.00","6,745.00","-","-","11/Aug/2020 MY (UTC+08:00)","16:38 MY (UTC+08:00)","0","0","-","5,745.00","011 - System","CBSX8211","2802","8100 - CLEARING CHQ DEP","14,745.00","","-","","","","-"
"514356804112","Current Account","GENTING MALAYSIA BERHAD","MYR","2020-08-11 MY (UTC+08:00)","2020-08-11 MY (UTC+08:00)","2","2","9,000.00","6,745.00","-","-","11/Aug/2020 MY (UTC+08:00)","21:53 MY (UTC+08:00)","DEPOSIT ENGAGEMENT A","GENTING MALAYSIA BER","-","10,000.00","011 - System","CBSX406C","2601","7991 - INTER-BANK PAYMENT INTO A/C","24,745.00","","-","FOCAL PARK SDN BHD","INTER-BANK PAYMENT INTO A/C","","-"
"514356804112","Current Account","GENTING MALAYSIA BERHAD","MYR","2020-08-11 MY (UTC+08:00)","2020-08-11 MY (UTC+08:00)","2","2","9,000.00","6,745.00","-","-","11/Aug/2020 MY (UTC+08:00)","01:32 MY (UTC+08:00)","XFR DEBIT SVC CHARGE","","2.00","-","011 - System","BTCH6587","1435","XFRDRSVC - SERVICE CHARGE","24,743.00","","-","","","","-"
"514356804112","Current Account","GENTING MALAYSIA BERHAD","MYR","2020-08-11 MY (UTC+08:00)","2020-08-11 MY (UTC+08:00)","2","2","9,000.00","6,745.00","-","-","11/Aug/2020 MY (UTC+08:00)","01:32 MY (UTC+08:00)","GENTING MALAYSIA BERHAD","514011468149","17,998.00","-","011 - System","BTCH6587","1435","XFRDR - FUND TRANSFER DEBIT","6,745.00","","-","","","","-"
