﻿Account Number,Account Type,Account Name,Account Currency,Date From,Date To,Total Debit,Total Credit,Begin Balance,End Balance,Transaction Date,Transaction Time,Posting Date,Processing Time,Transaction Description,Transaction Ref,Debit,Credit,Source Code,Teller ID,Branch/Channel,Transaction Code,End Balance,Filler,Virtual Account,Transaction Description 2,Transaction Description 3,Transaction Description 4,Expiry Date
"514356804112","Current Account","GENTING MALAYSIA BERHAD","MYR","2020-08-14 MY (UTC+08:00)","2020-08-14 MY (UTC+08:00)","2","3","21,000.00","1,000.00","-","-","14/Aug/2020 MY (UTC+08:00)","12:20 MY (UTC+08:00)","PV-IKUM2020-652","IKACADEMY","-","3,286.00","011 - System","CBSX406C","2601","7991 - INTER-BANK PAYMENT INTO A/C","24,286.00","","-","ASIA IKNOWLEDGE SDN","INTER-BANK PAYMENT INTO A/C","","-"
"514356804112","Current Account","GENTING MALAYSIA BERHAD","MYR","2020-08-14 MY (UTC+08:00)","2020-08-14 MY (UTC+08:00)","2","3","21,000.00","1,000.00","-","-","14/Aug/2020 MY (UTC+08:00)","15:07 MY (UTC+08:00)","MBB GH","JULY 2020","-","9,139.45","018 - Teller","000ABB0A","0606","7540 - TT CREDIT","33,425.45","","-","","","","-"
"514356804112","Current Account","GENTING MALAYSIA BERHAD","MYR","2020-08-14 MY (UTC+08:00)","2020-08-14 MY (UTC+08:00)","2","3","21,000.00","1,000.00","-","-","14/Aug/2020 MY (UTC+08:00)","21:53 MY (UTC+08:00)","CLAIM SETTLEMENT","PV2003HQ9159733","-","15,060.79","011 - System","CBSX406C","2601","7991 - INTER-BANK PAYMENT INTO A/C","48,486.24","","-","ALLIANZ GENERAL INS","INTER-BANK PAYMENT INTO A/C","","-"
"514356804112","Current Account","GENTING MALAYSIA BERHAD","MYR","2020-08-14 MY (UTC+08:00)","2020-08-14 MY (UTC+08:00)","2","3","21,000.00","1,000.00","-","-","14/Aug/2020 MY (UTC+08:00)","01:10 MY (UTC+08:00)","XFR DEBIT SVC CHARGE","","2.00","-","011 - System","BTCH6587","1435","XFRDRSVC - SERVICE CHARGE","48,484.24","","-","","","","-"
"514356804112","Current Account","GENTING MALAYSIA BERHAD","MYR","2020-08-14 MY (UTC+08:00)","2020-08-14 MY (UTC+08:00)","2","3","21,000.00","1,000.00","-","-","14/Aug/2020 MY (UTC+08:00)","01:10 MY (UTC+08:00)","GENTING MALAYSIA BERHAD","514011468149","47,484.24","-","011 - System","BTCH6587","1435","XFRDR - FUND TRANSFER DEBIT","1,000.00","","-","","","","-"
