﻿Account Number,Account Type,Account Name,Account Currency,Date From,Date To,Total Debit,Total Credit,Begin Balance,End Balance,Transaction Date,Transaction Time,Posting Date,Processing Time,Transaction Description,Transaction Ref,Debit,Credit,Source Code,Teller ID,Branch/Channel,Transaction Code,End Balance,Filler,Virtual Account,Transaction Description 2,Transaction Description 3,Transaction Description 4,Expiry Date
"514356804112","Current Account","GENTING MALAYSIA BERHAD","MYR","2020-08-17 MY (UTC+08:00)","2020-08-17 MY (UTC+08:00)","2","2","1,000.00","1,000.00","-","-","17/Aug/2020 MY (UTC+08:00)","09:39 MY (UTC+08:00)","03084367622","APP4002020587053","-","7,300.00","011 - System","CBSX406C","2601","7991 - INTER-BANK PAYMENT INTO A/C","8,300.00","","-","GENTING MALAYSIA BE","INTER-BANK PAYMENT INTO A/C","","-"
"514356804112","Current Account","GENTING MALAYSIA BERHAD","MYR","2020-08-17 MY (UTC+08:00)","2020-08-17 MY (UTC+08:00)","2","2","1,000.00","1,000.00","-","-","17/Aug/2020 MY (UTC+08:00)","09:39 MY (UTC+08:00)","03084367622","APP4002020587052","-","2,000.00","011 - System","CBSX406C","2601","7991 - INTER-BANK PAYMENT INTO A/C","10,300.00","","-","GENTING MALAYSIA BE","INTER-BANK PAYMENT INTO A/C","","-"
"514356804112","Current Account","GENTING MALAYSIA BERHAD","MYR","2020-08-17 MY (UTC+08:00)","2020-08-17 MY (UTC+08:00)","2","2","1,000.00","1,000.00","-","-","17/Aug/2020 MY (UTC+08:00)","01:31 MY (UTC+08:00)","XFR DEBIT SVC CHARGE","","2.00","-","011 - System","BTCH6587","1435","XFRDRSVC - SERVICE CHARGE","10,298.00","","-","","","","-"
"514356804112","Current Account","GENTING MALAYSIA BERHAD","MYR","2020-08-17 MY (UTC+08:00)","2020-08-17 MY (UTC+08:00)","2","2","1,000.00","1,000.00","-","-","17/Aug/2020 MY (UTC+08:00)","01:31 MY (UTC+08:00)","GENTING MALAYSIA BERHAD","514011468149","9,298.00","-","011 - System","BTCH6587","1435","XFRDR - FUND TRANSFER DEBIT","1,000.00","","-","","","","-"
