﻿Account Number,Account Type,Account Name,Account Currency,Date From,Date To,Total Debit,Total Credit,Begin Balance,End Balance,Transaction Date,Transaction Time,Posting Date,Processing Time,Transaction Description,Transaction Ref,Debit,Credit,Source Code,Teller ID,Branch/Channel,Transaction Code,End Balance,Filler,Virtual Account,Transaction Description 2,Transaction Description 3,Transaction Description 4,Expiry Date
"514356804112","Current Account","GENTING MALAYSIA BERHAD","MYR","2020-08-19 MY (UTC+08:00)","2020-08-19 MY (UTC+08:00)","2","6","1,000.00","1,000.00","-","-","19/Aug/2020 MY (UTC+08:00)","10:02 MY (UTC+08:00)","DependntVisaMeredith","Kreuze Yong","-","148.40","003 - ATM","938PHONE","2988","7610 - TRANSFER TO A/C","1,148.40","","-","YONG LAWK FHAI     *","TRANSFER TO A/C","","-"
"514356804112","Current Account","GENTING MALAYSIA BERHAD","MYR","2020-08-19 MY (UTC+08:00)","2020-08-19 MY (UTC+08:00)","2","6","1,000.00","1,000.00","-","-","19/Aug/2020 MY (UTC+08:00)","11:36 MY (UTC+08:00)","IreneYapAug20Parking","Aug20ParkingIr","-","84.29","003 - ATM","943PHONE","2988","7610 - TRANSFER TO A/C","1,232.69","","-","IRENE YAP SHAW CHIN*","TRANSFER TO A/C","","-"
"514356804112","Current Account","GENTING MALAYSIA BERHAD","MYR","2020-08-19 MY (UTC+08:00)","2020-08-19 MY (UTC+08:00)","2","6","1,000.00","1,000.00","-","-","19/Aug/2020 MY (UTC+08:00)","18:40 MY (UTC+08:00)","03084367622","APP4002020587923","-","5,050.00","011 - System","CBSX406C","2601","7991 - INTER-BANK PAYMENT INTO A/C","6,282.69","","-","GENTING MALAYSIA BE","INTER-BANK PAYMENT INTO A/C","","-"
"514356804112","Current Account","GENTING MALAYSIA BERHAD","MYR","2020-08-19 MY (UTC+08:00)","2020-08-19 MY (UTC+08:00)","2","6","1,000.00","1,000.00","-","-","19/Aug/2020 MY (UTC+08:00)","18:40 MY (UTC+08:00)","03084367622","APP4002020587924","-","2,150.00","011 - System","CBSX406C","2601","7991 - INTER-BANK PAYMENT INTO A/C","8,432.69","","-","GENTING MALAYSIA BE","INTER-BANK PAYMENT INTO A/C","","-"
"514356804112","Current Account","GENTING MALAYSIA BERHAD","MYR","2020-08-19 MY (UTC+08:00)","2020-08-19 MY (UTC+08:00)","2","6","1,000.00","1,000.00","-","-","19/Aug/2020 MY (UTC+08:00)","18:40 MY (UTC+08:00)","03084367622","APP4002020587498","-","5,050.00","011 - System","CBSX406C","2601","7991 - INTER-BANK PAYMENT INTO A/C","13,482.69","","-","GENTING MALAYSIA BE","INTER-BANK PAYMENT INTO A/C","","-"
"514356804112","Current Account","GENTING MALAYSIA BERHAD","MYR","2020-08-19 MY (UTC+08:00)","2020-08-19 MY (UTC+08:00)","2","6","1,000.00","1,000.00","-","-","19/Aug/2020 MY (UTC+08:00)","01:28 MY (UTC+08:00)","XFR DEBIT SVC CHARGE","","2.00","-","011 - System","BTCH6587","1435","XFRDRSVC - SERVICE CHARGE","13,480.69","","-","","","","-"
"514356804112","Current Account","GENTING MALAYSIA BERHAD","MYR","2020-08-19 MY (UTC+08:00)","2020-08-19 MY (UTC+08:00)","2","6","1,000.00","1,000.00","-","-","19/Aug/2020 MY (UTC+08:00)","01:28 MY (UTC+08:00)","GENTING MALAYSIA BERHAD","514011468149","40,560.69","-","011 - System","BTCH6587","1435","XFRDR - FUND TRANSFER DEBIT","-27,080.00","","-","","","","-"
"514356804112","Current Account","GENTING MALAYSIA BERHAD","MYR","2020-08-19 MY (UTC+08:00)","2020-08-19 MY (UTC+08:00)","2","6","1,000.00","1,000.00","-","-","19/Aug/2020 MY (UTC+08:00)","05:08 MY (UTC+08:00)","Genting Malaysia Ber","Genting","-","28,080.00","025 - Office","CBSX4618","2502","CCRBEN1 - CMS - CR PYMT MARS","1,000.00","","-","H B LEISURE MALAYSIA","CMS - CR PYMT MARS","","-"
