﻿Account Number,Account Type,Account Name,Account Currency,Date From,Date To,Total Debit,Total Credit,Begin Balance,End Balance,Transaction Date,Transaction Time,Posting Date,Processing Time,Transaction Description,Transaction Ref,Debit,Credit,Source Code,Teller ID,Branch/Channel,Transaction Code,End Balance,Filler,Virtual Account,Transaction Description 2,Transaction Description 3,Transaction Description 4,Expiry Date
"514356804112","Current Account","GENTING MALAYSIA BERHAD","MYR","2020-08-21 MY (UTC+08:00)","2020-08-21 MY (UTC+08:00)","3","2","1,000.00","1,000.00","-","-","21/Aug/2020 MY (UTC+08:00)","15:25 MY (UTC+08:00)","202010066808553974","2020004084/18082020-","-","3,600.00","011 - System","CBSX406C","2601","7991 - INTER-BANK PAYMENT INTO A/C","4,600.00","","-","202010066808553974","INTER-BANK PAYMENT INTO A/C","","-"
"514356804112","Current Account","GENTING MALAYSIA BERHAD","MYR","2020-08-21 MY (UTC+08:00)","2020-08-21 MY (UTC+08:00)","3","2","1,000.00","1,000.00","-","-","21/Aug/2020 MY (UTC+08:00)","00:44 MY (UTC+08:00)","QRCASA SALES M/N 0035086 DATED 21082020","","-","0.08","011 - System","CBSX425P","2988","8301 - BILLS PAYMENT CREDIT","4,600.08","","-","","","","-"
"514356804112","Current Account","GENTING MALAYSIA BERHAD","MYR","2020-08-21 MY (UTC+08:00)","2020-08-21 MY (UTC+08:00)","3","2","1,000.00","1,000.00","-","-","21/Aug/2020 MY (UTC+08:00)","00:45 MY (UTC+08:00)","QRCASA REFUND M/N 0035086 DATED 21082020","","0.08","-","011 - System","CBSX425P","2988","6423 - ","4,600.00","","-","","","","-"
"514356804112","Current Account","GENTING MALAYSIA BERHAD","MYR","2020-08-21 MY (UTC+08:00)","2020-08-21 MY (UTC+08:00)","3","2","1,000.00","1,000.00","-","-","21/Aug/2020 MY (UTC+08:00)","01:15 MY (UTC+08:00)","XFR DEBIT SVC CHARGE","","2.00","-","011 - System","BTCH6587","1435","XFRDRSVC - SERVICE CHARGE","4,598.00","","-","","","","-"
"514356804112","Current Account","GENTING MALAYSIA BERHAD","MYR","2020-08-21 MY (UTC+08:00)","2020-08-21 MY (UTC+08:00)","3","2","1,000.00","1,000.00","-","-","21/Aug/2020 MY (UTC+08:00)","01:15 MY (UTC+08:00)","GENTING MALAYSIA BERHAD","514011468149","3,598.00","-","011 - System","BTCH6587","1435","XFRDR - FUND TRANSFER DEBIT","1,000.00","","-","","","","-"
