﻿Account Number,Account Type,Account Name,Account Currency,Date From,Date To,Total Debit,Total Credit,Begin Balance,End Balance,Transaction Date,Transaction Time,Posting Date,Processing Time,Transaction Description,Transaction Ref,Debit,Credit,Source Code,Teller ID,Branch/Channel,Transaction Code,End Balance,Filler,Virtual Account,Transaction Description 2,Transaction Description 3,Transaction Description 4,Expiry Date
"514356804112","Current Account","GENTING MALAYSIA BERHAD","MYR","2020-08-26 MY (UTC+08:00)","2020-08-26 MY (UTC+08:00)","3","12","1,000.00","1,000.00","-","-","26/Aug/2020 MY (UTC+08:00)","15:28 MY (UTC+08:00)","RENTAL AUG20 TO OCT2","GENTING HOSTEL S046","-","7,200.00","011 - System","CBSX406C","2601","7991 - INTER-BANK PAYMENT INTO A/C","8,200.00","","-","BERJAYA STARBUCKS C","INTER-BANK PAYMENT INTO A/C","","-"
"514356804112","Current Account","GENTING MALAYSIA BERHAD","MYR","2020-08-26 MY (UTC+08:00)","2020-08-26 MY (UTC+08:00)","3","12","1,000.00","1,000.00","-","-","26/Aug/2020 MY (UTC+08:00)","15:28 MY (UTC+08:00)","RENTAL MAY20 TO OCT2","GENTING HOSTEL S017","-","14,400.00","011 - System","CBSX406C","2601","7991 - INTER-BANK PAYMENT INTO A/C","22,600.00","","-","BERJAYA STARBUCKS C","INTER-BANK PAYMENT INTO A/C","","-"
"514356804112","Current Account","GENTING MALAYSIA BERHAD","MYR","2020-08-26 MY (UTC+08:00)","2020-08-26 MY (UTC+08:00)","3","12","1,000.00","1,000.00","-","-","26/Aug/2020 MY (UTC+08:00)","15:28 MY (UTC+08:00)","RENTAL AUG20 TO OCT2","GENTING HOSTEL S046","-","7,200.00","011 - System","CBSX406C","2601","7991 - INTER-BANK PAYMENT INTO A/C","29,800.00","","-","BERJAYA STARBUCKS C","INTER-BANK PAYMENT INTO A/C","","-"
"514356804112","Current Account","GENTING MALAYSIA BERHAD","MYR","2020-08-26 MY (UTC+08:00)","2020-08-26 MY (UTC+08:00)","3","12","1,000.00","1,000.00","-","-","26/Aug/2020 MY (UTC+08:00)","15:28 MY (UTC+08:00)","RENTAL AUG20 TO OCT2","GENTING HOSTEL S046","-","7,200.00","011 - System","CBSX406C","2601","7991 - INTER-BANK PAYMENT INTO A/C","37,000.00","","-","BERJAYA STARBUCKS C","INTER-BANK PAYMENT INTO A/C","","-"
"514356804112","Current Account","GENTING MALAYSIA BERHAD","MYR","2020-08-26 MY (UTC+08:00)","2020-08-26 MY (UTC+08:00)","3","12","1,000.00","1,000.00","-","-","26/Aug/2020 MY (UTC+08:00)","15:28 MY (UTC+08:00)","RENTAL AUG20 TO OCT2","GENTING HOSTEL S046","-","7,200.00","011 - System","CBSX406C","2601","7991 - INTER-BANK PAYMENT INTO A/C","44,200.00","","-","BERJAYA STARBUCKS C","INTER-BANK PAYMENT INTO A/C","","-"
"514356804112","Current Account","GENTING MALAYSIA BERHAD","MYR","2020-08-26 MY (UTC+08:00)","2020-08-26 MY (UTC+08:00)","3","12","1,000.00","1,000.00","-","-","26/Aug/2020 MY (UTC+08:00)","15:28 MY (UTC+08:00)","EMAIL+marlini.nadzir","AP00011975","-","7,119.00","011 - System","CBSX406C","2601","7991 - INTER-BANK PAYMENT INTO A/C","51,319.00","","-","GENTING PROPERTY SD","INTER-BANK PAYMENT INTO A/C","","-"
"514356804112","Current Account","GENTING MALAYSIA BERHAD","MYR","2020-08-26 MY (UTC+08:00)","2020-08-26 MY (UTC+08:00)","3","12","1,000.00","1,000.00","-","-","26/Aug/2020 MY (UTC+08:00)","15:28 MY (UTC+08:00)","RENTAL MAY20 TO OCT2","GENTING HOSTEL S017","-","14,400.00","011 - System","CBSX406C","2601","7991 - INTER-BANK PAYMENT INTO A/C","65,719.00","","-","BERJAYA STARBUCKS C","INTER-BANK PAYMENT INTO A/C","","-"
"514356804112","Current Account","GENTING MALAYSIA BERHAD","MYR","2020-08-26 MY (UTC+08:00)","2020-08-26 MY (UTC+08:00)","3","12","1,000.00","1,000.00","-","-","26/Aug/2020 MY (UTC+08:00)","15:28 MY (UTC+08:00)","RENTAL AUG20 TO OCT2","GENTING HOSTEL S017","-","7,200.00","011 - System","CBSX406C","2601","7991 - INTER-BANK PAYMENT INTO A/C","72,919.00","","-","BERJAYA STARBUCKS C","INTER-BANK PAYMENT INTO A/C","","-"
"514356804112","Current Account","GENTING MALAYSIA BERHAD","MYR","2020-08-26 MY (UTC+08:00)","2020-08-26 MY (UTC+08:00)","3","12","1,000.00","1,000.00","-","-","26/Aug/2020 MY (UTC+08:00)","15:28 MY (UTC+08:00)","RENTAL MAY20 TO OCT2","GENTING HOSTEL S017","-","14,400.00","011 - System","CBSX406C","2601","7991 - INTER-BANK PAYMENT INTO A/C","87,319.00","","-","BERJAYA STARBUCKS C","INTER-BANK PAYMENT INTO A/C","","-"
"514356804112","Current Account","GENTING MALAYSIA BERHAD","MYR","2020-08-26 MY (UTC+08:00)","2020-08-26 MY (UTC+08:00)","3","12","1,000.00","1,000.00","-","-","26/Aug/2020 MY (UTC+08:00)","15:28 MY (UTC+08:00)","RENTAL MAY20 TO OCT2","GENTING HOSTEL S017","-","14,400.00","011 - System","CBSX406C","2601","7991 - INTER-BANK PAYMENT INTO A/C","101,719.00","","-","BERJAYA STARBUCKS C","INTER-BANK PAYMENT INTO A/C","","-"
"514356804112","Current Account","GENTING MALAYSIA BERHAD","MYR","2020-08-26 MY (UTC+08:00)","2020-08-26 MY (UTC+08:00)","3","12","1,000.00","1,000.00","-","-","26/Aug/2020 MY (UTC+08:00)","15:28 MY (UTC+08:00)","RENTAL MAY20 TO OCT2","GENTING HOSTEL S017","-","14,400.00","011 - System","CBSX406C","2601","7991 - INTER-BANK PAYMENT INTO A/C","116,119.00","","-","BERJAYA STARBUCKS C","INTER-BANK PAYMENT INTO A/C","","-"
"514356804112","Current Account","GENTING MALAYSIA BERHAD","MYR","2020-08-26 MY (UTC+08:00)","2020-08-26 MY (UTC+08:00)","3","12","1,000.00","1,000.00","-","-","26/Aug/2020 MY (UTC+08:00)","01:35 MY (UTC+08:00)","XFR DEBIT SVC CHARGE","","2.00","-","011 - System","BTCH6587","1435","XFRDRSVC - SERVICE CHARGE","116,117.00","","-","","","","-"
"514356804112","Current Account","GENTING MALAYSIA BERHAD","MYR","2020-08-26 MY (UTC+08:00)","2020-08-26 MY (UTC+08:00)","3","12","1,000.00","1,000.00","-","-","26/Aug/2020 MY (UTC+08:00)","01:35 MY (UTC+08:00)","GENTING MALAYSIA BERHAD","514011468149","115,116.00","-","011 - System","BTCH6587","1435","XFRDR - FUND TRANSFER DEBIT","1,001.00","","-","","","","-"
"514356804112","Current Account","GENTING MALAYSIA BERHAD","MYR","2020-08-26 MY (UTC+08:00)","2020-08-26 MY (UTC+08:00)","3","12","1,000.00","1,000.00","-","-","26/Aug/2020 MY (UTC+08:00)","02:49 MY (UTC+08:00)","TRANSACTION S/CHARGE","","4.00","-","011 - System","CBSX6947","1435","TRANSVC - TRANS DESC S/CHARGE","997.00","","-","","","","-"
"514356804112","Current Account","GENTING MALAYSIA BERHAD","MYR","2020-08-26 MY (UTC+08:00)","2020-08-26 MY (UTC+08:00)","3","12","1,000.00","1,000.00","-","-","26/Aug/2020 MY (UTC+08:00)","02:49 MY (UTC+08:00)","TRAN DESC CHG/REBATE","","-","3.00","011 - System","CBSX6947","1435","REBATE - TRAN DESC CHG/REBATE","1,000.00","","-","","","","-"
