﻿Account Number,Account Type,Account Name,Account Currency,Date From,Date To,Total Debit,Total Credit,Begin Balance,End Balance,Transaction Date,Transaction Time,Posting Date,Processing Time,Transaction Description,Transaction Ref,Debit,Credit,Source Code,Teller ID,Branch/Channel,Transaction Code,End Balance,Filler,Virtual Account,Transaction Description 2,Transaction Description 3,Transaction Description 4,Expiry Date
"514356804112","Current Account","GENTING MALAYSIA BERHAD","MYR","2020-08-28 MY (UTC+08:00)","2020-08-28 MY (UTC+08:00)","2","10","4,682.34","66,225.00","-","-","28/Aug/2020 MY (UTC+08:00)","15:29 MY (UTC+08:00)","PROFIT FC PAYABLE TO GMB JULY 2020","FX 4","-","7,950.22","018 - Teller","000ABB1A","0606","7540 - TT CREDIT","12,632.56","","-","","","","-"
"514356804112","Current Account","GENTING MALAYSIA BERHAD","MYR","2020-08-28 MY (UTC+08:00)","2020-08-28 MY (UTC+08:00)","2","10","4,682.34","66,225.00","-","-","28/Aug/2020 MY (UTC+08:00)","16:39 MY (UTC+08:00)","0","0","-","53,125.00","011 - System","CBSX8211","2802","8100 - CLEARING CHQ DEP","65,757.56","","-","","","","-"
"514356804112","Current Account","GENTING MALAYSIA BERHAD","MYR","2020-08-28 MY (UTC+08:00)","2020-08-28 MY (UTC+08:00)","2","10","4,682.34","66,225.00","-","-","28/Aug/2020 MY (UTC+08:00)","19:51 MY (UTC+08:00)","0","0","-","9,600.00","011 - System","CBSX8211","2802","8100 - CLEARING CHQ DEP","75,357.56","","-","","","","-"
"514356804112","Current Account","GENTING MALAYSIA BERHAD","MYR","2020-08-28 MY (UTC+08:00)","2020-08-28 MY (UTC+08:00)","2","10","4,682.34","66,225.00","-","-","28/Aug/2020 MY (UTC+08:00)","21:05 MY (UTC+08:00)","0","0","-","500.00","011 - System","CBSX8211","2802","8100 - CLEARING CHQ DEP","75,857.56","","-","","","","-"
"514356804112","Current Account","GENTING MALAYSIA BERHAD","MYR","2020-08-28 MY (UTC+08:00)","2020-08-28 MY (UTC+08:00)","2","10","4,682.34","66,225.00","-","-","28/Aug/2020 MY (UTC+08:00)","21:05 MY (UTC+08:00)","0","0","-","500.00","011 - System","CBSX8211","2802","8100 - CLEARING CHQ DEP","76,357.56","","-","","","","-"
"514356804112","Current Account","GENTING MALAYSIA BERHAD","MYR","2020-08-28 MY (UTC+08:00)","2020-08-28 MY (UTC+08:00)","2","10","4,682.34","66,225.00","-","-","28/Aug/2020 MY (UTC+08:00)","21:05 MY (UTC+08:00)","0","0","-","500.00","011 - System","CBSX8211","2802","8100 - CLEARING CHQ DEP","76,857.56","","-","","","","-"
"514356804112","Current Account","GENTING MALAYSIA BERHAD","MYR","2020-08-28 MY (UTC+08:00)","2020-08-28 MY (UTC+08:00)","2","10","4,682.34","66,225.00","-","-","28/Aug/2020 MY (UTC+08:00)","21:05 MY (UTC+08:00)","0","0","-","500.00","011 - System","CBSX8211","2802","8100 - CLEARING CHQ DEP","77,357.56","","-","","","","-"
"514356804112","Current Account","GENTING MALAYSIA BERHAD","MYR","2020-08-28 MY (UTC+08:00)","2020-08-28 MY (UTC+08:00)","2","10","4,682.34","66,225.00","-","-","28/Aug/2020 MY (UTC+08:00)","21:05 MY (UTC+08:00)","0","0","-","500.00","011 - System","CBSX8211","2802","8100 - CLEARING CHQ DEP","77,857.56","","-","","","","-"
"514356804112","Current Account","GENTING MALAYSIA BERHAD","MYR","2020-08-28 MY (UTC+08:00)","2020-08-28 MY (UTC+08:00)","2","10","4,682.34","66,225.00","-","-","28/Aug/2020 MY (UTC+08:00)","21:54 MY (UTC+08:00)","03084367622","APP4002020589822","-","1,700.00","011 - System","CBSX406C","2601","7991 - INTER-BANK PAYMENT INTO A/C","79,557.56","","-","GENTING MALAYSIA BE","INTER-BANK PAYMENT INTO A/C","","-"
"514356804112","Current Account","GENTING MALAYSIA BERHAD","MYR","2020-08-28 MY (UTC+08:00)","2020-08-28 MY (UTC+08:00)","2","10","4,682.34","66,225.00","-","-","28/Aug/2020 MY (UTC+08:00)","21:54 MY (UTC+08:00)","03084367622","APP4002020589823","-","1,700.00","011 - System","CBSX406C","2601","7991 - INTER-BANK PAYMENT INTO A/C","81,257.56","","-","GENTING MALAYSIA BE","INTER-BANK PAYMENT INTO A/C","","-"
"514356804112","Current Account","GENTING MALAYSIA BERHAD","MYR","2020-08-28 MY (UTC+08:00)","2020-08-28 MY (UTC+08:00)","2","10","4,682.34","66,225.00","-","-","28/Aug/2020 MY (UTC+08:00)","01:37 MY (UTC+08:00)","XFR DEBIT SVC CHARGE","","2.00","-","011 - System","BTCH6587","1435","XFRDRSVC - SERVICE CHARGE","81,255.56","","-","","","","-"
"514356804112","Current Account","GENTING MALAYSIA BERHAD","MYR","2020-08-28 MY (UTC+08:00)","2020-08-28 MY (UTC+08:00)","2","10","4,682.34","66,225.00","-","-","28/Aug/2020 MY (UTC+08:00)","01:37 MY (UTC+08:00)","GENTING MALAYSIA BERHAD","514011468149","15,030.56","-","011 - System","BTCH6587","1435","XFRDR - FUND TRANSFER DEBIT","66,225.00","","-","","","","-"
