Terminal Activity Report
Generation Date:07-Sep-2020 09:03:05
Merchant Number:000001970200408
Settlement Date:05-Sep-2020
No.,Merchant Name,Merchant Id,EDC Terminal No.,Settlement Date,EDC Batch No.,Statement Batch No.,Card No./Trans. ID,Trans. Date,Trans. Time,Approval Code,Trans. Amount,MDR Rate,Disc. Amount,Nett Amount,Card Brand,Interchange Fee Code
1.,RESORTS WORLD LANGKAWI,000001970200408,64402013,05-Sep-2020,174,72452,5355-22xx-xxxx-3458,05-Sep-2020,12:19:00,A71UMX,448.00,0.50,-2.24,445.76,Master Debit/Prepaid,DB
2.,RESORTS WORLD LANGKAWI,000001970200408,64402013,05-Sep-2020,174,72452,4695-55xx-xxxx-1184,05-Sep-2020,15:21:50,686817,249.00,1.00,-2.49,246.51,Visa Credit,CR
3.,RESORTS WORLD LANGKAWI,000001970200408,64402015,05-Sep-2020,215,72453,5491-86xx-xxxx-1905,05-Sep-2020,14:14:42,H21693,540.00,0.50,-2.70,537.30,Master Debit/Prepaid,DB
4.,RESORTS WORLD LANGKAWI,000001970200408,64402015,05-Sep-2020,215,72453,5196-03xx-xxxx-9162,05-Sep-2020,14:44:14,H18204,702.00,0.00,0.00,702.00,Master Debit/Prepaid,DB
 ,,,,,,,,,,TOTAL,1939.00,,-7.43,1931.57