Terminal Activity Report
Generation Date:07-Sep-2020 07:49:41
Merchant Number:000001190600809
Settlement Date:05-Sep-2020
No.,Merchant Name,Merchant Id,EDC Terminal No.,Settlement Date,EDC Batch No.,Statement Batch No.,Card No./Trans. ID,Trans. Date,Trans. Time,Approval Code,Trans. Amount,MDR Rate,Disc. Amount,Nett Amount,Card Brand,Interchange Fee Code
1.,RESORTS WORLD-SALT SHACK,000001190600809,64406875,05-Sep-2020,330,73043,5520-40xx-xxxx-9902,05-Sep-2020,15:58:29,F74648,289.80,1.00,-2.90,286.90,Master Credit,CR
2.,RESORTS WORLD-SALT SHACK,000001190600809,64406875,05-Sep-2020,1,94388,5210-59xx-xxxx-1178,05-Sep-2020,10:34:59,,20.00,0.70,-0.14,19.86,MyDebit,MYDB
 ,,,,,,,,,,TOTAL,309.80,,-3.04,306.76