Terminal Activity Report
Generation Date:07-Sep-2020 09:03:21
Merchant Number:000001030600290
Settlement Date:06-Sep-2020
No.,Merchant Name,Merchant Id,EDC Terminal No.,Settlement Date,EDC Batch No.,Statement Batch No.,Card No./Trans. ID,Trans. Date,Trans. Time,Approval Code,Trans. Amount,MDR Rate,Disc. Amount,Nett Amount,Card Brand,Interchange Fee Code
1.,RESORTS WORLD KIJAL,000001030600290,84000637,06-Sep-2020,239,77792,4632-25xx-xxxx-1720,06-Sep-2020,07:34:32,008754,24.50,0.50,-0.12,24.38,Visa Debit/Prepaid,DB
 ,,,,,,,,,,TOTAL,24.50,,-0.12,24.38