Company : M001272 - GENTING MALAYSIA BERHAD
Account Opening Branch : Wisma Genting
Account No. : 8000552485/FIRST WORLD HOTELS AND RESORTS SDN BHD 8000552485(MYR)
Period : 01-09-2020 - 01-09-2020
Opening Available Balance : 47373.24
Closing Available Balance : 84874.78
Account Number,Record Sequence Number,Transaction Date,Transaction Code,Transaction Code Description,Originating Branch Code,Document Reference Number,Transaction Amount,Transaction Amount Type,Balance,Balance Type,Transaction Time,Customer Reference,Filler,Record Type,Recipient Reference,Other Payment Details,Sender Name
8000552485,7,01092020,0618,"=""AUTOPAY CR""",3471,"=""44542854""",40,C,84874.78,C,143723,"=""TNG STLMNT 300820 FirstWorldHo""",,1,"=""TNG STLMNT 300820 Fi""","=""Transfer From CIMB""","=""E WALLET COLLECTION"""
8000552485,6,01092020,0618,"=""AUTOPAY CR""",3471,"=""44538446""",38,C,84834.78,C,140825,"=""TNG STLMNT 290820 FirstWorldHo""",,1,"=""TNG STLMNT 290820 Fi""","=""Transfer From CIMB""","=""E WALLET COLLECTION"""
8000552485,5,01092020,0618,"=""AUTOPAY CR""",3471,"=""44461383""",61.3,C,84796.78,C,133703,"=""TNG STLMNT 280820 FirstWorldHo""",,1,"=""TNG STLMNT 280820 Fi""","=""Transfer From CIMB""","=""E WALLET COLLECTION"""
8000552485,4,01092020,0141,"=""AUTOPAY CR""",1010,"=""200194""",4165.79,C,84735.48,C,123120,"=""0000001010200194""",,1,"=""000001010200194""","=""MERCHANT SALES PYMT""","=""CIMB BANK CREDIT CAR"""
8000552485,3,01092020,0141,"=""AUTOPAY CR""",1000,"=""200188""",29568.52,C,80569.69,C,123120,"=""0000001000200188""",,1,"=""000001000200188""","=""MERCHANT SALES PYMT""","=""CIMB BANK CREDIT CAR"""
8000552485,2,01092020,0141,"=""AUTOPAY CR""",1010,"=""200194""",843.31,C,51001.17,C,123120,"=""0000001010200194""",,1,"=""000001010200194""","=""MERCHANT SALES PYMT""","=""CIMB BANK CREDIT CAR"""
8000552485,1,01092020,0141,"=""AUTOPAY CR""",1000,"=""200188""",2784.62,C,50157.86,C,123120,"=""0000001000200188""",,1,"=""000001000200188""","=""MERCHANT SALES PYMT""","=""CIMB BANK CREDIT CAR"""

