Company : M001272 - GENTING MALAYSIA BERHAD
Account Opening Branch : Wisma Genting
Account No. : 8000552485/FIRST WORLD HOTELS AND RESORTS SDN BHD 8000552485(MYR)
Period : 14-09-2020 - 14-09-2020
Opening Available Balance : 51874.99
Closing Available Balance : 32137.47
Account Number,Record Sequence Number,Transaction Date,Transaction Code,Transaction Code Description,Originating Branch Code,Document Reference Number,Transaction Amount,Transaction Amount Type,Balance,Balance Type,Transaction Time,Customer Reference,Filler,Record Type,Recipient Reference,Other Payment Details,Sender Name
8000552485,5,14092020,0341,"=""TR IBG""",3050,"=""05786577""",50000,D,32137.47,C,192504,"=""GENTING MALAYSIA BER""",,1,"=""8000552485""","=""PayNet Direct Debit""",
8000552485,4,14092020,0618,"=""AUTOPAY CR""",3471,"=""46070528""",12,C,82137.47,C,143755,"=""TNG STLMNT 130920 FirstWorldHo""",,1,"=""TNG STLMNT 130920 Fi""","=""Transfer From CIMB""","=""E WALLET COLLECTION"""
8000552485,3,14092020,0618,"=""AUTOPAY CR""",3471,"=""46048305""",16,C,82125.47,C,133756,"=""TNG STLMNT 110920 FirstWorldHo""",,1,"=""TNG STLMNT 110920 Fi""","=""Transfer From CIMB""","=""E WALLET COLLECTION"""
8000552485,2,14092020,0141,"=""AUTOPAY CR""",1000,"=""200188""",28329.53,C,82109.47,C,123057,"=""0000001000200188""",,1,"=""000001000200188""","=""MERCHANT SALES PYMT""","=""CIMB BANK CREDIT CAR"""
8000552485,1,14092020,0141,"=""AUTOPAY CR""",1010,"=""200194""",1904.95,C,53779.94,C,123057,"=""0000001010200194""",,1,"=""000001010200194""","=""MERCHANT SALES PYMT""","=""CIMB BANK CREDIT CAR"""

