Company : M001272 - GENTING MALAYSIA BERHAD
Account Opening Branch : Wisma Genting
Account No. : 8000552485/FIRST WORLD HOTELS AND RESORTS SDN BHD 8000552485(MYR)
Period : 15-09-2020 - 15-09-2020
Opening Available Balance : 32137.47
Closing Available Balance : 40043.65
Account Number,Record Sequence Number,Transaction Date,Transaction Code,Transaction Code Description,Originating Branch Code,Document Reference Number,Transaction Amount,Transaction Amount Type,Balance,Balance Type,Filler,Record Type
8000552485,4,15092020,0618,"=""AUTOPAY CR""",3471,"=""46250123""",93,C,40043.65,C,,1
8000552485,3,15092020,0141,"=""AUTOPAY CR""",1010,"=""200194""",1014.05,C,39950.65,C,,1
8000552485,2,15092020,0141,"=""AUTOPAY CR""",1176,"=""600989""",186.26,C,38936.6,C,,1
8000552485,1,15092020,0141,"=""AUTOPAY CR""",1000,"=""200188""",6612.87,C,38750.34,C,,1

