Company : M001272 - GENTING MALAYSIA BERHAD
Account Opening Branch : Wisma Genting
Account No. : 8000552485/FIRST WORLD HOTELS AND RESORTS SDN BHD 8000552485(MYR)
Period : 17-09-2020 - 17-09-2020
Opening Available Balance : 40188.65
Closing Available Balance : 50095.99
Account Number,Record Sequence Number,Transaction Date,Transaction Code,Transaction Code Description,Originating Branch Code,Document Reference Number,Transaction Amount,Transaction Amount Type,Balance,Balance Type,Transaction Time,Customer Reference,Filler,Record Type,Recipient Reference,Other Payment Details,Sender Name
8000552485,6,17092020,0618,"=""AUTOPAY CR""",3471,"=""46494900""",15,C,50095.99,C,140727,"=""TNG STLMNT 160920 FirstWorldHo""",,1,"=""TNG STLMNT 160920 Fi""","=""Transfer From CIMB""","=""E WALLET COLLECTION"""
8000552485,5,17092020,0618,"=""AUTOPAY CR""",3471,"=""46473636""",7,C,50080.99,C,133651,"=""TNG STLMNT 150920 FirstWorldHo""",,1,"=""TNG STLMNT 150920 Fi""","=""Transfer From CIMB""","=""E WALLET COLLECTION"""
8000552485,4,17092020,0141,"=""AUTOPAY CR""",1000,"=""200188""",4857.1,C,50073.99,C,123119,"=""0000001000200188""",,1,"=""000001000200188""","=""MERCHANT SALES PYMT""","=""CIMB BANK CREDIT CAR"""
8000552485,3,17092020,0141,"=""AUTOPAY CR""",1010,"=""200194""",361.84,C,45216.89,C,123119,"=""0000001010200194""",,1,"=""000001010200194""","=""MERCHANT SALES PYMT""","=""CIMB BANK CREDIT CAR"""
8000552485,2,17092020,0141,"=""AUTOPAY CR""",1010,"=""200194""",1329.73,C,44855.05,C,123119,"=""0000001010200194""",,1,"=""000001010200194""","=""MERCHANT SALES PYMT""","=""CIMB BANK CREDIT CAR"""
8000552485,1,17092020,0141,"=""AUTOPAY CR""",1000,"=""200188""",3336.67,C,43525.32,C,123119,"=""0000001000200188""",,1,"=""000001000200188""","=""MERCHANT SALES PYMT""","=""CIMB BANK CREDIT CAR"""

