Company : M001272 - GENTING MALAYSIA BERHAD
Account Opening Branch : Wisma Genting
Account No. : 8000552485/FIRST WORLD HOTELS AND RESORTS SDN BHD 8000552485(MYR)
Period : 21-09-2020 - 21-09-2020
Opening Available Balance : 54102.52
Closing Available Balance : 28782.48
Account Number,Record Sequence Number,Transaction Date,Transaction Code,Transaction Code Description,Originating Branch Code,Document Reference Number,Transaction Amount,Transaction Amount Type,Balance,Balance Type,Transaction Time,Customer Reference,Filler,Record Type,Recipient Reference,Other Payment Details,Sender Name
8000552485,5,21092020,0341,"=""TR IBG""",3050,"=""05818122""",53000,D,28782.48,C,192510,"=""GENTING MALAYSIA BER""",,1,"=""8000552485""","=""PayNet Direct Debit""",
8000552485,4,21092020,0618,"=""AUTOPAY CR""",3471,"=""46887029""",32,C,81782.48,C,143803,"=""TNG STLMNT 200920 FirstWorldHo""",,1,"=""TNG STLMNT 200920 Fi""","=""Transfer From CIMB""","=""E WALLET COLLECTION"""
8000552485,3,21092020,0618,"=""AUTOPAY CR""",3471,"=""46878789""",118,C,81750.48,C,133726,"=""TNG STLMNT 180920 FirstWorldHo""",,1,"=""TNG STLMNT 180920 Fi""","=""Transfer From CIMB""","=""E WALLET COLLECTION"""
8000552485,2,21092020,0141,"=""AUTOPAY CR""",1010,"=""200194""",2592.58,C,81632.48,C,123058,"=""0000001010200194""",,1,"=""000001010200194""","=""MERCHANT SALES PYMT""","=""CIMB BANK CREDIT CAR"""
8000552485,1,21092020,0141,"=""AUTOPAY CR""",1000,"=""200188""",24937.38,C,79039.9,C,123058,"=""0000001000200188""",,1,"=""000001000200188""","=""MERCHANT SALES PYMT""","=""CIMB BANK CREDIT CAR"""

