Company : M001272 - GENTING MALAYSIA BERHAD
Account Opening Branch : Wisma Genting
Account No. : 8000552485/FIRST WORLD HOTELS AND RESORTS SDN BHD 8000552485(MYR)
Period : 23-09-2020 - 23-09-2020
Opening Available Balance : 31761.43
Closing Available Balance : 28863.78
Account Number,Record Sequence Number,Transaction Date,Transaction Code,Transaction Code Description,Originating Branch Code,Document Reference Number,Transaction Amount,Transaction Amount Type,Balance,Balance Type,Transaction Time,Customer Reference,Filler,Record Type,Recipient Reference,Other Payment Details,Sender Name
8000552485,4,23092020,0341,"=""DEBIT ADVICE""",3402,"=""00000001""",5883,D,28863.78,C,174145,"=""""",,1,,,
8000552485,3,23092020,0618,"=""AUTOPAY CR""",3471,"=""47201701""",26,C,34746.78,C,133743,"=""TNG STLMNT 220920 FirstWorldHo""",,1,"=""TNG STLMNT 220920 Fi""","=""Transfer From CIMB""","=""E WALLET COLLECTION"""
8000552485,2,23092020,0141,"=""AUTOPAY CR""",1000,"=""200188""",2523.75,C,34720.78,C,123134,"=""0000001000200188""",,1,"=""000001000200188""","=""MERCHANT SALES PYMT""","=""CIMB BANK CREDIT CAR"""
8000552485,1,23092020,0141,"=""AUTOPAY CR""",1010,"=""200194""",435.6,C,32197.03,C,123134,"=""0000001010200194""",,1,"=""000001010200194""","=""MERCHANT SALES PYMT""","=""CIMB BANK CREDIT CAR"""

