Company : M001272 - GENTING MALAYSIA BERHAD
Account Opening Branch : Wisma Genting
Account No. : 8000552485/FIRST WORLD HOTELS AND RESORTS SDN BHD 8000552485(MYR)
Period : 28-09-2020 - 28-09-2020
Opening Available Balance : 41731.47
Closing Available Balance : 67379.78
Account Number,Record Sequence Number,Transaction Date,Transaction Code,Transaction Code Description,Originating Branch Code,Document Reference Number,Transaction Amount,Transaction Amount Type,Balance,Balance Type,Transaction Time,Customer Reference,Filler,Record Type,Recipient Reference,Other Payment Details,Sender Name
8000552485,5,28092020,0618,"=""AUTOPAY CR""",3471,"=""48383788""",31,C,67379.78,C,143750,"=""TNG STLMNT 270920 FirstWorldHo""",,1,"=""TNG STLMNT 270920 Fi""","=""Transfer From CIMB""","=""E WALLET COLLECTION"""
8000552485,4,28092020,0618,"=""AUTOPAY CR""",3471,"=""48362589""",16,C,67348.78,C,140849,"=""TNG STLMNT 260920 FirstWorldHo""",,1,"=""TNG STLMNT 260920 Fi""","=""Transfer From CIMB""","=""E WALLET COLLECTION"""
8000552485,3,28092020,0618,"=""AUTOPAY CR""",3471,"=""48357409""",40,C,67332.78,C,133755,"=""TNG STLMNT 250920 FirstWorldHo""",,1,"=""TNG STLMNT 250920 Fi""","=""Transfer From CIMB""","=""E WALLET COLLECTION"""
8000552485,2,28092020,0141,"=""AUTOPAY CR""",1000,"=""200188""",22612.94,C,67292.78,C,123107,"=""0000001000200188""",,1,"=""000001000200188""","=""MERCHANT SALES PYMT""","=""CIMB BANK CREDIT CAR"""
8000552485,1,28092020,0141,"=""AUTOPAY CR""",1010,"=""200194""",2948.37,C,44679.84,C,123107,"=""0000001010200194""",,1,"=""000001010200194""","=""MERCHANT SALES PYMT""","=""CIMB BANK CREDIT CAR"""

