Company : M001272 - GENTING MALAYSIA BERHAD
Account Opening Branch : Wisma Genting
Account No. : 8000552485/FIRST WORLD HOTELS AND RESORTS SDN BHD 8000552485(MYR)
Period : 30-09-2020 - 30-09-2020
Opening Available Balance : 3026.56
Closing Available Balance : 6060.15
Account Number,Record Sequence Number,Transaction Date,Transaction Code,Transaction Code Description,Originating Branch Code,Document Reference Number,Transaction Amount,Transaction Amount Type,Balance,Balance Type,Transaction Time,Customer Reference,Filler,Record Type,Recipient Reference,Other Payment Details,Sender Name
8000552485,4,30092020,0618,"=""AUTOPAY CR""",3471,"=""48831296""",17.82,C,6060.15,C,133912,"=""ALIPAY STLMNT 290920 FirstWorl""",,1,"=""ALIPAY STLMNT 290920""","=""Transfer From CIMB""","=""E WALLET COLLECTION"""
8000552485,3,30092020,0618,"=""AUTOPAY CR""",3471,"=""48829360""",91,C,6042.33,C,132718,"=""TNG STLMNT 290920 FirstWorldHo""",,1,"=""TNG STLMNT 290920 Fi""","=""Transfer From CIMB""","=""E WALLET COLLECTION"""
8000552485,2,30092020,0141,"=""AUTOPAY CR""",1000,"=""200188""",2726.27,C,5951.33,C,123124,"=""0000001000200188""",,1,"=""000001000200188""","=""MERCHANT SALES PYMT""","=""CIMB BANK CREDIT CAR"""
8000552485,1,30092020,0141,"=""AUTOPAY CR""",1010,"=""200194""",198.5,C,3225.06,C,123124,"=""0000001010200194""",,1,"=""000001010200194""","=""MERCHANT SALES PYMT""","=""CIMB BANK CREDIT CAR"""

