﻿Account Number,Account Type,Account Name,Account Currency,Date From,Date To,Total Debit,Total Credit,Begin Balance,End Balance,Transaction Date,Transaction Time,Posting Date,Processing Time,Transaction Description,Transaction Ref,Debit,Credit,Source Code,Teller ID,Branch/Channel,Transaction Code,End Balance,Filler,Virtual Account,Transaction Description 2,Transaction Description 3,Transaction Description 4,Expiry Date
"506061106008","Current Account","FIRST WORLD HOTELS &RESORTS SDN BHD","MYR","2020-08-04 MY (UTC+08:00)","2020-08-04 MY (UTC+08:00)","2","7","1,000.00","1,000.00","-","-","04/Aug/2020 MY (UTC+08:00)","08:31 MY (UTC+08:00)","CR/CARD SALES M/N 1183957 DATED 03082020","39570308","-","401.72","011 - System","CBSX4498","2719","2981 - MERCHANT CREDIT CARD SALES","1,401.72","","-","","","","-"
"506061106008","Current Account","FIRST WORLD HOTELS &RESORTS SDN BHD","MYR","2020-08-04 MY (UTC+08:00)","2020-08-04 MY (UTC+08:00)","2","7","1,000.00","1,000.00","-","-","04/Aug/2020 MY (UTC+08:00)","08:31 MY (UTC+08:00)","CR/CARD SALES M/N 4225090 DATED 03082020","50900308","-","170.00","011 - System","CBSX4498","2719","2981 - MERCHANT CREDIT CARD SALES","1,571.72","","-","","","","-"
"506061106008","Current Account","FIRST WORLD HOTELS &RESORTS SDN BHD","MYR","2020-08-04 MY (UTC+08:00)","2020-08-04 MY (UTC+08:00)","2","7","1,000.00","1,000.00","-","-","04/Aug/2020 MY (UTC+08:00)","15:33 MY (UTC+08:00)","IBG PAYMENT INTO A/C","102144","-","101.76","011 - System","CBSX406C","2601","7991 - INTER-BANK PAYMENT INTO A/C","1,673.48","","-","CIMB BANK BERHAD (H","INTER-BANK PAYMENT INTO A/C","","-"
"506061106008","Current Account","FIRST WORLD HOTELS &RESORTS SDN BHD","MYR","2020-08-04 MY (UTC+08:00)","2020-08-04 MY (UTC+08:00)","2","7","1,000.00","1,000.00","-","-","04/Aug/2020 MY (UTC+08:00)","01:31 MY (UTC+08:00)","XFR DEBIT SVC CHARGE","","2.00","-","011 - System","BTCH6587","0606","XFRDRSVC - SERVICE CHARGE","1,671.48","","-","","","","-"
"506061106008","Current Account","FIRST WORLD HOTELS &RESORTS SDN BHD","MYR","2020-08-04 MY (UTC+08:00)","2020-08-04 MY (UTC+08:00)","2","7","1,000.00","1,000.00","-","-","04/Aug/2020 MY (UTC+08:00)","01:31 MY (UTC+08:00)","GENTING MALAYSIA BERHAD","514011468149","1,813.86","-","011 - System","BTCH6587","0606","XFRDR - FUND TRANSFER DEBIT","-142.38","","-","","","","-"
"506061106008","Current Account","FIRST WORLD HOTELS &RESORTS SDN BHD","MYR","2020-08-04 MY (UTC+08:00)","2020-08-04 MY (UTC+08:00)","2","7","1,000.00","1,000.00","-","-","04/Aug/2020 MY (UTC+08:00)","05:08 MY (UTC+08:00)","MBB HQ ACCOUNTS PAYA","323347","-","96.00","025 - Office","CBSX4618","2502","CCRBEN1 - CMS - CR PYMT MARS","-46.38","","-","MAPS-PROPERTY","CMS - CR PYMT MARS","","-"
"506061106008","Current Account","FIRST WORLD HOTELS &RESORTS SDN BHD","MYR","2020-08-04 MY (UTC+08:00)","2020-08-04 MY (UTC+08:00)","2","7","1,000.00","1,000.00","-","-","04/Aug/2020 MY (UTC+08:00)","05:33 MY (UTC+08:00)","9201752011 CR/CARD SALES  DATED 04082020","20110408","-","14.75","011 - System","CBSX4498","3104","2210 - CARDS CREDIT","-31.63","","-","","","","-"
"506061106008","Current Account","FIRST WORLD HOTELS &RESORTS SDN BHD","MYR","2020-08-04 MY (UTC+08:00)","2020-08-04 MY (UTC+08:00)","2","7","1,000.00","1,000.00","-","-","04/Aug/2020 MY (UTC+08:00)","05:33 MY (UTC+08:00)","9870277878 CR/CARD SALES  DATED 04082020","78780408","-","987.42","011 - System","CBSX4498","3104","2210 - CARDS CREDIT","955.79","","-","","","","-"
"506061106008","Current Account","FIRST WORLD HOTELS &RESORTS SDN BHD","MYR","2020-08-04 MY (UTC+08:00)","2020-08-04 MY (UTC+08:00)","2","7","1,000.00","1,000.00","-","-","04/Aug/2020 MY (UTC+08:00)","05:33 MY (UTC+08:00)","9204418149 CR/CARD SALES  DATED 04082020","81490408","-","44.21","011 - System","CBSX4498","3104","2210 - CARDS CREDIT","1,000.00","","-","","","","-"
