﻿Account Number,Account Type,Account Name,Account Currency,Date From,Date To,Total Debit,Total Credit,Begin Balance,End Balance,Transaction Date,Transaction Time,Posting Date,Processing Time,Transaction Description,Transaction Ref,Debit,Credit,Source Code,Teller ID,Branch/Channel,Transaction Code,End Balance,Filler,Virtual Account,Transaction Description 2,Transaction Description 3,Transaction Description 4,Expiry Date
"506061106008","Current Account","FIRST WORLD HOTELS &RESORTS SDN BHD","MYR","2020-08-10 MY (UTC+08:00)","2020-08-10 MY (UTC+08:00)","2","6","1,000.00","1,000.00","-","-","10/Aug/2020 MY (UTC+08:00)","08:32 MY (UTC+08:00)","CR/CARD SALES M/N 1183957 DATED 07082020","39570708","-","362.18","011 - System","CBSX4498","2719","2981 - MERCHANT CREDIT CARD SALES","1,362.18","","-","","","","-"
"506061106008","Current Account","FIRST WORLD HOTELS &RESORTS SDN BHD","MYR","2020-08-10 MY (UTC+08:00)","2020-08-10 MY (UTC+08:00)","2","6","1,000.00","1,000.00","-","-","10/Aug/2020 MY (UTC+08:00)","08:32 MY (UTC+08:00)","CR/CARD SALES M/N 1183957 DATED 08082020","39570808","-","1,835.34","011 - System","CBSX4498","2719","2981 - MERCHANT CREDIT CARD SALES","3,197.52","","-","","","","-"
"506061106008","Current Account","FIRST WORLD HOTELS &RESORTS SDN BHD","MYR","2020-08-10 MY (UTC+08:00)","2020-08-10 MY (UTC+08:00)","2","6","1,000.00","1,000.00","-","-","10/Aug/2020 MY (UTC+08:00)","08:32 MY (UTC+08:00)","CR/CARD SALES M/N 4225090 DATED 07082020","50900708","-","113.71","011 - System","CBSX4498","2719","2981 - MERCHANT CREDIT CARD SALES","3,311.23","","-","","","","-"
"506061106008","Current Account","FIRST WORLD HOTELS &RESORTS SDN BHD","MYR","2020-08-10 MY (UTC+08:00)","2020-08-10 MY (UTC+08:00)","2","6","1,000.00","1,000.00","-","-","10/Aug/2020 MY (UTC+08:00)","08:32 MY (UTC+08:00)","CR/CARD SALES M/N 4225090 DATED 08082020","50900808","-","111.09","011 - System","CBSX4498","2719","2981 - MERCHANT CREDIT CARD SALES","3,422.32","","-","","","","-"
"506061106008","Current Account","FIRST WORLD HOTELS &RESORTS SDN BHD","MYR","2020-08-10 MY (UTC+08:00)","2020-08-10 MY (UTC+08:00)","2","6","1,000.00","1,000.00","-","-","10/Aug/2020 MY (UTC+08:00)","08:32 MY (UTC+08:00)","CR/CARD SALES M/N 4225090 DATED 09082020","50900908","-","100.74","011 - System","CBSX4498","2719","2981 - MERCHANT CREDIT CARD SALES","3,523.06","","-","","","","-"
"506061106008","Current Account","FIRST WORLD HOTELS &RESORTS SDN BHD","MYR","2020-08-10 MY (UTC+08:00)","2020-08-10 MY (UTC+08:00)","2","6","1,000.00","1,000.00","-","-","10/Aug/2020 MY (UTC+08:00)","01:36 MY (UTC+08:00)","GENTING MALAYSIA BERHAD","514011468149","2,544.66","-","011 - System","BTCH6587","0606","XFRDR - FUND TRANSFER DEBIT","978.40","","-","","","","-"
"506061106008","Current Account","FIRST WORLD HOTELS &RESORTS SDN BHD","MYR","2020-08-10 MY (UTC+08:00)","2020-08-10 MY (UTC+08:00)","2","6","1,000.00","1,000.00","-","-","10/Aug/2020 MY (UTC+08:00)","01:36 MY (UTC+08:00)","XFR DEBIT SVC CHARGE","","2.00","-","011 - System","BTCH6587","0606","XFRDRSVC - SERVICE CHARGE","976.40","","-","","","","-"
"506061106008","Current Account","FIRST WORLD HOTELS &RESORTS SDN BHD","MYR","2020-08-10 MY (UTC+08:00)","2020-08-10 MY (UTC+08:00)","2","6","1,000.00","1,000.00","-","-","10/Aug/2020 MY (UTC+08:00)","05:20 MY (UTC+08:00)","9870277878 CR/CARD SALES  DATED 10082020","78781008","-","23.60","011 - System","CBSX4498","3104","2210 - CARDS CREDIT","1,000.00","","-","","","","-"
