﻿Account Number,Account Type,Account Name,Account Currency,Date From,Date To,Total Debit,Total Credit,Begin Balance,End Balance,Transaction Date,Transaction Time,Posting Date,Processing Time,Transaction Description,Transaction Ref,Debit,Credit,Source Code,Teller ID,Branch/Channel,Transaction Code,End Balance,Filler,Virtual Account,Transaction Description 2,Transaction Description 3,Transaction Description 4,Expiry Date
"506061106008","Current Account","FIRST WORLD HOTELS &RESORTS SDN BHD","MYR","2020-08-11 MY (UTC+08:00)","2020-08-11 MY (UTC+08:00)","2","5","1,000.00","1,000.00","-","-","11/Aug/2020 MY (UTC+08:00)","08:31 MY (UTC+08:00)","CR/CARD SALES M/N 1183957 DATED 10082020","39571008","-","905.05","011 - System","CBSX4498","2719","2981 - MERCHANT CREDIT CARD SALES","1,905.05","","-","","","","-"
"506061106008","Current Account","FIRST WORLD HOTELS &RESORTS SDN BHD","MYR","2020-08-11 MY (UTC+08:00)","2020-08-11 MY (UTC+08:00)","2","5","1,000.00","1,000.00","-","-","11/Aug/2020 MY (UTC+08:00)","08:31 MY (UTC+08:00)","CR/CARD SALES M/N 4225090 DATED 10082020","50901008","-","237.48","011 - System","CBSX4498","2719","2981 - MERCHANT CREDIT CARD SALES","2,142.53","","-","","","","-"
"506061106008","Current Account","FIRST WORLD HOTELS &RESORTS SDN BHD","MYR","2020-08-11 MY (UTC+08:00)","2020-08-11 MY (UTC+08:00)","2","5","1,000.00","1,000.00","-","-","11/Aug/2020 MY (UTC+08:00)","15:07 MY (UTC+08:00)","Yong Kaw Choy Towel","Yong Kaw choy","-","27.50","003 - ATM","983PHONE","2988","7610 - TRANSFER TO A/C","2,170.03","","-","YONG KAW CHOY      *","TRANSFER TO A/C","","-"
"506061106008","Current Account","FIRST WORLD HOTELS &RESORTS SDN BHD","MYR","2020-08-11 MY (UTC+08:00)","2020-08-11 MY (UTC+08:00)","2","5","1,000.00","1,000.00","-","-","11/Aug/2020 MY (UTC+08:00)","01:32 MY (UTC+08:00)","XFR DEBIT SVC CHARGE","","2.00","-","011 - System","BTCH6587","0606","XFRDRSVC - SERVICE CHARGE","2,168.03","","-","","","","-"
"506061106008","Current Account","FIRST WORLD HOTELS &RESORTS SDN BHD","MYR","2020-08-11 MY (UTC+08:00)","2020-08-11 MY (UTC+08:00)","2","5","1,000.00","1,000.00","-","-","11/Aug/2020 MY (UTC+08:00)","01:32 MY (UTC+08:00)","GENTING MALAYSIA BERHAD","514011468149","3,741.69","-","011 - System","BTCH6587","0606","XFRDR - FUND TRANSFER DEBIT","-1,573.66","","-","","","","-"
"506061106008","Current Account","FIRST WORLD HOTELS &RESORTS SDN BHD","MYR","2020-08-11 MY (UTC+08:00)","2020-08-11 MY (UTC+08:00)","2","5","1,000.00","1,000.00","-","-","11/Aug/2020 MY (UTC+08:00)","05:35 MY (UTC+08:00)","9870277878 CR/CARD SALES  DATED 11082020","78781108","-","2,458.71","011 - System","CBSX4498","3104","2210 - CARDS CREDIT","885.05","","-","","","","-"
"506061106008","Current Account","FIRST WORLD HOTELS &RESORTS SDN BHD","MYR","2020-08-11 MY (UTC+08:00)","2020-08-11 MY (UTC+08:00)","2","5","1,000.00","1,000.00","-","-","11/Aug/2020 MY (UTC+08:00)","05:35 MY (UTC+08:00)","9204418149 CR/CARD SALES  DATED 11082020","81491108","-","114.95","011 - System","CBSX4498","3104","2210 - CARDS CREDIT","1,000.00","","-","","","","-"
