﻿Account Number,Account Type,Account Name,Account Currency,Date From,Date To,Total Debit,Total Credit,Begin Balance,End Balance,Transaction Date,Transaction Time,Posting Date,Processing Time,Transaction Description,Transaction Ref,Debit,Credit,Source Code,Teller ID,Branch/Channel,Transaction Code,End Balance,Filler,Virtual Account,Transaction Description 2,Transaction Description 3,Transaction Description 4,Expiry Date
"506061106008","Current Account","FIRST WORLD HOTELS &RESORTS SDN BHD","MYR","2020-08-19 MY (UTC+08:00)","2020-08-19 MY (UTC+08:00)","2","3","1,000.00","1,000.00","-","-","19/Aug/2020 MY (UTC+08:00)","08:30 MY (UTC+08:00)","CR/CARD SALES M/N 1183957 DATED 18082020","39571808","-","2,234.23","011 - System","CBSX4498","2719","2981 - MERCHANT CREDIT CARD SALES","3,234.23","","-","","","","-"
"506061106008","Current Account","FIRST WORLD HOTELS &RESORTS SDN BHD","MYR","2020-08-19 MY (UTC+08:00)","2020-08-19 MY (UTC+08:00)","2","3","1,000.00","1,000.00","-","-","19/Aug/2020 MY (UTC+08:00)","08:30 MY (UTC+08:00)","CR/CARD SALES M/N 4225090 DATED 18082020","50901808","-","29.73","011 - System","CBSX4498","2719","2981 - MERCHANT CREDIT CARD SALES","3,263.96","","-","","","","-"
"506061106008","Current Account","FIRST WORLD HOTELS &RESORTS SDN BHD","MYR","2020-08-19 MY (UTC+08:00)","2020-08-19 MY (UTC+08:00)","2","3","1,000.00","1,000.00","-","-","19/Aug/2020 MY (UTC+08:00)","14:41 MY (UTC+08:00)","0","0","-","16,227.40","018 - Teller","000A358A","1435","8000 - HOUSE CHQ DEP","19,491.36","","-","","","","-"
"506061106008","Current Account","FIRST WORLD HOTELS &RESORTS SDN BHD","MYR","2020-08-19 MY (UTC+08:00)","2020-08-19 MY (UTC+08:00)","2","3","1,000.00","1,000.00","-","-","19/Aug/2020 MY (UTC+08:00)","01:28 MY (UTC+08:00)","XFR DEBIT SVC CHARGE","","2.00","-","011 - System","BTCH6587","0606","XFRDRSVC - SERVICE CHARGE","19,489.36","","-","","","","-"
"506061106008","Current Account","FIRST WORLD HOTELS &RESORTS SDN BHD","MYR","2020-08-19 MY (UTC+08:00)","2020-08-19 MY (UTC+08:00)","2","3","1,000.00","1,000.00","-","-","19/Aug/2020 MY (UTC+08:00)","01:28 MY (UTC+08:00)","GENTING MALAYSIA BERHAD","514011468149","18,489.36","-","011 - System","BTCH6587","0606","XFRDR - FUND TRANSFER DEBIT","1,000.00","","-","","","","-"
