﻿Account Number,Account Type,Account Name,Account Currency,Date From,Date To,Total Debit,Total Credit,Begin Balance,End Balance,Transaction Date,Transaction Time,Posting Date,Processing Time,Transaction Description,Transaction Ref,Debit,Credit,Source Code,Teller ID,Branch/Channel,Transaction Code,End Balance,Filler,Virtual Account,Transaction Description 2,Transaction Description 3,Transaction Description 4,Expiry Date
"506061106008","Current Account","FIRST WORLD HOTELS &RESORTS SDN BHD","MYR","2020-08-21 MY (UTC+08:00)","2020-08-21 MY (UTC+08:00)","2","4","1,000.00","1,000.00","-","-","21/Aug/2020 MY (UTC+08:00)","08:31 MY (UTC+08:00)","CR/CARD SALES M/N 1183957 DATED 20082020","39572008","-","1,023.92","011 - System","CBSX4498","2719","2981 - MERCHANT CREDIT CARD SALES","2,023.92","","-","","","","-"
"506061106008","Current Account","FIRST WORLD HOTELS &RESORTS SDN BHD","MYR","2020-08-21 MY (UTC+08:00)","2020-08-21 MY (UTC+08:00)","2","4","1,000.00","1,000.00","-","-","21/Aug/2020 MY (UTC+08:00)","08:31 MY (UTC+08:00)","CR/CARD SALES M/N 4225090 DATED 19082020","50901908","-","185.53","011 - System","CBSX4498","2719","2981 - MERCHANT CREDIT CARD SALES","2,209.45","","-","","","","-"
"506061106008","Current Account","FIRST WORLD HOTELS &RESORTS SDN BHD","MYR","2020-08-21 MY (UTC+08:00)","2020-08-21 MY (UTC+08:00)","2","4","1,000.00","1,000.00","-","-","21/Aug/2020 MY (UTC+08:00)","08:31 MY (UTC+08:00)","CR/CARD SALES M/N 4225090 DATED 20082020","50902008","-","107.73","011 - System","CBSX4498","2719","2981 - MERCHANT CREDIT CARD SALES","2,317.18","","-","","","","-"
"506061106008","Current Account","FIRST WORLD HOTELS &RESORTS SDN BHD","MYR","2020-08-21 MY (UTC+08:00)","2020-08-21 MY (UTC+08:00)","2","4","1,000.00","1,000.00","-","-","21/Aug/2020 MY (UTC+08:00)","01:15 MY (UTC+08:00)","XFR DEBIT SVC CHARGE","","2.00","-","011 - System","BTCH6587","0606","XFRDRSVC - SERVICE CHARGE","2,315.18","","-","","","","-"
"506061106008","Current Account","FIRST WORLD HOTELS &RESORTS SDN BHD","MYR","2020-08-21 MY (UTC+08:00)","2020-08-21 MY (UTC+08:00)","2","4","1,000.00","1,000.00","-","-","21/Aug/2020 MY (UTC+08:00)","01:15 MY (UTC+08:00)","GENTING MALAYSIA BERHAD","514011468149","1,521.71","-","011 - System","BTCH6587","0606","XFRDR - FUND TRANSFER DEBIT","793.47","","-","","","","-"
"506061106008","Current Account","FIRST WORLD HOTELS &RESORTS SDN BHD","MYR","2020-08-21 MY (UTC+08:00)","2020-08-21 MY (UTC+08:00)","2","4","1,000.00","1,000.00","-","-","21/Aug/2020 MY (UTC+08:00)","05:21 MY (UTC+08:00)","9870277878 CR/CARD SALES  DATED 21082020","78782108","-","206.53","011 - System","CBSX4498","3104","2210 - CARDS CREDIT","1,000.00","","-","","","","-"
