﻿Account Number,Account Type,Account Name,Account Currency,Date From,Date To,Total Debit,Total Credit,Begin Balance,End Balance,Transaction Date,Transaction Time,Posting Date,Processing Time,Transaction Description,Transaction Ref,Debit,Credit,Source Code,Teller ID,Branch/Channel,Transaction Code,End Balance,Filler,Virtual Account,Transaction Description 2,Transaction Description 3,Transaction Description 4,Expiry Date
"506061106008","Current Account","FIRST WORLD HOTELS &RESORTS SDN BHD","MYR","2020-08-25 MY (UTC+08:00)","2020-08-25 MY (UTC+08:00)","2","5","17,822.78","1,000.00","-","-","25/Aug/2020 MY (UTC+08:00)","08:31 MY (UTC+08:00)","CR/CARD SALES M/N 1183957 DATED 24082020","39572408","-","271.83","011 - System","CBSX4498","2719","2981 - MERCHANT CREDIT CARD SALES","18,094.61","","-","","","","-"
"506061106008","Current Account","FIRST WORLD HOTELS &RESORTS SDN BHD","MYR","2020-08-25 MY (UTC+08:00)","2020-08-25 MY (UTC+08:00)","2","5","17,822.78","1,000.00","-","-","25/Aug/2020 MY (UTC+08:00)","08:31 MY (UTC+08:00)","CR/CARD SALES M/N 4225090 DATED 24082020","50902408","-","59.46","011 - System","CBSX4498","2719","2981 - MERCHANT CREDIT CARD SALES","18,154.07","","-","","","","-"
"506061106008","Current Account","FIRST WORLD HOTELS &RESORTS SDN BHD","MYR","2020-08-25 MY (UTC+08:00)","2020-08-25 MY (UTC+08:00)","2","5","17,822.78","1,000.00","-","-","25/Aug/2020 MY (UTC+08:00)","01:34 MY (UTC+08:00)","XFR DEBIT SVC CHARGE","","2.00","-","011 - System","BTCH6587","0606","XFRDRSVC - SERVICE CHARGE","18,152.07","","-","","","","-"
"506061106008","Current Account","FIRST WORLD HOTELS &RESORTS SDN BHD","MYR","2020-08-25 MY (UTC+08:00)","2020-08-25 MY (UTC+08:00)","2","5","17,822.78","1,000.00","-","-","25/Aug/2020 MY (UTC+08:00)","01:34 MY (UTC+08:00)","GENTING MALAYSIA BERHAD","514011468149","19,084.53","-","011 - System","BTCH6587","0606","XFRDR - FUND TRANSFER DEBIT","-932.46","","-","","","","-"
"506061106008","Current Account","FIRST WORLD HOTELS &RESORTS SDN BHD","MYR","2020-08-25 MY (UTC+08:00)","2020-08-25 MY (UTC+08:00)","2","5","17,822.78","1,000.00","-","-","25/Aug/2020 MY (UTC+08:00)","05:33 MY (UTC+08:00)","9201752011 CR/CARD SALES  DATED 25082020","20112508","-","24.59","011 - System","CBSX4498","3104","2210 - CARDS CREDIT","-907.87","","-","","","","-"
"506061106008","Current Account","FIRST WORLD HOTELS &RESORTS SDN BHD","MYR","2020-08-25 MY (UTC+08:00)","2020-08-25 MY (UTC+08:00)","2","5","17,822.78","1,000.00","-","-","25/Aug/2020 MY (UTC+08:00)","05:33 MY (UTC+08:00)","9870277878 CR/CARD SALES  DATED 25082020","78782508","-","1,789.97","011 - System","CBSX4498","3104","2210 - CARDS CREDIT","882.10","","-","","","","-"
"506061106008","Current Account","FIRST WORLD HOTELS &RESORTS SDN BHD","MYR","2020-08-25 MY (UTC+08:00)","2020-08-25 MY (UTC+08:00)","2","5","17,822.78","1,000.00","-","-","25/Aug/2020 MY (UTC+08:00)","05:33 MY (UTC+08:00)","9204418149 CR/CARD SALES  DATED 25082020","81492508","-","117.90","011 - System","CBSX4498","3104","2210 - CARDS CREDIT","1,000.00","","-","","","","-"
