﻿Account Number,Account Type,Account Name,Account Currency,Date From,Date To,Total Debit,Total Credit,Begin Balance,End Balance,Transaction Date,Transaction Time,Posting Date,Processing Time,Transaction Description,Transaction Ref,Debit,Credit,Source Code,Teller ID,Branch/Channel,Transaction Code,End Balance,Filler,Virtual Account,Transaction Description 2,Transaction Description 3,Transaction Description 4,Expiry Date
"506061106008","Current Account","FIRST WORLD HOTELS &RESORTS SDN BHD","MYR","2020-08-26 MY (UTC+08:00)","2020-08-26 MY (UTC+08:00)","2","2","1,000.00","1,000.00","-","-","26/Aug/2020 MY (UTC+08:00)","08:31 MY (UTC+08:00)","CR/CARD SALES M/N 1183957 DATED 25082020","39572508","-","1,821.63","011 - System","CBSX4498","2719","2981 - MERCHANT CREDIT CARD SALES","2,821.63","","-","","","","-"
"506061106008","Current Account","FIRST WORLD HOTELS &RESORTS SDN BHD","MYR","2020-08-26 MY (UTC+08:00)","2020-08-26 MY (UTC+08:00)","2","2","1,000.00","1,000.00","-","-","26/Aug/2020 MY (UTC+08:00)","08:31 MY (UTC+08:00)","CR/CARD SALES M/N 4225090 DATED 25082020","50902508","-","198.08","011 - System","CBSX4498","2719","2981 - MERCHANT CREDIT CARD SALES","3,019.71","","-","","","","-"
"506061106008","Current Account","FIRST WORLD HOTELS &RESORTS SDN BHD","MYR","2020-08-26 MY (UTC+08:00)","2020-08-26 MY (UTC+08:00)","2","2","1,000.00","1,000.00","-","-","26/Aug/2020 MY (UTC+08:00)","01:35 MY (UTC+08:00)","XFR DEBIT SVC CHARGE","","2.00","-","011 - System","BTCH6587","0606","XFRDRSVC - SERVICE CHARGE","3,017.71","","-","","","","-"
"506061106008","Current Account","FIRST WORLD HOTELS &RESORTS SDN BHD","MYR","2020-08-26 MY (UTC+08:00)","2020-08-26 MY (UTC+08:00)","2","2","1,000.00","1,000.00","-","-","26/Aug/2020 MY (UTC+08:00)","01:35 MY (UTC+08:00)","GENTING MALAYSIA BERHAD","514011468149","2,017.71","-","011 - System","BTCH6587","0606","XFRDR - FUND TRANSFER DEBIT","1,000.00","","-","","","","-"
