﻿Account Number,Account Type,Account Name,Account Currency,Date From,Date To,Total Debit,Total Credit,Begin Balance,End Balance,Transaction Date,Transaction Time,Posting Date,Processing Time,Transaction Description,Transaction Ref,Debit,Credit,Source Code,Teller ID,Branch/Channel,Transaction Code,End Balance,Filler,Virtual Account,Transaction Description 2,Transaction Description 3,Transaction Description 4,Expiry Date
"506061106008","Current Account","FIRST WORLD HOTELS &RESORTS SDN BHD","MYR","2020-08-27 MY (UTC+08:00)","2020-08-27 MY (UTC+08:00)","3","5","1,000.00","1,000.00","-","-","27/Aug/2020 MY (UTC+08:00)","08:31 MY (UTC+08:00)","CR/CARD SALES M/N 1183957 DATED 26082020","39572608","-","1,174.26","011 - System","CBSX4498","2719","2981 - MERCHANT CREDIT CARD SALES","2,174.26","","-","","","","-"
"506061106008","Current Account","FIRST WORLD HOTELS &RESORTS SDN BHD","MYR","2020-08-27 MY (UTC+08:00)","2020-08-27 MY (UTC+08:00)","3","5","1,000.00","1,000.00","-","-","27/Aug/2020 MY (UTC+08:00)","08:31 MY (UTC+08:00)","CR/CARD SALES M/N 4225090 DATED 26082020","50902608","-","69.82","011 - System","CBSX4498","2719","2981 - MERCHANT CREDIT CARD SALES","2,244.08","","-","","","","-"
"506061106008","Current Account","FIRST WORLD HOTELS &RESORTS SDN BHD","MYR","2020-08-27 MY (UTC+08:00)","2020-08-27 MY (UTC+08:00)","3","5","1,000.00","1,000.00","-","-","27/Aug/2020 MY (UTC+08:00)","01:31 MY (UTC+08:00)","XFR DEBIT SVC CHARGE","","2.00","-","011 - System","BTCH6587","0606","XFRDRSVC - SERVICE CHARGE","2,242.08","","-","","","","-"
"506061106008","Current Account","FIRST WORLD HOTELS &RESORTS SDN BHD","MYR","2020-08-27 MY (UTC+08:00)","2020-08-27 MY (UTC+08:00)","3","5","1,000.00","1,000.00","-","-","27/Aug/2020 MY (UTC+08:00)","01:31 MY (UTC+08:00)","GENTING MALAYSIA BERHAD","514011468149","1,512.60","-","011 - System","BTCH6587","0606","XFRDR - FUND TRANSFER DEBIT","729.48","","-","","","","-"
"506061106008","Current Account","FIRST WORLD HOTELS &RESORTS SDN BHD","MYR","2020-08-27 MY (UTC+08:00)","2020-08-27 MY (UTC+08:00)","3","5","1,000.00","1,000.00","-","-","27/Aug/2020 MY (UTC+08:00)","02:27 MY (UTC+08:00)","DR/CARD SALES M/N 1183957 DATED 26082020","","-","5.00","006 - Pos","CBSX408R","3121","8300 - CREDIT ACCOUNT","734.48","","-","","","","-"
"506061106008","Current Account","FIRST WORLD HOTELS &RESORTS SDN BHD","MYR","2020-08-27 MY (UTC+08:00)","2020-08-27 MY (UTC+08:00)","3","5","1,000.00","1,000.00","-","-","27/Aug/2020 MY (UTC+08:00)","02:28 MY (UTC+08:00)","DR/CARD SALES M/N 1183957 DATED 26082020","","0.01","-","011 - System","CBSX408R","2981","BCHARGE - ELECTRONIC TRANSACTION CHARGES","734.47","","-","","","","-"
"506061106008","Current Account","FIRST WORLD HOTELS &RESORTS SDN BHD","MYR","2020-08-27 MY (UTC+08:00)","2020-08-27 MY (UTC+08:00)","3","5","1,000.00","1,000.00","-","-","27/Aug/2020 MY (UTC+08:00)","05:33 MY (UTC+08:00)","9201752011 CR/CARD SALES  DATED 27082020","20112708","-","108.17","011 - System","CBSX4498","3104","2210 - CARDS CREDIT","842.64","","-","","","","-"
"506061106008","Current Account","FIRST WORLD HOTELS &RESORTS SDN BHD","MYR","2020-08-27 MY (UTC+08:00)","2020-08-27 MY (UTC+08:00)","3","5","1,000.00","1,000.00","-","-","27/Aug/2020 MY (UTC+08:00)","05:33 MY (UTC+08:00)","9870277878 CR/CARD SALES  DATED 27082020","78782708","-","157.36","011 - System","CBSX4498","3104","2210 - CARDS CREDIT","1,000.00","","-","","","","-"
