﻿Account Number,Account Type,Account Name,Account Currency,Date From,Date To,Total Debit,Total Credit,Begin Balance,End Balance,Transaction Date,Transaction Time,Posting Date,Processing Time,Transaction Description,Transaction Ref,Debit,Credit,Source Code,Teller ID,Branch/Channel,Transaction Code,End Balance,Filler,Virtual Account,Transaction Description 2,Transaction Description 3,Transaction Description 4,Expiry Date
"506061106008","Current Account","FIRST WORLD HOTELS &RESORTS SDN BHD","MYR","2020-08-01 MY (UTC+08:00)","2020-08-31 MY (UTC+08:00)","49","100","1,000.00","1,000.00","-","-","03/Aug/2020 MY (UTC+08:00)","08:32 MY (UTC+08:00)","CR/CARD SALES M/N 1183957 DATED 01082020","39570108","-","331.79","011 - System","CBSX4498","2719","2981 - MERCHANT CREDIT CARD SALES","1,331.79","","-","","","","-"
"506061106008","Current Account","FIRST WORLD HOTELS &RESORTS SDN BHD","MYR","2020-08-01 MY (UTC+08:00)","2020-08-31 MY (UTC+08:00)","49","100","1,000.00","1,000.00","-","-","03/Aug/2020 MY (UTC+08:00)","08:32 MY (UTC+08:00)","CR/CARD SALES M/N 1183957 DATED 02082020","39570208","-","288.07","011 - System","CBSX4498","2719","2981 - MERCHANT CREDIT CARD SALES","1,619.86","","-","","","","-"
"506061106008","Current Account","FIRST WORLD HOTELS &RESORTS SDN BHD","MYR","2020-08-01 MY (UTC+08:00)","2020-08-31 MY (UTC+08:00)","49","100","1,000.00","1,000.00","-","-","03/Aug/2020 MY (UTC+08:00)","08:32 MY (UTC+08:00)","CR/CARD SALES M/N 1183957 DATED 30072020","39573007","-","1,979.15","011 - System","CBSX4498","2719","2981 - MERCHANT CREDIT CARD SALES","3,599.01","","-","","","","-"
"506061106008","Current Account","FIRST WORLD HOTELS &RESORTS SDN BHD","MYR","2020-08-01 MY (UTC+08:00)","2020-08-31 MY (UTC+08:00)","49","100","1,000.00","1,000.00","-","-","03/Aug/2020 MY (UTC+08:00)","08:32 MY (UTC+08:00)","CR/CARD SALES M/N 1183957 DATED 31072020","39573107","-","172.94","011 - System","CBSX4498","2719","2981 - MERCHANT CREDIT CARD SALES","3,771.95","","-","","","","-"
"506061106008","Current Account","FIRST WORLD HOTELS &RESORTS SDN BHD","MYR","2020-08-01 MY (UTC+08:00)","2020-08-31 MY (UTC+08:00)","49","100","1,000.00","1,000.00","-","-","03/Aug/2020 MY (UTC+08:00)","08:32 MY (UTC+08:00)","CR/CARD SALES M/N 4225090 DATED 01082020","50900108","-","328.09","011 - System","CBSX4498","2719","2981 - MERCHANT CREDIT CARD SALES","4,100.04","","-","","","","-"
"506061106008","Current Account","FIRST WORLD HOTELS &RESORTS SDN BHD","MYR","2020-08-01 MY (UTC+08:00)","2020-08-31 MY (UTC+08:00)","49","100","1,000.00","1,000.00","-","-","03/Aug/2020 MY (UTC+08:00)","08:32 MY (UTC+08:00)","CR/CARD SALES M/N 4225090 DATED 02082020","50900208","-","642.88","011 - System","CBSX4498","2719","2981 - MERCHANT CREDIT CARD SALES","4,742.92","","-","","","","-"
"506061106008","Current Account","FIRST WORLD HOTELS &RESORTS SDN BHD","MYR","2020-08-01 MY (UTC+08:00)","2020-08-31 MY (UTC+08:00)","49","100","1,000.00","1,000.00","-","-","03/Aug/2020 MY (UTC+08:00)","08:32 MY (UTC+08:00)","CR/CARD SALES M/N 4225090 DATED 30072020","50903007","-","67.39","011 - System","CBSX4498","2719","2981 - MERCHANT CREDIT CARD SALES","4,810.31","","-","","","","-"
"506061106008","Current Account","FIRST WORLD HOTELS &RESORTS SDN BHD","MYR","2020-08-01 MY (UTC+08:00)","2020-08-31 MY (UTC+08:00)","49","100","1,000.00","1,000.00","-","-","03/Aug/2020 MY (UTC+08:00)","08:32 MY (UTC+08:00)","CR/CARD SALES M/N 4225090 DATED 31072020","50903107","-","723.73","011 - System","CBSX4498","2719","2981 - MERCHANT CREDIT CARD SALES","5,534.04","","-","","","","-"
"506061106008","Current Account","FIRST WORLD HOTELS &RESORTS SDN BHD","MYR","2020-08-01 MY (UTC+08:00)","2020-08-31 MY (UTC+08:00)","49","100","1,000.00","1,000.00","-","-","03/Aug/2020 MY (UTC+08:00)","15:39 MY (UTC+08:00)","GHS/29072020/0004 00","04780753","-","4,791.34","011 - System","CBSX406C","2601","7991 - INTER-BANK PAYMENT INTO A/C","10,325.38","","-","GENTING HIGHLANDS","INTER-BANK PAYMENT INTO A/C","","-"
"506061106008","Current Account","FIRST WORLD HOTELS &RESORTS SDN BHD","MYR","2020-08-01 MY (UTC+08:00)","2020-08-31 MY (UTC+08:00)","49","100","1,000.00","1,000.00","-","-","03/Aug/2020 MY (UTC+08:00)","01:33 MY (UTC+08:00)","GENTING MALAYSIA BERHAD","514011468149","9,849.55","-","011 - System","BTCH6587","0606","XFRDR - FUND TRANSFER DEBIT","475.83","","-","","","","-"
"506061106008","Current Account","FIRST WORLD HOTELS &RESORTS SDN BHD","MYR","2020-08-01 MY (UTC+08:00)","2020-08-31 MY (UTC+08:00)","49","100","1,000.00","1,000.00","-","-","03/Aug/2020 MY (UTC+08:00)","01:33 MY (UTC+08:00)","XFR DEBIT SVC CHARGE","","2.00","-","011 - System","BTCH6587","0606","XFRDRSVC - SERVICE CHARGE","473.83","","-","","","","-"
"506061106008","Current Account","FIRST WORLD HOTELS &RESORTS SDN BHD","MYR","2020-08-01 MY (UTC+08:00)","2020-08-31 MY (UTC+08:00)","49","100","1,000.00","1,000.00","-","-","03/Aug/2020 MY (UTC+08:00)","05:48 MY (UTC+08:00)","9870277878 CR/CARD SALES  DATED 03082020","78780308","-","526.17","011 - System","CBSX4498","3104","2210 - CARDS CREDIT","1,000.00","","-","","","","-"
"506061106008","Current Account","FIRST WORLD HOTELS &RESORTS SDN BHD","MYR","2020-08-01 MY (UTC+08:00)","2020-08-31 MY (UTC+08:00)","49","100","1,000.00","1,000.00","-","-","04/Aug/2020 MY (UTC+08:00)","08:31 MY (UTC+08:00)","CR/CARD SALES M/N 1183957 DATED 03082020","39570308","-","401.72","011 - System","CBSX4498","2719","2981 - MERCHANT CREDIT CARD SALES","1,401.72","","-","","","","-"
"506061106008","Current Account","FIRST WORLD HOTELS &RESORTS SDN BHD","MYR","2020-08-01 MY (UTC+08:00)","2020-08-31 MY (UTC+08:00)","49","100","1,000.00","1,000.00","-","-","04/Aug/2020 MY (UTC+08:00)","08:31 MY (UTC+08:00)","CR/CARD SALES M/N 4225090 DATED 03082020","50900308","-","170.00","011 - System","CBSX4498","2719","2981 - MERCHANT CREDIT CARD SALES","1,571.72","","-","","","","-"
"506061106008","Current Account","FIRST WORLD HOTELS &RESORTS SDN BHD","MYR","2020-08-01 MY (UTC+08:00)","2020-08-31 MY (UTC+08:00)","49","100","1,000.00","1,000.00","-","-","04/Aug/2020 MY (UTC+08:00)","15:33 MY (UTC+08:00)","IBG PAYMENT INTO A/C","102144","-","101.76","011 - System","CBSX406C","2601","7991 - INTER-BANK PAYMENT INTO A/C","1,673.48","","-","CIMB BANK BERHAD (H","INTER-BANK PAYMENT INTO A/C","","-"
"506061106008","Current Account","FIRST WORLD HOTELS &RESORTS SDN BHD","MYR","2020-08-01 MY (UTC+08:00)","2020-08-31 MY (UTC+08:00)","49","100","1,000.00","1,000.00","-","-","04/Aug/2020 MY (UTC+08:00)","01:31 MY (UTC+08:00)","XFR DEBIT SVC CHARGE","","2.00","-","011 - System","BTCH6587","0606","XFRDRSVC - SERVICE CHARGE","1,671.48","","-","","","","-"
"506061106008","Current Account","FIRST WORLD HOTELS &RESORTS SDN BHD","MYR","2020-08-01 MY (UTC+08:00)","2020-08-31 MY (UTC+08:00)","49","100","1,000.00","1,000.00","-","-","04/Aug/2020 MY (UTC+08:00)","01:31 MY (UTC+08:00)","GENTING MALAYSIA BERHAD","514011468149","1,813.86","-","011 - System","BTCH6587","0606","XFRDR - FUND TRANSFER DEBIT","-142.38","","-","","","","-"
"506061106008","Current Account","FIRST WORLD HOTELS &RESORTS SDN BHD","MYR","2020-08-01 MY (UTC+08:00)","2020-08-31 MY (UTC+08:00)","49","100","1,000.00","1,000.00","-","-","04/Aug/2020 MY (UTC+08:00)","05:08 MY (UTC+08:00)","MBB HQ ACCOUNTS PAYA","323347","-","96.00","025 - Office","CBSX4618","2502","CCRBEN1 - CMS - CR PYMT MARS","-46.38","","-","MAPS-PROPERTY","CMS - CR PYMT MARS","","-"
"506061106008","Current Account","FIRST WORLD HOTELS &RESORTS SDN BHD","MYR","2020-08-01 MY (UTC+08:00)","2020-08-31 MY (UTC+08:00)","49","100","1,000.00","1,000.00","-","-","04/Aug/2020 MY (UTC+08:00)","05:33 MY (UTC+08:00)","9201752011 CR/CARD SALES  DATED 04082020","20110408","-","14.75","011 - System","CBSX4498","3104","2210 - CARDS CREDIT","-31.63","","-","","","","-"
"506061106008","Current Account","FIRST WORLD HOTELS &RESORTS SDN BHD","MYR","2020-08-01 MY (UTC+08:00)","2020-08-31 MY (UTC+08:00)","49","100","1,000.00","1,000.00","-","-","04/Aug/2020 MY (UTC+08:00)","05:33 MY (UTC+08:00)","9870277878 CR/CARD SALES  DATED 04082020","78780408","-","987.42","011 - System","CBSX4498","3104","2210 - CARDS CREDIT","955.79","","-","","","","-"
"506061106008","Current Account","FIRST WORLD HOTELS &RESORTS SDN BHD","MYR","2020-08-01 MY (UTC+08:00)","2020-08-31 MY (UTC+08:00)","49","100","1,000.00","1,000.00","-","-","04/Aug/2020 MY (UTC+08:00)","05:33 MY (UTC+08:00)","9204418149 CR/CARD SALES  DATED 04082020","81490408","-","44.21","011 - System","CBSX4498","3104","2210 - CARDS CREDIT","1,000.00","","-","","","","-"
"506061106008","Current Account","FIRST WORLD HOTELS &RESORTS SDN BHD","MYR","2020-08-01 MY (UTC+08:00)","2020-08-31 MY (UTC+08:00)","49","100","1,000.00","1,000.00","-","-","05/Aug/2020 MY (UTC+08:00)","06:07 MY (UTC+08:00)","9870277878 CR/CARD SALES  DATED 05082020","78780508","-","344.22","011 - System","CBSX4498","3104","2210 - CARDS CREDIT","1,344.22","","-","","","","-"
"506061106008","Current Account","FIRST WORLD HOTELS &RESORTS SDN BHD","MYR","2020-08-01 MY (UTC+08:00)","2020-08-31 MY (UTC+08:00)","49","100","1,000.00","1,000.00","-","-","05/Aug/2020 MY (UTC+08:00)","08:31 MY (UTC+08:00)","CR/CARD SALES M/N 1183957 DATED 04082020","39570408","-","532.64","011 - System","CBSX4498","2719","2981 - MERCHANT CREDIT CARD SALES","1,876.86","","-","","","","-"
"506061106008","Current Account","FIRST WORLD HOTELS &RESORTS SDN BHD","MYR","2020-08-01 MY (UTC+08:00)","2020-08-31 MY (UTC+08:00)","49","100","1,000.00","1,000.00","-","-","05/Aug/2020 MY (UTC+08:00)","01:35 MY (UTC+08:00)","XFR DEBIT SVC CHARGE","","2.00","-","011 - System","BTCH6587","0606","XFRDRSVC - SERVICE CHARGE","1,874.86","","-","","","","-"
"506061106008","Current Account","FIRST WORLD HOTELS &RESORTS SDN BHD","MYR","2020-08-01 MY (UTC+08:00)","2020-08-31 MY (UTC+08:00)","49","100","1,000.00","1,000.00","-","-","05/Aug/2020 MY (UTC+08:00)","01:35 MY (UTC+08:00)","GENTING MALAYSIA BERHAD","514011468149","874.86","-","011 - System","BTCH6587","0606","XFRDR - FUND TRANSFER DEBIT","1,000.00","","-","","","","-"
"506061106008","Current Account","FIRST WORLD HOTELS &RESORTS SDN BHD","MYR","2020-08-01 MY (UTC+08:00)","2020-08-31 MY (UTC+08:00)","49","100","1,000.00","1,000.00","-","-","06/Aug/2020 MY (UTC+08:00)","08:31 MY (UTC+08:00)","CR/CARD SALES M/N 1183957 DATED 05082020","39570508","-","1,214.76","011 - System","CBSX4498","2719","2981 - MERCHANT CREDIT CARD SALES","2,214.76","","-","","","","-"
"506061106008","Current Account","FIRST WORLD HOTELS &RESORTS SDN BHD","MYR","2020-08-01 MY (UTC+08:00)","2020-08-31 MY (UTC+08:00)","49","100","1,000.00","1,000.00","-","-","06/Aug/2020 MY (UTC+08:00)","01:31 MY (UTC+08:00)","XFR DEBIT SVC CHARGE","","2.00","-","011 - System","BTCH6587","0606","XFRDRSVC - SERVICE CHARGE","2,212.76","","-","","","","-"
"506061106008","Current Account","FIRST WORLD HOTELS &RESORTS SDN BHD","MYR","2020-08-01 MY (UTC+08:00)","2020-08-31 MY (UTC+08:00)","49","100","1,000.00","1,000.00","-","-","06/Aug/2020 MY (UTC+08:00)","01:31 MY (UTC+08:00)","GENTING MALAYSIA BERHAD","514011468149","1,212.76","-","011 - System","BTCH6587","0606","XFRDR - FUND TRANSFER DEBIT","1,000.00","","-","","","","-"
"506061106008","Current Account","FIRST WORLD HOTELS &RESORTS SDN BHD","MYR","2020-08-01 MY (UTC+08:00)","2020-08-31 MY (UTC+08:00)","49","100","1,000.00","1,000.00","-","-","07/Aug/2020 MY (UTC+08:00)","06:50 MY (UTC+08:00)","9201752011 CR/CARD SALES  DATED 07082020","20110708","-","4.92","011 - System","CBSX4498","3104","2210 - CARDS CREDIT","1,004.92","","-","","","","-"
"506061106008","Current Account","FIRST WORLD HOTELS &RESORTS SDN BHD","MYR","2020-08-01 MY (UTC+08:00)","2020-08-31 MY (UTC+08:00)","49","100","1,000.00","1,000.00","-","-","07/Aug/2020 MY (UTC+08:00)","08:31 MY (UTC+08:00)","CR/CARD SALES M/N 1183957 DATED 06082020","39570608","-","410.77","011 - System","CBSX4498","2719","2981 - MERCHANT CREDIT CARD SALES","1,415.69","","-","","","","-"
"506061106008","Current Account","FIRST WORLD HOTELS &RESORTS SDN BHD","MYR","2020-08-01 MY (UTC+08:00)","2020-08-31 MY (UTC+08:00)","49","100","1,000.00","1,000.00","-","-","07/Aug/2020 MY (UTC+08:00)","17:33 MY (UTC+08:00)","","MOF Hotel","-","75.47","003 - ATM","947PHONE","2988","7610 - TRANSFER TO A/C","1,491.16","","-","NOR ISMAIL BIN NORD*","TRANSFER TO A/C","","-"
"506061106008","Current Account","FIRST WORLD HOTELS &RESORTS SDN BHD","MYR","2020-08-01 MY (UTC+08:00)","2020-08-31 MY (UTC+08:00)","49","100","1,000.00","1,000.00","-","-","07/Aug/2020 MY (UTC+08:00)","18:48 MY (UTC+08:00)","300000193614551","S","-","96.00","011 - System","CBSX406C","2601","7991 - INTER-BANK PAYMENT INTO A/C","1,587.16","","-","HLBB - FINANCE OPER","INTER-BANK PAYMENT INTO A/C","","-"
"506061106008","Current Account","FIRST WORLD HOTELS &RESORTS SDN BHD","MYR","2020-08-01 MY (UTC+08:00)","2020-08-31 MY (UTC+08:00)","49","100","1,000.00","1,000.00","-","-","07/Aug/2020 MY (UTC+08:00)","00:48 MY (UTC+08:00)","XFR DEBIT SVC CHARGE","","2.00","-","011 - System","BTCH6587","0606","XFRDRSVC - SERVICE CHARGE","1,585.16","","-","","","","-"
"506061106008","Current Account","FIRST WORLD HOTELS &RESORTS SDN BHD","MYR","2020-08-01 MY (UTC+08:00)","2020-08-31 MY (UTC+08:00)","49","100","1,000.00","1,000.00","-","-","07/Aug/2020 MY (UTC+08:00)","00:48 MY (UTC+08:00)","GENTING MALAYSIA BERHAD","514011468149","585.16","-","011 - System","BTCH6587","0606","XFRDR - FUND TRANSFER DEBIT","1,000.00","","-","","","","-"
"506061106008","Current Account","FIRST WORLD HOTELS &RESORTS SDN BHD","MYR","2020-08-01 MY (UTC+08:00)","2020-08-31 MY (UTC+08:00)","49","100","1,000.00","1,000.00","-","-","10/Aug/2020 MY (UTC+08:00)","08:32 MY (UTC+08:00)","CR/CARD SALES M/N 1183957 DATED 07082020","39570708","-","362.18","011 - System","CBSX4498","2719","2981 - MERCHANT CREDIT CARD SALES","1,362.18","","-","","","","-"
"506061106008","Current Account","FIRST WORLD HOTELS &RESORTS SDN BHD","MYR","2020-08-01 MY (UTC+08:00)","2020-08-31 MY (UTC+08:00)","49","100","1,000.00","1,000.00","-","-","10/Aug/2020 MY (UTC+08:00)","08:32 MY (UTC+08:00)","CR/CARD SALES M/N 1183957 DATED 08082020","39570808","-","1,835.34","011 - System","CBSX4498","2719","2981 - MERCHANT CREDIT CARD SALES","3,197.52","","-","","","","-"
"506061106008","Current Account","FIRST WORLD HOTELS &RESORTS SDN BHD","MYR","2020-08-01 MY (UTC+08:00)","2020-08-31 MY (UTC+08:00)","49","100","1,000.00","1,000.00","-","-","10/Aug/2020 MY (UTC+08:00)","08:32 MY (UTC+08:00)","CR/CARD SALES M/N 4225090 DATED 07082020","50900708","-","113.71","011 - System","CBSX4498","2719","2981 - MERCHANT CREDIT CARD SALES","3,311.23","","-","","","","-"
"506061106008","Current Account","FIRST WORLD HOTELS &RESORTS SDN BHD","MYR","2020-08-01 MY (UTC+08:00)","2020-08-31 MY (UTC+08:00)","49","100","1,000.00","1,000.00","-","-","10/Aug/2020 MY (UTC+08:00)","08:32 MY (UTC+08:00)","CR/CARD SALES M/N 4225090 DATED 08082020","50900808","-","111.09","011 - System","CBSX4498","2719","2981 - MERCHANT CREDIT CARD SALES","3,422.32","","-","","","","-"
"506061106008","Current Account","FIRST WORLD HOTELS &RESORTS SDN BHD","MYR","2020-08-01 MY (UTC+08:00)","2020-08-31 MY (UTC+08:00)","49","100","1,000.00","1,000.00","-","-","10/Aug/2020 MY (UTC+08:00)","08:32 MY (UTC+08:00)","CR/CARD SALES M/N 4225090 DATED 09082020","50900908","-","100.74","011 - System","CBSX4498","2719","2981 - MERCHANT CREDIT CARD SALES","3,523.06","","-","","","","-"
"506061106008","Current Account","FIRST WORLD HOTELS &RESORTS SDN BHD","MYR","2020-08-01 MY (UTC+08:00)","2020-08-31 MY (UTC+08:00)","49","100","1,000.00","1,000.00","-","-","10/Aug/2020 MY (UTC+08:00)","01:36 MY (UTC+08:00)","GENTING MALAYSIA BERHAD","514011468149","2,544.66","-","011 - System","BTCH6587","0606","XFRDR - FUND TRANSFER DEBIT","978.40","","-","","","","-"
"506061106008","Current Account","FIRST WORLD HOTELS &RESORTS SDN BHD","MYR","2020-08-01 MY (UTC+08:00)","2020-08-31 MY (UTC+08:00)","49","100","1,000.00","1,000.00","-","-","10/Aug/2020 MY (UTC+08:00)","01:36 MY (UTC+08:00)","XFR DEBIT SVC CHARGE","","2.00","-","011 - System","BTCH6587","0606","XFRDRSVC - SERVICE CHARGE","976.40","","-","","","","-"
"506061106008","Current Account","FIRST WORLD HOTELS &RESORTS SDN BHD","MYR","2020-08-01 MY (UTC+08:00)","2020-08-31 MY (UTC+08:00)","49","100","1,000.00","1,000.00","-","-","10/Aug/2020 MY (UTC+08:00)","05:20 MY (UTC+08:00)","9870277878 CR/CARD SALES  DATED 10082020","78781008","-","23.60","011 - System","CBSX4498","3104","2210 - CARDS CREDIT","1,000.00","","-","","","","-"
"506061106008","Current Account","FIRST WORLD HOTELS &RESORTS SDN BHD","MYR","2020-08-01 MY (UTC+08:00)","2020-08-31 MY (UTC+08:00)","49","100","1,000.00","1,000.00","-","-","11/Aug/2020 MY (UTC+08:00)","08:31 MY (UTC+08:00)","CR/CARD SALES M/N 1183957 DATED 10082020","39571008","-","905.05","011 - System","CBSX4498","2719","2981 - MERCHANT CREDIT CARD SALES","1,905.05","","-","","","","-"
"506061106008","Current Account","FIRST WORLD HOTELS &RESORTS SDN BHD","MYR","2020-08-01 MY (UTC+08:00)","2020-08-31 MY (UTC+08:00)","49","100","1,000.00","1,000.00","-","-","11/Aug/2020 MY (UTC+08:00)","08:31 MY (UTC+08:00)","CR/CARD SALES M/N 4225090 DATED 10082020","50901008","-","237.48","011 - System","CBSX4498","2719","2981 - MERCHANT CREDIT CARD SALES","2,142.53","","-","","","","-"
"506061106008","Current Account","FIRST WORLD HOTELS &RESORTS SDN BHD","MYR","2020-08-01 MY (UTC+08:00)","2020-08-31 MY (UTC+08:00)","49","100","1,000.00","1,000.00","-","-","11/Aug/2020 MY (UTC+08:00)","15:07 MY (UTC+08:00)","Yong Kaw Choy Towel","Yong Kaw choy","-","27.50","003 - ATM","983PHONE","2988","7610 - TRANSFER TO A/C","2,170.03","","-","YONG KAW CHOY      *","TRANSFER TO A/C","","-"
"506061106008","Current Account","FIRST WORLD HOTELS &RESORTS SDN BHD","MYR","2020-08-01 MY (UTC+08:00)","2020-08-31 MY (UTC+08:00)","49","100","1,000.00","1,000.00","-","-","11/Aug/2020 MY (UTC+08:00)","01:32 MY (UTC+08:00)","XFR DEBIT SVC CHARGE","","2.00","-","011 - System","BTCH6587","0606","XFRDRSVC - SERVICE CHARGE","2,168.03","","-","","","","-"
"506061106008","Current Account","FIRST WORLD HOTELS &RESORTS SDN BHD","MYR","2020-08-01 MY (UTC+08:00)","2020-08-31 MY (UTC+08:00)","49","100","1,000.00","1,000.00","-","-","11/Aug/2020 MY (UTC+08:00)","01:32 MY (UTC+08:00)","GENTING MALAYSIA BERHAD","514011468149","3,741.69","-","011 - System","BTCH6587","0606","XFRDR - FUND TRANSFER DEBIT","-1,573.66","","-","","","","-"
"506061106008","Current Account","FIRST WORLD HOTELS &RESORTS SDN BHD","MYR","2020-08-01 MY (UTC+08:00)","2020-08-31 MY (UTC+08:00)","49","100","1,000.00","1,000.00","-","-","11/Aug/2020 MY (UTC+08:00)","05:35 MY (UTC+08:00)","9870277878 CR/CARD SALES  DATED 11082020","78781108","-","2,458.71","011 - System","CBSX4498","3104","2210 - CARDS CREDIT","885.05","","-","","","","-"
"506061106008","Current Account","FIRST WORLD HOTELS &RESORTS SDN BHD","MYR","2020-08-01 MY (UTC+08:00)","2020-08-31 MY (UTC+08:00)","49","100","1,000.00","1,000.00","-","-","11/Aug/2020 MY (UTC+08:00)","05:35 MY (UTC+08:00)","9204418149 CR/CARD SALES  DATED 11082020","81491108","-","114.95","011 - System","CBSX4498","3104","2210 - CARDS CREDIT","1,000.00","","-","","","","-"
"506061106008","Current Account","FIRST WORLD HOTELS &RESORTS SDN BHD","MYR","2020-08-01 MY (UTC+08:00)","2020-08-31 MY (UTC+08:00)","49","100","1,000.00","1,000.00","-","-","12/Aug/2020 MY (UTC+08:00)","08:31 MY (UTC+08:00)","CR/CARD SALES M/N 1183957 DATED 11082020","39571108","-","592.94","011 - System","CBSX4498","2719","2981 - MERCHANT CREDIT CARD SALES","1,592.94","","-","","","","-"
"506061106008","Current Account","FIRST WORLD HOTELS &RESORTS SDN BHD","MYR","2020-08-01 MY (UTC+08:00)","2020-08-31 MY (UTC+08:00)","49","100","1,000.00","1,000.00","-","-","12/Aug/2020 MY (UTC+08:00)","08:31 MY (UTC+08:00)","CR/CARD SALES M/N 4225090 DATED 11082020","50901108","-","164.73","011 - System","CBSX4498","2719","2981 - MERCHANT CREDIT CARD SALES","1,757.67","","-","","","","-"
"506061106008","Current Account","FIRST WORLD HOTELS &RESORTS SDN BHD","MYR","2020-08-01 MY (UTC+08:00)","2020-08-31 MY (UTC+08:00)","49","100","1,000.00","1,000.00","-","-","12/Aug/2020 MY (UTC+08:00)","21:52 MY (UTC+08:00)","03084367622","APP4002020585237","-","2,800.00","011 - System","CBSX406C","2601","7991 - INTER-BANK PAYMENT INTO A/C","4,557.67","","-","FIRST WORLD HOTELS","INTER-BANK PAYMENT INTO A/C","","-"
"506061106008","Current Account","FIRST WORLD HOTELS &RESORTS SDN BHD","MYR","2020-08-01 MY (UTC+08:00)","2020-08-31 MY (UTC+08:00)","49","100","1,000.00","1,000.00","-","-","12/Aug/2020 MY (UTC+08:00)","21:52 MY (UTC+08:00)","03084367622","APP4002020586193","-","1,600.00","011 - System","CBSX406C","2601","7991 - INTER-BANK PAYMENT INTO A/C","6,157.67","","-","FIRST WORLD HOTELS","INTER-BANK PAYMENT INTO A/C","","-"
"506061106008","Current Account","FIRST WORLD HOTELS &RESORTS SDN BHD","MYR","2020-08-01 MY (UTC+08:00)","2020-08-31 MY (UTC+08:00)","49","100","1,000.00","1,000.00","-","-","12/Aug/2020 MY (UTC+08:00)","01:35 MY (UTC+08:00)","XFR DEBIT SVC CHARGE","","2.00","-","011 - System","BTCH6587","0606","XFRDRSVC - SERVICE CHARGE","6,155.67","","-","","","","-"
"506061106008","Current Account","FIRST WORLD HOTELS &RESORTS SDN BHD","MYR","2020-08-01 MY (UTC+08:00)","2020-08-31 MY (UTC+08:00)","49","100","1,000.00","1,000.00","-","-","12/Aug/2020 MY (UTC+08:00)","01:35 MY (UTC+08:00)","GENTING MALAYSIA BERHAD","514011468149","5,617.91","-","011 - System","BTCH6587","0606","XFRDR - FUND TRANSFER DEBIT","537.76","","-","","","","-"
"506061106008","Current Account","FIRST WORLD HOTELS &RESORTS SDN BHD","MYR","2020-08-01 MY (UTC+08:00)","2020-08-31 MY (UTC+08:00)","49","100","1,000.00","1,000.00","-","-","12/Aug/2020 MY (UTC+08:00)","05:24 MY (UTC+08:00)","9870277878 CR/CARD SALES  DATED 12082020","78781208","-","462.24","011 - System","CBSX4498","3104","2210 - CARDS CREDIT","1,000.00","","-","","","","-"
"506061106008","Current Account","FIRST WORLD HOTELS &RESORTS SDN BHD","MYR","2020-08-01 MY (UTC+08:00)","2020-08-31 MY (UTC+08:00)","49","100","1,000.00","1,000.00","-","-","13/Aug/2020 MY (UTC+08:00)","08:30 MY (UTC+08:00)","CR/CARD SALES M/N 1183957 DATED 12082020","39571208","-","1,412.94","011 - System","CBSX4498","2719","2981 - MERCHANT CREDIT CARD SALES","2,412.94","","-","","","","-"
"506061106008","Current Account","FIRST WORLD HOTELS &RESORTS SDN BHD","MYR","2020-08-01 MY (UTC+08:00)","2020-08-31 MY (UTC+08:00)","49","100","1,000.00","1,000.00","-","-","13/Aug/2020 MY (UTC+08:00)","08:30 MY (UTC+08:00)","CR/CARD SALES M/N 4225090 DATED 12082020","50901208","-","74.32","011 - System","CBSX4498","2719","2981 - MERCHANT CREDIT CARD SALES","2,487.26","","-","","","","-"
"506061106008","Current Account","FIRST WORLD HOTELS &RESORTS SDN BHD","MYR","2020-08-01 MY (UTC+08:00)","2020-08-31 MY (UTC+08:00)","49","100","1,000.00","1,000.00","-","-","13/Aug/2020 MY (UTC+08:00)","01:26 MY (UTC+08:00)","XFR DEBIT SVC CHARGE","","2.00","-","011 - System","BTCH6587","0606","XFRDRSVC - SERVICE CHARGE","2,485.26","","-","","","","-"
"506061106008","Current Account","FIRST WORLD HOTELS &RESORTS SDN BHD","MYR","2020-08-01 MY (UTC+08:00)","2020-08-31 MY (UTC+08:00)","49","100","1,000.00","1,000.00","-","-","13/Aug/2020 MY (UTC+08:00)","01:26 MY (UTC+08:00)","GENTING MALAYSIA BERHAD","514011468149","1,684.76","-","011 - System","BTCH6587","0606","XFRDR - FUND TRANSFER DEBIT","800.50","","-","","","","-"
"506061106008","Current Account","FIRST WORLD HOTELS &RESORTS SDN BHD","MYR","2020-08-01 MY (UTC+08:00)","2020-08-31 MY (UTC+08:00)","49","100","1,000.00","1,000.00","-","-","13/Aug/2020 MY (UTC+08:00)","02:27 MY (UTC+08:00)","DR/CARD SALES M/N 1183957 DATED 12082020","","-","200.00","006 - Pos","CBSX408R","3121","8300 - CREDIT ACCOUNT","1,000.50","","-","","","","-"
"506061106008","Current Account","FIRST WORLD HOTELS &RESORTS SDN BHD","MYR","2020-08-01 MY (UTC+08:00)","2020-08-31 MY (UTC+08:00)","49","100","1,000.00","1,000.00","-","-","13/Aug/2020 MY (UTC+08:00)","02:28 MY (UTC+08:00)","DR/CARD SALES M/N 1183957 DATED 12082020","","0.50","-","011 - System","CBSX408R","2981","BCHARGE - ELECTRONIC TRANSACTION CHARGES","1,000.00","","-","","","","-"
"506061106008","Current Account","FIRST WORLD HOTELS &RESORTS SDN BHD","MYR","2020-08-01 MY (UTC+08:00)","2020-08-31 MY (UTC+08:00)","49","100","1,000.00","1,000.00","-","-","14/Aug/2020 MY (UTC+08:00)","08:31 MY (UTC+08:00)","CR/CARD SALES M/N 1183957 DATED 13082020","39571308","-","1,004.43","011 - System","CBSX4498","2719","2981 - MERCHANT CREDIT CARD SALES","2,004.43","","-","","","","-"
"506061106008","Current Account","FIRST WORLD HOTELS &RESORTS SDN BHD","MYR","2020-08-01 MY (UTC+08:00)","2020-08-31 MY (UTC+08:00)","49","100","1,000.00","1,000.00","-","-","14/Aug/2020 MY (UTC+08:00)","08:31 MY (UTC+08:00)","CR/CARD SALES M/N 4225090 DATED 13082020","50901308","-","29.73","011 - System","CBSX4498","2719","2981 - MERCHANT CREDIT CARD SALES","2,034.16","","-","","","","-"
"506061106008","Current Account","FIRST WORLD HOTELS &RESORTS SDN BHD","MYR","2020-08-01 MY (UTC+08:00)","2020-08-31 MY (UTC+08:00)","49","100","1,000.00","1,000.00","-","-","14/Aug/2020 MY (UTC+08:00)","00:44 MY (UTC+08:00)","QRCASA SALES M/N 0124567 DATED 14082020","","-","0.10","011 - System","CBSX425P","2988","8301 - BILLS PAYMENT CREDIT","2,034.26","","-","","","","-"
"506061106008","Current Account","FIRST WORLD HOTELS &RESORTS SDN BHD","MYR","2020-08-01 MY (UTC+08:00)","2020-08-31 MY (UTC+08:00)","49","100","1,000.00","1,000.00","-","-","14/Aug/2020 MY (UTC+08:00)","00:45 MY (UTC+08:00)","QRCASA REFUND M/N 0124567 DATED 14082020","","0.10","-","011 - System","CBSX425P","2988","6423 - ","2,034.16","","-","","","","-"
"506061106008","Current Account","FIRST WORLD HOTELS &RESORTS SDN BHD","MYR","2020-08-01 MY (UTC+08:00)","2020-08-31 MY (UTC+08:00)","49","100","1,000.00","1,000.00","-","-","14/Aug/2020 MY (UTC+08:00)","01:10 MY (UTC+08:00)","XFR DEBIT SVC CHARGE","","2.00","-","011 - System","BTCH6587","0606","XFRDRSVC - SERVICE CHARGE","2,032.16","","-","","","","-"
"506061106008","Current Account","FIRST WORLD HOTELS &RESORTS SDN BHD","MYR","2020-08-01 MY (UTC+08:00)","2020-08-31 MY (UTC+08:00)","49","100","1,000.00","1,000.00","-","-","14/Aug/2020 MY (UTC+08:00)","01:10 MY (UTC+08:00)","GENTING MALAYSIA BERHAD","514011468149","1,238.69","-","011 - System","BTCH6587","0606","XFRDR - FUND TRANSFER DEBIT","793.47","","-","","","","-"
"506061106008","Current Account","FIRST WORLD HOTELS &RESORTS SDN BHD","MYR","2020-08-01 MY (UTC+08:00)","2020-08-31 MY (UTC+08:00)","49","100","1,000.00","1,000.00","-","-","14/Aug/2020 MY (UTC+08:00)","05:26 MY (UTC+08:00)","9201752011 CR/CARD SALES  DATED 14082020","20111408","-","68.84","011 - System","CBSX4498","3104","2210 - CARDS CREDIT","862.31","","-","","","","-"
"506061106008","Current Account","FIRST WORLD HOTELS &RESORTS SDN BHD","MYR","2020-08-01 MY (UTC+08:00)","2020-08-31 MY (UTC+08:00)","49","100","1,000.00","1,000.00","-","-","14/Aug/2020 MY (UTC+08:00)","05:26 MY (UTC+08:00)","9870277878 CR/CARD SALES  DATED 14082020","78781408","-","137.69","011 - System","CBSX4498","3104","2210 - CARDS CREDIT","1,000.00","","-","","","","-"
"506061106008","Current Account","FIRST WORLD HOTELS &RESORTS SDN BHD","MYR","2020-08-01 MY (UTC+08:00)","2020-08-31 MY (UTC+08:00)","49","100","1,000.00","1,000.00","-","-","17/Aug/2020 MY (UTC+08:00)","08:32 MY (UTC+08:00)","CR/CARD SALES M/N 1183957 DATED 14082020","39571408","-","809.86","011 - System","CBSX4498","2719","2981 - MERCHANT CREDIT CARD SALES","1,809.86","","-","","","","-"
"506061106008","Current Account","FIRST WORLD HOTELS &RESORTS SDN BHD","MYR","2020-08-01 MY (UTC+08:00)","2020-08-31 MY (UTC+08:00)","49","100","1,000.00","1,000.00","-","-","17/Aug/2020 MY (UTC+08:00)","08:32 MY (UTC+08:00)","CR/CARD SALES M/N 1183957 DATED 15082020","39571508","-","1,192.32","011 - System","CBSX4498","2719","2981 - MERCHANT CREDIT CARD SALES","3,002.18","","-","","","","-"
"506061106008","Current Account","FIRST WORLD HOTELS &RESORTS SDN BHD","MYR","2020-08-01 MY (UTC+08:00)","2020-08-31 MY (UTC+08:00)","49","100","1,000.00","1,000.00","-","-","17/Aug/2020 MY (UTC+08:00)","08:32 MY (UTC+08:00)","CR/CARD SALES M/N 1183957 DATED 16082020","39571608","-","825.03","011 - System","CBSX4498","2719","2981 - MERCHANT CREDIT CARD SALES","3,827.21","","-","","","","-"
"506061106008","Current Account","FIRST WORLD HOTELS &RESORTS SDN BHD","MYR","2020-08-01 MY (UTC+08:00)","2020-08-31 MY (UTC+08:00)","49","100","1,000.00","1,000.00","-","-","17/Aug/2020 MY (UTC+08:00)","08:32 MY (UTC+08:00)","CR/CARD SALES M/N 4225090 DATED 14082020","50901408","-","126.48","011 - System","CBSX4498","2719","2981 - MERCHANT CREDIT CARD SALES","3,953.69","","-","","","","-"
"506061106008","Current Account","FIRST WORLD HOTELS &RESORTS SDN BHD","MYR","2020-08-01 MY (UTC+08:00)","2020-08-31 MY (UTC+08:00)","49","100","1,000.00","1,000.00","-","-","17/Aug/2020 MY (UTC+08:00)","08:32 MY (UTC+08:00)","CR/CARD SALES M/N 4225090 DATED 15082020","50901508","-","172.17","011 - System","CBSX4498","2719","2981 - MERCHANT CREDIT CARD SALES","4,125.86","","-","","","","-"
"506061106008","Current Account","FIRST WORLD HOTELS &RESORTS SDN BHD","MYR","2020-08-01 MY (UTC+08:00)","2020-08-31 MY (UTC+08:00)","49","100","1,000.00","1,000.00","-","-","17/Aug/2020 MY (UTC+08:00)","08:32 MY (UTC+08:00)","CR/CARD SALES M/N 4225090 DATED 16082020","50901608","-","77.30","011 - System","CBSX4498","2719","2981 - MERCHANT CREDIT CARD SALES","4,203.16","","-","","","","-"
"506061106008","Current Account","FIRST WORLD HOTELS &RESORTS SDN BHD","MYR","2020-08-01 MY (UTC+08:00)","2020-08-31 MY (UTC+08:00)","49","100","1,000.00","1,000.00","-","-","17/Aug/2020 MY (UTC+08:00)","09:37 MY (UTC+08:00)","03084367622","APP4002020587051","-","1,984.60","011 - System","CBSX406C","2601","7991 - INTER-BANK PAYMENT INTO A/C","6,187.76","","-","FIRST WORLD HOTELS","INTER-BANK PAYMENT INTO A/C","","-"
"506061106008","Current Account","FIRST WORLD HOTELS &RESORTS SDN BHD","MYR","2020-08-01 MY (UTC+08:00)","2020-08-31 MY (UTC+08:00)","49","100","1,000.00","1,000.00","-","-","17/Aug/2020 MY (UTC+08:00)","11:41 MY (UTC+08:00)","CELCOMRENTAL","CELCOMRENTAL","-","9,234.72","025 - Office","CBSX4618","2502","CCRBEN1 - CMS - CR PYMT MARS","15,422.48","","-","CELCOM NETWORKS SDN","CMS - CR PYMT MARS","","-"
"506061106008","Current Account","FIRST WORLD HOTELS &RESORTS SDN BHD","MYR","2020-08-01 MY (UTC+08:00)","2020-08-31 MY (UTC+08:00)","49","100","1,000.00","1,000.00","-","-","17/Aug/2020 MY (UTC+08:00)","00:45 MY (UTC+08:00)","QRCASA SALES M/N 0124567 DATED 17082020","","-","1.50","011 - System","CBSX425P","2988","8301 - BILLS PAYMENT CREDIT","15,423.98","","-","","","","-"
"506061106008","Current Account","FIRST WORLD HOTELS &RESORTS SDN BHD","MYR","2020-08-01 MY (UTC+08:00)","2020-08-31 MY (UTC+08:00)","49","100","1,000.00","1,000.00","-","-","17/Aug/2020 MY (UTC+08:00)","01:31 MY (UTC+08:00)","XFR DEBIT SVC CHARGE","","2.00","-","011 - System","BTCH6587","0606","XFRDRSVC - SERVICE CHARGE","15,421.98","","-","","","","-"
"506061106008","Current Account","FIRST WORLD HOTELS &RESORTS SDN BHD","MYR","2020-08-01 MY (UTC+08:00)","2020-08-31 MY (UTC+08:00)","49","100","1,000.00","1,000.00","-","-","17/Aug/2020 MY (UTC+08:00)","01:31 MY (UTC+08:00)","GENTING MALAYSIA BERHAD","514011468149","14,421.98","-","011 - System","BTCH6587","0606","XFRDR - FUND TRANSFER DEBIT","1,000.00","","-","","","","-"
"506061106008","Current Account","FIRST WORLD HOTELS &RESORTS SDN BHD","MYR","2020-08-01 MY (UTC+08:00)","2020-08-31 MY (UTC+08:00)","49","100","1,000.00","1,000.00","-","-","18/Aug/2020 MY (UTC+08:00)","08:31 MY (UTC+08:00)","CR/CARD SALES M/N 4225090 DATED 17082020","50901708","-","373.82","011 - System","CBSX4498","2719","2981 - MERCHANT CREDIT CARD SALES","1,373.82","","-","","","","-"
"506061106008","Current Account","FIRST WORLD HOTELS &RESORTS SDN BHD","MYR","2020-08-01 MY (UTC+08:00)","2020-08-31 MY (UTC+08:00)","49","100","1,000.00","1,000.00","-","-","18/Aug/2020 MY (UTC+08:00)","01:33 MY (UTC+08:00)","XFR DEBIT SVC CHARGE","","2.00","-","011 - System","BTCH6587","0606","XFRDRSVC - SERVICE CHARGE","1,371.82","","-","","","","-"
"506061106008","Current Account","FIRST WORLD HOTELS &RESORTS SDN BHD","MYR","2020-08-01 MY (UTC+08:00)","2020-08-31 MY (UTC+08:00)","49","100","1,000.00","1,000.00","-","-","18/Aug/2020 MY (UTC+08:00)","01:33 MY (UTC+08:00)","GENTING MALAYSIA BERHAD","514011468149","2,937.15","-","011 - System","BTCH6587","0606","XFRDR - FUND TRANSFER DEBIT","-1,565.33","","-","","","","-"
"506061106008","Current Account","FIRST WORLD HOTELS &RESORTS SDN BHD","MYR","2020-08-01 MY (UTC+08:00)","2020-08-31 MY (UTC+08:00)","49","100","1,000.00","1,000.00","-","-","18/Aug/2020 MY (UTC+08:00)","05:16 MY (UTC+08:00)","9201752011 CR/CARD SALES  DATED 18082020","20111808","-","151.94","011 - System","CBSX4498","3104","2210 - CARDS CREDIT","-1,413.39","","-","","","","-"
"506061106008","Current Account","FIRST WORLD HOTELS &RESORTS SDN BHD","MYR","2020-08-01 MY (UTC+08:00)","2020-08-31 MY (UTC+08:00)","49","100","1,000.00","1,000.00","-","-","18/Aug/2020 MY (UTC+08:00)","05:16 MY (UTC+08:00)","9870277878 CR/CARD SALES  DATED 18082020","78781808","-","2,304.33","011 - System","CBSX4498","3104","2210 - CARDS CREDIT","890.94","","-","","","","-"
"506061106008","Current Account","FIRST WORLD HOTELS &RESORTS SDN BHD","MYR","2020-08-01 MY (UTC+08:00)","2020-08-31 MY (UTC+08:00)","49","100","1,000.00","1,000.00","-","-","18/Aug/2020 MY (UTC+08:00)","05:16 MY (UTC+08:00)","9204418149 CR/CARD SALES  DATED 18082020","81491808","-","109.06","011 - System","CBSX4498","3104","2210 - CARDS CREDIT","1,000.00","","-","","","","-"
"506061106008","Current Account","FIRST WORLD HOTELS &RESORTS SDN BHD","MYR","2020-08-01 MY (UTC+08:00)","2020-08-31 MY (UTC+08:00)","49","100","1,000.00","1,000.00","-","-","19/Aug/2020 MY (UTC+08:00)","08:30 MY (UTC+08:00)","CR/CARD SALES M/N 1183957 DATED 18082020","39571808","-","2,234.23","011 - System","CBSX4498","2719","2981 - MERCHANT CREDIT CARD SALES","3,234.23","","-","","","","-"
"506061106008","Current Account","FIRST WORLD HOTELS &RESORTS SDN BHD","MYR","2020-08-01 MY (UTC+08:00)","2020-08-31 MY (UTC+08:00)","49","100","1,000.00","1,000.00","-","-","19/Aug/2020 MY (UTC+08:00)","08:30 MY (UTC+08:00)","CR/CARD SALES M/N 4225090 DATED 18082020","50901808","-","29.73","011 - System","CBSX4498","2719","2981 - MERCHANT CREDIT CARD SALES","3,263.96","","-","","","","-"
"506061106008","Current Account","FIRST WORLD HOTELS &RESORTS SDN BHD","MYR","2020-08-01 MY (UTC+08:00)","2020-08-31 MY (UTC+08:00)","49","100","1,000.00","1,000.00","-","-","19/Aug/2020 MY (UTC+08:00)","14:41 MY (UTC+08:00)","0","0","-","16,227.40","018 - Teller","000A358A","1435","8000 - HOUSE CHQ DEP","19,491.36","","-","","","","-"
"506061106008","Current Account","FIRST WORLD HOTELS &RESORTS SDN BHD","MYR","2020-08-01 MY (UTC+08:00)","2020-08-31 MY (UTC+08:00)","49","100","1,000.00","1,000.00","-","-","19/Aug/2020 MY (UTC+08:00)","01:28 MY (UTC+08:00)","XFR DEBIT SVC CHARGE","","2.00","-","011 - System","BTCH6587","0606","XFRDRSVC - SERVICE CHARGE","19,489.36","","-","","","","-"
"506061106008","Current Account","FIRST WORLD HOTELS &RESORTS SDN BHD","MYR","2020-08-01 MY (UTC+08:00)","2020-08-31 MY (UTC+08:00)","49","100","1,000.00","1,000.00","-","-","19/Aug/2020 MY (UTC+08:00)","01:28 MY (UTC+08:00)","GENTING MALAYSIA BERHAD","514011468149","18,489.36","-","011 - System","BTCH6587","0606","XFRDR - FUND TRANSFER DEBIT","1,000.00","","-","","","","-"
"506061106008","Current Account","FIRST WORLD HOTELS &RESORTS SDN BHD","MYR","2020-08-01 MY (UTC+08:00)","2020-08-31 MY (UTC+08:00)","49","100","1,000.00","1,000.00","-","-","20/Aug/2020 MY (UTC+08:00)","01:19 MY (UTC+08:00)","XFR DEBIT SVC CHARGE","","2.00","-","011 - System","BTCH6587","0606","XFRDRSVC - SERVICE CHARGE","998.00","","-","","","","-"
"506061106008","Current Account","FIRST WORLD HOTELS &RESORTS SDN BHD","MYR","2020-08-01 MY (UTC+08:00)","2020-08-31 MY (UTC+08:00)","49","100","1,000.00","1,000.00","-","-","20/Aug/2020 MY (UTC+08:00)","01:19 MY (UTC+08:00)","GENTING MALAYSIA BERHAD","514011468149","184.86","-","011 - System","BTCH6587","0606","XFRDR - FUND TRANSFER DEBIT","813.14","","-","","","","-"
"506061106008","Current Account","FIRST WORLD HOTELS &RESORTS SDN BHD","MYR","2020-08-01 MY (UTC+08:00)","2020-08-31 MY (UTC+08:00)","49","100","1,000.00","1,000.00","-","-","20/Aug/2020 MY (UTC+08:00)","05:07 MY (UTC+08:00)","9201752011 CR/CARD SALES  DATED 20082020","20112008","-","186.86","011 - System","CBSX4498","3104","2210 - CARDS CREDIT","1,000.00","","-","","","","-"
"506061106008","Current Account","FIRST WORLD HOTELS &RESORTS SDN BHD","MYR","2020-08-01 MY (UTC+08:00)","2020-08-31 MY (UTC+08:00)","49","100","1,000.00","1,000.00","-","-","21/Aug/2020 MY (UTC+08:00)","08:31 MY (UTC+08:00)","CR/CARD SALES M/N 1183957 DATED 20082020","39572008","-","1,023.92","011 - System","CBSX4498","2719","2981 - MERCHANT CREDIT CARD SALES","2,023.92","","-","","","","-"
"506061106008","Current Account","FIRST WORLD HOTELS &RESORTS SDN BHD","MYR","2020-08-01 MY (UTC+08:00)","2020-08-31 MY (UTC+08:00)","49","100","1,000.00","1,000.00","-","-","21/Aug/2020 MY (UTC+08:00)","08:31 MY (UTC+08:00)","CR/CARD SALES M/N 4225090 DATED 19082020","50901908","-","185.53","011 - System","CBSX4498","2719","2981 - MERCHANT CREDIT CARD SALES","2,209.45","","-","","","","-"
"506061106008","Current Account","FIRST WORLD HOTELS &RESORTS SDN BHD","MYR","2020-08-01 MY (UTC+08:00)","2020-08-31 MY (UTC+08:00)","49","100","1,000.00","1,000.00","-","-","21/Aug/2020 MY (UTC+08:00)","08:31 MY (UTC+08:00)","CR/CARD SALES M/N 4225090 DATED 20082020","50902008","-","107.73","011 - System","CBSX4498","2719","2981 - MERCHANT CREDIT CARD SALES","2,317.18","","-","","","","-"
"506061106008","Current Account","FIRST WORLD HOTELS &RESORTS SDN BHD","MYR","2020-08-01 MY (UTC+08:00)","2020-08-31 MY (UTC+08:00)","49","100","1,000.00","1,000.00","-","-","21/Aug/2020 MY (UTC+08:00)","01:15 MY (UTC+08:00)","XFR DEBIT SVC CHARGE","","2.00","-","011 - System","BTCH6587","0606","XFRDRSVC - SERVICE CHARGE","2,315.18","","-","","","","-"
"506061106008","Current Account","FIRST WORLD HOTELS &RESORTS SDN BHD","MYR","2020-08-01 MY (UTC+08:00)","2020-08-31 MY (UTC+08:00)","49","100","1,000.00","1,000.00","-","-","21/Aug/2020 MY (UTC+08:00)","01:15 MY (UTC+08:00)","GENTING MALAYSIA BERHAD","514011468149","1,521.71","-","011 - System","BTCH6587","0606","XFRDR - FUND TRANSFER DEBIT","793.47","","-","","","","-"
"506061106008","Current Account","FIRST WORLD HOTELS &RESORTS SDN BHD","MYR","2020-08-01 MY (UTC+08:00)","2020-08-31 MY (UTC+08:00)","49","100","1,000.00","1,000.00","-","-","21/Aug/2020 MY (UTC+08:00)","05:21 MY (UTC+08:00)","9870277878 CR/CARD SALES  DATED 21082020","78782108","-","206.53","011 - System","CBSX4498","3104","2210 - CARDS CREDIT","1,000.00","","-","","","","-"
"506061106008","Current Account","FIRST WORLD HOTELS &RESORTS SDN BHD","MYR","2020-08-01 MY (UTC+08:00)","2020-08-31 MY (UTC+08:00)","49","100","1,000.00","1,000.00","-","-","24/Aug/2020 MY (UTC+08:00)","08:31 MY (UTC+08:00)","CR/CARD SALES M/N 1183957 DATED 21082020","39572108","-","590.07","011 - System","CBSX4498","2719","2981 - MERCHANT CREDIT CARD SALES","1,590.07","","-","","","","-"
"506061106008","Current Account","FIRST WORLD HOTELS &RESORTS SDN BHD","MYR","2020-08-01 MY (UTC+08:00)","2020-08-31 MY (UTC+08:00)","49","100","1,000.00","1,000.00","-","-","24/Aug/2020 MY (UTC+08:00)","08:31 MY (UTC+08:00)","CR/CARD SALES M/N 1183957 DATED 22082020","39572208","-","153.73","011 - System","CBSX4498","2719","2981 - MERCHANT CREDIT CARD SALES","1,743.80","","-","","","","-"
"506061106008","Current Account","FIRST WORLD HOTELS &RESORTS SDN BHD","MYR","2020-08-01 MY (UTC+08:00)","2020-08-31 MY (UTC+08:00)","49","100","1,000.00","1,000.00","-","-","24/Aug/2020 MY (UTC+08:00)","08:31 MY (UTC+08:00)","CR/CARD SALES M/N 1183957 DATED 23082020","39572308","-","134.03","011 - System","CBSX4498","2719","2981 - MERCHANT CREDIT CARD SALES","1,877.83","","-","","","","-"
"506061106008","Current Account","FIRST WORLD HOTELS &RESORTS SDN BHD","MYR","2020-08-01 MY (UTC+08:00)","2020-08-31 MY (UTC+08:00)","49","100","1,000.00","1,000.00","-","-","24/Aug/2020 MY (UTC+08:00)","08:31 MY (UTC+08:00)","CR/CARD SALES M/N 4225090 DATED 21082020","50902108","-","287.78","011 - System","CBSX4498","2719","2981 - MERCHANT CREDIT CARD SALES","2,165.61","","-","","","","-"
"506061106008","Current Account","FIRST WORLD HOTELS &RESORTS SDN BHD","MYR","2020-08-01 MY (UTC+08:00)","2020-08-31 MY (UTC+08:00)","49","100","1,000.00","1,000.00","-","-","24/Aug/2020 MY (UTC+08:00)","08:31 MY (UTC+08:00)","CR/CARD SALES M/N 4225090 DATED 22082020","50902208","-","639.19","011 - System","CBSX4498","2719","2981 - MERCHANT CREDIT CARD SALES","2,804.80","","-","","","","-"
"506061106008","Current Account","FIRST WORLD HOTELS &RESORTS SDN BHD","MYR","2020-08-01 MY (UTC+08:00)","2020-08-31 MY (UTC+08:00)","49","100","1,000.00","1,000.00","-","-","24/Aug/2020 MY (UTC+08:00)","08:31 MY (UTC+08:00)","CR/CARD SALES M/N 4225090 DATED 23082020","50902308","-","293.33","011 - System","CBSX4498","2719","2981 - MERCHANT CREDIT CARD SALES","3,098.13","","-","","","","-"
"506061106008","Current Account","FIRST WORLD HOTELS &RESORTS SDN BHD","MYR","2020-08-01 MY (UTC+08:00)","2020-08-31 MY (UTC+08:00)","49","100","1,000.00","1,000.00","-","-","24/Aug/2020 MY (UTC+08:00)","16:36 MY (UTC+08:00)","0","0","-","7,278.28","011 - System","CBSX8211","2802","8100 - CLEARING CHQ DEP","10,376.41","","-","","","","-"
"506061106008","Current Account","FIRST WORLD HOTELS &RESORTS SDN BHD","MYR","2020-08-01 MY (UTC+08:00)","2020-08-31 MY (UTC+08:00)","49","100","1,000.00","1,000.00","-","-","24/Aug/2020 MY (UTC+08:00)","16:36 MY (UTC+08:00)","0","0","-","9,544.50","011 - System","CBSX8211","2802","8100 - CLEARING CHQ DEP","19,920.91","","-","","","","-"
"506061106008","Current Account","FIRST WORLD HOTELS &RESORTS SDN BHD","MYR","2020-08-01 MY (UTC+08:00)","2020-08-31 MY (UTC+08:00)","49","100","1,000.00","1,000.00","-","-","24/Aug/2020 MY (UTC+08:00)","01:28 MY (UTC+08:00)","XFR DEBIT SVC CHARGE","","2.00","-","011 - System","BTCH6587","0606","XFRDRSVC - SERVICE CHARGE","19,918.91","","-","","","","-"
"506061106008","Current Account","FIRST WORLD HOTELS &RESORTS SDN BHD","MYR","2020-08-01 MY (UTC+08:00)","2020-08-31 MY (UTC+08:00)","49","100","1,000.00","1,000.00","-","-","24/Aug/2020 MY (UTC+08:00)","01:28 MY (UTC+08:00)","GENTING MALAYSIA BERHAD","514011468149","2,341.02","-","011 - System","BTCH6587","0606","XFRDR - FUND TRANSFER DEBIT","17,577.89","","-","","","","-"
"506061106008","Current Account","FIRST WORLD HOTELS &RESORTS SDN BHD","MYR","2020-08-01 MY (UTC+08:00)","2020-08-31 MY (UTC+08:00)","49","100","1,000.00","1,000.00","-","-","24/Aug/2020 MY (UTC+08:00)","05:16 MY (UTC+08:00)","9201752011 CR/CARD SALES  DATED 24082020","20112408","-","78.68","011 - System","CBSX4498","3104","2210 - CARDS CREDIT","17,656.57","","-","","","","-"
"506061106008","Current Account","FIRST WORLD HOTELS &RESORTS SDN BHD","MYR","2020-08-01 MY (UTC+08:00)","2020-08-31 MY (UTC+08:00)","49","100","1,000.00","1,000.00","-","-","24/Aug/2020 MY (UTC+08:00)","05:16 MY (UTC+08:00)","9870277878 CR/CARD SALES  DATED 24082020","78782408","-","166.21","011 - System","CBSX4498","3104","2210 - CARDS CREDIT","17,822.78","","-","","","","-"
"506061106008","Current Account","FIRST WORLD HOTELS &RESORTS SDN BHD","MYR","2020-08-01 MY (UTC+08:00)","2020-08-31 MY (UTC+08:00)","49","100","1,000.00","1,000.00","-","-","25/Aug/2020 MY (UTC+08:00)","08:31 MY (UTC+08:00)","CR/CARD SALES M/N 1183957 DATED 24082020","39572408","-","271.83","011 - System","CBSX4498","2719","2981 - MERCHANT CREDIT CARD SALES","18,094.61","","-","","","","-"
"506061106008","Current Account","FIRST WORLD HOTELS &RESORTS SDN BHD","MYR","2020-08-01 MY (UTC+08:00)","2020-08-31 MY (UTC+08:00)","49","100","1,000.00","1,000.00","-","-","25/Aug/2020 MY (UTC+08:00)","08:31 MY (UTC+08:00)","CR/CARD SALES M/N 4225090 DATED 24082020","50902408","-","59.46","011 - System","CBSX4498","2719","2981 - MERCHANT CREDIT CARD SALES","18,154.07","","-","","","","-"
"506061106008","Current Account","FIRST WORLD HOTELS &RESORTS SDN BHD","MYR","2020-08-01 MY (UTC+08:00)","2020-08-31 MY (UTC+08:00)","49","100","1,000.00","1,000.00","-","-","25/Aug/2020 MY (UTC+08:00)","01:34 MY (UTC+08:00)","XFR DEBIT SVC CHARGE","","2.00","-","011 - System","BTCH6587","0606","XFRDRSVC - SERVICE CHARGE","18,152.07","","-","","","","-"
"506061106008","Current Account","FIRST WORLD HOTELS &RESORTS SDN BHD","MYR","2020-08-01 MY (UTC+08:00)","2020-08-31 MY (UTC+08:00)","49","100","1,000.00","1,000.00","-","-","25/Aug/2020 MY (UTC+08:00)","01:34 MY (UTC+08:00)","GENTING MALAYSIA BERHAD","514011468149","19,084.53","-","011 - System","BTCH6587","0606","XFRDR - FUND TRANSFER DEBIT","-932.46","","-","","","","-"
"506061106008","Current Account","FIRST WORLD HOTELS &RESORTS SDN BHD","MYR","2020-08-01 MY (UTC+08:00)","2020-08-31 MY (UTC+08:00)","49","100","1,000.00","1,000.00","-","-","25/Aug/2020 MY (UTC+08:00)","05:33 MY (UTC+08:00)","9201752011 CR/CARD SALES  DATED 25082020","20112508","-","24.59","011 - System","CBSX4498","3104","2210 - CARDS CREDIT","-907.87","","-","","","","-"
"506061106008","Current Account","FIRST WORLD HOTELS &RESORTS SDN BHD","MYR","2020-08-01 MY (UTC+08:00)","2020-08-31 MY (UTC+08:00)","49","100","1,000.00","1,000.00","-","-","25/Aug/2020 MY (UTC+08:00)","05:33 MY (UTC+08:00)","9870277878 CR/CARD SALES  DATED 25082020","78782508","-","1,789.97","011 - System","CBSX4498","3104","2210 - CARDS CREDIT","882.10","","-","","","","-"
"506061106008","Current Account","FIRST WORLD HOTELS &RESORTS SDN BHD","MYR","2020-08-01 MY (UTC+08:00)","2020-08-31 MY (UTC+08:00)","49","100","1,000.00","1,000.00","-","-","25/Aug/2020 MY (UTC+08:00)","05:33 MY (UTC+08:00)","9204418149 CR/CARD SALES  DATED 25082020","81492508","-","117.90","011 - System","CBSX4498","3104","2210 - CARDS CREDIT","1,000.00","","-","","","","-"
"506061106008","Current Account","FIRST WORLD HOTELS &RESORTS SDN BHD","MYR","2020-08-01 MY (UTC+08:00)","2020-08-31 MY (UTC+08:00)","49","100","1,000.00","1,000.00","-","-","26/Aug/2020 MY (UTC+08:00)","08:31 MY (UTC+08:00)","CR/CARD SALES M/N 1183957 DATED 25082020","39572508","-","1,821.63","011 - System","CBSX4498","2719","2981 - MERCHANT CREDIT CARD SALES","2,821.63","","-","","","","-"
"506061106008","Current Account","FIRST WORLD HOTELS &RESORTS SDN BHD","MYR","2020-08-01 MY (UTC+08:00)","2020-08-31 MY (UTC+08:00)","49","100","1,000.00","1,000.00","-","-","26/Aug/2020 MY (UTC+08:00)","08:31 MY (UTC+08:00)","CR/CARD SALES M/N 4225090 DATED 25082020","50902508","-","198.08","011 - System","CBSX4498","2719","2981 - MERCHANT CREDIT CARD SALES","3,019.71","","-","","","","-"
"506061106008","Current Account","FIRST WORLD HOTELS &RESORTS SDN BHD","MYR","2020-08-01 MY (UTC+08:00)","2020-08-31 MY (UTC+08:00)","49","100","1,000.00","1,000.00","-","-","26/Aug/2020 MY (UTC+08:00)","01:35 MY (UTC+08:00)","XFR DEBIT SVC CHARGE","","2.00","-","011 - System","BTCH6587","0606","XFRDRSVC - SERVICE CHARGE","3,017.71","","-","","","","-"
"506061106008","Current Account","FIRST WORLD HOTELS &RESORTS SDN BHD","MYR","2020-08-01 MY (UTC+08:00)","2020-08-31 MY (UTC+08:00)","49","100","1,000.00","1,000.00","-","-","26/Aug/2020 MY (UTC+08:00)","01:35 MY (UTC+08:00)","GENTING MALAYSIA BERHAD","514011468149","2,017.71","-","011 - System","BTCH6587","0606","XFRDR - FUND TRANSFER DEBIT","1,000.00","","-","","","","-"
"506061106008","Current Account","FIRST WORLD HOTELS &RESORTS SDN BHD","MYR","2020-08-01 MY (UTC+08:00)","2020-08-31 MY (UTC+08:00)","49","100","1,000.00","1,000.00","-","-","27/Aug/2020 MY (UTC+08:00)","08:31 MY (UTC+08:00)","CR/CARD SALES M/N 1183957 DATED 26082020","39572608","-","1,174.26","011 - System","CBSX4498","2719","2981 - MERCHANT CREDIT CARD SALES","2,174.26","","-","","","","-"
"506061106008","Current Account","FIRST WORLD HOTELS &RESORTS SDN BHD","MYR","2020-08-01 MY (UTC+08:00)","2020-08-31 MY (UTC+08:00)","49","100","1,000.00","1,000.00","-","-","27/Aug/2020 MY (UTC+08:00)","08:31 MY (UTC+08:00)","CR/CARD SALES M/N 4225090 DATED 26082020","50902608","-","69.82","011 - System","CBSX4498","2719","2981 - MERCHANT CREDIT CARD SALES","2,244.08","","-","","","","-"
"506061106008","Current Account","FIRST WORLD HOTELS &RESORTS SDN BHD","MYR","2020-08-01 MY (UTC+08:00)","2020-08-31 MY (UTC+08:00)","49","100","1,000.00","1,000.00","-","-","27/Aug/2020 MY (UTC+08:00)","01:31 MY (UTC+08:00)","XFR DEBIT SVC CHARGE","","2.00","-","011 - System","BTCH6587","0606","XFRDRSVC - SERVICE CHARGE","2,242.08","","-","","","","-"
"506061106008","Current Account","FIRST WORLD HOTELS &RESORTS SDN BHD","MYR","2020-08-01 MY (UTC+08:00)","2020-08-31 MY (UTC+08:00)","49","100","1,000.00","1,000.00","-","-","27/Aug/2020 MY (UTC+08:00)","01:31 MY (UTC+08:00)","GENTING MALAYSIA BERHAD","514011468149","1,512.60","-","011 - System","BTCH6587","0606","XFRDR - FUND TRANSFER DEBIT","729.48","","-","","","","-"
"506061106008","Current Account","FIRST WORLD HOTELS &RESORTS SDN BHD","MYR","2020-08-01 MY (UTC+08:00)","2020-08-31 MY (UTC+08:00)","49","100","1,000.00","1,000.00","-","-","27/Aug/2020 MY (UTC+08:00)","02:27 MY (UTC+08:00)","DR/CARD SALES M/N 1183957 DATED 26082020","","-","5.00","006 - Pos","CBSX408R","3121","8300 - CREDIT ACCOUNT","734.48","","-","","","","-"
"506061106008","Current Account","FIRST WORLD HOTELS &RESORTS SDN BHD","MYR","2020-08-01 MY (UTC+08:00)","2020-08-31 MY (UTC+08:00)","49","100","1,000.00","1,000.00","-","-","27/Aug/2020 MY (UTC+08:00)","02:28 MY (UTC+08:00)","DR/CARD SALES M/N 1183957 DATED 26082020","","0.01","-","011 - System","CBSX408R","2981","BCHARGE - ELECTRONIC TRANSACTION CHARGES","734.47","","-","","","","-"
"506061106008","Current Account","FIRST WORLD HOTELS &RESORTS SDN BHD","MYR","2020-08-01 MY (UTC+08:00)","2020-08-31 MY (UTC+08:00)","49","100","1,000.00","1,000.00","-","-","27/Aug/2020 MY (UTC+08:00)","05:33 MY (UTC+08:00)","9201752011 CR/CARD SALES  DATED 27082020","20112708","-","108.17","011 - System","CBSX4498","3104","2210 - CARDS CREDIT","842.64","","-","","","","-"
"506061106008","Current Account","FIRST WORLD HOTELS &RESORTS SDN BHD","MYR","2020-08-01 MY (UTC+08:00)","2020-08-31 MY (UTC+08:00)","49","100","1,000.00","1,000.00","-","-","27/Aug/2020 MY (UTC+08:00)","05:33 MY (UTC+08:00)","9870277878 CR/CARD SALES  DATED 27082020","78782708","-","157.36","011 - System","CBSX4498","3104","2210 - CARDS CREDIT","1,000.00","","-","","","","-"
"506061106008","Current Account","FIRST WORLD HOTELS &RESORTS SDN BHD","MYR","2020-08-01 MY (UTC+08:00)","2020-08-31 MY (UTC+08:00)","49","100","1,000.00","1,000.00","-","-","28/Aug/2020 MY (UTC+08:00)","08:31 MY (UTC+08:00)","CR/CARD SALES M/N 1183957 DATED 27082020","39572708","-","550.83","011 - System","CBSX4498","2719","2981 - MERCHANT CREDIT CARD SALES","1,550.83","","-","","","","-"
"506061106008","Current Account","FIRST WORLD HOTELS &RESORTS SDN BHD","MYR","2020-08-01 MY (UTC+08:00)","2020-08-31 MY (UTC+08:00)","49","100","1,000.00","1,000.00","-","-","28/Aug/2020 MY (UTC+08:00)","08:31 MY (UTC+08:00)","CR/CARD SALES M/N 4225090 DATED 27082020","50902708","-","124.86","011 - System","CBSX4498","2719","2981 - MERCHANT CREDIT CARD SALES","1,675.69","","-","","","","-"
"506061106008","Current Account","FIRST WORLD HOTELS &RESORTS SDN BHD","MYR","2020-08-01 MY (UTC+08:00)","2020-08-31 MY (UTC+08:00)","49","100","1,000.00","1,000.00","-","-","28/Aug/2020 MY (UTC+08:00)","18:44 MY (UTC+08:00)","2000042377MY8520","2000042377MY8520","-","640.50","011 - System","CBSX406C","2601","7991 - INTER-BANK PAYMENT INTO A/C","2,316.19","","-","THE FAMOUS AMOS CHO","INTER-BANK PAYMENT INTO A/C","","-"
"506061106008","Current Account","FIRST WORLD HOTELS &RESORTS SDN BHD","MYR","2020-08-01 MY (UTC+08:00)","2020-08-31 MY (UTC+08:00)","49","100","1,000.00","1,000.00","-","-","28/Aug/2020 MY (UTC+08:00)","01:37 MY (UTC+08:00)","XFR DEBIT SVC CHARGE","","2.00","-","011 - System","BTCH6587","0606","XFRDRSVC - SERVICE CHARGE","2,314.19","","-","","","","-"
"506061106008","Current Account","FIRST WORLD HOTELS &RESORTS SDN BHD","MYR","2020-08-01 MY (UTC+08:00)","2020-08-31 MY (UTC+08:00)","49","100","1,000.00","1,000.00","-","-","28/Aug/2020 MY (UTC+08:00)","01:37 MY (UTC+08:00)","GENTING MALAYSIA BERHAD","514011468149","1,599.40","-","011 - System","BTCH6587","0606","XFRDR - FUND TRANSFER DEBIT","714.79","","-","","","","-"
"506061106008","Current Account","FIRST WORLD HOTELS &RESORTS SDN BHD","MYR","2020-08-01 MY (UTC+08:00)","2020-08-31 MY (UTC+08:00)","49","100","1,000.00","1,000.00","-","-","28/Aug/2020 MY (UTC+08:00)","05:34 MY (UTC+08:00)","9870277878 CR/CARD SALES  DATED 28082020","78782808","-","285.21","011 - System","CBSX4498","3104","2210 - CARDS CREDIT","1,000.00","","-","","","","-"
"506061106008","Current Account","FIRST WORLD HOTELS &RESORTS SDN BHD","MYR","2020-08-01 MY (UTC+08:00)","2020-08-31 MY (UTC+08:00)","49","100","1,000.00","1,000.00","-","-","29/Aug/2020 MY (UTC+08:00)","23:43 MY (UTC+08:00)","","genting","-","100.00","003 - ATM","934PHONE","2988","7610 - TRANSFER TO A/C","1,100.00","","-","SUBARAMANAIM A/L MU*","TRANSFER TO A/C","","-"
"506061106008","Current Account","FIRST WORLD HOTELS &RESORTS SDN BHD","MYR","2020-08-01 MY (UTC+08:00)","2020-08-31 MY (UTC+08:00)","49","100","1,000.00","1,000.00","-","-","29/Aug/2020 MY (UTC+08:00)","00:45 MY (UTC+08:00)","QRCASA SALES M/N 0124567 DATED 29082020","","-","20.00","011 - System","CBSX425P","2988","8301 - BILLS PAYMENT CREDIT","1,120.00","","-","","","","-"
"506061106008","Current Account","FIRST WORLD HOTELS &RESORTS SDN BHD","MYR","2020-08-01 MY (UTC+08:00)","2020-08-31 MY (UTC+08:00)","49","100","1,000.00","1,000.00","-","-","29/Aug/2020 MY (UTC+08:00)","00:45 MY (UTC+08:00)","S/C TRANS VIA QRPAY 000027060124567","","0.05","-","011 - System","CBSX4237","2996","PCSCDR - PAYEE CORP SERVICE CHARGE DEBIT","1,119.95","","-","","","","-"
"506061106008","Current Account","FIRST WORLD HOTELS &RESORTS SDN BHD","MYR","2020-08-01 MY (UTC+08:00)","2020-08-31 MY (UTC+08:00)","49","100","1,000.00","1,000.00","-","-","29/Aug/2020 MY (UTC+08:00)","01:30 MY (UTC+08:00)","GENTING MALAYSIA BERHAD","514011468149","117.95","-","011 - System","BTCH6587","0606","XFRDR - FUND TRANSFER DEBIT","1,002.00","","-","","","","-"
"506061106008","Current Account","FIRST WORLD HOTELS &RESORTS SDN BHD","MYR","2020-08-01 MY (UTC+08:00)","2020-08-31 MY (UTC+08:00)","49","100","1,000.00","1,000.00","-","-","29/Aug/2020 MY (UTC+08:00)","01:30 MY (UTC+08:00)","XFR DEBIT SVC CHARGE","","2.00","-","011 - System","BTCH6587","0606","XFRDRSVC - SERVICE CHARGE","1,000.00","","-","","","","-"
"506061106008","Current Account","FIRST WORLD HOTELS &RESORTS SDN BHD","MYR","2020-08-01 MY (UTC+08:00)","2020-08-31 MY (UTC+08:00)","49","100","1,000.00","1,000.00","-","-","31/Aug/2020 MY (UTC+08:00)","00:45 MY (UTC+08:00)","QRCASA SALES M/N 0124567 DATED 31082020","","-","15.00","011 - System","CBSX425P","2988","8301 - BILLS PAYMENT CREDIT","1,015.00","","-","","","","-"
"506061106008","Current Account","FIRST WORLD HOTELS &RESORTS SDN BHD","MYR","2020-08-01 MY (UTC+08:00)","2020-08-31 MY (UTC+08:00)","49","100","1,000.00","1,000.00","-","-","31/Aug/2020 MY (UTC+08:00)","00:46 MY (UTC+08:00)","S/C TRANS VIA QRPAY 000027060124567","","0.03","-","011 - System","CBSX4237","2996","PCSCDR - PAYEE CORP SERVICE CHARGE DEBIT","1,014.97","","-","","","","-"
"506061106008","Current Account","FIRST WORLD HOTELS &RESORTS SDN BHD","MYR","2020-08-01 MY (UTC+08:00)","2020-08-31 MY (UTC+08:00)","49","100","1,000.00","1,000.00","-","-","31/Aug/2020 MY (UTC+08:00)","01:24 MY (UTC+08:00)","XFR DEBIT SVC CHARGE","","2.00","-","011 - System","BTCH6587","0606","XFRDRSVC - SERVICE CHARGE","1,012.97","","-","","","","-"
"506061106008","Current Account","FIRST WORLD HOTELS &RESORTS SDN BHD","MYR","2020-08-01 MY (UTC+08:00)","2020-08-31 MY (UTC+08:00)","49","100","1,000.00","1,000.00","-","-","31/Aug/2020 MY (UTC+08:00)","01:24 MY (UTC+08:00)","GENTING MALAYSIA BERHAD","514011468149","135.86","-","011 - System","BTCH6587","0606","XFRDR - FUND TRANSFER DEBIT","877.11","","-","","","","-"
"506061106008","Current Account","FIRST WORLD HOTELS &RESORTS SDN BHD","MYR","2020-08-01 MY (UTC+08:00)","2020-08-31 MY (UTC+08:00)","49","100","1,000.00","1,000.00","-","-","31/Aug/2020 MY (UTC+08:00)","05:46 MY (UTC+08:00)","9870277878 CR/CARD SALES  DATED 31082020","78783108","-","78.68","011 - System","CBSX4498","3104","2210 - CARDS CREDIT","955.79","","-","","","","-"
"506061106008","Current Account","FIRST WORLD HOTELS &RESORTS SDN BHD","MYR","2020-08-01 MY (UTC+08:00)","2020-08-31 MY (UTC+08:00)","49","100","1,000.00","1,000.00","-","-","31/Aug/2020 MY (UTC+08:00)","05:46 MY (UTC+08:00)","9204418149 CR/CARD SALES  DATED 31082020","81493108","-","44.21","011 - System","CBSX4498","3104","2210 - CARDS CREDIT","1,000.00","","-","","","","-"
