﻿Account Number,Account Type,Account Name,Account Currency,Date From,Date To,Total Debit,Total Credit,Begin Balance,End Balance,Transaction Date,Transaction Time,Posting Date,Processing Time,Transaction Description,Transaction Ref,Debit,Credit,Source Code,Teller ID,Branch/Channel,Transaction Code,End Balance,Filler,Virtual Account,Transaction Description 2,Transaction Description 3,Transaction Description 4,Expiry Date
"506061304070","Current Account","GENTING MALAYSIA BERHAD","MYR","2020-09-02 MY (UTC+08:00)","2020-09-02 MY (UTC+08:00)","11","199","1,000.00","1,000.00","-","-","02/Sep/2020 MY (UTC+08:00)","06:24 MY (UTC+08:00)","2009020623080368","T025824525020","-","70.00","025 - Office","FC8A","2502","2860 - ","1,070.00","","-","SUNTARI A/P SUPRAMAN","RCMS - CR FPX","","-"
"506061304070","Current Account","GENTING MALAYSIA BERHAD","MYR","2020-09-02 MY (UTC+08:00)","2020-09-02 MY (UTC+08:00)","11","199","1,000.00","1,000.00","-","-","02/Sep/2020 MY (UTC+08:00)","06:35 MY (UTC+08:00)","2009020618260990","T025824426020","-","160.00","025 - Office","FC8A","2502","2860 - ","1,230.00","","-","LOH CHOY TING","RCMS - CR FPX","","-"
"506061304070","Current Account","GENTING MALAYSIA BERHAD","MYR","2020-09-02 MY (UTC+08:00)","2020-09-02 MY (UTC+08:00)","11","199","1,000.00","1,000.00","-","-","02/Sep/2020 MY (UTC+08:00)","06:36 MY (UTC+08:00)","GA302024533324","GA302024533324","-","4,400.00","025 - Office","CBSX4618","2502","CCRBEN1 - CMS - CR PYMT MARS","5,630.00","","-","TRANGLO SDN BHD","CMS - CR PYMT MARS","","-"
"506061304070","Current Account","GENTING MALAYSIA BERHAD","MYR","2020-09-02 MY (UTC+08:00)","2020-09-02 MY (UTC+08:00)","11","199","1,000.00","1,000.00","-","-","02/Sep/2020 MY (UTC+08:00)","07:21 MY (UTC+08:00)","2009020720290192","T025827011420","-","180.00","025 - Office","FC8A","2502","2860 - ","5,810.00","","-","NURANI BINTI MOHAMED","RCMS - CR FPX","","-"
"506061304070","Current Account","GENTING MALAYSIA BERHAD","MYR","2020-09-02 MY (UTC+08:00)","2020-09-02 MY (UTC+08:00)","11","199","1,000.00","1,000.00","-","-","02/Sep/2020 MY (UTC+08:00)","07:26 MY (UTC+08:00)","2009020725180769","T025827337520","-","260.00","025 - Office","FC8A","2502","2860 - ","6,070.00","","-","NURANI BINTI MOHAMED","RCMS - CR FPX","","-"
"506061304070","Current Account","GENTING MALAYSIA BERHAD","MYR","2020-09-02 MY (UTC+08:00)","2020-09-02 MY (UTC+08:00)","11","199","1,000.00","1,000.00","-","-","02/Sep/2020 MY (UTC+08:00)","08:16 MY (UTC+08:00)","2009020814310052","T025831725020","-","220.00","025 - Office","FC8B","2502","2860 - ","6,290.00","","-","TANG SIOW CHIN","RCMS - CR FPX","","-"
"506061304070","Current Account","GENTING MALAYSIA BERHAD","MYR","2020-09-02 MY (UTC+08:00)","2020-09-02 MY (UTC+08:00)","11","199","1,000.00","1,000.00","-","-","02/Sep/2020 MY (UTC+08:00)","08:31 MY (UTC+08:00)","CR/CARD SALES M/N 4000006 DATED 01092020","00060109","-","1,556.70","011 - System","CBSX4498","2719","2981 - MERCHANT CREDIT CARD SALES","7,846.70","","-","","","","-"
"506061304070","Current Account","GENTING MALAYSIA BERHAD","MYR","2020-09-02 MY (UTC+08:00)","2020-09-02 MY (UTC+08:00)","11","199","1,000.00","1,000.00","-","-","02/Sep/2020 MY (UTC+08:00)","08:31 MY (UTC+08:00)","CR/CARD SALES M/N 4221339 DATED 01092020","13390109","-","15,872.74","011 - System","CBSX4498","2719","2981 - MERCHANT CREDIT CARD SALES","23,719.44","","-","","","","-"
"506061304070","Current Account","GENTING MALAYSIA BERHAD","MYR","2020-09-02 MY (UTC+08:00)","2020-09-02 MY (UTC+08:00)","11","199","1,000.00","1,000.00","-","-","02/Sep/2020 MY (UTC+08:00)","08:31 MY (UTC+08:00)","CR/CARD SALES M/N 4221552 DATED 01092020","15520109","-","6,447.59","011 - System","CBSX4498","2719","2981 - MERCHANT CREDIT CARD SALES","30,167.03","","-","","","","-"
"506061304070","Current Account","GENTING MALAYSIA BERHAD","MYR","2020-09-02 MY (UTC+08:00)","2020-09-02 MY (UTC+08:00)","11","199","1,000.00","1,000.00","-","-","02/Sep/2020 MY (UTC+08:00)","08:31 MY (UTC+08:00)","CR/CARD SALES M/N 1813880 DATED 01092020","38800109","-","6,909.73","011 - System","CBSX4498","2719","2981 - MERCHANT CREDIT CARD SALES","37,076.76","","-","","","","-"
"506061304070","Current Account","GENTING MALAYSIA BERHAD","MYR","2020-09-02 MY (UTC+08:00)","2020-09-02 MY (UTC+08:00)","11","199","1,000.00","1,000.00","-","-","02/Sep/2020 MY (UTC+08:00)","08:31 MY (UTC+08:00)","CR/CARD SALES M/N 4185062 DATED 01092020","50620109","-","45,767.52","011 - System","CBSX4498","2719","2981 - MERCHANT CREDIT CARD SALES","82,844.28","","-","","","","-"
"506061304070","Current Account","GENTING MALAYSIA BERHAD","MYR","2020-09-02 MY (UTC+08:00)","2020-09-02 MY (UTC+08:00)","11","199","1,000.00","1,000.00","-","-","02/Sep/2020 MY (UTC+08:00)","08:31 MY (UTC+08:00)","CR/CARD SALES M/N 4225124 DATED 01092020","51240109","-","83.25","011 - System","CBSX4498","2719","2981 - MERCHANT CREDIT CARD SALES","82,927.53","","-","","","","-"
"506061304070","Current Account","GENTING MALAYSIA BERHAD","MYR","2020-09-02 MY (UTC+08:00)","2020-09-02 MY (UTC+08:00)","11","199","1,000.00","1,000.00","-","-","02/Sep/2020 MY (UTC+08:00)","08:31 MY (UTC+08:00)","CR/CARD SALES M/N 4225140 DATED 01092020","51400109","-","1,716.78","011 - System","CBSX4498","2719","2981 - MERCHANT CREDIT CARD SALES","84,644.31","","-","","","","-"
"506061304070","Current Account","GENTING MALAYSIA BERHAD","MYR","2020-09-02 MY (UTC+08:00)","2020-09-02 MY (UTC+08:00)","11","199","1,000.00","1,000.00","-","-","02/Sep/2020 MY (UTC+08:00)","08:31 MY (UTC+08:00)","CR/CARD SALES M/N 1055342 DATED 01092020","53420109","-","11,299.76","011 - System","CBSX4498","2719","2981 - MERCHANT CREDIT CARD SALES","95,944.07","","-","","","","-"
"506061304070","Current Account","GENTING MALAYSIA BERHAD","MYR","2020-09-02 MY (UTC+08:00)","2020-09-02 MY (UTC+08:00)","11","199","1,000.00","1,000.00","-","-","02/Sep/2020 MY (UTC+08:00)","08:31 MY (UTC+08:00)","CR/CARD SALES M/N 4025557 DATED 01092020","55570109","-","458.05","011 - System","CBSX4498","2719","2981 - MERCHANT CREDIT CARD SALES","96,402.12","","-","","","","-"
"506061304070","Current Account","GENTING MALAYSIA BERHAD","MYR","2020-09-02 MY (UTC+08:00)","2020-09-02 MY (UTC+08:00)","11","199","1,000.00","1,000.00","-","-","02/Sep/2020 MY (UTC+08:00)","08:31 MY (UTC+08:00)","CR/CARD SALES M/N 4145744 DATED 01092020","57440109","-","263.19","011 - System","CBSX4498","2719","2981 - MERCHANT CREDIT CARD SALES","96,665.31","","-","","","","-"
"506061304070","Current Account","GENTING MALAYSIA BERHAD","MYR","2020-09-02 MY (UTC+08:00)","2020-09-02 MY (UTC+08:00)","11","199","1,000.00","1,000.00","-","-","02/Sep/2020 MY (UTC+08:00)","08:31 MY (UTC+08:00)","CR/CARD SALES M/N 6037149 DATED 01092020","71490109","-","26.78","011 - System","CBSX4498","2719","2981 - MERCHANT CREDIT CARD SALES","96,692.09","","-","","","","-"
"506061304070","Current Account","GENTING MALAYSIA BERHAD","MYR","2020-09-02 MY (UTC+08:00)","2020-09-02 MY (UTC+08:00)","11","199","1,000.00","1,000.00","-","-","02/Sep/2020 MY (UTC+08:00)","08:31 MY (UTC+08:00)","CR/CARD SALES M/N 7008915 DATED 01092020","89150109","-","36,372.68","011 - System","CBSX4498","2719","2981 - MERCHANT CREDIT CARD SALES","133,064.77","","-","","","","-"
"506061304070","Current Account","GENTING MALAYSIA BERHAD","MYR","2020-09-02 MY (UTC+08:00)","2020-09-02 MY (UTC+08:00)","11","199","1,000.00","1,000.00","-","-","02/Sep/2020 MY (UTC+08:00)","08:31 MY (UTC+08:00)","CR/CARD SALES M/N 4179180 DATED 01092020","91800109","-","12,347.86","011 - System","CBSX4498","2719","2981 - MERCHANT CREDIT CARD SALES","145,412.63","","-","","","","-"
"506061304070","Current Account","GENTING MALAYSIA BERHAD","MYR","2020-09-02 MY (UTC+08:00)","2020-09-02 MY (UTC+08:00)","11","199","1,000.00","1,000.00","-","-","02/Sep/2020 MY (UTC+08:00)","08:31 MY (UTC+08:00)","CR/CARD SALES M/N 4179883 DATED 01092020","98830109","-","262.61","011 - System","CBSX4498","2719","2981 - MERCHANT CREDIT CARD SALES","145,675.24","","-","","","","-"
"506061304070","Current Account","GENTING MALAYSIA BERHAD","MYR","2020-09-02 MY (UTC+08:00)","2020-09-02 MY (UTC+08:00)","11","199","1,000.00","1,000.00","-","-","02/Sep/2020 MY (UTC+08:00)","08:31 MY (UTC+08:00)","CR/CARD SALES M/N 4239893 DATED 01092020","98930109","-","2,056.32","011 - System","CBSX4498","2719","2981 - MERCHANT CREDIT CARD SALES","147,731.56","","-","","","","-"
"506061304070","Current Account","GENTING MALAYSIA BERHAD","MYR","2020-09-02 MY (UTC+08:00)","2020-09-02 MY (UTC+08:00)","11","199","1,000.00","1,000.00","-","-","02/Sep/2020 MY (UTC+08:00)","08:33 MY (UTC+08:00)","2009020832500135","T025834009820","-","80.00","025 - Office","FC8C","2502","2860 - ","147,811.56","","-","LEE LIANG CHUN","RCMS - CR FPX","","-"
"506061304070","Current Account","GENTING MALAYSIA BERHAD","MYR","2020-09-02 MY (UTC+08:00)","2020-09-02 MY (UTC+08:00)","11","199","1,000.00","1,000.00","-","-","02/Sep/2020 MY (UTC+08:00)","08:36 MY (UTC+08:00)","2009020834460790","T025834214420","-","140.00","025 - Office","FC8B","2502","2860 - ","147,951.56","","-","CHEONG SU SHENG","RCMS - CR FPX","","-"
"506061304070","Current Account","GENTING MALAYSIA BERHAD","MYR","2020-09-02 MY (UTC+08:00)","2020-09-02 MY (UTC+08:00)","11","199","1,000.00","1,000.00","-","-","02/Sep/2020 MY (UTC+08:00)","08:43 MY (UTC+08:00)","2009020842460230","T025835328920","-","180.00","025 - Office","FC8A","2502","2860 - ","148,131.56","","-","KOH KIN SENG","RCMS - CR FPX","","-"
"506061304070","Current Account","GENTING MALAYSIA BERHAD","MYR","2020-09-02 MY (UTC+08:00)","2020-09-02 MY (UTC+08:00)","11","199","1,000.00","1,000.00","-","-","02/Sep/2020 MY (UTC+08:00)","08:46 MY (UTC+08:00)","2009020845170196","T025835682020","-","100.00","025 - Office","FC8A","2502","2860 - ","148,231.56","","-","WOON CHEE SENG","RCMS - CR FPX","","-"
"506061304070","Current Account","GENTING MALAYSIA BERHAD","MYR","2020-09-02 MY (UTC+08:00)","2020-09-02 MY (UTC+08:00)","11","199","1,000.00","1,000.00","-","-","02/Sep/2020 MY (UTC+08:00)","09:03 MY (UTC+08:00)","2009020902580550","T025838239520","-","80.00","025 - Office","FC8A","2502","2860 - ","148,311.56","","-","LEE CHEE WAH","RCMS - CR FPX","","-"
"506061304070","Current Account","GENTING MALAYSIA BERHAD","MYR","2020-09-02 MY (UTC+08:00)","2020-09-02 MY (UTC+08:00)","11","199","1,000.00","1,000.00","-","-","02/Sep/2020 MY (UTC+08:00)","09:14 MY (UTC+08:00)","2009020914010988","T025839936620","-","80.00","025 - Office","FC8A","2502","2860 - ","148,391.56","","-","LEE LIANG CHUN","RCMS - CR FPX","","-"
"506061304070","Current Account","GENTING MALAYSIA BERHAD","MYR","2020-09-02 MY (UTC+08:00)","2020-09-02 MY (UTC+08:00)","11","199","1,000.00","1,000.00","-","-","02/Sep/2020 MY (UTC+08:00)","09:30 MY (UTC+08:00)","BEBK090170727489","Travelog Payout 0901","-","1,400.00","011 - System","CBSX406C","2601","7991 - INTER-BANK PAYMENT INTO A/C","149,791.56","","-","TRAVELOG MALAYSIA S","INTER-BANK PAYMENT INTO A/C","","-"
"506061304070","Current Account","GENTING MALAYSIA BERHAD","MYR","2020-09-02 MY (UTC+08:00)","2020-09-02 MY (UTC+08:00)","11","199","1,000.00","1,000.00","-","-","02/Sep/2020 MY (UTC+08:00)","09:57 MY (UTC+08:00)","2009020956400990","T025845969620","-","140.00","025 - Office","FC8C","2502","2860 - ","149,931.56","","-","ANIS ANIZA BINTI AWI","RCMS - CR FPX","","-"
"506061304070","Current Account","GENTING MALAYSIA BERHAD","MYR","2020-09-02 MY (UTC+08:00)","2020-09-02 MY (UTC+08:00)","11","199","1,000.00","1,000.00","-","-","02/Sep/2020 MY (UTC+08:00)","10:08 MY (UTC+08:00)","2009021007450292","T025847624420","-","80.00","025 - Office","FC8A","2502","2860 - ","150,011.56","","-","SIOW YOUN KEONG","RCMS - CR FPX","","-"
"506061304070","Current Account","GENTING MALAYSIA BERHAD","MYR","2020-09-02 MY (UTC+08:00)","2020-09-02 MY (UTC+08:00)","11","199","1,000.00","1,000.00","-","-","02/Sep/2020 MY (UTC+08:00)","10:16 MY (UTC+08:00)","2009021014430660","T025848648620","-","280.00","025 - Office","FC8A","2502","2860 - ","150,291.56","","-","YEW CHIN HUAN","RCMS - CR FPX","","-"
"506061304070","Current Account","GENTING MALAYSIA BERHAD","MYR","2020-09-02 MY (UTC+08:00)","2020-09-02 MY (UTC+08:00)","11","199","1,000.00","1,000.00","-","-","02/Sep/2020 MY (UTC+08:00)","10:29 MY (UTC+08:00)","2009021028330529","T025850820020","-","548.00","025 - Office","FC8C","2502","2860 - ","150,839.56","","-","NADWAH BINTI NOR AKM","RCMS - CR FPX","","-"
"506061304070","Current Account","GENTING MALAYSIA BERHAD","MYR","2020-09-02 MY (UTC+08:00)","2020-09-02 MY (UTC+08:00)","11","199","1,000.00","1,000.00","-","-","02/Sep/2020 MY (UTC+08:00)","10:35 MY (UTC+08:00)","2009021033530934","T025851703220","-","80.00","025 - Office","FC8A","2502","2860 - ","150,919.56","","-","LONG MEI FUANG","RCMS - CR FPX","","-"
"506061304070","Current Account","GENTING MALAYSIA BERHAD","MYR","2020-09-02 MY (UTC+08:00)","2020-09-02 MY (UTC+08:00)","11","199","1,000.00","1,000.00","-","-","02/Sep/2020 MY (UTC+08:00)","10:48 MY (UTC+08:00)","2009021047230509","T025853956820","-","180.00","025 - Office","FC8D","2502","2860 - ","151,099.56","","-","SOON BEE TEE","RCMS - CR FPX","","-"
"506061304070","Current Account","GENTING MALAYSIA BERHAD","MYR","2020-09-02 MY (UTC+08:00)","2020-09-02 MY (UTC+08:00)","11","199","1,000.00","1,000.00","-","-","02/Sep/2020 MY (UTC+08:00)","10:54 MY (UTC+08:00)","2009021053000528","T025854823520","-","70.00","025 - Office","FC8A","2502","2860 - ","151,169.56","","-","YONG WANG LONG","RCMS - CR FPX","","-"
"506061304070","Current Account","GENTING MALAYSIA BERHAD","MYR","2020-09-02 MY (UTC+08:00)","2020-09-02 MY (UTC+08:00)","11","199","1,000.00","1,000.00","-","-","02/Sep/2020 MY (UTC+08:00)","10:57 MY (UTC+08:00)","2009021056160472","T025855417820","-","80.00","025 - Office","FC8A","2502","2860 - ","151,249.56","","-","LEE SHIRE LI","RCMS - CR FPX","","-"
"506061304070","Current Account","GENTING MALAYSIA BERHAD","MYR","2020-09-02 MY (UTC+08:00)","2020-09-02 MY (UTC+08:00)","11","199","1,000.00","1,000.00","-","-","02/Sep/2020 MY (UTC+08:00)","11:00 MY (UTC+08:00)","2009021059200924","T025855890320","-","110.00","025 - Office","FC8D","2502","2860 - ","151,359.56","","-","LEE SHIRE LI","RCMS - CR FPX","","-"
"506061304070","Current Account","GENTING MALAYSIA BERHAD","MYR","2020-09-02 MY (UTC+08:00)","2020-09-02 MY (UTC+08:00)","11","199","1,000.00","1,000.00","-","-","02/Sep/2020 MY (UTC+08:00)","11:00 MY (UTC+08:00)","2009021059210934","T025855888520","-","199.00","025 - Office","FC92","2502","2860 - ","151,558.56","","-","NIK AZRINA BINTI NIK","RCMS - CR FPX","","-"
"506061304070","Current Account","GENTING MALAYSIA BERHAD","MYR","2020-09-02 MY (UTC+08:00)","2020-09-02 MY (UTC+08:00)","11","199","1,000.00","1,000.00","-","-","02/Sep/2020 MY (UTC+08:00)","11:02 MY (UTC+08:00)","H78802","78802","-","27,675.00","018 - Teller","0000540A","0606","7100 - CASH DEPOSIT","179,233.56","","-","","","","-"
"506061304070","Current Account","GENTING MALAYSIA BERHAD","MYR","2020-09-02 MY (UTC+08:00)","2020-09-02 MY (UTC+08:00)","11","199","1,000.00","1,000.00","-","-","02/Sep/2020 MY (UTC+08:00)","11:03 MY (UTC+08:00)","H78801","78801","-","56,488.00","018 - Teller","0000540A","0606","7100 - CASH DEPOSIT","235,721.56","","-","","","","-"
"506061304070","Current Account","GENTING MALAYSIA BERHAD","MYR","2020-09-02 MY (UTC+08:00)","2020-09-02 MY (UTC+08:00)","11","199","1,000.00","1,000.00","-","-","02/Sep/2020 MY (UTC+08:00)","11:05 MY (UTC+08:00)","H78800","78800","-","600,223.00","018 - Teller","0000540A","0606","7100 - CASH DEPOSIT","835,944.56","","-","","","","-"
"506061304070","Current Account","GENTING MALAYSIA BERHAD","MYR","2020-09-02 MY (UTC+08:00)","2020-09-02 MY (UTC+08:00)","11","199","1,000.00","1,000.00","-","-","02/Sep/2020 MY (UTC+08:00)","11:05 MY (UTC+08:00)","H78803","78803","-","22.80","018 - Teller","0000540A","0606","7100 - CASH DEPOSIT","835,967.36","","-","","","","-"
"506061304070","Current Account","GENTING MALAYSIA BERHAD","MYR","2020-09-02 MY (UTC+08:00)","2020-09-02 MY (UTC+08:00)","11","199","1,000.00","1,000.00","-","-","02/Sep/2020 MY (UTC+08:00)","11:09 MY (UTC+08:00)","2009021108270101","T025857414320","-","110.00","025 - Office","FC8D","2502","2860 - ","836,077.36","","-","LIM WEI LI","RCMS - CR FPX","","-"
"506061304070","Current Account","GENTING MALAYSIA BERHAD","MYR","2020-09-02 MY (UTC+08:00)","2020-09-02 MY (UTC+08:00)","11","199","1,000.00","1,000.00","-","-","02/Sep/2020 MY (UTC+08:00)","11:12 MY (UTC+08:00)","2009021111540159","T025857974120","-","70.00","025 - Office","FC8A","2502","2860 - ","836,147.36","","-","NUR SHAZREENA AMIRA","RCMS - CR FPX","","-"
"506061304070","Current Account","GENTING MALAYSIA BERHAD","MYR","2020-09-02 MY (UTC+08:00)","2020-09-02 MY (UTC+08:00)","11","199","1,000.00","1,000.00","-","-","02/Sep/2020 MY (UTC+08:00)","11:20 MY (UTC+08:00)","2009021119020703","T025859102120","-","110.00","025 - Office","FC8D","2502","2860 - ","836,257.36","","-","NORFADILAH BINTI KHA","RCMS - CR FPX","","-"
"506061304070","Current Account","GENTING MALAYSIA BERHAD","MYR","2020-09-02 MY (UTC+08:00)","2020-09-02 MY (UTC+08:00)","11","199","1,000.00","1,000.00","-","-","02/Sep/2020 MY (UTC+08:00)","11:24 MY (UTC+08:00)","2009021124060441","T025859955020","-","70.00","025 - Office","FC8A","2502","2860 - ","836,327.36","","-","MOHD ISLAHUDDIN BIN","RCMS - CR FPX","","-"
"506061304070","Current Account","GENTING MALAYSIA BERHAD","MYR","2020-09-02 MY (UTC+08:00)","2020-09-02 MY (UTC+08:00)","11","199","1,000.00","1,000.00","-","-","02/Sep/2020 MY (UTC+08:00)","11:26 MY (UTC+08:00)","2009021125010128","T025860104120","-","80.00","025 - Office","FC8D","2502","2860 - ","836,407.36","","-","LEE KOK PENG","RCMS - CR FPX","","-"
"506061304070","Current Account","GENTING MALAYSIA BERHAD","MYR","2020-09-02 MY (UTC+08:00)","2020-09-02 MY (UTC+08:00)","11","199","1,000.00","1,000.00","-","-","02/Sep/2020 MY (UTC+08:00)","11:31 MY (UTC+08:00)","2009021125450503","T025860089420","-","80.00","025 - Office","FC8B","2502","2860 - ","836,487.36","","-","LIM SIEW YIN","RCMS - CR FPX","","-"
"506061304070","Current Account","GENTING MALAYSIA BERHAD","MYR","2020-09-02 MY (UTC+08:00)","2020-09-02 MY (UTC+08:00)","11","199","1,000.00","1,000.00","-","-","02/Sep/2020 MY (UTC+08:00)","11:51 MY (UTC+08:00)","2009021149560469","T025864062320","-","160.00","025 - Office","FC8B","2502","2860 - ","836,647.36","","-","MOK WAN FONG","RCMS - CR FPX","","-"
"506061304070","Current Account","GENTING MALAYSIA BERHAD","MYR","2020-09-02 MY (UTC+08:00)","2020-09-02 MY (UTC+08:00)","11","199","1,000.00","1,000.00","-","-","02/Sep/2020 MY (UTC+08:00)","12:03 MY (UTC+08:00)","2009021201400575","T025865884820","-","624.00","025 - Office","FC8F","2502","2860 - ","837,271.36","","-","CHIA SIA KOK","RCMS - CR FPX","","-"
"506061304070","Current Account","GENTING MALAYSIA BERHAD","MYR","2020-09-02 MY (UTC+08:00)","2020-09-02 MY (UTC+08:00)","11","199","1,000.00","1,000.00","-","-","02/Sep/2020 MY (UTC+08:00)","12:06 MY (UTC+08:00)","2009021205510882","T025866530420","-","70.00","025 - Office","FC8B","2502","2860 - ","837,341.36","","-","CHIN YOON ONN","RCMS - CR FPX","","-"
"506061304070","Current Account","GENTING MALAYSIA BERHAD","MYR","2020-09-02 MY (UTC+08:00)","2020-09-02 MY (UTC+08:00)","11","199","1,000.00","1,000.00","-","-","02/Sep/2020 MY (UTC+08:00)","12:18 MY (UTC+08:00)","PV20-09-010","1","-","18,000.00","003 - ATM","983PHONE","2988","7610 - TRANSFER TO A/C","855,341.36","","-","WONDERFLY HOLDINGS *","TRANSFER TO A/C","","-"
"506061304070","Current Account","GENTING MALAYSIA BERHAD","MYR","2020-09-02 MY (UTC+08:00)","2020-09-02 MY (UTC+08:00)","11","199","1,000.00","1,000.00","-","-","02/Sep/2020 MY (UTC+08:00)","12:29 MY (UTC+08:00)","2009021228490776","T025870345520","-","179.00","025 - Office","FC8A","2502","2860 - ","855,520.36","","-","EDMUND MOK TSUEY YUA","RCMS - CR FPX","","-"
"506061304070","Current Account","GENTING MALAYSIA BERHAD","MYR","2020-09-02 MY (UTC+08:00)","2020-09-02 MY (UTC+08:00)","11","199","1,000.00","1,000.00","-","-","02/Sep/2020 MY (UTC+08:00)","12:50 MY (UTC+08:00)","2009021249490181","T025873590620","-","450.00","025 - Office","FC8B","2502","2860 - ","855,970.36","","-","SUHANA BINTI MOHD RA","RCMS - CR FPX","","-"
"506061304070","Current Account","GENTING MALAYSIA BERHAD","MYR","2020-09-02 MY (UTC+08:00)","2020-09-02 MY (UTC+08:00)","11","199","1,000.00","1,000.00","-","-","02/Sep/2020 MY (UTC+08:00)","12:56 MY (UTC+08:00)","2009021255350292","T025874459720","-","160.00","025 - Office","FC8B","2502","2860 - ","856,130.36","","-","YVONNE CHING SZE YEU","RCMS - CR FPX","","-"
"506061304070","Current Account","GENTING MALAYSIA BERHAD","MYR","2020-09-02 MY (UTC+08:00)","2020-09-02 MY (UTC+08:00)","11","199","1,000.00","1,000.00","-","-","02/Sep/2020 MY (UTC+08:00)","12:59 MY (UTC+08:00)","2009021258110245","T025874799320","-","70.00","025 - Office","FC8C","2502","2860 - ","856,200.36","","-","LAI MING LIANG","RCMS - CR FPX","","-"
"506061304070","Current Account","GENTING MALAYSIA BERHAD","MYR","2020-09-02 MY (UTC+08:00)","2020-09-02 MY (UTC+08:00)","11","199","1,000.00","1,000.00","-","-","02/Sep/2020 MY (UTC+08:00)","13:00 MY (UTC+08:00)","2009021259310709","T025875007820","-","80.00","025 - Office","FC8A","2502","2860 - ","856,280.36","","-","CHIEW YOON LOONG","RCMS - CR FPX","","-"
"506061304070","Current Account","GENTING MALAYSIA BERHAD","MYR","2020-09-02 MY (UTC+08:00)","2020-09-02 MY (UTC+08:00)","11","199","1,000.00","1,000.00","-","-","02/Sep/2020 MY (UTC+08:00)","13:07 MY (UTC+08:00)","2009021306040824","T025875960320","-","80.00","025 - Office","FC8B","2502","2860 - ","856,360.36","","-","LEE CHEE MEI","RCMS - CR FPX","","-"
"506061304070","Current Account","GENTING MALAYSIA BERHAD","MYR","2020-09-02 MY (UTC+08:00)","2020-09-02 MY (UTC+08:00)","11","199","1,000.00","1,000.00","-","-","02/Sep/2020 MY (UTC+08:00)","13:13 MY (UTC+08:00)","2009021312220646","T025876910120","-","180.00","025 - Office","FC8D","2502","2860 - ","856,540.36","","-","YAP YEAN FEI","RCMS - CR FPX","","-"
"506061304070","Current Account","GENTING MALAYSIA BERHAD","MYR","2020-09-02 MY (UTC+08:00)","2020-09-02 MY (UTC+08:00)","11","199","1,000.00","1,000.00","-","-","02/Sep/2020 MY (UTC+08:00)","13:17 MY (UTC+08:00)","2009021316160923","T025877417420","-","180.00","025 - Office","FC8A","2502","2860 - ","856,720.36","","-","GOH SOO KEAT","RCMS - CR FPX","","-"
"506061304070","Current Account","GENTING MALAYSIA BERHAD","MYR","2020-09-02 MY (UTC+08:00)","2020-09-02 MY (UTC+08:00)","11","199","1,000.00","1,000.00","-","-","02/Sep/2020 MY (UTC+08:00)","13:20 MY (UTC+08:00)","2009021319340074","T025877949320","-","100.00","025 - Office","FC8A","2502","2860 - ","856,820.36","","-","ALOYSIUS CORNELIUS B","RCMS - CR FPX","","-"
"506061304070","Current Account","GENTING MALAYSIA BERHAD","MYR","2020-09-02 MY (UTC+08:00)","2020-09-02 MY (UTC+08:00)","11","199","1,000.00","1,000.00","-","-","02/Sep/2020 MY (UTC+08:00)","13:33 MY (UTC+08:00)","2009021332420086","T025879993820","-","70.00","025 - Office","FC8B","2502","2860 - ","856,890.36","","-","PAK KIM JIAN","RCMS - CR FPX","","-"
"506061304070","Current Account","GENTING MALAYSIA BERHAD","MYR","2020-09-02 MY (UTC+08:00)","2020-09-02 MY (UTC+08:00)","11","199","1,000.00","1,000.00","-","-","02/Sep/2020 MY (UTC+08:00)","13:40 MY (UTC+08:00)","2009021340080631","T025881120920","-","170.00","025 - Office","FC8C","2502","2860 - ","857,060.36","","-","LOH WAI SHEN","RCMS - CR FPX","","-"
"506061304070","Current Account","GENTING MALAYSIA BERHAD","MYR","2020-09-02 MY (UTC+08:00)","2020-09-02 MY (UTC+08:00)","11","199","1,000.00","1,000.00","-","-","02/Sep/2020 MY (UTC+08:00)","13:41 MY (UTC+08:00)","2009021339340609","T025880930720","-","70.00","025 - Office","FC8A","2502","2860 - ","857,130.36","","-","SUHAILA BINTI MOHD F","RCMS - CR FPX","","-"
"506061304070","Current Account","GENTING MALAYSIA BERHAD","MYR","2020-09-02 MY (UTC+08:00)","2020-09-02 MY (UTC+08:00)","11","199","1,000.00","1,000.00","-","-","02/Sep/2020 MY (UTC+08:00)","14:16 MY (UTC+08:00)","2009021415470032","T025886369120","-","70.00","025 - Office","FC8B","2502","2860 - ","857,200.36","","-","GOH ENG CHUAN","RCMS - CR FPX","","-"
"506061304070","Current Account","GENTING MALAYSIA BERHAD","MYR","2020-09-02 MY (UTC+08:00)","2020-09-02 MY (UTC+08:00)","11","199","1,000.00","1,000.00","-","-","02/Sep/2020 MY (UTC+08:00)","14:23 MY (UTC+08:00)","2009021422570179","T025887396320","-","70.00","025 - Office","FC8D","2502","2860 - ","857,270.36","","-","WONG PIAU PEI","RCMS - CR FPX","","-"
"506061304070","Current Account","GENTING MALAYSIA BERHAD","MYR","2020-09-02 MY (UTC+08:00)","2020-09-02 MY (UTC+08:00)","11","199","1,000.00","1,000.00","-","-","02/Sep/2020 MY (UTC+08:00)","14:28 MY (UTC+08:00)","2009021428010470","T025888164320","-","240.00","025 - Office","FC8A","2502","2860 - ","857,510.36","","-","MR TEE KAI CHUN","RCMS - CR FPX","","-"
"506061304070","Current Account","GENTING MALAYSIA BERHAD","MYR","2020-09-02 MY (UTC+08:00)","2020-09-02 MY (UTC+08:00)","11","199","1,000.00","1,000.00","-","-","02/Sep/2020 MY (UTC+08:00)","14:30 MY (UTC+08:00)","2009021428510987","T025888310720","-","70.00","025 - Office","FC8C","2502","2860 - ","857,580.36","","-","CHOONG TONG KUEN","RCMS - CR FPX","","-"
"506061304070","Current Account","GENTING MALAYSIA BERHAD","MYR","2020-09-02 MY (UTC+08:00)","2020-09-02 MY (UTC+08:00)","11","199","1,000.00","1,000.00","-","-","02/Sep/2020 MY (UTC+08:00)","14:47 MY (UTC+08:00)","2009021446470262","T025890776120","-","80.00","025 - Office","FC8B","2502","2860 - ","857,660.36","","-","FATIN NABILAH BINTI","RCMS - CR FPX","","-"
"506061304070","Current Account","GENTING MALAYSIA BERHAD","MYR","2020-09-02 MY (UTC+08:00)","2020-09-02 MY (UTC+08:00)","11","199","1,000.00","1,000.00","-","-","02/Sep/2020 MY (UTC+08:00)","14:48 MY (UTC+08:00)","2009021446520430","T025890762020","-","80.00","025 - Office","FC8A","2502","2860 - ","857,740.36","","-","ALOYSIUS CORNELIUS B","RCMS - CR FPX","","-"
"506061304070","Current Account","GENTING MALAYSIA BERHAD","MYR","2020-09-02 MY (UTC+08:00)","2020-09-02 MY (UTC+08:00)","11","199","1,000.00","1,000.00","-","-","02/Sep/2020 MY (UTC+08:00)","15:00 MY (UTC+08:00)","2009021459070456","T025892399420","-","70.00","025 - Office","FC8A","2502","2860 - ","857,810.36","","-","MAY TAN YI JIU","RCMS - CR FPX","","-"
"506061304070","Current Account","GENTING MALAYSIA BERHAD","MYR","2020-09-02 MY (UTC+08:00)","2020-09-02 MY (UTC+08:00)","11","199","1,000.00","1,000.00","-","-","02/Sep/2020 MY (UTC+08:00)","15:03 MY (UTC+08:00)","2009021503130881","T025892905220","-","180.00","025 - Office","FC8A","2502","2860 - ","857,990.36","","-","NUR AFIZA BINTI HALI","RCMS - CR FPX","","-"
"506061304070","Current Account","GENTING MALAYSIA BERHAD","MYR","2020-09-02 MY (UTC+08:00)","2020-09-02 MY (UTC+08:00)","11","199","1,000.00","1,000.00","-","-","02/Sep/2020 MY (UTC+08:00)","15:04 MY (UTC+08:00)","2009021503220169","T025892898620","-","199.00","025 - Office","FC8A","2502","2860 - ","858,189.36","","-","SHARMILA A/P DAMODHA","RCMS - CR FPX","","-"
"506061304070","Current Account","GENTING MALAYSIA BERHAD","MYR","2020-09-02 MY (UTC+08:00)","2020-09-02 MY (UTC+08:00)","11","199","1,000.00","1,000.00","-","-","02/Sep/2020 MY (UTC+08:00)","15:12 MY (UTC+08:00)","2009021511360280","T025893975020","-","140.00","025 - Office","FC8A","2502","2860 - ","858,329.36","","-","KONG NGUK SIN","RCMS - CR FPX","","-"
"506061304070","Current Account","GENTING MALAYSIA BERHAD","MYR","2020-09-02 MY (UTC+08:00)","2020-09-02 MY (UTC+08:00)","11","199","1,000.00","1,000.00","-","-","02/Sep/2020 MY (UTC+08:00)","15:20 MY (UTC+08:00)","2009021519210281","T025894973120","-","110.00","025 - Office","FC8D","2502","2860 - ","858,439.36","","-","WILLIAM KOH YEE SHEN","RCMS - CR FPX","","-"
"506061304070","Current Account","GENTING MALAYSIA BERHAD","MYR","2020-09-02 MY (UTC+08:00)","2020-09-02 MY (UTC+08:00)","11","199","1,000.00","1,000.00","-","-","02/Sep/2020 MY (UTC+08:00)","15:25 MY (UTC+08:00)","2009021524130422","T025895419820","-","110.00","025 - Office","FC8B","2502","2860 - ","858,549.36","","-","YUNG SOON MUN","RCMS - CR FPX","","-"
"506061304070","Current Account","GENTING MALAYSIA BERHAD","MYR","2020-09-02 MY (UTC+08:00)","2020-09-02 MY (UTC+08:00)","11","199","1,000.00","1,000.00","-","-","02/Sep/2020 MY (UTC+08:00)","15:35 MY (UTC+08:00)","2009021533380211","T025896741320","-","80.00","025 - Office","FC8D","2502","2860 - ","858,629.36","","-","SOMKHID SAE-WONG","RCMS - CR FPX","","-"
"506061304070","Current Account","GENTING MALAYSIA BERHAD","MYR","2020-09-02 MY (UTC+08:00)","2020-09-02 MY (UTC+08:00)","11","199","1,000.00","1,000.00","-","-","02/Sep/2020 MY (UTC+08:00)","15:39 MY (UTC+08:00)","2009021538170124","T025897344620","-","80.00","025 - Office","FC8A","2502","2860 - ","858,709.36","","-","SOMKHID SAE-WONG","RCMS - CR FPX","","-"
"506061304070","Current Account","GENTING MALAYSIA BERHAD","MYR","2020-09-02 MY (UTC+08:00)","2020-09-02 MY (UTC+08:00)","11","199","1,000.00","1,000.00","-","-","02/Sep/2020 MY (UTC+08:00)","15:51 MY (UTC+08:00)","2009021550220032","T025898815820","-","199.00","025 - Office","FC8C","2502","2860 - ","858,908.36","","-","VIVIAN LAU","RCMS - CR FPX","","-"
"506061304070","Current Account","GENTING MALAYSIA BERHAD","MYR","2020-09-02 MY (UTC+08:00)","2020-09-02 MY (UTC+08:00)","11","199","1,000.00","1,000.00","-","-","02/Sep/2020 MY (UTC+08:00)","15:54 MY (UTC+08:00)","RFD 180820 MN7008915","0","5,124.73","-","018 - Teller","0003154A","2601","6500 - MISC NON CASH DEBIT","853,783.63","","-","CCC                *","MISC NON CASH DEBIT","","-"
"506061304070","Current Account","GENTING MALAYSIA BERHAD","MYR","2020-09-02 MY (UTC+08:00)","2020-09-02 MY (UTC+08:00)","11","199","1,000.00","1,000.00","-","-","02/Sep/2020 MY (UTC+08:00)","16:06 MY (UTC+08:00)","2009021605400906","T025900670120","-","70.00","025 - Office","FC91","2502","2860 - ","853,853.63","","-","LIM PHAY YEE","RCMS - CR FPX","","-"
"506061304070","Current Account","GENTING MALAYSIA BERHAD","MYR","2020-09-02 MY (UTC+08:00)","2020-09-02 MY (UTC+08:00)","11","199","1,000.00","1,000.00","-","-","02/Sep/2020 MY (UTC+08:00)","16:06 MY (UTC+08:00)","2009021605510178","T025900721420","-","229.00","025 - Office","FC8B","2502","2860 - ","854,082.63","","-","WILLIAM KOH YEE SHEN","RCMS - CR FPX","","-"
"506061304070","Current Account","GENTING MALAYSIA BERHAD","MYR","2020-09-02 MY (UTC+08:00)","2020-09-02 MY (UTC+08:00)","11","199","1,000.00","1,000.00","-","-","02/Sep/2020 MY (UTC+08:00)","16:07 MY (UTC+08:00)","2009021605500156","T025900699520","-","70.00","025 - Office","FC8D","2502","2860 - ","854,152.63","","-","CHEN TZE QIAO","RCMS - CR FPX","","-"
"506061304070","Current Account","GENTING MALAYSIA BERHAD","MYR","2020-09-02 MY (UTC+08:00)","2020-09-02 MY (UTC+08:00)","11","199","1,000.00","1,000.00","-","-","02/Sep/2020 MY (UTC+08:00)","16:20 MY (UTC+08:00)","2009021619380735","T025902372920","-","180.00","025 - Office","FC8D","2502","2860 - ","854,332.63","","-","TEE JOO YEE","RCMS - CR FPX","","-"
"506061304070","Current Account","GENTING MALAYSIA BERHAD","MYR","2020-09-02 MY (UTC+08:00)","2020-09-02 MY (UTC+08:00)","11","199","1,000.00","1,000.00","-","-","02/Sep/2020 MY (UTC+08:00)","16:26 MY (UTC+08:00)","2009021624450071","T025903039820","-","80.00","025 - Office","FC8A","2502","2860 - ","854,412.63","","-","LEE SHI YING","RCMS - CR FPX","","-"
"506061304070","Current Account","GENTING MALAYSIA BERHAD","MYR","2020-09-02 MY (UTC+08:00)","2020-09-02 MY (UTC+08:00)","11","199","1,000.00","1,000.00","-","-","02/Sep/2020 MY (UTC+08:00)","16:31 MY (UTC+08:00)","2009021630240875","T025903739120","-","100.00","025 - Office","FC8B","2502","2860 - ","854,512.63","","-","LEE SHI YING","RCMS - CR FPX","","-"
"506061304070","Current Account","GENTING MALAYSIA BERHAD","MYR","2020-09-02 MY (UTC+08:00)","2020-09-02 MY (UTC+08:00)","11","199","1,000.00","1,000.00","-","-","02/Sep/2020 MY (UTC+08:00)","16:59 MY (UTC+08:00)","2009021658390637","T025907066420","-","70.00","025 - Office","FC8A","2502","2860 - ","854,582.63","","-","CHOE CHEE YAN","RCMS - CR FPX","","-"
"506061304070","Current Account","GENTING MALAYSIA BERHAD","MYR","2020-09-02 MY (UTC+08:00)","2020-09-02 MY (UTC+08:00)","11","199","1,000.00","1,000.00","-","-","02/Sep/2020 MY (UTC+08:00)","17:14 MY (UTC+08:00)","2009021713410905","T025908889220","-","140.00","025 - Office","FC8B","2502","2860 - ","854,722.63","","-","FONG HOONG FATT","RCMS - CR FPX","","-"
"506061304070","Current Account","GENTING MALAYSIA BERHAD","MYR","2020-09-02 MY (UTC+08:00)","2020-09-02 MY (UTC+08:00)","11","199","1,000.00","1,000.00","-","-","02/Sep/2020 MY (UTC+08:00)","17:24 MY (UTC+08:00)","2009021723100757","T025909921220","-","70.00","025 - Office","FC8B","2502","2860 - ","854,792.63","","-","E SOON TIAN","RCMS - CR FPX","","-"
"506061304070","Current Account","GENTING MALAYSIA BERHAD","MYR","2020-09-02 MY (UTC+08:00)","2020-09-02 MY (UTC+08:00)","11","199","1,000.00","1,000.00","-","-","02/Sep/2020 MY (UTC+08:00)","17:27 MY (UTC+08:00)","2009021726420837","T025910307920","-","70.00","025 - Office","FC93","2502","2860 - ","854,862.63","","-","CHUA MEA KENG","RCMS - CR FPX","","-"
"506061304070","Current Account","GENTING MALAYSIA BERHAD","MYR","2020-09-02 MY (UTC+08:00)","2020-09-02 MY (UTC+08:00)","11","199","1,000.00","1,000.00","-","-","02/Sep/2020 MY (UTC+08:00)","17:33 MY (UTC+08:00)","2009021732550870","T025911046820","-","210.00","025 - Office","FC8B","2502","2860 - ","855,072.63","","-","CHUA MEA KENG","RCMS - CR FPX","","-"
"506061304070","Current Account","GENTING MALAYSIA BERHAD","MYR","2020-09-02 MY (UTC+08:00)","2020-09-02 MY (UTC+08:00)","11","199","1,000.00","1,000.00","-","-","02/Sep/2020 MY (UTC+08:00)","17:36 MY (UTC+08:00)","2009021735250331","T025911299420","-","160.00","025 - Office","FC8A","2502","2860 - ","855,232.63","","-","LEE THING THING","RCMS - CR FPX","","-"
"506061304070","Current Account","GENTING MALAYSIA BERHAD","MYR","2020-09-02 MY (UTC+08:00)","2020-09-02 MY (UTC+08:00)","11","199","1,000.00","1,000.00","-","-","02/Sep/2020 MY (UTC+08:00)","17:57 MY (UTC+08:00)","2009021755140494","T025913604320","-","180.00","025 - Office","FC8B","2502","2860 - ","855,412.63","","-","NORELIANI BT ROSLI","RCMS - CR FPX","","-"
"506061304070","Current Account","GENTING MALAYSIA BERHAD","MYR","2020-09-02 MY (UTC+08:00)","2020-09-02 MY (UTC+08:00)","11","199","1,000.00","1,000.00","-","-","02/Sep/2020 MY (UTC+08:00)","18:08 MY (UTC+08:00)","2009021807350295","T025914905120","-","70.00","025 - Office","FC8B","2502","2860 - ","855,482.63","","-","SITI NORASHAHKILA BI","RCMS - CR FPX","","-"
"506061304070","Current Account","GENTING MALAYSIA BERHAD","MYR","2020-09-02 MY (UTC+08:00)","2020-09-02 MY (UTC+08:00)","11","199","1,000.00","1,000.00","-","-","02/Sep/2020 MY (UTC+08:00)","18:13 MY (UTC+08:00)","2009021812110350","T025915382720","-","100.00","025 - Office","FC8A","2502","2860 - ","855,582.63","","-","LEE YUNG YUNG","RCMS - CR FPX","","-"
"506061304070","Current Account","GENTING MALAYSIA BERHAD","MYR","2020-09-02 MY (UTC+08:00)","2020-09-02 MY (UTC+08:00)","11","199","1,000.00","1,000.00","-","-","02/Sep/2020 MY (UTC+08:00)","18:13 MY (UTC+08:00)","2009021812380020","T025915387220","-","160.00","025 - Office","FC8A","2502","2860 - ","855,742.63","","-","ENG SEE PING","RCMS - CR FPX","","-"
"506061304070","Current Account","GENTING MALAYSIA BERHAD","MYR","2020-09-02 MY (UTC+08:00)","2020-09-02 MY (UTC+08:00)","11","199","1,000.00","1,000.00","-","-","02/Sep/2020 MY (UTC+08:00)","18:20 MY (UTC+08:00)","2009021819500061","T025916178620","-","80.00","025 - Office","FC8A","2502","2860 - ","855,822.63","","-","CHAN CHEOW SOONG","RCMS - CR FPX","","-"
"506061304070","Current Account","GENTING MALAYSIA BERHAD","MYR","2020-09-02 MY (UTC+08:00)","2020-09-02 MY (UTC+08:00)","11","199","1,000.00","1,000.00","-","-","02/Sep/2020 MY (UTC+08:00)","18:35 MY (UTC+08:00)","2009021834240981","T025917789620","-","80.00","025 - Office","FC8B","2502","2860 - ","855,902.63","","-","ONG LAY AYE","RCMS - CR FPX","","-"
"506061304070","Current Account","GENTING MALAYSIA BERHAD","MYR","2020-09-02 MY (UTC+08:00)","2020-09-02 MY (UTC+08:00)","11","199","1,000.00","1,000.00","-","-","02/Sep/2020 MY (UTC+08:00)","18:35 MY (UTC+08:00)","2009021835040885","T025917859520","-","180.00","025 - Office","FC8B","2502","2860 - ","856,082.63","","-","LO KAI WEE","RCMS - CR FPX","","-"
"506061304070","Current Account","GENTING MALAYSIA BERHAD","MYR","2020-09-02 MY (UTC+08:00)","2020-09-02 MY (UTC+08:00)","11","199","1,000.00","1,000.00","-","-","02/Sep/2020 MY (UTC+08:00)","18:48 MY (UTC+08:00)","2009021846240905","T025919038220","-","310.00","025 - Office","FC8A","2502","2860 - ","856,392.63","","-","CHONG SIM SHIAN","RCMS - CR FPX","","-"
"506061304070","Current Account","GENTING MALAYSIA BERHAD","MYR","2020-09-02 MY (UTC+08:00)","2020-09-02 MY (UTC+08:00)","11","199","1,000.00","1,000.00","-","-","02/Sep/2020 MY (UTC+08:00)","19:15 MY (UTC+08:00)","2009021915180391","T025922172620","-","180.00","025 - Office","FC8A","2502","2860 - ","856,572.63","","-","MR CHUA KOK LIANG","RCMS - CR FPX","","-"
"506061304070","Current Account","GENTING MALAYSIA BERHAD","MYR","2020-09-02 MY (UTC+08:00)","2020-09-02 MY (UTC+08:00)","11","199","1,000.00","1,000.00","-","-","02/Sep/2020 MY (UTC+08:00)","19:21 MY (UTC+08:00)","2009021920410462","T025922817320","-","100.00","025 - Office","FC8A","2502","2860 - ","856,672.63","","-","ONG LEE CHIENG","RCMS - CR FPX","","-"
"506061304070","Current Account","GENTING MALAYSIA BERHAD","MYR","2020-09-02 MY (UTC+08:00)","2020-09-02 MY (UTC+08:00)","11","199","1,000.00","1,000.00","-","-","02/Sep/2020 MY (UTC+08:00)","19:31 MY (UTC+08:00)","2009021930290833","T025923885920","-","180.00","025 - Office","FC8B","2502","2860 - ","856,852.63","","-","YEONG KAI JIE","RCMS - CR FPX","","-"
"506061304070","Current Account","GENTING MALAYSIA BERHAD","MYR","2020-09-02 MY (UTC+08:00)","2020-09-02 MY (UTC+08:00)","11","199","1,000.00","1,000.00","-","-","02/Sep/2020 MY (UTC+08:00)","19:34 MY (UTC+08:00)","2009021933300336","T025924216220","-","180.00","025 - Office","FC8C","2502","2860 - ","857,032.63","","-","YEONG KAI JIE","RCMS - CR FPX","","-"
"506061304070","Current Account","GENTING MALAYSIA BERHAD","MYR","2020-09-02 MY (UTC+08:00)","2020-09-02 MY (UTC+08:00)","11","199","1,000.00","1,000.00","-","-","02/Sep/2020 MY (UTC+08:00)","19:36 MY (UTC+08:00)","2009021935250237","T025924413920","-","480.00","025 - Office","FC8B","2502","2860 - ","857,512.63","","-","YU HUI MING","RCMS - CR FPX","","-"
"506061304070","Current Account","GENTING MALAYSIA BERHAD","MYR","2020-09-02 MY (UTC+08:00)","2020-09-02 MY (UTC+08:00)","11","199","1,000.00","1,000.00","-","-","02/Sep/2020 MY (UTC+08:00)","19:37 MY (UTC+08:00)","2009021936360969","T025924532720","-","180.00","025 - Office","FC8A","2502","2860 - ","857,692.63","","-","TAN JUE HENG","RCMS - CR FPX","","-"
"506061304070","Current Account","GENTING MALAYSIA BERHAD","MYR","2020-09-02 MY (UTC+08:00)","2020-09-02 MY (UTC+08:00)","11","199","1,000.00","1,000.00","-","-","02/Sep/2020 MY (UTC+08:00)","19:37 MY (UTC+08:00)","2009021936400082","T025924488920","-","100.00","025 - Office","FC8A","2502","2860 - ","857,792.63","","-","LEE YUNG YUNG","RCMS - CR FPX","","-"
"506061304070","Current Account","GENTING MALAYSIA BERHAD","MYR","2020-09-02 MY (UTC+08:00)","2020-09-02 MY (UTC+08:00)","11","199","1,000.00","1,000.00","-","-","02/Sep/2020 MY (UTC+08:00)","19:41 MY (UTC+08:00)","2009021940550011","T025925008820","-","180.00","025 - Office","FC8A","2502","2860 - ","857,972.63","","-","WONG KAH MUN","RCMS - CR FPX","","-"
"506061304070","Current Account","GENTING MALAYSIA BERHAD","MYR","2020-09-02 MY (UTC+08:00)","2020-09-02 MY (UTC+08:00)","11","199","1,000.00","1,000.00","-","-","02/Sep/2020 MY (UTC+08:00)","19:46 MY (UTC+08:00)","2009021945220225","T025925164820","-","160.00","025 - Office","FC8A","2502","2860 - ","858,132.63","","-","LOH TENG PHING","RCMS - CR FPX","","-"
"506061304070","Current Account","GENTING MALAYSIA BERHAD","MYR","2020-09-02 MY (UTC+08:00)","2020-09-02 MY (UTC+08:00)","11","199","1,000.00","1,000.00","-","-","02/Sep/2020 MY (UTC+08:00)","19:50 MY (UTC+08:00)","2009021949550636","T025925988020","-","180.00","025 - Office","FC8A","2502","2860 - ","858,312.63","","-","WONG KAH MUN","RCMS - CR FPX","","-"
"506061304070","Current Account","GENTING MALAYSIA BERHAD","MYR","2020-09-02 MY (UTC+08:00)","2020-09-02 MY (UTC+08:00)","11","199","1,000.00","1,000.00","-","-","02/Sep/2020 MY (UTC+08:00)","20:02 MY (UTC+08:00)","2009022002080593","T025927311320","-","80.00","025 - Office","FC8B","2502","2860 - ","858,392.63","","-","NURSYA MIRA BINTI MO","RCMS - CR FPX","","-"
"506061304070","Current Account","GENTING MALAYSIA BERHAD","MYR","2020-09-02 MY (UTC+08:00)","2020-09-02 MY (UTC+08:00)","11","199","1,000.00","1,000.00","-","-","02/Sep/2020 MY (UTC+08:00)","20:07 MY (UTC+08:00)","2009022005420579","T025927727120","-","170.00","025 - Office","FC8A","2502","2860 - ","858,562.63","","-","LEE JIA YING","RCMS - CR FPX","","-"
"506061304070","Current Account","GENTING MALAYSIA BERHAD","MYR","2020-09-02 MY (UTC+08:00)","2020-09-02 MY (UTC+08:00)","11","199","1,000.00","1,000.00","-","-","02/Sep/2020 MY (UTC+08:00)","20:08 MY (UTC+08:00)","2009022007080027","T025927889420","-","180.00","025 - Office","FC8B","2502","2860 - ","858,742.63","","-","CIK NURUL AZIA BINTI","RCMS - CR FPX","","-"
"506061304070","Current Account","GENTING MALAYSIA BERHAD","MYR","2020-09-02 MY (UTC+08:00)","2020-09-02 MY (UTC+08:00)","11","199","1,000.00","1,000.00","-","-","02/Sep/2020 MY (UTC+08:00)","20:11 MY (UTC+08:00)","2009022010020049","T025928254520","-","180.00","025 - Office","FC8B","2502","2860 - ","858,922.63","","-","GUNASEKARAN A/L BASK","RCMS - CR FPX","","-"
"506061304070","Current Account","GENTING MALAYSIA BERHAD","MYR","2020-09-02 MY (UTC+08:00)","2020-09-02 MY (UTC+08:00)","11","199","1,000.00","1,000.00","-","-","02/Sep/2020 MY (UTC+08:00)","20:12 MY (UTC+08:00)","2009022011250420","T025928427920","-","540.00","025 - Office","FC8A","2502","2860 - ","859,462.63","","-","MS N SUSMAZLIYATON A","RCMS - CR FPX","","-"
"506061304070","Current Account","GENTING MALAYSIA BERHAD","MYR","2020-09-02 MY (UTC+08:00)","2020-09-02 MY (UTC+08:00)","11","199","1,000.00","1,000.00","-","-","02/Sep/2020 MY (UTC+08:00)","20:17 MY (UTC+08:00)","2009022016540879","T025929102920","-","260.00","025 - Office","FC8A","2502","2860 - ","859,722.63","","-","LIM CHUI FONG","RCMS - CR FPX","","-"
"506061304070","Current Account","GENTING MALAYSIA BERHAD","MYR","2020-09-02 MY (UTC+08:00)","2020-09-02 MY (UTC+08:00)","11","199","1,000.00","1,000.00","-","-","02/Sep/2020 MY (UTC+08:00)","20:21 MY (UTC+08:00)","2009022019420751","T025929402320","-","180.00","025 - Office","FC8B","2502","2860 - ","859,902.63","","-","DANIEL DEVAN A/L GAN","RCMS - CR FPX","","-"
"506061304070","Current Account","GENTING MALAYSIA BERHAD","MYR","2020-09-02 MY (UTC+08:00)","2020-09-02 MY (UTC+08:00)","11","199","1,000.00","1,000.00","-","-","02/Sep/2020 MY (UTC+08:00)","20:23 MY (UTC+08:00)","2009022022430015","T025929797720","-","180.00","025 - Office","FC8B","2502","2860 - ","860,082.63","","-","PRISCILLA KHOO LIAN","RCMS - CR FPX","","-"
"506061304070","Current Account","GENTING MALAYSIA BERHAD","MYR","2020-09-02 MY (UTC+08:00)","2020-09-02 MY (UTC+08:00)","11","199","1,000.00","1,000.00","-","-","02/Sep/2020 MY (UTC+08:00)","20:27 MY (UTC+08:00)","2009022024480696","T025930033220","-","160.00","025 - Office","FC8A","2502","2860 - ","860,242.63","","-","LEONG KIM LAN","RCMS - CR FPX","","-"
"506061304070","Current Account","GENTING MALAYSIA BERHAD","MYR","2020-09-02 MY (UTC+08:00)","2020-09-02 MY (UTC+08:00)","11","199","1,000.00","1,000.00","-","-","02/Sep/2020 MY (UTC+08:00)","20:30 MY (UTC+08:00)","2009022029120774","T025930605620","-","170.00","025 - Office","FC8D","2502","2860 - ","860,412.63","","-","LIM GUODIN","RCMS - CR FPX","","-"
"506061304070","Current Account","GENTING MALAYSIA BERHAD","MYR","2020-09-02 MY (UTC+08:00)","2020-09-02 MY (UTC+08:00)","11","199","1,000.00","1,000.00","-","-","02/Sep/2020 MY (UTC+08:00)","20:30 MY (UTC+08:00)","2009022029540043","T025930717520","-","180.00","025 - Office","FC8C","2502","2860 - ","860,592.63","","-","JAYA BESTARI SERVICE","RCMS - CR FPX","","-"
"506061304070","Current Account","GENTING MALAYSIA BERHAD","MYR","2020-09-02 MY (UTC+08:00)","2020-09-02 MY (UTC+08:00)","11","199","1,000.00","1,000.00","-","-","02/Sep/2020 MY (UTC+08:00)","20:44 MY (UTC+08:00)","2009022043150342","T025932310220","-","110.00","025 - Office","FC8C","2502","2860 - ","860,702.63","","-","AMJ BOOK","RCMS - CR FPX","","-"
"506061304070","Current Account","GENTING MALAYSIA BERHAD","MYR","2020-09-02 MY (UTC+08:00)","2020-09-02 MY (UTC+08:00)","11","199","1,000.00","1,000.00","-","-","02/Sep/2020 MY (UTC+08:00)","20:51 MY (UTC+08:00)","2009022049210038","T025933059320","-","70.00","025 - Office","FC8A","2502","2860 - ","860,772.63","","-","ER BOON HUA","RCMS - CR FPX","","-"
"506061304070","Current Account","GENTING MALAYSIA BERHAD","MYR","2020-09-02 MY (UTC+08:00)","2020-09-02 MY (UTC+08:00)","11","199","1,000.00","1,000.00","-","-","02/Sep/2020 MY (UTC+08:00)","20:53 MY (UTC+08:00)","2009022051350991","T025933301720","-","110.00","025 - Office","FC8B","2502","2860 - ","860,882.63","","-","KAVITAH A/P PONUSAMY","RCMS - CR FPX","","-"
"506061304070","Current Account","GENTING MALAYSIA BERHAD","MYR","2020-09-02 MY (UTC+08:00)","2020-09-02 MY (UTC+08:00)","11","199","1,000.00","1,000.00","-","-","02/Sep/2020 MY (UTC+08:00)","20:55 MY (UTC+08:00)","2009022055070064","T025933812920","-","240.00","025 - Office","FC8C","2502","2860 - ","861,122.63","","-","KOID MING EE","RCMS - CR FPX","","-"
"506061304070","Current Account","GENTING MALAYSIA BERHAD","MYR","2020-09-02 MY (UTC+08:00)","2020-09-02 MY (UTC+08:00)","11","199","1,000.00","1,000.00","-","-","02/Sep/2020 MY (UTC+08:00)","20:57 MY (UTC+08:00)","2009022055190444","T025933821920","-","140.00","025 - Office","FC8C","2502","2860 - ","861,262.63","","-","NORHANA BINTI SIMAH","RCMS - CR FPX","","-"
"506061304070","Current Account","GENTING MALAYSIA BERHAD","MYR","2020-09-02 MY (UTC+08:00)","2020-09-02 MY (UTC+08:00)","11","199","1,000.00","1,000.00","-","-","02/Sep/2020 MY (UTC+08:00)","21:03 MY (UTC+08:00)","2009022102290823","T025934669720","-","221.00","025 - Office","FC8C","2502","2860 - ","861,483.63","","-","MUHAMMED IRWAN BIN M","RCMS - CR FPX","","-"
"506061304070","Current Account","GENTING MALAYSIA BERHAD","MYR","2020-09-02 MY (UTC+08:00)","2020-09-02 MY (UTC+08:00)","11","199","1,000.00","1,000.00","-","-","02/Sep/2020 MY (UTC+08:00)","21:07 MY (UTC+08:00)","2009022105580944","T025935120920","-","70.00","025 - Office","FC8D","2502","2860 - ","861,553.63","","-","LEW SEE HIANG","RCMS - CR FPX","","-"
"506061304070","Current Account","GENTING MALAYSIA BERHAD","MYR","2020-09-02 MY (UTC+08:00)","2020-09-02 MY (UTC+08:00)","11","199","1,000.00","1,000.00","-","-","02/Sep/2020 MY (UTC+08:00)","21:10 MY (UTC+08:00)","2009022109490549","T025935560420","-","180.00","025 - Office","FC8F","2502","2860 - ","861,733.63","","-","MUHAMMAD HELMY BIN M","RCMS - CR FPX","","-"
"506061304070","Current Account","GENTING MALAYSIA BERHAD","MYR","2020-09-02 MY (UTC+08:00)","2020-09-02 MY (UTC+08:00)","11","199","1,000.00","1,000.00","-","-","02/Sep/2020 MY (UTC+08:00)","21:13 MY (UTC+08:00)","2009022112480634","T025935885020","-","70.00","025 - Office","FC8B","2502","2860 - ","861,803.63","","-","CHOOI MIU KIE","RCMS - CR FPX","","-"
"506061304070","Current Account","GENTING MALAYSIA BERHAD","MYR","2020-09-02 MY (UTC+08:00)","2020-09-02 MY (UTC+08:00)","11","199","1,000.00","1,000.00","-","-","02/Sep/2020 MY (UTC+08:00)","21:14 MY (UTC+08:00)","2009022113460369","T025935986420","-","170.00","025 - Office","FC8B","2502","2860 - ","861,973.63","","-","LEE CHEONG BING","RCMS - CR FPX","","-"
"506061304070","Current Account","GENTING MALAYSIA BERHAD","MYR","2020-09-02 MY (UTC+08:00)","2020-09-02 MY (UTC+08:00)","11","199","1,000.00","1,000.00","-","-","02/Sep/2020 MY (UTC+08:00)","21:15 MY (UTC+08:00)","2009022113440293","T025936002920","-","70.00","025 - Office","FC8C","2502","2860 - ","862,043.63","","-","LEE WAI YE","RCMS - CR FPX","","-"
"506061304070","Current Account","GENTING MALAYSIA BERHAD","MYR","2020-09-02 MY (UTC+08:00)","2020-09-02 MY (UTC+08:00)","11","199","1,000.00","1,000.00","-","-","02/Sep/2020 MY (UTC+08:00)","21:17 MY (UTC+08:00)","2009022116160646","T025936309820","-","70.00","025 - Office","FC8B","2502","2860 - ","862,113.63","","-","CHOOI MIU KIE","RCMS - CR FPX","","-"
"506061304070","Current Account","GENTING MALAYSIA BERHAD","MYR","2020-09-02 MY (UTC+08:00)","2020-09-02 MY (UTC+08:00)","11","199","1,000.00","1,000.00","-","-","02/Sep/2020 MY (UTC+08:00)","21:17 MY (UTC+08:00)","2009022115010500","T025936085420","-","70.00","025 - Office","FC8C","2502","2860 - ","862,183.63","","-","HOO KAY CHEE","RCMS - CR FPX","","-"
"506061304070","Current Account","GENTING MALAYSIA BERHAD","MYR","2020-09-02 MY (UTC+08:00)","2020-09-02 MY (UTC+08:00)","11","199","1,000.00","1,000.00","-","-","02/Sep/2020 MY (UTC+08:00)","21:19 MY (UTC+08:00)","2009022118030597","T025936472420","-","200.00","025 - Office","FC8C","2502","2860 - ","862,383.63","","-","HON CHAI WAN NGO","RCMS - CR FPX","","-"
"506061304070","Current Account","GENTING MALAYSIA BERHAD","MYR","2020-09-02 MY (UTC+08:00)","2020-09-02 MY (UTC+08:00)","11","199","1,000.00","1,000.00","-","-","02/Sep/2020 MY (UTC+08:00)","21:22 MY (UTC+08:00)","2009022120590531","T025936858820","-","80.00","025 - Office","FC8C","2502","2860 - ","862,463.63","","-","LIM CHEE SUN","RCMS - CR FPX","","-"
"506061304070","Current Account","GENTING MALAYSIA BERHAD","MYR","2020-09-02 MY (UTC+08:00)","2020-09-02 MY (UTC+08:00)","11","199","1,000.00","1,000.00","-","-","02/Sep/2020 MY (UTC+08:00)","21:23 MY (UTC+08:00)","2009022121420778","T025936921820","-","80.00","025 - Office","FC8C","2502","2860 - ","862,543.63","","-","LOH KWANG PENG","RCMS - CR FPX","","-"
"506061304070","Current Account","GENTING MALAYSIA BERHAD","MYR","2020-09-02 MY (UTC+08:00)","2020-09-02 MY (UTC+08:00)","11","199","1,000.00","1,000.00","-","-","02/Sep/2020 MY (UTC+08:00)","21:23 MY (UTC+08:00)","2009022122290091","T025937032820","-","70.00","025 - Office","FC8E","2502","2860 - ","862,613.63","","-","HOO KAY CHEE","RCMS - CR FPX","","-"
"506061304070","Current Account","GENTING MALAYSIA BERHAD","MYR","2020-09-02 MY (UTC+08:00)","2020-09-02 MY (UTC+08:00)","11","199","1,000.00","1,000.00","-","-","02/Sep/2020 MY (UTC+08:00)","21:25 MY (UTC+08:00)","2009022124270411","T025937265620","-","80.00","025 - Office","FC8A","2502","2860 - ","862,693.63","","-","THONG WEI PHUI","RCMS - CR FPX","","-"
"506061304070","Current Account","GENTING MALAYSIA BERHAD","MYR","2020-09-02 MY (UTC+08:00)","2020-09-02 MY (UTC+08:00)","11","199","1,000.00","1,000.00","-","-","02/Sep/2020 MY (UTC+08:00)","21:28 MY (UTC+08:00)","2009022127080919","T025937596520","-","110.00","025 - Office","FC8C","2502","2860 - ","862,803.63","","-","LAU CHEE KIN","RCMS - CR FPX","","-"
"506061304070","Current Account","GENTING MALAYSIA BERHAD","MYR","2020-09-02 MY (UTC+08:00)","2020-09-02 MY (UTC+08:00)","11","199","1,000.00","1,000.00","-","-","02/Sep/2020 MY (UTC+08:00)","21:34 MY (UTC+08:00)","2009022132170704","T025938215720","-","70.00","025 - Office","FC8A","2502","2860 - ","862,873.63","","-","PLOYNISA PITIPHONCHA","RCMS - CR FPX","","-"
"506061304070","Current Account","GENTING MALAYSIA BERHAD","MYR","2020-09-02 MY (UTC+08:00)","2020-09-02 MY (UTC+08:00)","11","199","1,000.00","1,000.00","-","-","02/Sep/2020 MY (UTC+08:00)","21:35 MY (UTC+08:00)","CMS - DR CORP CHG","B2CSE00037674","80.00","-","025 - Office","CBSX410N","2502","CDRCHG - CMS - DR CORP CHG","862,793.63","","-","","CMS - DR CORP CHG","","-"
"506061304070","Current Account","GENTING MALAYSIA BERHAD","MYR","2020-09-02 MY (UTC+08:00)","2020-09-02 MY (UTC+08:00)","11","199","1,000.00","1,000.00","-","-","02/Sep/2020 MY (UTC+08:00)","21:41 MY (UTC+08:00)","2009022139520528","T025939132520","-","70.00","025 - Office","FC8B","2502","2860 - ","862,863.63","","-","NG ZHONG REN","RCMS - CR FPX","","-"
"506061304070","Current Account","GENTING MALAYSIA BERHAD","MYR","2020-09-02 MY (UTC+08:00)","2020-09-02 MY (UTC+08:00)","11","199","1,000.00","1,000.00","-","-","02/Sep/2020 MY (UTC+08:00)","21:42 MY (UTC+08:00)","2009022141270141","T025939314620","-","70.00","025 - Office","FC8D","2502","2860 - ","862,933.63","","-","NAWAK SETARUCHI","RCMS - CR FPX","","-"
"506061304070","Current Account","GENTING MALAYSIA BERHAD","MYR","2020-09-02 MY (UTC+08:00)","2020-09-02 MY (UTC+08:00)","11","199","1,000.00","1,000.00","-","-","02/Sep/2020 MY (UTC+08:00)","21:45 MY (UTC+08:00)","2009022144210767","T025939649420","-","70.00","025 - Office","FC8D","2502","2860 - ","863,003.63","","-","TANG CHOY YANG","RCMS - CR FPX","","-"
"506061304070","Current Account","GENTING MALAYSIA BERHAD","MYR","2020-09-02 MY (UTC+08:00)","2020-09-02 MY (UTC+08:00)","11","199","1,000.00","1,000.00","-","-","02/Sep/2020 MY (UTC+08:00)","21:45 MY (UTC+08:00)","2009022145020894","T025939718120","-","80.00","025 - Office","FC8A","2502","2860 - ","863,083.63","","-","YONG YEONG JIUN","RCMS - CR FPX","","-"
"506061304070","Current Account","GENTING MALAYSIA BERHAD","MYR","2020-09-02 MY (UTC+08:00)","2020-09-02 MY (UTC+08:00)","11","199","1,000.00","1,000.00","-","-","02/Sep/2020 MY (UTC+08:00)","21:52 MY (UTC+08:00)","2009022151200297","T025940384720","-","140.00","025 - Office","FC8C","2502","2860 - ","863,223.63","","-","WONG HING YOU","RCMS - CR FPX","","-"
"506061304070","Current Account","GENTING MALAYSIA BERHAD","MYR","2020-09-02 MY (UTC+08:00)","2020-09-02 MY (UTC+08:00)","11","199","1,000.00","1,000.00","-","-","02/Sep/2020 MY (UTC+08:00)","21:57 MY (UTC+08:00)","2009022156190421","T025940988020","-","80.00","025 - Office","FC8C","2502","2860 - ","863,303.63","","-","GRACIA JOSHUA A/P TH","RCMS - CR FPX","","-"
"506061304070","Current Account","GENTING MALAYSIA BERHAD","MYR","2020-09-02 MY (UTC+08:00)","2020-09-02 MY (UTC+08:00)","11","199","1,000.00","1,000.00","-","-","02/Sep/2020 MY (UTC+08:00)","21:59 MY (UTC+08:00)","2009022157100727","T025941069920","-","70.00","025 - Office","FC8A","2502","2860 - ","863,373.63","","-","LEONG HOO YEN","RCMS - CR FPX","","-"
"506061304070","Current Account","GENTING MALAYSIA BERHAD","MYR","2020-09-02 MY (UTC+08:00)","2020-09-02 MY (UTC+08:00)","11","199","1,000.00","1,000.00","-","-","02/Sep/2020 MY (UTC+08:00)","22:01 MY (UTC+08:00)","2009022200480514","T025941483020","-","140.00","025 - Office","FC8A","2502","2860 - ","863,513.63","","-","TEOH CHIA EN","RCMS - CR FPX","","-"
"506061304070","Current Account","GENTING MALAYSIA BERHAD","MYR","2020-09-02 MY (UTC+08:00)","2020-09-02 MY (UTC+08:00)","11","199","1,000.00","1,000.00","-","-","02/Sep/2020 MY (UTC+08:00)","22:09 MY (UTC+08:00)","2009022207120956","T025942193120","-","170.00","025 - Office","FC8D","2502","2860 - ","863,683.63","","-","KOK CHEE TENG","RCMS - CR FPX","","-"
"506061304070","Current Account","GENTING MALAYSIA BERHAD","MYR","2020-09-02 MY (UTC+08:00)","2020-09-02 MY (UTC+08:00)","11","199","1,000.00","1,000.00","-","-","02/Sep/2020 MY (UTC+08:00)","22:10 MY (UTC+08:00)","2009022208570094","T025942401620","-","220.00","025 - Office","FC8A","2502","2860 - ","863,903.63","","-","YAP CHUN PHENG","RCMS - CR FPX","","-"
"506061304070","Current Account","GENTING MALAYSIA BERHAD","MYR","2020-09-02 MY (UTC+08:00)","2020-09-02 MY (UTC+08:00)","11","199","1,000.00","1,000.00","-","-","02/Sep/2020 MY (UTC+08:00)","22:15 MY (UTC+08:00)","2009022214420424","T025943028320","-","80.00","025 - Office","FC8B","2502","2860 - ","863,983.63","","-","ELAINE LIEW POH YUE","RCMS - CR FPX","","-"
"506061304070","Current Account","GENTING MALAYSIA BERHAD","MYR","2020-09-02 MY (UTC+08:00)","2020-09-02 MY (UTC+08:00)","11","199","1,000.00","1,000.00","-","-","02/Sep/2020 MY (UTC+08:00)","22:25 MY (UTC+08:00)","2009022224100584","T025943987720","-","199.00","025 - Office","FC8C","2502","2860 - ","864,182.63","","-","MOHD AZMI B MOHD YUS","RCMS - CR FPX","","-"
"506061304070","Current Account","GENTING MALAYSIA BERHAD","MYR","2020-09-02 MY (UTC+08:00)","2020-09-02 MY (UTC+08:00)","11","199","1,000.00","1,000.00","-","-","02/Sep/2020 MY (UTC+08:00)","22:31 MY (UTC+08:00)","2009022231020154","T025944779120","-","180.00","025 - Office","FC8A","2502","2860 - ","864,362.63","","-","FANG SEOW LING","RCMS - CR FPX","","-"
"506061304070","Current Account","GENTING MALAYSIA BERHAD","MYR","2020-09-02 MY (UTC+08:00)","2020-09-02 MY (UTC+08:00)","11","199","1,000.00","1,000.00","-","-","02/Sep/2020 MY (UTC+08:00)","22:40 MY (UTC+08:00)","2009022240070652","T025945681820","-","70.00","025 - Office","FC92","2502","2860 - ","864,432.63","","-","NUR AFFINA BINTI ZAI","RCMS - CR FPX","","-"
"506061304070","Current Account","GENTING MALAYSIA BERHAD","MYR","2020-09-02 MY (UTC+08:00)","2020-09-02 MY (UTC+08:00)","11","199","1,000.00","1,000.00","-","-","02/Sep/2020 MY (UTC+08:00)","22:43 MY (UTC+08:00)","2009022242170677","T025945869320","-","80.00","025 - Office","FC8B","2502","2860 - ","864,512.63","","-","TAN CHUEN YAN","RCMS - CR FPX","","-"
"506061304070","Current Account","GENTING MALAYSIA BERHAD","MYR","2020-09-02 MY (UTC+08:00)","2020-09-02 MY (UTC+08:00)","11","199","1,000.00","1,000.00","-","-","02/Sep/2020 MY (UTC+08:00)","22:51 MY (UTC+08:00)","2009022250010701","T025946619920","-","220.00","025 - Office","FC8A","2502","2860 - ","864,732.63","","-","MR TAN KIEN BOON","RCMS - CR FPX","","-"
"506061304070","Current Account","GENTING MALAYSIA BERHAD","MYR","2020-09-02 MY (UTC+08:00)","2020-09-02 MY (UTC+08:00)","11","199","1,000.00","1,000.00","-","-","02/Sep/2020 MY (UTC+08:00)","22:53 MY (UTC+08:00)","2009022252150696","T025946833220","-","70.00","025 - Office","FC8A","2502","2860 - ","864,802.63","","-","LEE HOOI YEE","RCMS - CR FPX","","-"
"506061304070","Current Account","GENTING MALAYSIA BERHAD","MYR","2020-09-02 MY (UTC+08:00)","2020-09-02 MY (UTC+08:00)","11","199","1,000.00","1,000.00","-","-","02/Sep/2020 MY (UTC+08:00)","22:55 MY (UTC+08:00)","2009022254230597","T025946973920","-","189.00","025 - Office","FC8E","2502","2860 - ","864,991.63","","-","LOW BOON BEE","RCMS - CR FPX","","-"
"506061304070","Current Account","GENTING MALAYSIA BERHAD","MYR","2020-09-02 MY (UTC+08:00)","2020-09-02 MY (UTC+08:00)","11","199","1,000.00","1,000.00","-","-","02/Sep/2020 MY (UTC+08:00)","22:55 MY (UTC+08:00)","2009022254450096","T025947072020","-","70.00","025 - Office","FC8B","2502","2860 - ","865,061.63","","-","ARVIND RAJ A/L RAJEN","RCMS - CR FPX","","-"
"506061304070","Current Account","GENTING MALAYSIA BERHAD","MYR","2020-09-02 MY (UTC+08:00)","2020-09-02 MY (UTC+08:00)","11","199","1,000.00","1,000.00","-","-","02/Sep/2020 MY (UTC+08:00)","23:14 MY (UTC+08:00)","2009022313010201","T025948623620","-","70.00","025 - Office","FC8A","2502","2860 - ","865,131.63","","-","DAVIC HARTONO","RCMS - CR FPX","","-"
"506061304070","Current Account","GENTING MALAYSIA BERHAD","MYR","2020-09-02 MY (UTC+08:00)","2020-09-02 MY (UTC+08:00)","11","199","1,000.00","1,000.00","-","-","02/Sep/2020 MY (UTC+08:00)","23:14 MY (UTC+08:00)","2009022313370973","T025948575020","-","140.00","025 - Office","FC8C","2502","2860 - ","865,271.63","","-","YU CHUN HAO","RCMS - CR FPX","","-"
"506061304070","Current Account","GENTING MALAYSIA BERHAD","MYR","2020-09-02 MY (UTC+08:00)","2020-09-02 MY (UTC+08:00)","11","199","1,000.00","1,000.00","-","-","02/Sep/2020 MY (UTC+08:00)","23:15 MY (UTC+08:00)","2009022314300090","T025948776320","-","70.00","025 - Office","FC8C","2502","2860 - ","865,341.63","","-","YONG CHOOI VEE","RCMS - CR FPX","","-"
"506061304070","Current Account","GENTING MALAYSIA BERHAD","MYR","2020-09-02 MY (UTC+08:00)","2020-09-02 MY (UTC+08:00)","11","199","1,000.00","1,000.00","-","-","02/Sep/2020 MY (UTC+08:00)","23:27 MY (UTC+08:00)","2009022327030335","T025949796920","-","80.00","025 - Office","FC8A","2502","2860 - ","865,421.63","","-","FOO SHI HE","RCMS - CR FPX","","-"
"506061304070","Current Account","GENTING MALAYSIA BERHAD","MYR","2020-09-02 MY (UTC+08:00)","2020-09-02 MY (UTC+08:00)","11","199","1,000.00","1,000.00","-","-","02/Sep/2020 MY (UTC+08:00)","23:29 MY (UTC+08:00)","2009022328480259","T025949917520","-","440.00","025 - Office","FC8A","2502","2860 - ","865,861.63","","-","DAYANG HAPIPAH BINTI","RCMS - CR FPX","","-"
"506061304070","Current Account","GENTING MALAYSIA BERHAD","MYR","2020-09-02 MY (UTC+08:00)","2020-09-02 MY (UTC+08:00)","11","199","1,000.00","1,000.00","-","-","02/Sep/2020 MY (UTC+08:00)","23:41 MY (UTC+08:00)","2009022340190711","T025950724820","-","180.00","025 - Office","FC8A","2502","2860 - ","866,041.63","","-","LOW JIA HUI","RCMS - CR FPX","","-"
"506061304070","Current Account","GENTING MALAYSIA BERHAD","MYR","2020-09-02 MY (UTC+08:00)","2020-09-02 MY (UTC+08:00)","11","199","1,000.00","1,000.00","-","-","02/Sep/2020 MY (UTC+08:00)","23:57 MY (UTC+08:00)","2009022356360230","T025951746620","-","240.00","025 - Office","FC8A","2502","2860 - ","866,281.63","","-","SOW ENG KAK","RCMS - CR FPX","","-"
"506061304070","Current Account","GENTING MALAYSIA BERHAD","MYR","2020-09-02 MY (UTC+08:00)","2020-09-02 MY (UTC+08:00)","11","199","1,000.00","1,000.00","-","-","02/Sep/2020 MY (UTC+08:00)","00:46 MY (UTC+08:00)","QRCASA SALES M/N 0070588 DATED 02092020","","-","0.20","011 - System","CBSX425P","2988","8301 - BILLS PAYMENT CREDIT","866,281.83","","-","","","","-"
"506061304070","Current Account","GENTING MALAYSIA BERHAD","MYR","2020-09-02 MY (UTC+08:00)","2020-09-02 MY (UTC+08:00)","11","199","1,000.00","1,000.00","-","-","02/Sep/2020 MY (UTC+08:00)","00:46 MY (UTC+08:00)","QRCASA SALES M/N 0035268 DATED 02092020","","-","0.87","011 - System","CBSX425P","2988","8301 - BILLS PAYMENT CREDIT","866,282.70","","-","","","","-"
"506061304070","Current Account","GENTING MALAYSIA BERHAD","MYR","2020-09-02 MY (UTC+08:00)","2020-09-02 MY (UTC+08:00)","11","199","1,000.00","1,000.00","-","-","02/Sep/2020 MY (UTC+08:00)","00:46 MY (UTC+08:00)","QRCASA SALES M/N 0035433 DATED 02092020","","-","65.00","011 - System","CBSX425P","2988","8301 - BILLS PAYMENT CREDIT","866,347.70","","-","","","","-"
"506061304070","Current Account","GENTING MALAYSIA BERHAD","MYR","2020-09-02 MY (UTC+08:00)","2020-09-02 MY (UTC+08:00)","11","199","1,000.00","1,000.00","-","-","02/Sep/2020 MY (UTC+08:00)","00:47 MY (UTC+08:00)","QRCASA REFUND M/N 0070588 DATED 02092020","","0.20","-","011 - System","CBSX425P","2988","6423 - ","866,347.50","","-","","","","-"
"506061304070","Current Account","GENTING MALAYSIA BERHAD","MYR","2020-09-02 MY (UTC+08:00)","2020-09-02 MY (UTC+08:00)","11","199","1,000.00","1,000.00","-","-","02/Sep/2020 MY (UTC+08:00)","00:47 MY (UTC+08:00)","S/C TRANS VIA QRPAY 000027060035433","","0.16","-","011 - System","CBSX4237","2996","PCSCDR - PAYEE CORP SERVICE CHARGE DEBIT","866,347.34","","-","","","","-"
"506061304070","Current Account","GENTING MALAYSIA BERHAD","MYR","2020-09-02 MY (UTC+08:00)","2020-09-02 MY (UTC+08:00)","11","199","1,000.00","1,000.00","-","-","02/Sep/2020 MY (UTC+08:00)","01:39 MY (UTC+08:00)","GENTING MALAYSIA BERHAD","514011468149","878,502.65","-","011 - System","BTCH6587","0606","XFRDR - FUND TRANSFER DEBIT","-12,155.31","","-","","","","-"
"506061304070","Current Account","GENTING MALAYSIA BERHAD","MYR","2020-09-02 MY (UTC+08:00)","2020-09-02 MY (UTC+08:00)","11","199","1,000.00","1,000.00","-","-","02/Sep/2020 MY (UTC+08:00)","01:39 MY (UTC+08:00)","XFR DEBIT SVC CHARGE","","2.00","-","011 - System","BTCH6587","0606","XFRDRSVC - SERVICE CHARGE","-12,157.31","","-","","","","-"
"506061304070","Current Account","GENTING MALAYSIA BERHAD","MYR","2020-09-02 MY (UTC+08:00)","2020-09-02 MY (UTC+08:00)","11","199","1,000.00","1,000.00","-","-","02/Sep/2020 MY (UTC+08:00)","02:43 MY (UTC+08:00)","DR/CARD SALES M/N 4000006 DATED 01092020","","-","39.00","006 - Pos","CBSX408R","2977","8300 - CREDIT ACCOUNT","-12,118.31","","-","","","","-"
"506061304070","Current Account","GENTING MALAYSIA BERHAD","MYR","2020-09-02 MY (UTC+08:00)","2020-09-02 MY (UTC+08:00)","11","199","1,000.00","1,000.00","-","-","02/Sep/2020 MY (UTC+08:00)","02:43 MY (UTC+08:00)","DR/CARD SALES M/N 4183000 DATED 01092020","","-","105.00","006 - Pos","CBSX408R","2977","8300 - CREDIT ACCOUNT","-12,013.31","","-","","","","-"
"506061304070","Current Account","GENTING MALAYSIA BERHAD","MYR","2020-09-02 MY (UTC+08:00)","2020-09-02 MY (UTC+08:00)","11","199","1,000.00","1,000.00","-","-","02/Sep/2020 MY (UTC+08:00)","02:43 MY (UTC+08:00)","DR/CARD SALES M/N 4000006 DATED 01092020","","0.10","-","011 - System","CBSX408R","2981","BCHARGE - ELECTRONIC TRANSACTION CHARGES","-12,013.41","","-","","","","-"
"506061304070","Current Account","GENTING MALAYSIA BERHAD","MYR","2020-09-02 MY (UTC+08:00)","2020-09-02 MY (UTC+08:00)","11","199","1,000.00","1,000.00","-","-","02/Sep/2020 MY (UTC+08:00)","02:43 MY (UTC+08:00)","DR/CARD SALES M/N 4183000 DATED 01092020","","0.26","-","011 - System","CBSX408R","2981","BCHARGE - ELECTRONIC TRANSACTION CHARGES","-12,013.67","","-","","","","-"
"506061304070","Current Account","GENTING MALAYSIA BERHAD","MYR","2020-09-02 MY (UTC+08:00)","2020-09-02 MY (UTC+08:00)","11","199","1,000.00","1,000.00","-","-","02/Sep/2020 MY (UTC+08:00)","02:45 MY (UTC+08:00)","DR/CARD SALES M/N 4183000 DATED 01092020","","-","26.00","006 - Pos","CBSX408R","3121","8300 - CREDIT ACCOUNT","-11,987.67","","-","","","","-"
"506061304070","Current Account","GENTING MALAYSIA BERHAD","MYR","2020-09-02 MY (UTC+08:00)","2020-09-02 MY (UTC+08:00)","11","199","1,000.00","1,000.00","-","-","02/Sep/2020 MY (UTC+08:00)","02:45 MY (UTC+08:00)","DR/CARD SALES M/N 4239893 DATED 01092020","","-","143.00","006 - Pos","CBSX408R","3121","8300 - CREDIT ACCOUNT","-11,844.67","","-","","","","-"
"506061304070","Current Account","GENTING MALAYSIA BERHAD","MYR","2020-09-02 MY (UTC+08:00)","2020-09-02 MY (UTC+08:00)","11","199","1,000.00","1,000.00","-","-","02/Sep/2020 MY (UTC+08:00)","02:45 MY (UTC+08:00)","DR/CARD SALES M/N 4000006 DATED 01092020","","-","147.00","006 - Pos","CBSX408R","3121","8300 - CREDIT ACCOUNT","-11,697.67","","-","","","","-"
"506061304070","Current Account","GENTING MALAYSIA BERHAD","MYR","2020-09-02 MY (UTC+08:00)","2020-09-02 MY (UTC+08:00)","11","199","1,000.00","1,000.00","-","-","02/Sep/2020 MY (UTC+08:00)","02:46 MY (UTC+08:00)","DR/CARD SALES M/N 4183000 DATED 01092020","","0.07","-","011 - System","CBSX408R","2981","BCHARGE - ELECTRONIC TRANSACTION CHARGES","-11,697.74","","-","","","","-"
"506061304070","Current Account","GENTING MALAYSIA BERHAD","MYR","2020-09-02 MY (UTC+08:00)","2020-09-02 MY (UTC+08:00)","11","199","1,000.00","1,000.00","-","-","02/Sep/2020 MY (UTC+08:00)","02:46 MY (UTC+08:00)","DR/CARD SALES M/N 4239893 DATED 01092020","","0.36","-","011 - System","CBSX408R","2981","BCHARGE - ELECTRONIC TRANSACTION CHARGES","-11,698.10","","-","","","","-"
"506061304070","Current Account","GENTING MALAYSIA BERHAD","MYR","2020-09-02 MY (UTC+08:00)","2020-09-02 MY (UTC+08:00)","11","199","1,000.00","1,000.00","-","-","02/Sep/2020 MY (UTC+08:00)","02:46 MY (UTC+08:00)","DR/CARD SALES M/N 4000006 DATED 01092020","","0.37","-","011 - System","CBSX408R","2981","BCHARGE - ELECTRONIC TRANSACTION CHARGES","-11,698.47","","-","","","","-"
"506061304070","Current Account","GENTING MALAYSIA BERHAD","MYR","2020-09-02 MY (UTC+08:00)","2020-09-02 MY (UTC+08:00)","11","199","1,000.00","1,000.00","-","-","02/Sep/2020 MY (UTC+08:00)","04:27 MY (UTC+08:00)","2009020028550109","T025812167120","-","110.00","025 - Office","FC8A","2502","2860 - ","-11,588.47","","-","TAN ZHEN PENG","RCMS - CR FPX","","-"
"506061304070","Current Account","GENTING MALAYSIA BERHAD","MYR","2020-09-02 MY (UTC+08:00)","2020-09-02 MY (UTC+08:00)","11","199","1,000.00","1,000.00","-","-","02/Sep/2020 MY (UTC+08:00)","04:27 MY (UTC+08:00)","2009020037590864","T025812885920","-","70.00","025 - Office","FC8A","2502","2860 - ","-11,518.47","","-","LIAU JIN MENG","RCMS - CR FPX","","-"
"506061304070","Current Account","GENTING MALAYSIA BERHAD","MYR","2020-09-02 MY (UTC+08:00)","2020-09-02 MY (UTC+08:00)","11","199","1,000.00","1,000.00","-","-","02/Sep/2020 MY (UTC+08:00)","04:27 MY (UTC+08:00)","2009020055240141","T025813548320","-","80.00","025 - Office","FC8B","2502","2860 - ","-11,438.47","","-","SHIRLEY WONG YIN HUE","RCMS - CR FPX","","-"
"506061304070","Current Account","GENTING MALAYSIA BERHAD","MYR","2020-09-02 MY (UTC+08:00)","2020-09-02 MY (UTC+08:00)","11","199","1,000.00","1,000.00","-","-","02/Sep/2020 MY (UTC+08:00)","04:27 MY (UTC+08:00)","2009020104040694","T025813854620","-","110.00","025 - Office","FC8A","2502","2860 - ","-11,328.47","","-","MUHAMMAD ZULFIKRI BI","RCMS - CR FPX","","-"
"506061304070","Current Account","GENTING MALAYSIA BERHAD","MYR","2020-09-02 MY (UTC+08:00)","2020-09-02 MY (UTC+08:00)","11","199","1,000.00","1,000.00","-","-","02/Sep/2020 MY (UTC+08:00)","04:27 MY (UTC+08:00)","2009020106070559","T025813914020","-","110.00","025 - Office","FC8A","2502","2860 - ","-11,218.47","","-","MUHAMMAD ZULFIKRI BI","RCMS - CR FPX","","-"
"506061304070","Current Account","GENTING MALAYSIA BERHAD","MYR","2020-09-02 MY (UTC+08:00)","2020-09-02 MY (UTC+08:00)","11","199","1,000.00","1,000.00","-","-","02/Sep/2020 MY (UTC+08:00)","04:27 MY (UTC+08:00)","2009020123550787","T025814384720","-","180.00","025 - Office","FC8B","2502","2860 - ","-11,038.47","","-","LOW HUI RU","RCMS - CR FPX","","-"
"506061304070","Current Account","GENTING MALAYSIA BERHAD","MYR","2020-09-02 MY (UTC+08:00)","2020-09-02 MY (UTC+08:00)","11","199","1,000.00","1,000.00","-","-","02/Sep/2020 MY (UTC+08:00)","04:27 MY (UTC+08:00)","2009020131060006","T025814564120","-","180.00","025 - Office","FC8A","2502","2860 - ","-10,858.47","","-","LEE KUI FOUNG","RCMS - CR FPX","","-"
"506061304070","Current Account","GENTING MALAYSIA BERHAD","MYR","2020-09-02 MY (UTC+08:00)","2020-09-02 MY (UTC+08:00)","11","199","1,000.00","1,000.00","-","-","02/Sep/2020 MY (UTC+08:00)","04:27 MY (UTC+08:00)","2009020132370460","T025814608220","-","180.00","025 - Office","FC8A","2502","2860 - ","-10,678.47","","-","GOH FUNG YIN","RCMS - CR FPX","","-"
"506061304070","Current Account","GENTING MALAYSIA BERHAD","MYR","2020-09-02 MY (UTC+08:00)","2020-09-02 MY (UTC+08:00)","11","199","1,000.00","1,000.00","-","-","02/Sep/2020 MY (UTC+08:00)","04:27 MY (UTC+08:00)","2009020135160265","T025814667920","-","170.00","025 - Office","FC8A","2502","2860 - ","-10,508.47","","-","LIANG YEE HOONG","RCMS - CR FPX","","-"
"506061304070","Current Account","GENTING MALAYSIA BERHAD","MYR","2020-09-02 MY (UTC+08:00)","2020-09-02 MY (UTC+08:00)","11","199","1,000.00","1,000.00","-","-","02/Sep/2020 MY (UTC+08:00)","04:27 MY (UTC+08:00)","2009020200170706","T025815190820","-","275.00","025 - Office","FC8A","2502","2860 - ","-10,233.47","","-","MOHD RIDZUAN BIN YUS","RCMS - CR FPX","","-"
"506061304070","Current Account","GENTING MALAYSIA BERHAD","MYR","2020-09-02 MY (UTC+08:00)","2020-09-02 MY (UTC+08:00)","11","199","1,000.00","1,000.00","-","-","02/Sep/2020 MY (UTC+08:00)","04:27 MY (UTC+08:00)","2009020230220588","T025815672620","-","170.00","025 - Office","FC8A","2502","2860 - ","-10,063.47","","-","LIM JIUN YI","RCMS - CR FPX","","-"
"506061304070","Current Account","GENTING MALAYSIA BERHAD","MYR","2020-09-02 MY (UTC+08:00)","2020-09-02 MY (UTC+08:00)","11","199","1,000.00","1,000.00","-","-","02/Sep/2020 MY (UTC+08:00)","04:27 MY (UTC+08:00)","2009020248240502","T025815939320","-","70.00","025 - Office","FC8A","2502","2860 - ","-9,993.47","","-","LEE SIEW CHIN","RCMS - CR FPX","","-"
"506061304070","Current Account","GENTING MALAYSIA BERHAD","MYR","2020-09-02 MY (UTC+08:00)","2020-09-02 MY (UTC+08:00)","11","199","1,000.00","1,000.00","-","-","02/Sep/2020 MY (UTC+08:00)","04:48 MY (UTC+08:00)","2009020447020037","T025823071520","-","80.00","025 - Office","FC8A","2502","2860 - ","-9,913.47","","-","KANG AI HIONG","RCMS - CR FPX","","-"
"506061304070","Current Account","GENTING MALAYSIA BERHAD","MYR","2020-09-02 MY (UTC+08:00)","2020-09-02 MY (UTC+08:00)","11","199","1,000.00","1,000.00","-","-","02/Sep/2020 MY (UTC+08:00)","05:45 MY (UTC+08:00)","9204280879 CR/CARD SALES  DATED 02092020","08790209","-","250.79","011 - System","CBSX4498","3104","2210 - CARDS CREDIT","-9,662.68","","-","","","","-"
"506061304070","Current Account","GENTING MALAYSIA BERHAD","MYR","2020-09-02 MY (UTC+08:00)","2020-09-02 MY (UTC+08:00)","11","199","1,000.00","1,000.00","-","-","02/Sep/2020 MY (UTC+08:00)","05:45 MY (UTC+08:00)","9207003443 CR/CARD SALES  DATED 02092020","34430209","-","1,032.67","011 - System","CBSX4498","3104","2210 - CARDS CREDIT","-8,630.01","","-","","","","-"
"506061304070","Current Account","GENTING MALAYSIA BERHAD","MYR","2020-09-02 MY (UTC+08:00)","2020-09-02 MY (UTC+08:00)","11","199","1,000.00","1,000.00","-","-","02/Sep/2020 MY (UTC+08:00)","05:45 MY (UTC+08:00)","9204453906 CR/CARD SALES  DATED 02092020","39060209","-","703.20","011 - System","CBSX4498","3104","2210 - CARDS CREDIT","-7,926.81","","-","","","","-"
"506061304070","Current Account","GENTING MALAYSIA BERHAD","MYR","2020-09-02 MY (UTC+08:00)","2020-09-02 MY (UTC+08:00)","11","199","1,000.00","1,000.00","-","-","02/Sep/2020 MY (UTC+08:00)","05:45 MY (UTC+08:00)","9204094775 CR/CARD SALES  DATED 02092020","47750209","-","131.79","011 - System","CBSX4498","3104","2210 - CARDS CREDIT","-7,795.02","","-","","","","-"
"506061304070","Current Account","GENTING MALAYSIA BERHAD","MYR","2020-09-02 MY (UTC+08:00)","2020-09-02 MY (UTC+08:00)","11","199","1,000.00","1,000.00","-","-","02/Sep/2020 MY (UTC+08:00)","05:45 MY (UTC+08:00)","9204144851 CR/CARD SALES  DATED 02092020","48510209","-","21.64","011 - System","CBSX4498","3104","2210 - CARDS CREDIT","-7,773.38","","-","","","","-"
"506061304070","Current Account","GENTING MALAYSIA BERHAD","MYR","2020-09-02 MY (UTC+08:00)","2020-09-02 MY (UTC+08:00)","11","199","1,000.00","1,000.00","-","-","02/Sep/2020 MY (UTC+08:00)","05:45 MY (UTC+08:00)","9204135032 CR/CARD SALES  DATED 02092020","50320209","-","2,842.91","011 - System","CBSX4498","3104","2210 - CARDS CREDIT","-4,930.47","","-","","","","-"
"506061304070","Current Account","GENTING MALAYSIA BERHAD","MYR","2020-09-02 MY (UTC+08:00)","2020-09-02 MY (UTC+08:00)","11","199","1,000.00","1,000.00","-","-","02/Sep/2020 MY (UTC+08:00)","05:45 MY (UTC+08:00)","9204055164 CR/CARD SALES  DATED 02092020","51640209","-","54.09","011 - System","CBSX4498","3104","2210 - CARDS CREDIT","-4,876.38","","-","","","","-"
"506061304070","Current Account","GENTING MALAYSIA BERHAD","MYR","2020-09-02 MY (UTC+08:00)","2020-09-02 MY (UTC+08:00)","11","199","1,000.00","1,000.00","-","-","02/Sep/2020 MY (UTC+08:00)","05:45 MY (UTC+08:00)","9870206851 CR/CARD SALES  DATED 02092020","68510209","-","42.29","011 - System","CBSX4498","3104","2210 - CARDS CREDIT","-4,834.09","","-","","","","-"
"506061304070","Current Account","GENTING MALAYSIA BERHAD","MYR","2020-09-02 MY (UTC+08:00)","2020-09-02 MY (UTC+08:00)","11","199","1,000.00","1,000.00","-","-","02/Sep/2020 MY (UTC+08:00)","05:45 MY (UTC+08:00)","9204106918 CR/CARD SALES  DATED 02092020","69180209","-","786.80","011 - System","CBSX4498","3104","2210 - CARDS CREDIT","-4,047.29","","-","","","","-"
"506061304070","Current Account","GENTING MALAYSIA BERHAD","MYR","2020-09-02 MY (UTC+08:00)","2020-09-02 MY (UTC+08:00)","11","199","1,000.00","1,000.00","-","-","02/Sep/2020 MY (UTC+08:00)","05:45 MY (UTC+08:00)","9204277883 CR/CARD SALES  DATED 02092020","78830209","-","317.67","011 - System","CBSX4498","3104","2210 - CARDS CREDIT","-3,729.62","","-","","","","-"
"506061304070","Current Account","GENTING MALAYSIA BERHAD","MYR","2020-09-02 MY (UTC+08:00)","2020-09-02 MY (UTC+08:00)","11","199","1,000.00","1,000.00","-","-","02/Sep/2020 MY (UTC+08:00)","05:45 MY (UTC+08:00)","9204079313 CR/CARD SALES  DATED 02092020","93130209","-","2,831.49","011 - System","CBSX4498","3104","2210 - CARDS CREDIT","-898.13","","-","","","","-"
"506061304070","Current Account","GENTING MALAYSIA BERHAD","MYR","2020-09-02 MY (UTC+08:00)","2020-09-02 MY (UTC+08:00)","11","199","1,000.00","1,000.00","-","-","02/Sep/2020 MY (UTC+08:00)","05:45 MY (UTC+08:00)","9204219414 CR/CARD SALES  DATED 02092020","94140209","-","1,898.13","011 - System","CBSX4498","3104","2210 - CARDS CREDIT","1,000.00","","-","","","","-"
