﻿Account Number,Account Type,Account Name,Account Currency,Date From,Date To,Total Debit,Total Credit,Begin Balance,End Balance,Transaction Date,Transaction Time,Posting Date,Processing Time,Transaction Description,Transaction Ref,Debit,Credit,Source Code,Teller ID,Branch/Channel,Transaction Code,End Balance,Filler,Virtual Account,Transaction Description 2,Transaction Description 3,Transaction Description 4,Expiry Date
"506061304070","Current Account","GENTING MALAYSIA BERHAD","MYR","2020-09-05 MY (UTC+08:00)","2020-09-05 MY (UTC+08:00)","8","186","1,000.00","1,000.00","-","-","05/Sep/2020 MY (UTC+08:00)","06:00 MY (UTC+08:00)","RFD 05092020","DEBIT BALANCE","862.17","-","011 - System","CBSX426Q","2719","CCREFUND - ","137.83","","-","MN 027004000006","CREDIT CARD REFUND","","-"
"506061304070","Current Account","GENTING MALAYSIA BERHAD","MYR","2020-09-05 MY (UTC+08:00)","2020-09-05 MY (UTC+08:00)","8","186","1,000.00","1,000.00","-","-","05/Sep/2020 MY (UTC+08:00)","07:00 MY (UTC+08:00)","2009050659370478","T026453829920","-","179.00","025 - Office","FC8B","2502","2860 - ","316.83","","-","LU KHENG ENG","RCMS - CR FPX","","-"
"506061304070","Current Account","GENTING MALAYSIA BERHAD","MYR","2020-09-05 MY (UTC+08:00)","2020-09-05 MY (UTC+08:00)","8","186","1,000.00","1,000.00","-","-","05/Sep/2020 MY (UTC+08:00)","07:13 MY (UTC+08:00)","2009050712290341","T026454318620","-","190.00","025 - Office","FC8A","2502","2860 - ","506.83","","-","MUHAMAD KHALIMUN BIN","RCMS - CR FPX","","-"
"506061304070","Current Account","GENTING MALAYSIA BERHAD","MYR","2020-09-05 MY (UTC+08:00)","2020-09-05 MY (UTC+08:00)","8","186","1,000.00","1,000.00","-","-","05/Sep/2020 MY (UTC+08:00)","07:17 MY (UTC+08:00)","2009050716240942","T026454467420","-","110.00","025 - Office","FC8A","2502","2860 - ","616.83","","-","TAN KIAN FU","RCMS - CR FPX","","-"
"506061304070","Current Account","GENTING MALAYSIA BERHAD","MYR","2020-09-05 MY (UTC+08:00)","2020-09-05 MY (UTC+08:00)","8","186","1,000.00","1,000.00","-","-","05/Sep/2020 MY (UTC+08:00)","08:35 MY (UTC+08:00)","2009050833480281","T026458702820","-","229.00","025 - Office","FC8B","2502","2860 - ","845.83","","-","CHANG CHOOI PENG","RCMS - CR FPX","","-"
"506061304070","Current Account","GENTING MALAYSIA BERHAD","MYR","2020-09-05 MY (UTC+08:00)","2020-09-05 MY (UTC+08:00)","8","186","1,000.00","1,000.00","-","-","05/Sep/2020 MY (UTC+08:00)","08:37 MY (UTC+08:00)","2009050836370460","T026458899920","-","229.00","025 - Office","FC8B","2502","2860 - ","1,074.83","","-","SEE CHEE KEONG","RCMS - CR FPX","","-"
"506061304070","Current Account","GENTING MALAYSIA BERHAD","MYR","2020-09-05 MY (UTC+08:00)","2020-09-05 MY (UTC+08:00)","8","186","1,000.00","1,000.00","-","-","05/Sep/2020 MY (UTC+08:00)","09:09 MY (UTC+08:00)","2009050908310983","T026461159520","-","249.00","025 - Office","FC8A","2502","2860 - ","1,323.83","","-","NUR HAZIRAH BINTI HA","RCMS - CR FPX","","-"
"506061304070","Current Account","GENTING MALAYSIA BERHAD","MYR","2020-09-05 MY (UTC+08:00)","2020-09-05 MY (UTC+08:00)","8","186","1,000.00","1,000.00","-","-","05/Sep/2020 MY (UTC+08:00)","09:15 MY (UTC+08:00)","2009050913440049","T026461822820","-","249.00","025 - Office","FC8B","2502","2860 - ","1,572.83","","-","AZIZ BIN SABERI","RCMS - CR FPX","","-"
"506061304070","Current Account","GENTING MALAYSIA BERHAD","MYR","2020-09-05 MY (UTC+08:00)","2020-09-05 MY (UTC+08:00)","8","186","1,000.00","1,000.00","-","-","05/Sep/2020 MY (UTC+08:00)","09:17 MY (UTC+08:00)","2009050916140508","T026462026520","-","229.00","025 - Office","FC8B","2502","2860 - ","1,801.83","","-","CHOO CHENG HWA","RCMS - CR FPX","","-"
"506061304070","Current Account","GENTING MALAYSIA BERHAD","MYR","2020-09-05 MY (UTC+08:00)","2020-09-05 MY (UTC+08:00)","8","186","1,000.00","1,000.00","-","-","05/Sep/2020 MY (UTC+08:00)","09:37 MY (UTC+08:00)","2009050936520647","T026463854420","-","70.00","025 - Office","FC8B","2502","2860 - ","1,871.83","","-","CHEW CHUN ENG","RCMS - CR FPX","","-"
"506061304070","Current Account","GENTING MALAYSIA BERHAD","MYR","2020-09-05 MY (UTC+08:00)","2020-09-05 MY (UTC+08:00)","8","186","1,000.00","1,000.00","-","-","05/Sep/2020 MY (UTC+08:00)","09:39 MY (UTC+08:00)","2009050938550851","T026464033220","-","140.00","025 - Office","FC8A","2502","2860 - ","2,011.83","","-","LIM GEOK CHIN","RCMS - CR FPX","","-"
"506061304070","Current Account","GENTING MALAYSIA BERHAD","MYR","2020-09-05 MY (UTC+08:00)","2020-09-05 MY (UTC+08:00)","8","186","1,000.00","1,000.00","-","-","05/Sep/2020 MY (UTC+08:00)","09:44 MY (UTC+08:00)","2009050942430943","T026464342520","-","140.00","025 - Office","FC8A","2502","2860 - ","2,151.83","","-","LIM GEOK CHIN","RCMS - CR FPX","","-"
"506061304070","Current Account","GENTING MALAYSIA BERHAD","MYR","2020-09-05 MY (UTC+08:00)","2020-09-05 MY (UTC+08:00)","8","186","1,000.00","1,000.00","-","-","05/Sep/2020 MY (UTC+08:00)","09:58 MY (UTC+08:00)","2009050957310094","T026465721620","-","229.00","025 - Office","FC8B","2502","2860 - ","2,380.83","","-","TEE WERN SHEN","RCMS - CR FPX","","-"
"506061304070","Current Account","GENTING MALAYSIA BERHAD","MYR","2020-09-05 MY (UTC+08:00)","2020-09-05 MY (UTC+08:00)","8","186","1,000.00","1,000.00","-","-","05/Sep/2020 MY (UTC+08:00)","10:03 MY (UTC+08:00)","2009051001580026","T026466120620","-","580.00","025 - Office","FC8A","2502","2860 - ","2,960.83","","-","NORHIDAYAH BINTI AHM","RCMS - CR FPX","","-"
"506061304070","Current Account","GENTING MALAYSIA BERHAD","MYR","2020-09-05 MY (UTC+08:00)","2020-09-05 MY (UTC+08:00)","8","186","1,000.00","1,000.00","-","-","05/Sep/2020 MY (UTC+08:00)","10:06 MY (UTC+08:00)","2009051005310260","T026466491420","-","80.00","025 - Office","FC8B","2502","2860 - ","3,040.83","","-","NOOR HAZWANI ADIBAH","RCMS - CR FPX","","-"
"506061304070","Current Account","GENTING MALAYSIA BERHAD","MYR","2020-09-05 MY (UTC+08:00)","2020-09-05 MY (UTC+08:00)","8","186","1,000.00","1,000.00","-","-","05/Sep/2020 MY (UTC+08:00)","10:09 MY (UTC+08:00)","2009051008440028","T026466786620","-","229.00","025 - Office","FC8B","2502","2860 - ","3,269.83","","-","LEE KENG LIN","RCMS - CR FPX","","-"
"506061304070","Current Account","GENTING MALAYSIA BERHAD","MYR","2020-09-05 MY (UTC+08:00)","2020-09-05 MY (UTC+08:00)","8","186","1,000.00","1,000.00","-","-","05/Sep/2020 MY (UTC+08:00)","10:12 MY (UTC+08:00)","2009051011080877","T026466957620","-","80.00","025 - Office","FC8C","2502","2860 - ","3,349.83","","-","ONG YOON KEAN","RCMS - CR FPX","","-"
"506061304070","Current Account","GENTING MALAYSIA BERHAD","MYR","2020-09-05 MY (UTC+08:00)","2020-09-05 MY (UTC+08:00)","8","186","1,000.00","1,000.00","-","-","05/Sep/2020 MY (UTC+08:00)","10:24 MY (UTC+08:00)","2009051024060490","T026468323220","-","229.00","025 - Office","FC8A","2502","2860 - ","3,578.83","","-","LEE KENG LIN","RCMS - CR FPX","","-"
"506061304070","Current Account","GENTING MALAYSIA BERHAD","MYR","2020-09-05 MY (UTC+08:00)","2020-09-05 MY (UTC+08:00)","8","186","1,000.00","1,000.00","-","-","05/Sep/2020 MY (UTC+08:00)","10:40 MY (UTC+08:00)","2009051039370519","T026469957620","-","249.00","025 - Office","FC8B","2502","2860 - ","3,827.83","","-","NIK AMAN BIN NIK MAN","RCMS - CR FPX","","-"
"506061304070","Current Account","GENTING MALAYSIA BERHAD","MYR","2020-09-05 MY (UTC+08:00)","2020-09-05 MY (UTC+08:00)","8","186","1,000.00","1,000.00","-","-","05/Sep/2020 MY (UTC+08:00)","10:41 MY (UTC+08:00)","2009051041000256","T026470156520","-","800.00","025 - Office","FC8C","2502","2860 - ","4,627.83","","-","KONG YIK FOONG","RCMS - CR FPX","","-"
"506061304070","Current Account","GENTING MALAYSIA BERHAD","MYR","2020-09-05 MY (UTC+08:00)","2020-09-05 MY (UTC+08:00)","8","186","1,000.00","1,000.00","-","-","05/Sep/2020 MY (UTC+08:00)","10:43 MY (UTC+08:00)","2009051042330257","T026470321520","-","229.00","025 - Office","FC8D","2502","2860 - ","4,856.83","","-","GAN CHEE KHIAM","RCMS - CR FPX","","-"
"506061304070","Current Account","GENTING MALAYSIA BERHAD","MYR","2020-09-05 MY (UTC+08:00)","2020-09-05 MY (UTC+08:00)","8","186","1,000.00","1,000.00","-","-","05/Sep/2020 MY (UTC+08:00)","10:45 MY (UTC+08:00)","2009051044320867","T026470541120","-","140.00","025 - Office","FC8A","2502","2860 - ","4,996.83","","-","LIOW HOCK HEI","RCMS - CR FPX","","-"
"506061304070","Current Account","GENTING MALAYSIA BERHAD","MYR","2020-09-05 MY (UTC+08:00)","2020-09-05 MY (UTC+08:00)","8","186","1,000.00","1,000.00","-","-","05/Sep/2020 MY (UTC+08:00)","10:48 MY (UTC+08:00)","2009051048020458","T026470885220","-","200.00","025 - Office","FC8A","2502","2860 - ","5,196.83","","-","LOW SIEW GI","RCMS - CR FPX","","-"
"506061304070","Current Account","GENTING MALAYSIA BERHAD","MYR","2020-09-05 MY (UTC+08:00)","2020-09-05 MY (UTC+08:00)","8","186","1,000.00","1,000.00","-","-","05/Sep/2020 MY (UTC+08:00)","10:52 MY (UTC+08:00)","2009051051170782","T026471295020","-","80.00","025 - Office","FC8A","2502","2860 - ","5,276.83","","-","KHAW CHU HOW","RCMS - CR FPX","","-"
"506061304070","Current Account","GENTING MALAYSIA BERHAD","MYR","2020-09-05 MY (UTC+08:00)","2020-09-05 MY (UTC+08:00)","8","186","1,000.00","1,000.00","-","-","05/Sep/2020 MY (UTC+08:00)","10:53 MY (UTC+08:00)","2009051051510453","T026471337320","-","110.00","025 - Office","FC8C","2502","2860 - ","5,386.83","","-","YAP YAN LAI  CHIN M.","RCMS - CR FPX","","-"
"506061304070","Current Account","GENTING MALAYSIA BERHAD","MYR","2020-09-05 MY (UTC+08:00)","2020-09-05 MY (UTC+08:00)","8","186","1,000.00","1,000.00","-","-","05/Sep/2020 MY (UTC+08:00)","10:53 MY (UTC+08:00)","2009051052320375","T026471409320","-","480.00","025 - Office","FC8C","2502","2860 - ","5,866.83","","-","CH'NG SIEW SIN","RCMS - CR FPX","","-"
"506061304070","Current Account","GENTING MALAYSIA BERHAD","MYR","2020-09-05 MY (UTC+08:00)","2020-09-05 MY (UTC+08:00)","8","186","1,000.00","1,000.00","-","-","05/Sep/2020 MY (UTC+08:00)","10:59 MY (UTC+08:00)","2009051058000577","T026472004520","-","320.00","025 - Office","FC8C","2502","2860 - ","6,186.83","","-","CHAN HENG XIN","RCMS - CR FPX","","-"
"506061304070","Current Account","GENTING MALAYSIA BERHAD","MYR","2020-09-05 MY (UTC+08:00)","2020-09-05 MY (UTC+08:00)","8","186","1,000.00","1,000.00","-","-","05/Sep/2020 MY (UTC+08:00)","11:02 MY (UTC+08:00)","2009051101050629","T026472375320","-","180.00","025 - Office","FC8A","2502","2860 - ","6,366.83","","-","ONG KEN LIP","RCMS - CR FPX","","-"
"506061304070","Current Account","GENTING MALAYSIA BERHAD","MYR","2020-09-05 MY (UTC+08:00)","2020-09-05 MY (UTC+08:00)","8","186","1,000.00","1,000.00","-","-","05/Sep/2020 MY (UTC+08:00)","11:07 MY (UTC+08:00)","2009051106180816","T026472976520","-","80.00","025 - Office","FC8C","2502","2860 - ","6,446.83","","-","LOW SHI QING","RCMS - CR FPX","","-"
"506061304070","Current Account","GENTING MALAYSIA BERHAD","MYR","2020-09-05 MY (UTC+08:00)","2020-09-05 MY (UTC+08:00)","8","186","1,000.00","1,000.00","-","-","05/Sep/2020 MY (UTC+08:00)","11:10 MY (UTC+08:00)","2009051109540910","T026473429820","-","180.00","025 - Office","FC8A","2502","2860 - ","6,626.83","","-","ONG KEN LIP","RCMS - CR FPX","","-"
"506061304070","Current Account","GENTING MALAYSIA BERHAD","MYR","2020-09-05 MY (UTC+08:00)","2020-09-05 MY (UTC+08:00)","8","186","1,000.00","1,000.00","-","-","05/Sep/2020 MY (UTC+08:00)","11:16 MY (UTC+08:00)","2009051115280831","T026474118620","-","80.00","025 - Office","FC8A","2502","2860 - ","6,706.83","","-","TEN KIAN YEE","RCMS - CR FPX","","-"
"506061304070","Current Account","GENTING MALAYSIA BERHAD","MYR","2020-09-05 MY (UTC+08:00)","2020-09-05 MY (UTC+08:00)","8","186","1,000.00","1,000.00","-","-","05/Sep/2020 MY (UTC+08:00)","11:16 MY (UTC+08:00)","2009051116000504","T026474171720","-","80.00","025 - Office","FC8A","2502","2860 - ","6,786.83","","-","LEE HONG YANG","RCMS - CR FPX","","-"
"506061304070","Current Account","GENTING MALAYSIA BERHAD","MYR","2020-09-05 MY (UTC+08:00)","2020-09-05 MY (UTC+08:00)","8","186","1,000.00","1,000.00","-","-","05/Sep/2020 MY (UTC+08:00)","11:23 MY (UTC+08:00)","2009051122130226","T026474910620","-","160.00","025 - Office","FC8C","2502","2860 - ","6,946.83","","-","TEOW SINN EE","RCMS - CR FPX","","-"
"506061304070","Current Account","GENTING MALAYSIA BERHAD","MYR","2020-09-05 MY (UTC+08:00)","2020-09-05 MY (UTC+08:00)","8","186","1,000.00","1,000.00","-","-","05/Sep/2020 MY (UTC+08:00)","11:26 MY (UTC+08:00)","2009051125230699","T026475313520","-","70.00","025 - Office","FC8C","2502","2860 - ","7,016.83","","-","SITI NORFAEZAH BINTI","RCMS - CR FPX","","-"
"506061304070","Current Account","GENTING MALAYSIA BERHAD","MYR","2020-09-05 MY (UTC+08:00)","2020-09-05 MY (UTC+08:00)","8","186","1,000.00","1,000.00","-","-","05/Sep/2020 MY (UTC+08:00)","11:27 MY (UTC+08:00)","2009051126120900","T026475420320","-","80.00","025 - Office","FC8B","2502","2860 - ","7,096.83","","-","LOY KAI YIN","RCMS - CR FPX","","-"
"506061304070","Current Account","GENTING MALAYSIA BERHAD","MYR","2020-09-05 MY (UTC+08:00)","2020-09-05 MY (UTC+08:00)","8","186","1,000.00","1,000.00","-","-","05/Sep/2020 MY (UTC+08:00)","11:28 MY (UTC+08:00)","2009051127080205","T026475500120","-","199.00","025 - Office","FC8C","2502","2860 - ","7,295.83","","-","AINI KHAMSIAH BINTI","RCMS - CR FPX","","-"
"506061304070","Current Account","GENTING MALAYSIA BERHAD","MYR","2020-09-05 MY (UTC+08:00)","2020-09-05 MY (UTC+08:00)","8","186","1,000.00","1,000.00","-","-","05/Sep/2020 MY (UTC+08:00)","11:29 MY (UTC+08:00)","2009051128440487","T026475697820","-","110.00","025 - Office","FC8C","2502","2860 - ","7,405.83","","-","NG SOON MENG","RCMS - CR FPX","","-"
"506061304070","Current Account","GENTING MALAYSIA BERHAD","MYR","2020-09-05 MY (UTC+08:00)","2020-09-05 MY (UTC+08:00)","8","186","1,000.00","1,000.00","-","-","05/Sep/2020 MY (UTC+08:00)","11:33 MY (UTC+08:00)","2009051132010181","T026476093520","-","140.00","025 - Office","FC8B","2502","2860 - ","7,545.83","","-","LEE SIN NEE","RCMS - CR FPX","","-"
"506061304070","Current Account","GENTING MALAYSIA BERHAD","MYR","2020-09-05 MY (UTC+08:00)","2020-09-05 MY (UTC+08:00)","8","186","1,000.00","1,000.00","-","-","05/Sep/2020 MY (UTC+08:00)","11:33 MY (UTC+08:00)","2009051131480868","T026476070120","-","70.00","025 - Office","FC8F","2502","2860 - ","7,615.83","","-","KHONG SIN WEI","RCMS - CR FPX","","-"
"506061304070","Current Account","GENTING MALAYSIA BERHAD","MYR","2020-09-05 MY (UTC+08:00)","2020-09-05 MY (UTC+08:00)","8","186","1,000.00","1,000.00","-","-","05/Sep/2020 MY (UTC+08:00)","11:40 MY (UTC+08:00)","2009051139520158","T026476999820","-","80.00","025 - Office","FC8B","2502","2860 - ","7,695.83","","-","CHOW MUN FOONG","RCMS - CR FPX","","-"
"506061304070","Current Account","GENTING MALAYSIA BERHAD","MYR","2020-09-05 MY (UTC+08:00)","2020-09-05 MY (UTC+08:00)","8","186","1,000.00","1,000.00","-","-","05/Sep/2020 MY (UTC+08:00)","12:06 MY (UTC+08:00)","2009051205180972","T026480004620","-","229.00","025 - Office","FC8A","2502","2860 - ","7,924.83","","-","LOW WEI WONG","RCMS - CR FPX","","-"
"506061304070","Current Account","GENTING MALAYSIA BERHAD","MYR","2020-09-05 MY (UTC+08:00)","2020-09-05 MY (UTC+08:00)","8","186","1,000.00","1,000.00","-","-","05/Sep/2020 MY (UTC+08:00)","12:08 MY (UTC+08:00)","2009051206570655","T026480280320","-","229.00","025 - Office","FC8F","2502","2860 - ","8,153.83","","-","TAN PEI SHAN","RCMS - CR FPX","","-"
"506061304070","Current Account","GENTING MALAYSIA BERHAD","MYR","2020-09-05 MY (UTC+08:00)","2020-09-05 MY (UTC+08:00)","8","186","1,000.00","1,000.00","-","-","05/Sep/2020 MY (UTC+08:00)","12:13 MY (UTC+08:00)","2009051213030914","T026481040820","-","80.00","025 - Office","FC8A","2502","2860 - ","8,233.83","","-","CHAR YUEN CHOOI","RCMS - CR FPX","","-"
"506061304070","Current Account","GENTING MALAYSIA BERHAD","MYR","2020-09-05 MY (UTC+08:00)","2020-09-05 MY (UTC+08:00)","8","186","1,000.00","1,000.00","-","-","05/Sep/2020 MY (UTC+08:00)","12:25 MY (UTC+08:00)","2009051223540036","T026482290020","-","140.00","025 - Office","FC8A","2502","2860 - ","8,373.83","","-","LEE PEEK YOKE","RCMS - CR FPX","","-"
"506061304070","Current Account","GENTING MALAYSIA BERHAD","MYR","2020-09-05 MY (UTC+08:00)","2020-09-05 MY (UTC+08:00)","8","186","1,000.00","1,000.00","-","-","05/Sep/2020 MY (UTC+08:00)","12:29 MY (UTC+08:00)","2009051228340576","T026482851920","-","80.00","025 - Office","FC8A","2502","2860 - ","8,453.83","","-","SI HOO WAN YEE","RCMS - CR FPX","","-"
"506061304070","Current Account","GENTING MALAYSIA BERHAD","MYR","2020-09-05 MY (UTC+08:00)","2020-09-05 MY (UTC+08:00)","8","186","1,000.00","1,000.00","-","-","05/Sep/2020 MY (UTC+08:00)","12:41 MY (UTC+08:00)","2009051240390248","T026484230420","-","80.00","025 - Office","FC8C","2502","2860 - ","8,533.83","","-","CHEE MUN FATT","RCMS - CR FPX","","-"
"506061304070","Current Account","GENTING MALAYSIA BERHAD","MYR","2020-09-05 MY (UTC+08:00)","2020-09-05 MY (UTC+08:00)","8","186","1,000.00","1,000.00","-","-","05/Sep/2020 MY (UTC+08:00)","12:44 MY (UTC+08:00)","2009051243100488","T026484523220","-","170.00","025 - Office","FC8B","2502","2860 - ","8,703.83","","-","CHEW WENG HOON","RCMS - CR FPX","","-"
"506061304070","Current Account","GENTING MALAYSIA BERHAD","MYR","2020-09-05 MY (UTC+08:00)","2020-09-05 MY (UTC+08:00)","8","186","1,000.00","1,000.00","-","-","05/Sep/2020 MY (UTC+08:00)","12:46 MY (UTC+08:00)","2009051245300334","T026484807920","-","180.00","025 - Office","FC8A","2502","2860 - ","8,883.83","","-","CHUAH PEK KO","RCMS - CR FPX","","-"
"506061304070","Current Account","GENTING MALAYSIA BERHAD","MYR","2020-09-05 MY (UTC+08:00)","2020-09-05 MY (UTC+08:00)","8","186","1,000.00","1,000.00","-","-","05/Sep/2020 MY (UTC+08:00)","12:46 MY (UTC+08:00)","2009051245430695","T026484834320","-","80.00","025 - Office","FC8E","2502","2860 - ","8,963.83","","-","CHEE MUN FATT","RCMS - CR FPX","","-"
"506061304070","Current Account","GENTING MALAYSIA BERHAD","MYR","2020-09-05 MY (UTC+08:00)","2020-09-05 MY (UTC+08:00)","8","186","1,000.00","1,000.00","-","-","05/Sep/2020 MY (UTC+08:00)","12:50 MY (UTC+08:00)","2009051249500443","T026485341620","-","170.00","025 - Office","FC8A","2502","2860 - ","9,133.83","","-","AISHAH BINTI ABDUL R","RCMS - CR FPX","","-"
"506061304070","Current Account","GENTING MALAYSIA BERHAD","MYR","2020-09-05 MY (UTC+08:00)","2020-09-05 MY (UTC+08:00)","8","186","1,000.00","1,000.00","-","-","05/Sep/2020 MY (UTC+08:00)","12:51 MY (UTC+08:00)","2009051250470980","T026485440920","-","160.00","025 - Office","FC8A","2502","2860 - ","9,293.83","","-","MOHAMAD AZWAN BIN TA","RCMS - CR FPX","","-"
"506061304070","Current Account","GENTING MALAYSIA BERHAD","MYR","2020-09-05 MY (UTC+08:00)","2020-09-05 MY (UTC+08:00)","8","186","1,000.00","1,000.00","-","-","05/Sep/2020 MY (UTC+08:00)","12:53 MY (UTC+08:00)","2009051251410485","T026485527320","-","110.00","025 - Office","FC8C","2502","2860 - ","9,403.83","","-","THAM CHIN FATT","RCMS - CR FPX","","-"
"506061304070","Current Account","GENTING MALAYSIA BERHAD","MYR","2020-09-05 MY (UTC+08:00)","2020-09-05 MY (UTC+08:00)","8","186","1,000.00","1,000.00","-","-","05/Sep/2020 MY (UTC+08:00)","12:55 MY (UTC+08:00)","2009051254180738","T026485830020","-","80.00","025 - Office","FC8B","2502","2860 - ","9,483.83","","-","CHEW PIK SIN","RCMS - CR FPX","","-"
"506061304070","Current Account","GENTING MALAYSIA BERHAD","MYR","2020-09-05 MY (UTC+08:00)","2020-09-05 MY (UTC+08:00)","8","186","1,000.00","1,000.00","-","-","05/Sep/2020 MY (UTC+08:00)","12:55 MY (UTC+08:00)","2009051254040366","T026485802420","-","80.00","025 - Office","FC8B","2502","2860 - ","9,563.83","","-","CHONG YEN YEE","RCMS - CR FPX","","-"
"506061304070","Current Account","GENTING MALAYSIA BERHAD","MYR","2020-09-05 MY (UTC+08:00)","2020-09-05 MY (UTC+08:00)","8","186","1,000.00","1,000.00","-","-","05/Sep/2020 MY (UTC+08:00)","12:59 MY (UTC+08:00)","2009051258000817","T026486254520","-","70.00","025 - Office","FC8B","2502","2860 - ","9,633.83","","-","TAM WYSEN","RCMS - CR FPX","","-"
"506061304070","Current Account","GENTING MALAYSIA BERHAD","MYR","2020-09-05 MY (UTC+08:00)","2020-09-05 MY (UTC+08:00)","8","186","1,000.00","1,000.00","-","-","05/Sep/2020 MY (UTC+08:00)","13:04 MY (UTC+08:00)","2009051302550494","T026486817020","-","140.00","025 - Office","FC8C","2502","2860 - ","9,773.83","","-","LEE KIM ZAM","RCMS - CR FPX","","-"
"506061304070","Current Account","GENTING MALAYSIA BERHAD","MYR","2020-09-05 MY (UTC+08:00)","2020-09-05 MY (UTC+08:00)","8","186","1,000.00","1,000.00","-","-","05/Sep/2020 MY (UTC+08:00)","13:08 MY (UTC+08:00)","2009051307460146","T026487306920","-","229.00","025 - Office","FC8A","2502","2860 - ","10,002.83","","-","LOH POI SEE","RCMS - CR FPX","","-"
"506061304070","Current Account","GENTING MALAYSIA BERHAD","MYR","2020-09-05 MY (UTC+08:00)","2020-09-05 MY (UTC+08:00)","8","186","1,000.00","1,000.00","-","-","05/Sep/2020 MY (UTC+08:00)","13:12 MY (UTC+08:00)","2009051311230826","T026487809120","-","400.00","025 - Office","FC8B","2502","2860 - ","10,402.83","","-","GOH TZU BING","RCMS - CR FPX","","-"
"506061304070","Current Account","GENTING MALAYSIA BERHAD","MYR","2020-09-05 MY (UTC+08:00)","2020-09-05 MY (UTC+08:00)","8","186","1,000.00","1,000.00","-","-","05/Sep/2020 MY (UTC+08:00)","13:13 MY (UTC+08:00)","2009051312470717","T026487966620","-","118.00","025 - Office","FC8C","2502","2860 - ","10,520.83","","-","GUI SZE KEONG","RCMS - CR FPX","","-"
"506061304070","Current Account","GENTING MALAYSIA BERHAD","MYR","2020-09-05 MY (UTC+08:00)","2020-09-05 MY (UTC+08:00)","8","186","1,000.00","1,000.00","-","-","05/Sep/2020 MY (UTC+08:00)","13:21 MY (UTC+08:00)","2009051320220692","T026488850420","-","180.00","025 - Office","FC8C","2502","2860 - ","10,700.83","","-","HIEW PIT YEN","RCMS - CR FPX","","-"
"506061304070","Current Account","GENTING MALAYSIA BERHAD","MYR","2020-09-05 MY (UTC+08:00)","2020-09-05 MY (UTC+08:00)","8","186","1,000.00","1,000.00","-","-","05/Sep/2020 MY (UTC+08:00)","13:28 MY (UTC+08:00)","2009051325210354","T026489424920","-","160.00","025 - Office","FC8A","2502","2860 - ","10,860.83","","-","NG WEI JYUAN","RCMS - CR FPX","","-"
"506061304070","Current Account","GENTING MALAYSIA BERHAD","MYR","2020-09-05 MY (UTC+08:00)","2020-09-05 MY (UTC+08:00)","8","186","1,000.00","1,000.00","-","-","05/Sep/2020 MY (UTC+08:00)","13:30 MY (UTC+08:00)","2009051330080570","T026489951120","-","160.00","025 - Office","FC8D","2502","2860 - ","11,020.83","","-","CHAN HENG XIN","RCMS - CR FPX","","-"
"506061304070","Current Account","GENTING MALAYSIA BERHAD","MYR","2020-09-05 MY (UTC+08:00)","2020-09-05 MY (UTC+08:00)","8","186","1,000.00","1,000.00","-","-","05/Sep/2020 MY (UTC+08:00)","13:40 MY (UTC+08:00)","2009051339120174","T026491046420","-","210.00","025 - Office","FC8B","2502","2860 - ","11,230.83","","-","LEONG PION TING","RCMS - CR FPX","","-"
"506061304070","Current Account","GENTING MALAYSIA BERHAD","MYR","2020-09-05 MY (UTC+08:00)","2020-09-05 MY (UTC+08:00)","8","186","1,000.00","1,000.00","-","-","05/Sep/2020 MY (UTC+08:00)","13:43 MY (UTC+08:00)","2009051343060986","T026491475120","-","100.00","025 - Office","FC8A","2502","2860 - ","11,330.83","","-","LEONG PION TING","RCMS - CR FPX","","-"
"506061304070","Current Account","GENTING MALAYSIA BERHAD","MYR","2020-09-05 MY (UTC+08:00)","2020-09-05 MY (UTC+08:00)","8","186","1,000.00","1,000.00","-","-","05/Sep/2020 MY (UTC+08:00)","13:46 MY (UTC+08:00)","2009051344570778","T026491666520","-","220.00","025 - Office","FC8A","2502","2860 - ","11,550.83","","-","ONG BENG CHU","RCMS - CR FPX","","-"
"506061304070","Current Account","GENTING MALAYSIA BERHAD","MYR","2020-09-05 MY (UTC+08:00)","2020-09-05 MY (UTC+08:00)","8","186","1,000.00","1,000.00","-","-","05/Sep/2020 MY (UTC+08:00)","13:48 MY (UTC+08:00)","2009051347100172","T026491903220","-","330.00","025 - Office","FC8A","2502","2860 - ","11,880.83","","-","ANG SOON HUAT","RCMS - CR FPX","","-"
"506061304070","Current Account","GENTING MALAYSIA BERHAD","MYR","2020-09-05 MY (UTC+08:00)","2020-09-05 MY (UTC+08:00)","8","186","1,000.00","1,000.00","-","-","05/Sep/2020 MY (UTC+08:00)","13:49 MY (UTC+08:00)","2009051348170771","T026492052920","-","56.00","025 - Office","FC8A","2502","2860 - ","11,936.83","","-","CHOY AI YUN","RCMS - CR FPX","","-"
"506061304070","Current Account","GENTING MALAYSIA BERHAD","MYR","2020-09-05 MY (UTC+08:00)","2020-09-05 MY (UTC+08:00)","8","186","1,000.00","1,000.00","-","-","05/Sep/2020 MY (UTC+08:00)","13:49 MY (UTC+08:00)","2009051348130681","T026492025920","-","300.00","025 - Office","FC8B","2502","2860 - ","12,236.83","","-","LEONG PION SAN","RCMS - CR FPX","","-"
"506061304070","Current Account","GENTING MALAYSIA BERHAD","MYR","2020-09-05 MY (UTC+08:00)","2020-09-05 MY (UTC+08:00)","8","186","1,000.00","1,000.00","-","-","05/Sep/2020 MY (UTC+08:00)","13:49 MY (UTC+08:00)","2009051347250561","T026491916720","-","200.00","025 - Office","FC8C","2502","2860 - ","12,436.83","","-","BEH YEAN SENG","RCMS - CR FPX","","-"
"506061304070","Current Account","GENTING MALAYSIA BERHAD","MYR","2020-09-05 MY (UTC+08:00)","2020-09-05 MY (UTC+08:00)","8","186","1,000.00","1,000.00","-","-","05/Sep/2020 MY (UTC+08:00)","13:50 MY (UTC+08:00)","2009051349090052","T026492124920","-","70.00","025 - Office","FC8C","2502","2860 - ","12,506.83","","-","LIM KING LENG,MDM","RCMS - CR FPX","","-"
"506061304070","Current Account","GENTING MALAYSIA BERHAD","MYR","2020-09-05 MY (UTC+08:00)","2020-09-05 MY (UTC+08:00)","8","186","1,000.00","1,000.00","-","-","05/Sep/2020 MY (UTC+08:00)","13:52 MY (UTC+08:00)","2009051351390842","T026492424020","-","70.00","025 - Office","FC8A","2502","2860 - ","12,576.83","","-","TAN SHEA NEE","RCMS - CR FPX","","-"
"506061304070","Current Account","GENTING MALAYSIA BERHAD","MYR","2020-09-05 MY (UTC+08:00)","2020-09-05 MY (UTC+08:00)","8","186","1,000.00","1,000.00","-","-","05/Sep/2020 MY (UTC+08:00)","13:57 MY (UTC+08:00)","2009051356180658","T026492942720","-","110.00","025 - Office","FC8A","2502","2860 - ","12,686.83","","-","YONG SWEE MEE","RCMS - CR FPX","","-"
"506061304070","Current Account","GENTING MALAYSIA BERHAD","MYR","2020-09-05 MY (UTC+08:00)","2020-09-05 MY (UTC+08:00)","8","186","1,000.00","1,000.00","-","-","05/Sep/2020 MY (UTC+08:00)","14:05 MY (UTC+08:00)","2009051402510425","T026493707720","-","110.00","025 - Office","FC8B","2502","2860 - ","12,796.83","","-","SWEE WEI EE","RCMS - CR FPX","","-"
"506061304070","Current Account","GENTING MALAYSIA BERHAD","MYR","2020-09-05 MY (UTC+08:00)","2020-09-05 MY (UTC+08:00)","8","186","1,000.00","1,000.00","-","-","05/Sep/2020 MY (UTC+08:00)","14:07 MY (UTC+08:00)","2009051406370911","T026494121420","-","70.00","025 - Office","FC8D","2502","2860 - ","12,866.83","","-","LIM KING LENG,MDM","RCMS - CR FPX","","-"
"506061304070","Current Account","GENTING MALAYSIA BERHAD","MYR","2020-09-05 MY (UTC+08:00)","2020-09-05 MY (UTC+08:00)","8","186","1,000.00","1,000.00","-","-","05/Sep/2020 MY (UTC+08:00)","14:11 MY (UTC+08:00)","2009051411000299","T026494605020","-","80.00","025 - Office","FC8D","2502","2860 - ","12,946.83","","-","OOI YEW SENG","RCMS - CR FPX","","-"
"506061304070","Current Account","GENTING MALAYSIA BERHAD","MYR","2020-09-05 MY (UTC+08:00)","2020-09-05 MY (UTC+08:00)","8","186","1,000.00","1,000.00","-","-","05/Sep/2020 MY (UTC+08:00)","14:15 MY (UTC+08:00)","2009051415200815","T026495106020","-","360.00","025 - Office","FC8C","2502","2860 - ","13,306.83","","-","NICOLE NG BOON ZHENG","RCMS - CR FPX","","-"
"506061304070","Current Account","GENTING MALAYSIA BERHAD","MYR","2020-09-05 MY (UTC+08:00)","2020-09-05 MY (UTC+08:00)","8","186","1,000.00","1,000.00","-","-","05/Sep/2020 MY (UTC+08:00)","14:18 MY (UTC+08:00)","2009051416190275","T026495202620","-","110.00","025 - Office","FC8D","2502","2860 - ","13,416.83","","-","MR LAW PUI YUEN","RCMS - CR FPX","","-"
"506061304070","Current Account","GENTING MALAYSIA BERHAD","MYR","2020-09-05 MY (UTC+08:00)","2020-09-05 MY (UTC+08:00)","8","186","1,000.00","1,000.00","-","-","05/Sep/2020 MY (UTC+08:00)","14:22 MY (UTC+08:00)","2009051421290764","T026495754020","-","70.00","025 - Office","FC8C","2502","2860 - ","13,486.83","","-","MARY KOK MEI LING","RCMS - CR FPX","","-"
"506061304070","Current Account","GENTING MALAYSIA BERHAD","MYR","2020-09-05 MY (UTC+08:00)","2020-09-05 MY (UTC+08:00)","8","186","1,000.00","1,000.00","-","-","05/Sep/2020 MY (UTC+08:00)","14:30 MY (UTC+08:00)","2009051428480411","T026496536720","-","80.00","025 - Office","FC8A","2502","2860 - ","13,566.83","","-","MAH SUE LYN","RCMS - CR FPX","","-"
"506061304070","Current Account","GENTING MALAYSIA BERHAD","MYR","2020-09-05 MY (UTC+08:00)","2020-09-05 MY (UTC+08:00)","8","186","1,000.00","1,000.00","-","-","05/Sep/2020 MY (UTC+08:00)","14:33 MY (UTC+08:00)","2009051432400120","T026496933320","-","80.00","025 - Office","FC8B","2502","2860 - ","13,646.83","","-","MAH SUE LYN","RCMS - CR FPX","","-"
"506061304070","Current Account","GENTING MALAYSIA BERHAD","MYR","2020-09-05 MY (UTC+08:00)","2020-09-05 MY (UTC+08:00)","8","186","1,000.00","1,000.00","-","-","05/Sep/2020 MY (UTC+08:00)","14:35 MY (UTC+08:00)","2009051434560427","T026497170020","-","160.00","025 - Office","FC8D","2502","2860 - ","13,806.83","","-","TAN CHOON HOW","RCMS - CR FPX","","-"
"506061304070","Current Account","GENTING MALAYSIA BERHAD","MYR","2020-09-05 MY (UTC+08:00)","2020-09-05 MY (UTC+08:00)","8","186","1,000.00","1,000.00","-","-","05/Sep/2020 MY (UTC+08:00)","14:40 MY (UTC+08:00)","2009051438450825","T026497536620","-","70.00","025 - Office","FC8F","2502","2860 - ","13,876.83","","-","FUNG GAN FUNG","RCMS - CR FPX","","-"
"506061304070","Current Account","GENTING MALAYSIA BERHAD","MYR","2020-09-05 MY (UTC+08:00)","2020-09-05 MY (UTC+08:00)","8","186","1,000.00","1,000.00","-","-","05/Sep/2020 MY (UTC+08:00)","14:50 MY (UTC+08:00)","2009051449460401","T026498738720","-","100.00","025 - Office","FC8A","2502","2860 - ","13,976.83","","-","KENNY LIM KIAT - KHE","RCMS - CR FPX","","-"
"506061304070","Current Account","GENTING MALAYSIA BERHAD","MYR","2020-09-05 MY (UTC+08:00)","2020-09-05 MY (UTC+08:00)","8","186","1,000.00","1,000.00","-","-","05/Sep/2020 MY (UTC+08:00)","14:59 MY (UTC+08:00)","2009051457490842","T026499552020","-","70.00","025 - Office","FC8B","2502","2860 - ","14,046.83","","-","WONG LAY HOON","RCMS - CR FPX","","-"
"506061304070","Current Account","GENTING MALAYSIA BERHAD","MYR","2020-09-05 MY (UTC+08:00)","2020-09-05 MY (UTC+08:00)","8","186","1,000.00","1,000.00","-","-","05/Sep/2020 MY (UTC+08:00)","15:06 MY (UTC+08:00)","2009051505450730","T026500328420","-","70.00","025 - Office","FC8A","2502","2860 - ","14,116.83","","-","TIANG KO XUN","RCMS - CR FPX","","-"
"506061304070","Current Account","GENTING MALAYSIA BERHAD","MYR","2020-09-05 MY (UTC+08:00)","2020-09-05 MY (UTC+08:00)","8","186","1,000.00","1,000.00","-","-","05/Sep/2020 MY (UTC+08:00)","15:11 MY (UTC+08:00)","2009051510300383","T026500794620","-","80.00","025 - Office","FC8D","2502","2860 - ","14,196.83","","-","PEI KANG BOON","RCMS - CR FPX","","-"
"506061304070","Current Account","GENTING MALAYSIA BERHAD","MYR","2020-09-05 MY (UTC+08:00)","2020-09-05 MY (UTC+08:00)","8","186","1,000.00","1,000.00","-","-","05/Sep/2020 MY (UTC+08:00)","15:17 MY (UTC+08:00)","2009051516240577","T026501413220","-","100.00","025 - Office","FC8A","2502","2860 - ","14,296.83","","-","TEOH WEN JIA ANNA","RCMS - CR FPX","","-"
"506061304070","Current Account","GENTING MALAYSIA BERHAD","MYR","2020-09-05 MY (UTC+08:00)","2020-09-05 MY (UTC+08:00)","8","186","1,000.00","1,000.00","-","-","05/Sep/2020 MY (UTC+08:00)","15:30 MY (UTC+08:00)","2009051529230621","T026502748820","-","70.00","025 - Office","FC8A","2502","2860 - ","14,366.83","","-","TAN ENG HUI","RCMS - CR FPX","","-"
"506061304070","Current Account","GENTING MALAYSIA BERHAD","MYR","2020-09-05 MY (UTC+08:00)","2020-09-05 MY (UTC+08:00)","8","186","1,000.00","1,000.00","-","-","05/Sep/2020 MY (UTC+08:00)","15:38 MY (UTC+08:00)","2009051537100367","T026503163120","-","160.00","025 - Office","FC8A","2502","2860 - ","14,526.83","","-","TEH CHIN WOEI","RCMS - CR FPX","","-"
"506061304070","Current Account","GENTING MALAYSIA BERHAD","MYR","2020-09-05 MY (UTC+08:00)","2020-09-05 MY (UTC+08:00)","8","186","1,000.00","1,000.00","-","-","05/Sep/2020 MY (UTC+08:00)","15:43 MY (UTC+08:00)","2009051542290733","T026504086220","-","100.00","025 - Office","FC8E","2502","2860 - ","14,626.83","","-","YEONG LI LYNN","RCMS - CR FPX","","-"
"506061304070","Current Account","GENTING MALAYSIA BERHAD","MYR","2020-09-05 MY (UTC+08:00)","2020-09-05 MY (UTC+08:00)","8","186","1,000.00","1,000.00","-","-","05/Sep/2020 MY (UTC+08:00)","15:44 MY (UTC+08:00)","2009051543560774","T026504241020","-","70.00","025 - Office","FC8A","2502","2860 - ","14,696.83","","-","LEW MEEI HUI","RCMS - CR FPX","","-"
"506061304070","Current Account","GENTING MALAYSIA BERHAD","MYR","2020-09-05 MY (UTC+08:00)","2020-09-05 MY (UTC+08:00)","8","186","1,000.00","1,000.00","-","-","05/Sep/2020 MY (UTC+08:00)","15:47 MY (UTC+08:00)","2009051547060129","T026504575520","-","70.00","025 - Office","FC8A","2502","2860 - ","14,766.83","","-","ENCIK TAN ZI XUAN","RCMS - CR FPX","","-"
"506061304070","Current Account","GENTING MALAYSIA BERHAD","MYR","2020-09-05 MY (UTC+08:00)","2020-09-05 MY (UTC+08:00)","8","186","1,000.00","1,000.00","-","-","05/Sep/2020 MY (UTC+08:00)","16:03 MY (UTC+08:00)","2009051602310947","T026506101620","-","140.00","025 - Office","FC8C","2502","2860 - ","14,906.83","","-","LEE YUIN CHENG","RCMS - CR FPX","","-"
"506061304070","Current Account","GENTING MALAYSIA BERHAD","MYR","2020-09-05 MY (UTC+08:00)","2020-09-05 MY (UTC+08:00)","8","186","1,000.00","1,000.00","-","-","05/Sep/2020 MY (UTC+08:00)","16:14 MY (UTC+08:00)","2009051613360586","T026507195420","-","80.00","025 - Office","FC8A","2502","2860 - ","14,986.83","","-","LEE PEI HUA","RCMS - CR FPX","","-"
"506061304070","Current Account","GENTING MALAYSIA BERHAD","MYR","2020-09-05 MY (UTC+08:00)","2020-09-05 MY (UTC+08:00)","8","186","1,000.00","1,000.00","-","-","05/Sep/2020 MY (UTC+08:00)","16:16 MY (UTC+08:00)","2009051616120180","T026507444120","-","160.00","025 - Office","FC8A","2502","2860 - ","15,146.83","","-","LOH CHUN HOE","RCMS - CR FPX","","-"
"506061304070","Current Account","GENTING MALAYSIA BERHAD","MYR","2020-09-05 MY (UTC+08:00)","2020-09-05 MY (UTC+08:00)","8","186","1,000.00","1,000.00","-","-","05/Sep/2020 MY (UTC+08:00)","16:28 MY (UTC+08:00)","2009051626590815","T026508473120","-","580.00","025 - Office","FC8B","2502","2860 - ","15,726.83","","-","FA'IZ HAZIQ BIN ABDU","RCMS - CR FPX","","-"
"506061304070","Current Account","GENTING MALAYSIA BERHAD","MYR","2020-09-05 MY (UTC+08:00)","2020-09-05 MY (UTC+08:00)","8","186","1,000.00","1,000.00","-","-","05/Sep/2020 MY (UTC+08:00)","16:30 MY (UTC+08:00)","2009051629080732","T026508675020","-","80.00","025 - Office","FC8A","2502","2860 - ","15,806.83","","-","LIM MIAW FONG","RCMS - CR FPX","","-"
"506061304070","Current Account","GENTING MALAYSIA BERHAD","MYR","2020-09-05 MY (UTC+08:00)","2020-09-05 MY (UTC+08:00)","8","186","1,000.00","1,000.00","-","-","05/Sep/2020 MY (UTC+08:00)","16:34 MY (UTC+08:00)","2009051632410383","T026509022720","-","100.00","025 - Office","FC8B","2502","2860 - ","15,906.83","","-","TAN KA CHENG","RCMS - CR FPX","","-"
"506061304070","Current Account","GENTING MALAYSIA BERHAD","MYR","2020-09-05 MY (UTC+08:00)","2020-09-05 MY (UTC+08:00)","8","186","1,000.00","1,000.00","-","-","05/Sep/2020 MY (UTC+08:00)","16:39 MY (UTC+08:00)","2009051638300123","T026509541420","-","100.00","025 - Office","FC8A","2502","2860 - ","16,006.83","","-","TAN KA CHENG","RCMS - CR FPX","","-"
"506061304070","Current Account","GENTING MALAYSIA BERHAD","MYR","2020-09-05 MY (UTC+08:00)","2020-09-05 MY (UTC+08:00)","8","186","1,000.00","1,000.00","-","-","05/Sep/2020 MY (UTC+08:00)","16:41 MY (UTC+08:00)","2009051640370940","T026509684520","-","70.00","025 - Office","FC8A","2502","2860 - ","16,076.83","","-","FAKIR BIN HAJI RASHI","RCMS - CR FPX","","-"
"506061304070","Current Account","GENTING MALAYSIA BERHAD","MYR","2020-09-05 MY (UTC+08:00)","2020-09-05 MY (UTC+08:00)","8","186","1,000.00","1,000.00","-","-","05/Sep/2020 MY (UTC+08:00)","17:00 MY (UTC+08:00)","2009051659200501","T026511499520","-","80.00","025 - Office","FC8D","2502","2860 - ","16,156.83","","-","BEH HENG THYE","RCMS - CR FPX","","-"
"506061304070","Current Account","GENTING MALAYSIA BERHAD","MYR","2020-09-05 MY (UTC+08:00)","2020-09-05 MY (UTC+08:00)","8","186","1,000.00","1,000.00","-","-","05/Sep/2020 MY (UTC+08:00)","17:08 MY (UTC+08:00)","2009051706560304","T026512203620","-","70.00","025 - Office","FC8C","2502","2860 - ","16,226.83","","-","CHAN SHU JEAN","RCMS - CR FPX","","-"
"506061304070","Current Account","GENTING MALAYSIA BERHAD","MYR","2020-09-05 MY (UTC+08:00)","2020-09-05 MY (UTC+08:00)","8","186","1,000.00","1,000.00","-","-","05/Sep/2020 MY (UTC+08:00)","17:15 MY (UTC+08:00)","2009051714160606","T026512874720","-","110.00","025 - Office","FC8C","2502","2860 - ","16,336.83","","-","LEE CHONG CHAI","RCMS - CR FPX","","-"
"506061304070","Current Account","GENTING MALAYSIA BERHAD","MYR","2020-09-05 MY (UTC+08:00)","2020-09-05 MY (UTC+08:00)","8","186","1,000.00","1,000.00","-","-","05/Sep/2020 MY (UTC+08:00)","17:18 MY (UTC+08:00)","2009051717330763","T026513195720","-","110.00","025 - Office","FC8B","2502","2860 - ","16,446.83","","-","TAN BEE KIOK","RCMS - CR FPX","","-"
"506061304070","Current Account","GENTING MALAYSIA BERHAD","MYR","2020-09-05 MY (UTC+08:00)","2020-09-05 MY (UTC+08:00)","8","186","1,000.00","1,000.00","-","-","05/Sep/2020 MY (UTC+08:00)","17:24 MY (UTC+08:00)","2009051724060325","T026513824520","-","70.00","025 - Office","FC8B","2502","2860 - ","16,516.83","","-","CHAN YEEN YEE","RCMS - CR FPX","","-"
"506061304070","Current Account","GENTING MALAYSIA BERHAD","MYR","2020-09-05 MY (UTC+08:00)","2020-09-05 MY (UTC+08:00)","8","186","1,000.00","1,000.00","-","-","05/Sep/2020 MY (UTC+08:00)","17:28 MY (UTC+08:00)","2009051727310687","T026514157220","-","210.00","025 - Office","FC8B","2502","2860 - ","16,726.83","","-","CHAU PEI JIUN","RCMS - CR FPX","","-"
"506061304070","Current Account","GENTING MALAYSIA BERHAD","MYR","2020-09-05 MY (UTC+08:00)","2020-09-05 MY (UTC+08:00)","8","186","1,000.00","1,000.00","-","-","05/Sep/2020 MY (UTC+08:00)","17:31 MY (UTC+08:00)","2009051731120368","T026514479120","-","140.00","025 - Office","FC8D","2502","2860 - ","16,866.83","","-","KHAIRUL ANWAR BIN MO","RCMS - CR FPX","","-"
"506061304070","Current Account","GENTING MALAYSIA BERHAD","MYR","2020-09-05 MY (UTC+08:00)","2020-09-05 MY (UTC+08:00)","8","186","1,000.00","1,000.00","-","-","05/Sep/2020 MY (UTC+08:00)","17:45 MY (UTC+08:00)","2009051744520041","T026515711220","-","80.00","025 - Office","FC8A","2502","2860 - ","16,946.83","","-","ONG WEH LIAN","RCMS - CR FPX","","-"
"506061304070","Current Account","GENTING MALAYSIA BERHAD","MYR","2020-09-05 MY (UTC+08:00)","2020-09-05 MY (UTC+08:00)","8","186","1,000.00","1,000.00","-","-","05/Sep/2020 MY (UTC+08:00)","18:06 MY (UTC+08:00)","2009051802390883","T026517262220","-","70.00","025 - Office","FC8D","2502","2860 - ","17,016.83","","-","TAN SHAO XYUEN","RCMS - CR FPX","","-"
"506061304070","Current Account","GENTING MALAYSIA BERHAD","MYR","2020-09-05 MY (UTC+08:00)","2020-09-05 MY (UTC+08:00)","8","186","1,000.00","1,000.00","-","-","05/Sep/2020 MY (UTC+08:00)","18:18 MY (UTC+08:00)","2009051816160879","T026518524020","-","70.00","025 - Office","FC8C","2502","2860 - ","17,086.83","","-","MOHAMMAD SAJID","RCMS - CR FPX","","-"
"506061304070","Current Account","GENTING MALAYSIA BERHAD","MYR","2020-09-05 MY (UTC+08:00)","2020-09-05 MY (UTC+08:00)","8","186","1,000.00","1,000.00","-","-","05/Sep/2020 MY (UTC+08:00)","18:20 MY (UTC+08:00)","2009051820050610","T026518843820","-","200.00","025 - Office","FC8A","2502","2860 - ","17,286.83","","-","KOO FEI KEIT","RCMS - CR FPX","","-"
"506061304070","Current Account","GENTING MALAYSIA BERHAD","MYR","2020-09-05 MY (UTC+08:00)","2020-09-05 MY (UTC+08:00)","8","186","1,000.00","1,000.00","-","-","05/Sep/2020 MY (UTC+08:00)","18:39 MY (UTC+08:00)","2009051838130510","T026520419420","-","160.00","025 - Office","FC8A","2502","2860 - ","17,446.83","","-","YUKI LOW","RCMS - CR FPX","","-"
"506061304070","Current Account","GENTING MALAYSIA BERHAD","MYR","2020-09-05 MY (UTC+08:00)","2020-09-05 MY (UTC+08:00)","8","186","1,000.00","1,000.00","-","-","05/Sep/2020 MY (UTC+08:00)","18:43 MY (UTC+08:00)","2009051842270841","T026520768320","-","160.00","025 - Office","FC8B","2502","2860 - ","17,606.83","","-","YUKI LOW","RCMS - CR FPX","","-"
"506061304070","Current Account","GENTING MALAYSIA BERHAD","MYR","2020-09-05 MY (UTC+08:00)","2020-09-05 MY (UTC+08:00)","8","186","1,000.00","1,000.00","-","-","05/Sep/2020 MY (UTC+08:00)","18:48 MY (UTC+08:00)","2009051847270132","T026521204820","-","70.00","025 - Office","FC8B","2502","2860 - ","17,676.83","","-","CHIN MENG FENG","RCMS - CR FPX","","-"
"506061304070","Current Account","GENTING MALAYSIA BERHAD","MYR","2020-09-05 MY (UTC+08:00)","2020-09-05 MY (UTC+08:00)","8","186","1,000.00","1,000.00","-","-","05/Sep/2020 MY (UTC+08:00)","18:51 MY (UTC+08:00)","2009051850320011","T026521480220","-","70.00","025 - Office","FC8A","2502","2860 - ","17,746.83","","-","CHIN MENG FENG","RCMS - CR FPX","","-"
"506061304070","Current Account","GENTING MALAYSIA BERHAD","MYR","2020-09-05 MY (UTC+08:00)","2020-09-05 MY (UTC+08:00)","8","186","1,000.00","1,000.00","-","-","05/Sep/2020 MY (UTC+08:00)","18:51 MY (UTC+08:00)","2009051851190976","T026521541120","-","70.00","025 - Office","FC8C","2502","2860 - ","17,816.83","","-","POK JYE YIH","RCMS - CR FPX","","-"
"506061304070","Current Account","GENTING MALAYSIA BERHAD","MYR","2020-09-05 MY (UTC+08:00)","2020-09-05 MY (UTC+08:00)","8","186","1,000.00","1,000.00","-","-","05/Sep/2020 MY (UTC+08:00)","18:59 MY (UTC+08:00)","2009051858580571","T026522201120","-","70.00","025 - Office","FC8C","2502","2860 - ","17,886.83","","-","CHIN MENG FENG","RCMS - CR FPX","","-"
"506061304070","Current Account","GENTING MALAYSIA BERHAD","MYR","2020-09-05 MY (UTC+08:00)","2020-09-05 MY (UTC+08:00)","8","186","1,000.00","1,000.00","-","-","05/Sep/2020 MY (UTC+08:00)","19:07 MY (UTC+08:00)","2009051906030343","T026522843420","-","480.00","025 - Office","FC8A","2502","2860 - ","18,366.83","","-","CHING SIEW YIN","RCMS - CR FPX","","-"
"506061304070","Current Account","GENTING MALAYSIA BERHAD","MYR","2020-09-05 MY (UTC+08:00)","2020-09-05 MY (UTC+08:00)","8","186","1,000.00","1,000.00","-","-","05/Sep/2020 MY (UTC+08:00)","19:07 MY (UTC+08:00)","2009051906240776","T026522874620","-","220.00","025 - Office","FC8C","2502","2860 - ","18,586.83","","-","AS SIDDIQ BIN SALLEH","RCMS - CR FPX","","-"
"506061304070","Current Account","GENTING MALAYSIA BERHAD","MYR","2020-09-05 MY (UTC+08:00)","2020-09-05 MY (UTC+08:00)","8","186","1,000.00","1,000.00","-","-","05/Sep/2020 MY (UTC+08:00)","19:12 MY (UTC+08:00)","2009051911300202","T026523342320","-","140.00","025 - Office","FC8C","2502","2860 - ","18,726.83","","-","WONG KAH HAO","RCMS - CR FPX","","-"
"506061304070","Current Account","GENTING MALAYSIA BERHAD","MYR","2020-09-05 MY (UTC+08:00)","2020-09-05 MY (UTC+08:00)","8","186","1,000.00","1,000.00","-","-","05/Sep/2020 MY (UTC+08:00)","19:16 MY (UTC+08:00)","2009051915390546","T026523695120","-","80.00","025 - Office","FC8B","2502","2860 - ","18,806.83","","-","CHUA LI YIAN","RCMS - CR FPX","","-"
"506061304070","Current Account","GENTING MALAYSIA BERHAD","MYR","2020-09-05 MY (UTC+08:00)","2020-09-05 MY (UTC+08:00)","8","186","1,000.00","1,000.00","-","-","05/Sep/2020 MY (UTC+08:00)","19:20 MY (UTC+08:00)","2009051919290437","T026524031120","-","80.00","025 - Office","FC8B","2502","2860 - ","18,886.83","","-","KOH TEONG HOCK","RCMS - CR FPX","","-"
"506061304070","Current Account","GENTING MALAYSIA BERHAD","MYR","2020-09-05 MY (UTC+08:00)","2020-09-05 MY (UTC+08:00)","8","186","1,000.00","1,000.00","-","-","05/Sep/2020 MY (UTC+08:00)","19:24 MY (UTC+08:00)","2009051923550137","T026524435520","-","70.00","025 - Office","FC8B","2502","2860 - ","18,956.83","","-","ELAIN LEE SIN FUNG","RCMS - CR FPX","","-"
"506061304070","Current Account","GENTING MALAYSIA BERHAD","MYR","2020-09-05 MY (UTC+08:00)","2020-09-05 MY (UTC+08:00)","8","186","1,000.00","1,000.00","-","-","05/Sep/2020 MY (UTC+08:00)","19:38 MY (UTC+08:00)","2009051937250463","T026525637320","-","160.00","025 - Office","FC8B","2502","2860 - ","19,116.83","","-","JOVI CHOW KYE PIP","RCMS - CR FPX","","-"
"506061304070","Current Account","GENTING MALAYSIA BERHAD","MYR","2020-09-05 MY (UTC+08:00)","2020-09-05 MY (UTC+08:00)","8","186","1,000.00","1,000.00","-","-","05/Sep/2020 MY (UTC+08:00)","19:43 MY (UTC+08:00)","2009051942310041","T026526071120","-","170.00","025 - Office","FC8B","2502","2860 - ","19,286.83","","-","DAVID LING YONG","RCMS - CR FPX","","-"
"506061304070","Current Account","GENTING MALAYSIA BERHAD","MYR","2020-09-05 MY (UTC+08:00)","2020-09-05 MY (UTC+08:00)","8","186","1,000.00","1,000.00","-","-","05/Sep/2020 MY (UTC+08:00)","19:44 MY (UTC+08:00)","2009051942450328","T026526080420","-","70.00","025 - Office","FC8A","2502","2860 - ","19,356.83","","-","LEONG YUEN FATT","RCMS - CR FPX","","-"
"506061304070","Current Account","GENTING MALAYSIA BERHAD","MYR","2020-09-05 MY (UTC+08:00)","2020-09-05 MY (UTC+08:00)","8","186","1,000.00","1,000.00","-","-","05/Sep/2020 MY (UTC+08:00)","19:52 MY (UTC+08:00)","2009051948490195","T026526604520","-","70.00","025 - Office","FC8B","2502","2860 - ","19,426.83","","-","LEONG SOW FUN","RCMS - CR FPX","","-"
"506061304070","Current Account","GENTING MALAYSIA BERHAD","MYR","2020-09-05 MY (UTC+08:00)","2020-09-05 MY (UTC+08:00)","8","186","1,000.00","1,000.00","-","-","05/Sep/2020 MY (UTC+08:00)","19:55 MY (UTC+08:00)","2009051953480697","T026527008020","-","70.00","025 - Office","FC8C","2502","2860 - ","19,496.83","","-","CHANG CHEE KEONG","RCMS - CR FPX","","-"
"506061304070","Current Account","GENTING MALAYSIA BERHAD","MYR","2020-09-05 MY (UTC+08:00)","2020-09-05 MY (UTC+08:00)","8","186","1,000.00","1,000.00","-","-","05/Sep/2020 MY (UTC+08:00)","20:11 MY (UTC+08:00)","2009052009520042","T026528512820","-","360.00","025 - Office","FC8B","2502","2860 - ","19,856.83","","-","NUR SHAFIQAH BINTI A","RCMS - CR FPX","","-"
"506061304070","Current Account","GENTING MALAYSIA BERHAD","MYR","2020-09-05 MY (UTC+08:00)","2020-09-05 MY (UTC+08:00)","8","186","1,000.00","1,000.00","-","-","05/Sep/2020 MY (UTC+08:00)","20:20 MY (UTC+08:00)","2009052019480613","T026529446420","-","180.00","025 - Office","FC8A","2502","2860 - ","20,036.83","","-","DIXON LEE CHING KIAT","RCMS - CR FPX","","-"
"506061304070","Current Account","GENTING MALAYSIA BERHAD","MYR","2020-09-05 MY (UTC+08:00)","2020-09-05 MY (UTC+08:00)","8","186","1,000.00","1,000.00","-","-","05/Sep/2020 MY (UTC+08:00)","20:20 MY (UTC+08:00)","2009052020140242","T026529516920","-","160.00","025 - Office","FC8B","2502","2860 - ","20,196.83","","-","CALVIN PIONG EE KAI","RCMS - CR FPX","","-"
"506061304070","Current Account","GENTING MALAYSIA BERHAD","MYR","2020-09-05 MY (UTC+08:00)","2020-09-05 MY (UTC+08:00)","8","186","1,000.00","1,000.00","-","-","05/Sep/2020 MY (UTC+08:00)","20:26 MY (UTC+08:00)","2009052025440312","T026530044320","-","65.00","025 - Office","FC8A","2502","2860 - ","20,261.83","","-","AHMAD AIZUDDIN BIN M","RCMS - CR FPX","","-"
"506061304070","Current Account","GENTING MALAYSIA BERHAD","MYR","2020-09-05 MY (UTC+08:00)","2020-09-05 MY (UTC+08:00)","8","186","1,000.00","1,000.00","-","-","05/Sep/2020 MY (UTC+08:00)","20:31 MY (UTC+08:00)","2009052030310050","T026530488320","-","80.00","025 - Office","FC8A","2502","2860 - ","20,341.83","","-","KNA CENTRIC TRADING","RCMS - CR FPX","","-"
"506061304070","Current Account","GENTING MALAYSIA BERHAD","MYR","2020-09-05 MY (UTC+08:00)","2020-09-05 MY (UTC+08:00)","8","186","1,000.00","1,000.00","-","-","05/Sep/2020 MY (UTC+08:00)","20:38 MY (UTC+08:00)","2009052037190941","T026531171120","-","80.00","025 - Office","FC8B","2502","2860 - ","20,421.83","","-","NOR FARHAH BINTI MOH","RCMS - CR FPX","","-"
"506061304070","Current Account","GENTING MALAYSIA BERHAD","MYR","2020-09-05 MY (UTC+08:00)","2020-09-05 MY (UTC+08:00)","8","186","1,000.00","1,000.00","-","-","05/Sep/2020 MY (UTC+08:00)","20:40 MY (UTC+08:00)","2009052039330200","T026531377820","-","70.00","025 - Office","FC8B","2502","2860 - ","20,491.83","","-","CHEONG CHUN KIT","RCMS - CR FPX","","-"
"506061304070","Current Account","GENTING MALAYSIA BERHAD","MYR","2020-09-05 MY (UTC+08:00)","2020-09-05 MY (UTC+08:00)","8","186","1,000.00","1,000.00","-","-","05/Sep/2020 MY (UTC+08:00)","20:48 MY (UTC+08:00)","2009052047520951","T026532164120","-","100.00","025 - Office","FC8A","2502","2860 - ","20,591.83","","-","MOHD HAFEZZUDEEN BIN","RCMS - CR FPX","","-"
"506061304070","Current Account","GENTING MALAYSIA BERHAD","MYR","2020-09-05 MY (UTC+08:00)","2020-09-05 MY (UTC+08:00)","8","186","1,000.00","1,000.00","-","-","05/Sep/2020 MY (UTC+08:00)","20:49 MY (UTC+08:00)","2009052048260752","T026532213920","-","140.00","025 - Office","FC8B","2502","2860 - ","20,731.83","","-","CHONG FOONG LING","RCMS - CR FPX","","-"
"506061304070","Current Account","GENTING MALAYSIA BERHAD","MYR","2020-09-05 MY (UTC+08:00)","2020-09-05 MY (UTC+08:00)","8","186","1,000.00","1,000.00","-","-","05/Sep/2020 MY (UTC+08:00)","20:52 MY (UTC+08:00)","2009052051580704","T026532578120","-","140.00","025 - Office","FC8A","2502","2860 - ","20,871.83","","-","CHONG FOONG LING","RCMS - CR FPX","","-"
"506061304070","Current Account","GENTING MALAYSIA BERHAD","MYR","2020-09-05 MY (UTC+08:00)","2020-09-05 MY (UTC+08:00)","8","186","1,000.00","1,000.00","-","-","05/Sep/2020 MY (UTC+08:00)","21:00 MY (UTC+08:00)","2009052059570617","T026533306220","-","100.00","025 - Office","FC8C","2502","2860 - ","20,971.83","","-","MOHD HAFEZZUDEEN BIN","RCMS - CR FPX","","-"
"506061304070","Current Account","GENTING MALAYSIA BERHAD","MYR","2020-09-05 MY (UTC+08:00)","2020-09-05 MY (UTC+08:00)","8","186","1,000.00","1,000.00","-","-","05/Sep/2020 MY (UTC+08:00)","21:10 MY (UTC+08:00)","2009052109100170","T026534207720","-","80.00","025 - Office","FC8B","2502","2860 - ","21,051.83","","-","NUR IZWAN BIN MOHD A","RCMS - CR FPX","","-"
"506061304070","Current Account","GENTING MALAYSIA BERHAD","MYR","2020-09-05 MY (UTC+08:00)","2020-09-05 MY (UTC+08:00)","8","186","1,000.00","1,000.00","-","-","05/Sep/2020 MY (UTC+08:00)","21:16 MY (UTC+08:00)","2009052116030394","T026534861120","-","70.00","025 - Office","FC8A","2502","2860 - ","21,121.83","","-","LEE CHIN KHING","RCMS - CR FPX","","-"
"506061304070","Current Account","GENTING MALAYSIA BERHAD","MYR","2020-09-05 MY (UTC+08:00)","2020-09-05 MY (UTC+08:00)","8","186","1,000.00","1,000.00","-","-","05/Sep/2020 MY (UTC+08:00)","21:26 MY (UTC+08:00)","2009052124590338","T026535711320","-","70.00","025 - Office","FC8A","2502","2860 - ","21,191.83","","-","CHIOW HUI YING","RCMS - CR FPX","","-"
"506061304070","Current Account","GENTING MALAYSIA BERHAD","MYR","2020-09-05 MY (UTC+08:00)","2020-09-05 MY (UTC+08:00)","8","186","1,000.00","1,000.00","-","-","05/Sep/2020 MY (UTC+08:00)","21:27 MY (UTC+08:00)","2009052125560529","T026535804020","-","200.00","025 - Office","FC8D","2502","2860 - ","21,391.83","","-","LIM JIT SUAN","RCMS - CR FPX","","-"
"506061304070","Current Account","GENTING MALAYSIA BERHAD","MYR","2020-09-05 MY (UTC+08:00)","2020-09-05 MY (UTC+08:00)","8","186","1,000.00","1,000.00","-","-","05/Sep/2020 MY (UTC+08:00)","21:29 MY (UTC+08:00)","2009052128480369","T026536079420","-","240.00","025 - Office","FC8A","2502","2860 - ","21,631.83","","-","LIM JIT SUAN","RCMS - CR FPX","","-"
"506061304070","Current Account","GENTING MALAYSIA BERHAD","MYR","2020-09-05 MY (UTC+08:00)","2020-09-05 MY (UTC+08:00)","8","186","1,000.00","1,000.00","-","-","05/Sep/2020 MY (UTC+08:00)","21:30 MY (UTC+08:00)","2009052128260877","T026536016420","-","200.00","025 - Office","FC8D","2502","2860 - ","21,831.83","","-","SOH HOCK KEAT","RCMS - CR FPX","","-"
"506061304070","Current Account","GENTING MALAYSIA BERHAD","MYR","2020-09-05 MY (UTC+08:00)","2020-09-05 MY (UTC+08:00)","8","186","1,000.00","1,000.00","-","-","05/Sep/2020 MY (UTC+08:00)","21:35 MY (UTC+08:00)","CMS - DR CORP CHG","B2CSE00037674","143.00","-","025 - Office","CBSX410N","2502","CDRCHG - CMS - DR CORP CHG","21,688.83","","-","","CMS - DR CORP CHG","","-"
"506061304070","Current Account","GENTING MALAYSIA BERHAD","MYR","2020-09-05 MY (UTC+08:00)","2020-09-05 MY (UTC+08:00)","8","186","1,000.00","1,000.00","-","-","05/Sep/2020 MY (UTC+08:00)","21:35 MY (UTC+08:00)","2009052134440059","T026536626020","-","70.00","025 - Office","FC8A","2502","2860 - ","21,758.83","","-","KHAIRUL AFFENDI AIDI","RCMS - CR FPX","","-"
"506061304070","Current Account","GENTING MALAYSIA BERHAD","MYR","2020-09-05 MY (UTC+08:00)","2020-09-05 MY (UTC+08:00)","8","186","1,000.00","1,000.00","-","-","05/Sep/2020 MY (UTC+08:00)","21:39 MY (UTC+08:00)","2009052139030906","T026536996520","-","70.00","025 - Office","FC8D","2502","2860 - ","21,828.83","","-","KHAIRUL AFFENDI AIDI","RCMS - CR FPX","","-"
"506061304070","Current Account","GENTING MALAYSIA BERHAD","MYR","2020-09-05 MY (UTC+08:00)","2020-09-05 MY (UTC+08:00)","8","186","1,000.00","1,000.00","-","-","05/Sep/2020 MY (UTC+08:00)","21:40 MY (UTC+08:00)","2009052139100054","T026537026520","-","180.00","025 - Office","FC8A","2502","2860 - ","22,008.83","","-","CHAN LU YI","RCMS - CR FPX","","-"
"506061304070","Current Account","GENTING MALAYSIA BERHAD","MYR","2020-09-05 MY (UTC+08:00)","2020-09-05 MY (UTC+08:00)","8","186","1,000.00","1,000.00","-","-","05/Sep/2020 MY (UTC+08:00)","21:43 MY (UTC+08:00)","2009052142340402","T026537274020","-","110.00","025 - Office","FC8B","2502","2860 - ","22,118.83","","-","NORAZRINA BINTI BAKA","RCMS - CR FPX","","-"
"506061304070","Current Account","GENTING MALAYSIA BERHAD","MYR","2020-09-05 MY (UTC+08:00)","2020-09-05 MY (UTC+08:00)","8","186","1,000.00","1,000.00","-","-","05/Sep/2020 MY (UTC+08:00)","21:45 MY (UTC+08:00)","2009052144240833","T026537424920","-","200.00","025 - Office","FC8A","2502","2860 - ","22,318.83","","-","MUHAMMAD HAFIZ BIN A","RCMS - CR FPX","","-"
"506061304070","Current Account","GENTING MALAYSIA BERHAD","MYR","2020-09-05 MY (UTC+08:00)","2020-09-05 MY (UTC+08:00)","8","186","1,000.00","1,000.00","-","-","05/Sep/2020 MY (UTC+08:00)","21:46 MY (UTC+08:00)","2009052145350321","T026537544020","-","70.00","025 - Office","FC8B","2502","2860 - ","22,388.83","","-","MUHAMAD MUSTAQIM BIN","RCMS - CR FPX","","-"
"506061304070","Current Account","GENTING MALAYSIA BERHAD","MYR","2020-09-05 MY (UTC+08:00)","2020-09-05 MY (UTC+08:00)","8","186","1,000.00","1,000.00","-","-","05/Sep/2020 MY (UTC+08:00)","21:51 MY (UTC+08:00)","2009052150350731","T026538006920","-","130.00","025 - Office","FC8C","2502","2860 - ","22,518.83","","-","WANI AMIRA BINTI MUS","RCMS - CR FPX","","-"
"506061304070","Current Account","GENTING MALAYSIA BERHAD","MYR","2020-09-05 MY (UTC+08:00)","2020-09-05 MY (UTC+08:00)","8","186","1,000.00","1,000.00","-","-","05/Sep/2020 MY (UTC+08:00)","21:57 MY (UTC+08:00)","2009052156110843","T026538507920","-","210.00","025 - Office","FC8D","2502","2860 - ","22,728.83","","-","CHAU PEI JIUN","RCMS - CR FPX","","-"
"506061304070","Current Account","GENTING MALAYSIA BERHAD","MYR","2020-09-05 MY (UTC+08:00)","2020-09-05 MY (UTC+08:00)","8","186","1,000.00","1,000.00","-","-","05/Sep/2020 MY (UTC+08:00)","22:00 MY (UTC+08:00)","2009052159400145","T026538794420","-","160.00","025 - Office","FC8A","2502","2860 - ","22,888.83","","-","HONEY TEO","RCMS - CR FPX","","-"
"506061304070","Current Account","GENTING MALAYSIA BERHAD","MYR","2020-09-05 MY (UTC+08:00)","2020-09-05 MY (UTC+08:00)","8","186","1,000.00","1,000.00","-","-","05/Sep/2020 MY (UTC+08:00)","22:01 MY (UTC+08:00)","2009052200520613","T026538891320","-","240.00","025 - Office","FC8A","2502","2860 - ","23,128.83","","-","WONG CHEE WAI","RCMS - CR FPX","","-"
"506061304070","Current Account","GENTING MALAYSIA BERHAD","MYR","2020-09-05 MY (UTC+08:00)","2020-09-05 MY (UTC+08:00)","8","186","1,000.00","1,000.00","-","-","05/Sep/2020 MY (UTC+08:00)","22:10 MY (UTC+08:00)","2009052209520561","T026539681220","-","70.00","025 - Office","FC8B","2502","2860 - ","23,198.83","","-","TAN HONG CHOW  CHONG","RCMS - CR FPX","","-"
"506061304070","Current Account","GENTING MALAYSIA BERHAD","MYR","2020-09-05 MY (UTC+08:00)","2020-09-05 MY (UTC+08:00)","8","186","1,000.00","1,000.00","-","-","05/Sep/2020 MY (UTC+08:00)","22:12 MY (UTC+08:00)","2009052211370696","T026539851020","-","220.00","025 - Office","FC8B","2502","2860 - ","23,418.83","","-","MS LIM SIEW KHIM","RCMS - CR FPX","","-"
"506061304070","Current Account","GENTING MALAYSIA BERHAD","MYR","2020-09-05 MY (UTC+08:00)","2020-09-05 MY (UTC+08:00)","8","186","1,000.00","1,000.00","-","-","05/Sep/2020 MY (UTC+08:00)","22:17 MY (UTC+08:00)","2009052216200355","T026540274620","-","110.00","025 - Office","FC8B","2502","2860 - ","23,528.83","","-","REVATTI A/P THIAGARA","RCMS - CR FPX","","-"
"506061304070","Current Account","GENTING MALAYSIA BERHAD","MYR","2020-09-05 MY (UTC+08:00)","2020-09-05 MY (UTC+08:00)","8","186","1,000.00","1,000.00","-","-","05/Sep/2020 MY (UTC+08:00)","22:19 MY (UTC+08:00)","2009052218100558","T026540418320","-","160.00","025 - Office","FC8B","2502","2860 - ","23,688.83","","-","MS LIM SIEW KHIM","RCMS - CR FPX","","-"
"506061304070","Current Account","GENTING MALAYSIA BERHAD","MYR","2020-09-05 MY (UTC+08:00)","2020-09-05 MY (UTC+08:00)","8","186","1,000.00","1,000.00","-","-","05/Sep/2020 MY (UTC+08:00)","22:20 MY (UTC+08:00)","2009052218530416","T026540429720","-","70.00","025 - Office","FC8A","2502","2860 - ","23,758.83","","-","TAN CHEE FAN","RCMS - CR FPX","","-"
"506061304070","Current Account","GENTING MALAYSIA BERHAD","MYR","2020-09-05 MY (UTC+08:00)","2020-09-05 MY (UTC+08:00)","8","186","1,000.00","1,000.00","-","-","05/Sep/2020 MY (UTC+08:00)","22:20 MY (UTC+08:00)","2009052219550653","T026540547320","-","100.00","025 - Office","FC8B","2502","2860 - ","23,858.83","","-","ERWIN IRAWAN","RCMS - CR FPX","","-"
"506061304070","Current Account","GENTING MALAYSIA BERHAD","MYR","2020-09-05 MY (UTC+08:00)","2020-09-05 MY (UTC+08:00)","8","186","1,000.00","1,000.00","-","-","05/Sep/2020 MY (UTC+08:00)","22:23 MY (UTC+08:00)","2009052221440788","T026540682920","-","70.00","025 - Office","FC8A","2502","2860 - ","23,928.83","","-","TEH HOCK HENG","RCMS - CR FPX","","-"
"506061304070","Current Account","GENTING MALAYSIA BERHAD","MYR","2020-09-05 MY (UTC+08:00)","2020-09-05 MY (UTC+08:00)","8","186","1,000.00","1,000.00","-","-","05/Sep/2020 MY (UTC+08:00)","22:45 MY (UTC+08:00)","2009052244550143","T026542445420","-","80.00","025 - Office","FC8A","2502","2860 - ","24,008.83","","-","SIM AI PING","RCMS - CR FPX","","-"
"506061304070","Current Account","GENTING MALAYSIA BERHAD","MYR","2020-09-05 MY (UTC+08:00)","2020-09-05 MY (UTC+08:00)","8","186","1,000.00","1,000.00","-","-","05/Sep/2020 MY (UTC+08:00)","22:47 MY (UTC+08:00)","2009052246170545","T026542533320","-","110.00","025 - Office","FC8C","2502","2860 - ","24,118.83","","-","TOH CHEE HERN","RCMS - CR FPX","","-"
"506061304070","Current Account","GENTING MALAYSIA BERHAD","MYR","2020-09-05 MY (UTC+08:00)","2020-09-05 MY (UTC+08:00)","8","186","1,000.00","1,000.00","-","-","05/Sep/2020 MY (UTC+08:00)","22:54 MY (UTC+08:00)","2009052253310432","T026543057420","-","80.00","025 - Office","FC8A","2502","2860 - ","24,198.83","","-","LEE KIEN VE","RCMS - CR FPX","","-"
"506061304070","Current Account","GENTING MALAYSIA BERHAD","MYR","2020-09-05 MY (UTC+08:00)","2020-09-05 MY (UTC+08:00)","8","186","1,000.00","1,000.00","-","-","05/Sep/2020 MY (UTC+08:00)","23:06 MY (UTC+08:00)","2009052305200638","T026543904020","-","260.00","025 - Office","FC8C","2502","2860 - ","24,458.83","","-","CHIA WEI SIRN","RCMS - CR FPX","","-"
"506061304070","Current Account","GENTING MALAYSIA BERHAD","MYR","2020-09-05 MY (UTC+08:00)","2020-09-05 MY (UTC+08:00)","8","186","1,000.00","1,000.00","-","-","05/Sep/2020 MY (UTC+08:00)","23:09 MY (UTC+08:00)","2009052308030669","T026544102320","-","100.00","025 - Office","FC8B","2502","2860 - ","24,558.83","","-","KHAIRI BIN KAMARUDDI","RCMS - CR FPX","","-"
"506061304070","Current Account","GENTING MALAYSIA BERHAD","MYR","2020-09-05 MY (UTC+08:00)","2020-09-05 MY (UTC+08:00)","8","186","1,000.00","1,000.00","-","-","05/Sep/2020 MY (UTC+08:00)","23:16 MY (UTC+08:00)","2009052315570993","T026544632120","-","180.00","025 - Office","FC8A","2502","2860 - ","24,738.83","","-","INNER POSH MANAGEMEN","RCMS - CR FPX","","-"
"506061304070","Current Account","GENTING MALAYSIA BERHAD","MYR","2020-09-05 MY (UTC+08:00)","2020-09-05 MY (UTC+08:00)","8","186","1,000.00","1,000.00","-","-","05/Sep/2020 MY (UTC+08:00)","23:17 MY (UTC+08:00)","2009052317050097","T026544732920","-","140.00","025 - Office","FC8A","2502","2860 - ","24,878.83","","-","OOI XIAO PING","RCMS - CR FPX","","-"
"506061304070","Current Account","GENTING MALAYSIA BERHAD","MYR","2020-09-05 MY (UTC+08:00)","2020-09-05 MY (UTC+08:00)","8","186","1,000.00","1,000.00","-","-","05/Sep/2020 MY (UTC+08:00)","23:26 MY (UTC+08:00)","2009052324330704","T026545225520","-","70.00","025 - Office","FC8A","2502","2860 - ","24,948.83","","-","LEE ZHEN SHIONG","RCMS - CR FPX","","-"
"506061304070","Current Account","GENTING MALAYSIA BERHAD","MYR","2020-09-05 MY (UTC+08:00)","2020-09-05 MY (UTC+08:00)","8","186","1,000.00","1,000.00","-","-","05/Sep/2020 MY (UTC+08:00)","23:26 MY (UTC+08:00)","2009052325570827","T026545332020","-","220.00","025 - Office","FC8B","2502","2860 - ","25,168.83","","-","LAW JACK SENG","RCMS - CR FPX","","-"
"506061304070","Current Account","GENTING MALAYSIA BERHAD","MYR","2020-09-05 MY (UTC+08:00)","2020-09-05 MY (UTC+08:00)","8","186","1,000.00","1,000.00","-","-","05/Sep/2020 MY (UTC+08:00)","23:39 MY (UTC+08:00)","2009052337500583","T026546061320","-","70.00","025 - Office","FC8A","2502","2860 - ","25,238.83","","-","TAN SHAO XYUEN","RCMS - CR FPX","","-"
"506061304070","Current Account","GENTING MALAYSIA BERHAD","MYR","2020-09-05 MY (UTC+08:00)","2020-09-05 MY (UTC+08:00)","8","186","1,000.00","1,000.00","-","-","05/Sep/2020 MY (UTC+08:00)","23:41 MY (UTC+08:00)","2009052340110426","T026546221520","-","110.00","025 - Office","FC8A","2502","2860 - ","25,348.83","","-","JASON HAU WEE KEN","RCMS - CR FPX","","-"
"506061304070","Current Account","GENTING MALAYSIA BERHAD","MYR","2020-09-05 MY (UTC+08:00)","2020-09-05 MY (UTC+08:00)","8","186","1,000.00","1,000.00","-","-","05/Sep/2020 MY (UTC+08:00)","23:47 MY (UTC+08:00)","2009052345510822","T026546544620","-","100.00","025 - Office","FC8A","2502","2860 - ","25,448.83","","-","LIM SENG LEONG","RCMS - CR FPX","","-"
"506061304070","Current Account","GENTING MALAYSIA BERHAD","MYR","2020-09-05 MY (UTC+08:00)","2020-09-05 MY (UTC+08:00)","8","186","1,000.00","1,000.00","-","-","05/Sep/2020 MY (UTC+08:00)","23:56 MY (UTC+08:00)","2009052355330558","T026547061520","-","80.00","025 - Office","FC8A","2502","2860 - ","25,528.83","","-","TAI KHIM HOONG","RCMS - CR FPX","","-"
"506061304070","Current Account","GENTING MALAYSIA BERHAD","MYR","2020-09-05 MY (UTC+08:00)","2020-09-05 MY (UTC+08:00)","8","186","1,000.00","1,000.00","-","-","05/Sep/2020 MY (UTC+08:00)","00:46 MY (UTC+08:00)","QRCASA SALES M/N 0035052 DATED 05092020","","-","72.90","011 - System","CBSX425P","2988","8301 - BILLS PAYMENT CREDIT","25,601.73","","-","","","","-"
"506061304070","Current Account","GENTING MALAYSIA BERHAD","MYR","2020-09-05 MY (UTC+08:00)","2020-09-05 MY (UTC+08:00)","8","186","1,000.00","1,000.00","-","-","05/Sep/2020 MY (UTC+08:00)","00:46 MY (UTC+08:00)","QRCASA SALES M/N 0000031 DATED 05092020","","-","160.00","011 - System","CBSX425P","2988","8301 - BILLS PAYMENT CREDIT","25,761.73","","-","","","","-"
"506061304070","Current Account","GENTING MALAYSIA BERHAD","MYR","2020-09-05 MY (UTC+08:00)","2020-09-05 MY (UTC+08:00)","8","186","1,000.00","1,000.00","-","-","05/Sep/2020 MY (UTC+08:00)","00:46 MY (UTC+08:00)","QRCASA SALES M/N 0035433 DATED 05092020","","-","960.00","011 - System","CBSX425P","2988","8301 - BILLS PAYMENT CREDIT","26,721.73","","-","","","","-"
"506061304070","Current Account","GENTING MALAYSIA BERHAD","MYR","2020-09-05 MY (UTC+08:00)","2020-09-05 MY (UTC+08:00)","8","186","1,000.00","1,000.00","-","-","05/Sep/2020 MY (UTC+08:00)","00:47 MY (UTC+08:00)","S/C TRANS VIA QRPAY 000027060035052","","0.18","-","011 - System","CBSX4237","2996","PCSCDR - PAYEE CORP SERVICE CHARGE DEBIT","26,721.55","","-","","","","-"
"506061304070","Current Account","GENTING MALAYSIA BERHAD","MYR","2020-09-05 MY (UTC+08:00)","2020-09-05 MY (UTC+08:00)","8","186","1,000.00","1,000.00","-","-","05/Sep/2020 MY (UTC+08:00)","00:47 MY (UTC+08:00)","S/C TRANS VIA QRPAY 000027060000031","","0.40","-","011 - System","CBSX4237","2996","PCSCDR - PAYEE CORP SERVICE CHARGE DEBIT","26,721.15","","-","","","","-"
"506061304070","Current Account","GENTING MALAYSIA BERHAD","MYR","2020-09-05 MY (UTC+08:00)","2020-09-05 MY (UTC+08:00)","8","186","1,000.00","1,000.00","-","-","05/Sep/2020 MY (UTC+08:00)","00:47 MY (UTC+08:00)","S/C TRANS VIA QRPAY 000027060035433","","2.40","-","011 - System","CBSX4237","2996","PCSCDR - PAYEE CORP SERVICE CHARGE DEBIT","26,718.75","","-","","","","-"
"506061304070","Current Account","GENTING MALAYSIA BERHAD","MYR","2020-09-05 MY (UTC+08:00)","2020-09-05 MY (UTC+08:00)","8","186","1,000.00","1,000.00","-","-","05/Sep/2020 MY (UTC+08:00)","01:34 MY (UTC+08:00)","XFR DEBIT SVC CHARGE","","2.00","-","011 - System","BTCH6587","0606","XFRDRSVC - SERVICE CHARGE","26,716.75","","-","","","","-"
"506061304070","Current Account","GENTING MALAYSIA BERHAD","MYR","2020-09-05 MY (UTC+08:00)","2020-09-05 MY (UTC+08:00)","8","186","1,000.00","1,000.00","-","-","05/Sep/2020 MY (UTC+08:00)","01:34 MY (UTC+08:00)","GENTING MALAYSIA BERHAD","514011468149","28,541.73","-","011 - System","BTCH6587","0606","XFRDR - FUND TRANSFER DEBIT","-1,824.98","","-","","","","-"
"506061304070","Current Account","GENTING MALAYSIA BERHAD","MYR","2020-09-05 MY (UTC+08:00)","2020-09-05 MY (UTC+08:00)","8","186","1,000.00","1,000.00","-","-","05/Sep/2020 MY (UTC+08:00)","02:30 MY (UTC+08:00)","DR/CARD SALES M/N 4000006 DATED 04092020","","-","1,208.00","006 - Pos","CBSX408R","3121","8300 - CREDIT ACCOUNT","-616.98","","-","","","","-"
"506061304070","Current Account","GENTING MALAYSIA BERHAD","MYR","2020-09-05 MY (UTC+08:00)","2020-09-05 MY (UTC+08:00)","8","186","1,000.00","1,000.00","-","-","05/Sep/2020 MY (UTC+08:00)","02:31 MY (UTC+08:00)","DR/CARD SALES M/N 4000006 DATED 04092020","","3.02","-","011 - System","CBSX408R","2981","BCHARGE - ELECTRONIC TRANSACTION CHARGES","-620.00","","-","","","","-"
"506061304070","Current Account","GENTING MALAYSIA BERHAD","MYR","2020-09-05 MY (UTC+08:00)","2020-09-05 MY (UTC+08:00)","8","186","1,000.00","1,000.00","-","-","05/Sep/2020 MY (UTC+08:00)","04:30 MY (UTC+08:00)","2009050015090988","T026446107320","-","70.00","025 - Office","FC8A","2502","2860 - ","-550.00","","-","CHAU WEI SIONG","RCMS - CR FPX","","-"
"506061304070","Current Account","GENTING MALAYSIA BERHAD","MYR","2020-09-05 MY (UTC+08:00)","2020-09-05 MY (UTC+08:00)","8","186","1,000.00","1,000.00","-","-","05/Sep/2020 MY (UTC+08:00)","04:30 MY (UTC+08:00)","2009050027100726","T026446639220","-","160.00","025 - Office","FC8A","2502","2860 - ","-390.00","","-","SITI NORFATIN BINTI","RCMS - CR FPX","","-"
"506061304070","Current Account","GENTING MALAYSIA BERHAD","MYR","2020-09-05 MY (UTC+08:00)","2020-09-05 MY (UTC+08:00)","8","186","1,000.00","1,000.00","-","-","05/Sep/2020 MY (UTC+08:00)","04:30 MY (UTC+08:00)","2009050043100782","T026447652320","-","220.00","025 - Office","FC8A","2502","2860 - ","-170.00","","-","NG WEI SEN","RCMS - CR FPX","","-"
"506061304070","Current Account","GENTING MALAYSIA BERHAD","MYR","2020-09-05 MY (UTC+08:00)","2020-09-05 MY (UTC+08:00)","8","186","1,000.00","1,000.00","-","-","05/Sep/2020 MY (UTC+08:00)","04:30 MY (UTC+08:00)","2009050044080219","T026447689520","-","70.00","025 - Office","FC8A","2502","2860 - ","-100.00","","-","PEH PEI WERN","RCMS - CR FPX","","-"
"506061304070","Current Account","GENTING MALAYSIA BERHAD","MYR","2020-09-05 MY (UTC+08:00)","2020-09-05 MY (UTC+08:00)","8","186","1,000.00","1,000.00","-","-","05/Sep/2020 MY (UTC+08:00)","04:30 MY (UTC+08:00)","2009050112200568","T026448622520","-","80.00","025 - Office","FC8A","2502","2860 - ","-20.00","","-","SAIFUL AMIR SYAFIQ B","RCMS - CR FPX","","-"
"506061304070","Current Account","GENTING MALAYSIA BERHAD","MYR","2020-09-05 MY (UTC+08:00)","2020-09-05 MY (UTC+08:00)","8","186","1,000.00","1,000.00","-","-","05/Sep/2020 MY (UTC+08:00)","04:30 MY (UTC+08:00)","2009050119260734","T026448825920","-","360.00","025 - Office","FC8B","2502","2860 - ","340.00","","-","WONG CHUN SAM","RCMS - CR FPX","","-"
"506061304070","Current Account","GENTING MALAYSIA BERHAD","MYR","2020-09-05 MY (UTC+08:00)","2020-09-05 MY (UTC+08:00)","8","186","1,000.00","1,000.00","-","-","05/Sep/2020 MY (UTC+08:00)","04:30 MY (UTC+08:00)","2009050318290933","T026450959820","-","300.00","025 - Office","FC8A","2502","2860 - ","640.00","","-","MOHD SHAHRILEFFENDI","RCMS - CR FPX","","-"
"506061304070","Current Account","GENTING MALAYSIA BERHAD","MYR","2020-09-05 MY (UTC+08:00)","2020-09-05 MY (UTC+08:00)","8","186","1,000.00","1,000.00","-","-","05/Sep/2020 MY (UTC+08:00)","04:30 MY (UTC+08:00)","2009050337290842","T026451171620","-","360.00","025 - Office","FC8A","2502","2860 - ","1,000.00","","-","CHONG MING JIE","RCMS - CR FPX","","-"
