﻿Account Number,Account Type,Account Name,Account Currency,Date From,Date To,Total Debit,Total Credit,Begin Balance,End Balance,Transaction Date,Transaction Time,Posting Date,Processing Time,Transaction Description,Transaction Ref,Debit,Credit,Source Code,Teller ID,Branch/Channel,Transaction Code,End Balance,Filler,Virtual Account,Transaction Description 2,Transaction Description 3,Transaction Description 4,Expiry Date
"506061304070","Current Account","GENTING MALAYSIA BERHAD","MYR","2020-09-08 MY (UTC+08:00)","2020-09-08 MY (UTC+08:00)","7","228","1,000.00","1,000.00","-","-","08/Sep/2020 MY (UTC+08:00)","07:28 MY (UTC+08:00)","2009080727140816","T026764687820","-","180.00","025 - Office","FC8C","2502","2860 - ","1,180.00","","-","JOHAN NIZAM BIN BAHA","RCMS - CR FPX","","-"
"506061304070","Current Account","GENTING MALAYSIA BERHAD","MYR","2020-09-08 MY (UTC+08:00)","2020-09-08 MY (UTC+08:00)","7","228","1,000.00","1,000.00","-","-","08/Sep/2020 MY (UTC+08:00)","07:40 MY (UTC+08:00)","2009080739310568","T026765432420","-","80.00","025 - Office","FC8A","2502","2860 - ","1,260.00","","-","KOH CHING YI","RCMS - CR FPX","","-"
"506061304070","Current Account","GENTING MALAYSIA BERHAD","MYR","2020-09-08 MY (UTC+08:00)","2020-09-08 MY (UTC+08:00)","7","228","1,000.00","1,000.00","-","-","08/Sep/2020 MY (UTC+08:00)","08:09 MY (UTC+08:00)","2009080808580480","T026767711520","-","80.00","025 - Office","FC8C","2502","2860 - ","1,340.00","","-","KOH CHING YI","RCMS - CR FPX","","-"
"506061304070","Current Account","GENTING MALAYSIA BERHAD","MYR","2020-09-08 MY (UTC+08:00)","2020-09-08 MY (UTC+08:00)","7","228","1,000.00","1,000.00","-","-","08/Sep/2020 MY (UTC+08:00)","08:30 MY (UTC+08:00)","2009080829180947","T026769535220","-","140.00","025 - Office","FC8A","2502","2860 - ","1,480.00","","-","MOHAMAD ARHAM AJWAD","RCMS - CR FPX","","-"
"506061304070","Current Account","GENTING MALAYSIA BERHAD","MYR","2020-09-08 MY (UTC+08:00)","2020-09-08 MY (UTC+08:00)","7","228","1,000.00","1,000.00","-","-","08/Sep/2020 MY (UTC+08:00)","08:31 MY (UTC+08:00)","CR/CARD SALES M/N 4000006 DATED 07092020","00060709","-","3,688.89","011 - System","CBSX4498","2719","2981 - MERCHANT CREDIT CARD SALES","5,168.89","","-","","","","-"
"506061304070","Current Account","GENTING MALAYSIA BERHAD","MYR","2020-09-08 MY (UTC+08:00)","2020-09-08 MY (UTC+08:00)","7","228","1,000.00","1,000.00","-","-","08/Sep/2020 MY (UTC+08:00)","08:31 MY (UTC+08:00)","CR/CARD SALES M/N 4221339 DATED 07092020","13390709","-","17,539.73","011 - System","CBSX4498","2719","2981 - MERCHANT CREDIT CARD SALES","22,708.62","","-","","","","-"
"506061304070","Current Account","GENTING MALAYSIA BERHAD","MYR","2020-09-08 MY (UTC+08:00)","2020-09-08 MY (UTC+08:00)","7","228","1,000.00","1,000.00","-","-","08/Sep/2020 MY (UTC+08:00)","08:31 MY (UTC+08:00)","CR/CARD SALES M/N 4221552 DATED 07092020","15520709","-","7,513.36","011 - System","CBSX4498","2719","2981 - MERCHANT CREDIT CARD SALES","30,221.98","","-","","","","-"
"506061304070","Current Account","GENTING MALAYSIA BERHAD","MYR","2020-09-08 MY (UTC+08:00)","2020-09-08 MY (UTC+08:00)","7","228","1,000.00","1,000.00","-","-","08/Sep/2020 MY (UTC+08:00)","08:31 MY (UTC+08:00)","CR/CARD SALES M/N 1813880 DATED 07092020","38800709","-","2,773.12","011 - System","CBSX4498","2719","2981 - MERCHANT CREDIT CARD SALES","32,995.10","","-","","","","-"
"506061304070","Current Account","GENTING MALAYSIA BERHAD","MYR","2020-09-08 MY (UTC+08:00)","2020-09-08 MY (UTC+08:00)","7","228","1,000.00","1,000.00","-","-","08/Sep/2020 MY (UTC+08:00)","08:31 MY (UTC+08:00)","CR/CARD SALES M/N 4185062 DATED 07092020","50620709","-","59,906.18","011 - System","CBSX4498","2719","2981 - MERCHANT CREDIT CARD SALES","92,901.28","","-","","","","-"
"506061304070","Current Account","GENTING MALAYSIA BERHAD","MYR","2020-09-08 MY (UTC+08:00)","2020-09-08 MY (UTC+08:00)","7","228","1,000.00","1,000.00","-","-","08/Sep/2020 MY (UTC+08:00)","08:31 MY (UTC+08:00)","CR/CARD SALES M/N 4225124 DATED 07092020","51240709","-","427.83","011 - System","CBSX4498","2719","2981 - MERCHANT CREDIT CARD SALES","93,329.11","","-","","","","-"
"506061304070","Current Account","GENTING MALAYSIA BERHAD","MYR","2020-09-08 MY (UTC+08:00)","2020-09-08 MY (UTC+08:00)","7","228","1,000.00","1,000.00","-","-","08/Sep/2020 MY (UTC+08:00)","08:31 MY (UTC+08:00)","CR/CARD SALES M/N 4225140 DATED 07092020","51400709","-","2,762.83","011 - System","CBSX4498","2719","2981 - MERCHANT CREDIT CARD SALES","96,091.94","","-","","","","-"
"506061304070","Current Account","GENTING MALAYSIA BERHAD","MYR","2020-09-08 MY (UTC+08:00)","2020-09-08 MY (UTC+08:00)","7","228","1,000.00","1,000.00","-","-","08/Sep/2020 MY (UTC+08:00)","08:31 MY (UTC+08:00)","CR/CARD SALES M/N 1055342 DATED 07092020","53420709","-","5,609.86","011 - System","CBSX4498","2719","2981 - MERCHANT CREDIT CARD SALES","101,701.80","","-","","","","-"
"506061304070","Current Account","GENTING MALAYSIA BERHAD","MYR","2020-09-08 MY (UTC+08:00)","2020-09-08 MY (UTC+08:00)","7","228","1,000.00","1,000.00","-","-","08/Sep/2020 MY (UTC+08:00)","08:31 MY (UTC+08:00)","CR/CARD SALES M/N 4145744 DATED 07092020","57440709","-","219.08","011 - System","CBSX4498","2719","2981 - MERCHANT CREDIT CARD SALES","101,920.88","","-","","","","-"
"506061304070","Current Account","GENTING MALAYSIA BERHAD","MYR","2020-09-08 MY (UTC+08:00)","2020-09-08 MY (UTC+08:00)","7","228","1,000.00","1,000.00","-","-","08/Sep/2020 MY (UTC+08:00)","08:31 MY (UTC+08:00)","CR/CARD SALES M/N 4246575 DATED 07092020","65750709","-","1,183.25","011 - System","CBSX4498","2719","2981 - MERCHANT CREDIT CARD SALES","103,104.13","","-","","","","-"
"506061304070","Current Account","GENTING MALAYSIA BERHAD","MYR","2020-09-08 MY (UTC+08:00)","2020-09-08 MY (UTC+08:00)","7","228","1,000.00","1,000.00","-","-","08/Sep/2020 MY (UTC+08:00)","08:31 MY (UTC+08:00)","CR/CARD SALES M/N 7008915 DATED 07092020","89150709","-","58,601.61","011 - System","CBSX4498","2719","2981 - MERCHANT CREDIT CARD SALES","161,705.74","","-","","","","-"
"506061304070","Current Account","GENTING MALAYSIA BERHAD","MYR","2020-09-08 MY (UTC+08:00)","2020-09-08 MY (UTC+08:00)","7","228","1,000.00","1,000.00","-","-","08/Sep/2020 MY (UTC+08:00)","08:31 MY (UTC+08:00)","CR/CARD SALES M/N 4179180 DATED 07092020","91800709","-","8,230.68","011 - System","CBSX4498","2719","2981 - MERCHANT CREDIT CARD SALES","169,936.42","","-","","","","-"
"506061304070","Current Account","GENTING MALAYSIA BERHAD","MYR","2020-09-08 MY (UTC+08:00)","2020-09-08 MY (UTC+08:00)","7","228","1,000.00","1,000.00","-","-","08/Sep/2020 MY (UTC+08:00)","08:31 MY (UTC+08:00)","CR/CARD SALES M/N 4179883 DATED 07092020","98830709","-","21.94","011 - System","CBSX4498","2719","2981 - MERCHANT CREDIT CARD SALES","169,958.36","","-","","","","-"
"506061304070","Current Account","GENTING MALAYSIA BERHAD","MYR","2020-09-08 MY (UTC+08:00)","2020-09-08 MY (UTC+08:00)","7","228","1,000.00","1,000.00","-","-","08/Sep/2020 MY (UTC+08:00)","08:31 MY (UTC+08:00)","CR/CARD SALES M/N 4239893 DATED 07092020","98930709","-","1,678.55","011 - System","CBSX4498","2719","2981 - MERCHANT CREDIT CARD SALES","171,636.91","","-","","","","-"
"506061304070","Current Account","GENTING MALAYSIA BERHAD","MYR","2020-09-08 MY (UTC+08:00)","2020-09-08 MY (UTC+08:00)","7","228","1,000.00","1,000.00","-","-","08/Sep/2020 MY (UTC+08:00)","08:41 MY (UTC+08:00)","2009080841170539","T026770798520","-","180.00","025 - Office","FC8A","2502","2860 - ","171,816.91","","-","CHAN HUA WEI","RCMS - CR FPX","","-"
"506061304070","Current Account","GENTING MALAYSIA BERHAD","MYR","2020-09-08 MY (UTC+08:00)","2020-09-08 MY (UTC+08:00)","7","228","1,000.00","1,000.00","-","-","08/Sep/2020 MY (UTC+08:00)","08:41 MY (UTC+08:00)","2009080841180565","T026770798220","-","80.00","025 - Office","FC8A","2502","2860 - ","171,896.91","","-","CHUA SENG YUI","RCMS - CR FPX","","-"
"506061304070","Current Account","GENTING MALAYSIA BERHAD","MYR","2020-09-08 MY (UTC+08:00)","2020-09-08 MY (UTC+08:00)","7","228","1,000.00","1,000.00","-","-","08/Sep/2020 MY (UTC+08:00)","08:52 MY (UTC+08:00)","2009080852100529","T026771937020","-","70.00","025 - Office","FC8E","2502","2860 - ","171,966.91","","-","NAM TECK ANN","RCMS - CR FPX","","-"
"506061304070","Current Account","GENTING MALAYSIA BERHAD","MYR","2020-09-08 MY (UTC+08:00)","2020-09-08 MY (UTC+08:00)","7","228","1,000.00","1,000.00","-","-","08/Sep/2020 MY (UTC+08:00)","09:15 MY (UTC+08:00)","2009080914160291","T026774582420","-","70.00","025 - Office","FC8D","2502","2860 - ","172,036.91","","-","MOHAMAD ARHAM AJWAD","RCMS - CR FPX","","-"
"506061304070","Current Account","GENTING MALAYSIA BERHAD","MYR","2020-09-08 MY (UTC+08:00)","2020-09-08 MY (UTC+08:00)","7","228","1,000.00","1,000.00","-","-","08/Sep/2020 MY (UTC+08:00)","09:18 MY (UTC+08:00)","2009080917370864","T026774935820","-","140.00","025 - Office","FC8C","2502","2860 - ","172,176.91","","-","LEE SHU QING","RCMS - CR FPX","","-"
"506061304070","Current Account","GENTING MALAYSIA BERHAD","MYR","2020-09-08 MY (UTC+08:00)","2020-09-08 MY (UTC+08:00)","7","228","1,000.00","1,000.00","-","-","08/Sep/2020 MY (UTC+08:00)","09:31 MY (UTC+08:00)","2009080931110782","T026776602320","-","70.00","025 - Office","FC8A","2502","2860 - ","172,246.91","","-","CHOONG KAM HOONG","RCMS - CR FPX","","-"
"506061304070","Current Account","GENTING MALAYSIA BERHAD","MYR","2020-09-08 MY (UTC+08:00)","2020-09-08 MY (UTC+08:00)","7","228","1,000.00","1,000.00","-","-","08/Sep/2020 MY (UTC+08:00)","09:48 MY (UTC+08:00)","2009080947550063","T026778571520","-","180.00","025 - Office","FC8B","2502","2860 - ","172,426.91","","-","CHONG LOK YEE","RCMS - CR FPX","","-"
"506061304070","Current Account","GENTING MALAYSIA BERHAD","MYR","2020-09-08 MY (UTC+08:00)","2020-09-08 MY (UTC+08:00)","7","228","1,000.00","1,000.00","-","-","08/Sep/2020 MY (UTC+08:00)","09:57 MY (UTC+08:00)","2009080956450149","T026779612220","-","80.00","025 - Office","FC8B","2502","2860 - ","172,506.91","","-","LEE KOON LEONG","RCMS - CR FPX","","-"
"506061304070","Current Account","GENTING MALAYSIA BERHAD","MYR","2020-09-08 MY (UTC+08:00)","2020-09-08 MY (UTC+08:00)","7","228","1,000.00","1,000.00","-","-","08/Sep/2020 MY (UTC+08:00)","10:04 MY (UTC+08:00)","2009081004000879","T026780538620","-","110.00","025 - Office","FC8E","2502","2860 - ","172,616.91","","-","AMIR HAFEZ AHMAD SAT","RCMS - CR FPX","","-"
"506061304070","Current Account","GENTING MALAYSIA BERHAD","MYR","2020-09-08 MY (UTC+08:00)","2020-09-08 MY (UTC+08:00)","7","228","1,000.00","1,000.00","-","-","08/Sep/2020 MY (UTC+08:00)","10:12 MY (UTC+08:00)","2009081011010020","T026781423320","-","80.00","025 - Office","FC8C","2502","2860 - ","172,696.91","","-","LOW XUAN FATT","RCMS - CR FPX","","-"
"506061304070","Current Account","GENTING MALAYSIA BERHAD","MYR","2020-09-08 MY (UTC+08:00)","2020-09-08 MY (UTC+08:00)","7","228","1,000.00","1,000.00","-","-","08/Sep/2020 MY (UTC+08:00)","10:15 MY (UTC+08:00)","2009081014210341","T026781787820","-","70.00","025 - Office","FC8D","2502","2860 - ","172,766.91","","-","CHAN WAI HO","RCMS - CR FPX","","-"
"506061304070","Current Account","GENTING MALAYSIA BERHAD","MYR","2020-09-08 MY (UTC+08:00)","2020-09-08 MY (UTC+08:00)","7","228","1,000.00","1,000.00","-","-","08/Sep/2020 MY (UTC+08:00)","10:19 MY (UTC+08:00)","H78818","78818","-","7,880.40","018 - Teller","0000544A","0606","7100 - CASH DEPOSIT","180,647.31","","-","","","","-"
"506061304070","Current Account","GENTING MALAYSIA BERHAD","MYR","2020-09-08 MY (UTC+08:00)","2020-09-08 MY (UTC+08:00)","7","228","1,000.00","1,000.00","-","-","08/Sep/2020 MY (UTC+08:00)","10:24 MY (UTC+08:00)","2009081023090411","T026782896320","-","100.00","025 - Office","FC8A","2502","2860 - ","180,747.31","","-","NURUL IZZATIE BINTI","RCMS - CR FPX","","-"
"506061304070","Current Account","GENTING MALAYSIA BERHAD","MYR","2020-09-08 MY (UTC+08:00)","2020-09-08 MY (UTC+08:00)","7","228","1,000.00","1,000.00","-","-","08/Sep/2020 MY (UTC+08:00)","10:26 MY (UTC+08:00)","H78817","78817","-","384,047.00","018 - Teller","0000544A","0606","7100 - CASH DEPOSIT","564,794.31","","-","","","","-"
"506061304070","Current Account","GENTING MALAYSIA BERHAD","MYR","2020-09-08 MY (UTC+08:00)","2020-09-08 MY (UTC+08:00)","7","228","1,000.00","1,000.00","-","-","08/Sep/2020 MY (UTC+08:00)","10:27 MY (UTC+08:00)","H78816","78816","-","56,206.00","018 - Teller","0000544A","0606","7100 - CASH DEPOSIT","621,000.31","","-","","","","-"
"506061304070","Current Account","GENTING MALAYSIA BERHAD","MYR","2020-09-08 MY (UTC+08:00)","2020-09-08 MY (UTC+08:00)","7","228","1,000.00","1,000.00","-","-","08/Sep/2020 MY (UTC+08:00)","10:27 MY (UTC+08:00)","2009081026530413","T026783321720","-","220.00","025 - Office","FC8C","2502","2860 - ","621,220.31","","-","YEO HONG CHIA","RCMS - CR FPX","","-"
"506061304070","Current Account","GENTING MALAYSIA BERHAD","MYR","2020-09-08 MY (UTC+08:00)","2020-09-08 MY (UTC+08:00)","7","228","1,000.00","1,000.00","-","-","08/Sep/2020 MY (UTC+08:00)","10:28 MY (UTC+08:00)","CH78482","78482","-","500.00","018 - Teller","0000544A","0606","7100 - CASH DEPOSIT","621,720.31","","-","","","","-"
"506061304070","Current Account","GENTING MALAYSIA BERHAD","MYR","2020-09-08 MY (UTC+08:00)","2020-09-08 MY (UTC+08:00)","7","228","1,000.00","1,000.00","-","-","08/Sep/2020 MY (UTC+08:00)","10:35 MY (UTC+08:00)","2009081034540627","T026784412520","-","80.00","025 - Office","FC8A","2502","2860 - ","621,800.31","","-","SOMAN NAIDU A/L GOPI","RCMS - CR FPX","","-"
"506061304070","Current Account","GENTING MALAYSIA BERHAD","MYR","2020-09-08 MY (UTC+08:00)","2020-09-08 MY (UTC+08:00)","7","228","1,000.00","1,000.00","-","-","08/Sep/2020 MY (UTC+08:00)","10:47 MY (UTC+08:00)","2009081045010449","T026785742720","-","70.00","025 - Office","FC8B","2502","2860 - ","621,870.31","","-","TING YEN FEI","RCMS - CR FPX","","-"
"506061304070","Current Account","GENTING MALAYSIA BERHAD","MYR","2020-09-08 MY (UTC+08:00)","2020-09-08 MY (UTC+08:00)","7","228","1,000.00","1,000.00","-","-","08/Sep/2020 MY (UTC+08:00)","10:49 MY (UTC+08:00)","2009081048280191","T026786149220","-","150.00","025 - Office","FC8C","2502","2860 - ","622,020.31","","-","CHONG CHHON LIAN","RCMS - CR FPX","","-"
"506061304070","Current Account","GENTING MALAYSIA BERHAD","MYR","2020-09-08 MY (UTC+08:00)","2020-09-08 MY (UTC+08:00)","7","228","1,000.00","1,000.00","-","-","08/Sep/2020 MY (UTC+08:00)","10:49 MY (UTC+08:00)","2009081048590127","T026786237720","-","70.00","025 - Office","FC8B","2502","2860 - ","622,090.31","","-","AHMAD FAKHRUL BIN HA","RCMS - CR FPX","","-"
"506061304070","Current Account","GENTING MALAYSIA BERHAD","MYR","2020-09-08 MY (UTC+08:00)","2020-09-08 MY (UTC+08:00)","7","228","1,000.00","1,000.00","-","-","08/Sep/2020 MY (UTC+08:00)","10:51 MY (UTC+08:00)","2009081050030860","T026786322920","-","70.00","025 - Office","FC8A","2502","2860 - ","622,160.31","","-","TING YEN FEI","RCMS - CR FPX","","-"
"506061304070","Current Account","GENTING MALAYSIA BERHAD","MYR","2020-09-08 MY (UTC+08:00)","2020-09-08 MY (UTC+08:00)","7","228","1,000.00","1,000.00","-","-","08/Sep/2020 MY (UTC+08:00)","11:01 MY (UTC+08:00)","2009081059160605","T026787432020","-","110.00","025 - Office","FC8E","2502","2860 - ","622,270.31","","-","LAU YONG MENG","RCMS - CR FPX","","-"
"506061304070","Current Account","GENTING MALAYSIA BERHAD","MYR","2020-09-08 MY (UTC+08:00)","2020-09-08 MY (UTC+08:00)","7","228","1,000.00","1,000.00","-","-","08/Sep/2020 MY (UTC+08:00)","11:04 MY (UTC+08:00)","2009081103300949","T026788051820","-","100.00","025 - Office","FC8C","2502","2860 - ","622,370.31","","-","AMY CHEW WAY YOONG","RCMS - CR FPX","","-"
"506061304070","Current Account","GENTING MALAYSIA BERHAD","MYR","2020-09-08 MY (UTC+08:00)","2020-09-08 MY (UTC+08:00)","7","228","1,000.00","1,000.00","-","-","08/Sep/2020 MY (UTC+08:00)","11:22 MY (UTC+08:00)","2009081121550522","T026790356420","-","80.00","025 - Office","FC8C","2502","2860 - ","622,450.31","","-","LOW SHI QING","RCMS - CR FPX","","-"
"506061304070","Current Account","GENTING MALAYSIA BERHAD","MYR","2020-09-08 MY (UTC+08:00)","2020-09-08 MY (UTC+08:00)","7","228","1,000.00","1,000.00","-","-","08/Sep/2020 MY (UTC+08:00)","11:22 MY (UTC+08:00)","2009081121080097","T026790260720","-","80.00","025 - Office","FC8A","2502","2860 - ","622,530.31","","-","YEONG SYEH HUAN","RCMS - CR FPX","","-"
"506061304070","Current Account","GENTING MALAYSIA BERHAD","MYR","2020-09-08 MY (UTC+08:00)","2020-09-08 MY (UTC+08:00)","7","228","1,000.00","1,000.00","-","-","08/Sep/2020 MY (UTC+08:00)","11:28 MY (UTC+08:00)","2009081127390274","T026791006220","-","630.00","025 - Office","FC8A","2502","2860 - ","623,160.31","","-","LEE MEI FANG","RCMS - CR FPX","","-"
"506061304070","Current Account","GENTING MALAYSIA BERHAD","MYR","2020-09-08 MY (UTC+08:00)","2020-09-08 MY (UTC+08:00)","7","228","1,000.00","1,000.00","-","-","08/Sep/2020 MY (UTC+08:00)","11:29 MY (UTC+08:00)","2009081128390081","T026791123220","-","170.00","025 - Office","FC8D","2502","2860 - ","623,330.31","","-","YAP CHEE KEAN","RCMS - CR FPX","","-"
"506061304070","Current Account","GENTING MALAYSIA BERHAD","MYR","2020-09-08 MY (UTC+08:00)","2020-09-08 MY (UTC+08:00)","7","228","1,000.00","1,000.00","-","-","08/Sep/2020 MY (UTC+08:00)","11:42 MY (UTC+08:00)","2009081141470389","T026792740220","-","70.00","025 - Office","FC8A","2502","2860 - ","623,400.31","","-","LOH SHEAU NHIOU","RCMS - CR FPX","","-"
"506061304070","Current Account","GENTING MALAYSIA BERHAD","MYR","2020-09-08 MY (UTC+08:00)","2020-09-08 MY (UTC+08:00)","7","228","1,000.00","1,000.00","-","-","08/Sep/2020 MY (UTC+08:00)","11:47 MY (UTC+08:00)","2009081146450286","T026793338720","-","70.00","025 - Office","FC8E","2502","2860 - ","623,470.31","","-","CHEW KWEE KIEU","RCMS - CR FPX","","-"
"506061304070","Current Account","GENTING MALAYSIA BERHAD","MYR","2020-09-08 MY (UTC+08:00)","2020-09-08 MY (UTC+08:00)","7","228","1,000.00","1,000.00","-","-","08/Sep/2020 MY (UTC+08:00)","11:52 MY (UTC+08:00)","2009081151410588","T026794024220","-","340.00","025 - Office","FC8D","2502","2860 - ","623,810.31","","-","MOHAMMAD ISHAM BIN I","RCMS - CR FPX","","-"
"506061304070","Current Account","GENTING MALAYSIA BERHAD","MYR","2020-09-08 MY (UTC+08:00)","2020-09-08 MY (UTC+08:00)","7","228","1,000.00","1,000.00","-","-","08/Sep/2020 MY (UTC+08:00)","11:53 MY (UTC+08:00)","2009081151280177","T026793943820","-","110.00","025 - Office","FC8A","2502","2860 - ","623,920.31","","-","TAN KEAN CHYE","RCMS - CR FPX","","-"
"506061304070","Current Account","GENTING MALAYSIA BERHAD","MYR","2020-09-08 MY (UTC+08:00)","2020-09-08 MY (UTC+08:00)","7","228","1,000.00","1,000.00","-","-","08/Sep/2020 MY (UTC+08:00)","11:53 MY (UTC+08:00)","2009081150090659","T026793750620","-","70.00","025 - Office","FC8B","2502","2860 - ","623,990.31","","-","CHEW KWEE KIEU","RCMS - CR FPX","","-"
"506061304070","Current Account","GENTING MALAYSIA BERHAD","MYR","2020-09-08 MY (UTC+08:00)","2020-09-08 MY (UTC+08:00)","7","228","1,000.00","1,000.00","-","-","08/Sep/2020 MY (UTC+08:00)","12:04 MY (UTC+08:00)","2009081202110807","T026795463620","-","189.00","025 - Office","FC8F","2502","2860 - ","624,179.31","","-","TAN MUI HONG","RCMS - CR FPX","","-"
"506061304070","Current Account","GENTING MALAYSIA BERHAD","MYR","2020-09-08 MY (UTC+08:00)","2020-09-08 MY (UTC+08:00)","7","228","1,000.00","1,000.00","-","-","08/Sep/2020 MY (UTC+08:00)","12:12 MY (UTC+08:00)","2009081211230086","T026796670520","-","360.00","025 - Office","FC8B","2502","2860 - ","624,539.31","","-","CHOON LEE MING","RCMS - CR FPX","","-"
"506061304070","Current Account","GENTING MALAYSIA BERHAD","MYR","2020-09-08 MY (UTC+08:00)","2020-09-08 MY (UTC+08:00)","7","228","1,000.00","1,000.00","-","-","08/Sep/2020 MY (UTC+08:00)","12:19 MY (UTC+08:00)","2009081217500308","T026797455620","-","110.00","025 - Office","FC8D","2502","2860 - ","624,649.31","","-","CHAI PEI HWA","RCMS - CR FPX","","-"
"506061304070","Current Account","GENTING MALAYSIA BERHAD","MYR","2020-09-08 MY (UTC+08:00)","2020-09-08 MY (UTC+08:00)","7","228","1,000.00","1,000.00","-","-","08/Sep/2020 MY (UTC+08:00)","12:25 MY (UTC+08:00)","2009081224440169","T026798326820","-","140.00","025 - Office","FC8A","2502","2860 - ","624,789.31","","-","TEH SHEUK FEUN","RCMS - CR FPX","","-"
"506061304070","Current Account","GENTING MALAYSIA BERHAD","MYR","2020-09-08 MY (UTC+08:00)","2020-09-08 MY (UTC+08:00)","7","228","1,000.00","1,000.00","-","-","08/Sep/2020 MY (UTC+08:00)","12:33 MY (UTC+08:00)","2009081232440120","T026799357020","-","179.00","025 - Office","FC8B","2502","2860 - ","624,968.31","","-","CHUNG GHIN FARN","RCMS - CR FPX","","-"
"506061304070","Current Account","GENTING MALAYSIA BERHAD","MYR","2020-09-08 MY (UTC+08:00)","2020-09-08 MY (UTC+08:00)","7","228","1,000.00","1,000.00","-","-","08/Sep/2020 MY (UTC+08:00)","12:42 MY (UTC+08:00)","2009081241100686","T026800411520","-","140.00","025 - Office","FC8F","2502","2860 - ","625,108.31","","-","SOH YONG HAN","RCMS - CR FPX","","-"
"506061304070","Current Account","GENTING MALAYSIA BERHAD","MYR","2020-09-08 MY (UTC+08:00)","2020-09-08 MY (UTC+08:00)","7","228","1,000.00","1,000.00","-","-","08/Sep/2020 MY (UTC+08:00)","12:45 MY (UTC+08:00)","2009081242560909","T026800675820","-","70.00","025 - Office","FC8A","2502","2860 - ","625,178.31","","-","YAP SIEW LIN","RCMS - CR FPX","","-"
"506061304070","Current Account","GENTING MALAYSIA BERHAD","MYR","2020-09-08 MY (UTC+08:00)","2020-09-08 MY (UTC+08:00)","7","228","1,000.00","1,000.00","-","-","08/Sep/2020 MY (UTC+08:00)","12:48 MY (UTC+08:00)","2009081248090208","T026801375720","-","80.00","025 - Office","FC8A","2502","2860 - ","625,258.31","","-","MOGANADAS A/L RAJAGO","RCMS - CR FPX","","-"
"506061304070","Current Account","GENTING MALAYSIA BERHAD","MYR","2020-09-08 MY (UTC+08:00)","2020-09-08 MY (UTC+08:00)","7","228","1,000.00","1,000.00","-","-","08/Sep/2020 MY (UTC+08:00)","12:55 MY (UTC+08:00)","2009081254570303","T026802242420","-","180.00","025 - Office","FC8A","2502","2860 - ","625,438.31","","-","YONG SEE MOOI","RCMS - CR FPX","","-"
"506061304070","Current Account","GENTING MALAYSIA BERHAD","MYR","2020-09-08 MY (UTC+08:00)","2020-09-08 MY (UTC+08:00)","7","228","1,000.00","1,000.00","-","-","08/Sep/2020 MY (UTC+08:00)","12:59 MY (UTC+08:00)","2009081257590639","T026802596120","-","160.00","025 - Office","FC8B","2502","2860 - ","625,598.31","","-","CIK FATIN ALIAA BINT","RCMS - CR FPX","","-"
"506061304070","Current Account","GENTING MALAYSIA BERHAD","MYR","2020-09-08 MY (UTC+08:00)","2020-09-08 MY (UTC+08:00)","7","228","1,000.00","1,000.00","-","-","08/Sep/2020 MY (UTC+08:00)","13:01 MY (UTC+08:00)","2009081300420437","T026802912920","-","140.00","025 - Office","FC8A","2502","2860 - ","625,738.31","","-","HASO @ TAN HOCK LIM","RCMS - CR FPX","","-"
"506061304070","Current Account","GENTING MALAYSIA BERHAD","MYR","2020-09-08 MY (UTC+08:00)","2020-09-08 MY (UTC+08:00)","7","228","1,000.00","1,000.00","-","-","08/Sep/2020 MY (UTC+08:00)","13:01 MY (UTC+08:00)","2009081300130539","T026802832520","-","270.00","025 - Office","FC8A","2502","2860 - ","626,008.31","","-","NUR IVA BINTI ABDUL","RCMS - CR FPX","","-"
"506061304070","Current Account","GENTING MALAYSIA BERHAD","MYR","2020-09-08 MY (UTC+08:00)","2020-09-08 MY (UTC+08:00)","7","228","1,000.00","1,000.00","-","-","08/Sep/2020 MY (UTC+08:00)","13:09 MY (UTC+08:00)","2009081308090988","T026803805720","-","80.00","025 - Office","FC8C","2502","2860 - ","626,088.31","","-","TEE SHI WEI","RCMS - CR FPX","","-"
"506061304070","Current Account","GENTING MALAYSIA BERHAD","MYR","2020-09-08 MY (UTC+08:00)","2020-09-08 MY (UTC+08:00)","7","228","1,000.00","1,000.00","-","-","08/Sep/2020 MY (UTC+08:00)","13:15 MY (UTC+08:00)","2009081314400960","T026804584820","-","260.00","025 - Office","FC8C","2502","2860 - ","626,348.31","","-","HUANG NENG CHIENG","RCMS - CR FPX","","-"
"506061304070","Current Account","GENTING MALAYSIA BERHAD","MYR","2020-09-08 MY (UTC+08:00)","2020-09-08 MY (UTC+08:00)","7","228","1,000.00","1,000.00","-","-","08/Sep/2020 MY (UTC+08:00)","13:16 MY (UTC+08:00)","2009081315310561","T026804696120","-","70.00","025 - Office","FC90","2502","2860 - ","626,418.31","","-","YE JA CHENG","RCMS - CR FPX","","-"
"506061304070","Current Account","GENTING MALAYSIA BERHAD","MYR","2020-09-08 MY (UTC+08:00)","2020-09-08 MY (UTC+08:00)","7","228","1,000.00","1,000.00","-","-","08/Sep/2020 MY (UTC+08:00)","13:17 MY (UTC+08:00)","2009081316330456","T026804817020","-","160.00","025 - Office","FC8E","2502","2860 - ","626,578.31","","-","CHEW SHIOW CHYONG","RCMS - CR FPX","","-"
"506061304070","Current Account","GENTING MALAYSIA BERHAD","MYR","2020-09-08 MY (UTC+08:00)","2020-09-08 MY (UTC+08:00)","7","228","1,000.00","1,000.00","-","-","08/Sep/2020 MY (UTC+08:00)","13:25 MY (UTC+08:00)","2009081325080056","T026805826820","-","180.00","025 - Office","FC8A","2502","2860 - ","626,758.31","","-","CARMEN FONG YI ZHEN","RCMS - CR FPX","","-"
"506061304070","Current Account","GENTING MALAYSIA BERHAD","MYR","2020-09-08 MY (UTC+08:00)","2020-09-08 MY (UTC+08:00)","7","228","1,000.00","1,000.00","-","-","08/Sep/2020 MY (UTC+08:00)","13:30 MY (UTC+08:00)","2009081329440647","T026806430420","-","70.00","025 - Office","FC8E","2502","2860 - ","626,828.31","","-","KUI SIM HON @ SEVERI","RCMS - CR FPX","","-"
"506061304070","Current Account","GENTING MALAYSIA BERHAD","MYR","2020-09-08 MY (UTC+08:00)","2020-09-08 MY (UTC+08:00)","7","228","1,000.00","1,000.00","-","-","08/Sep/2020 MY (UTC+08:00)","13:35 MY (UTC+08:00)","2009081333580522","T026806930220","-","70.00","025 - Office","FC8B","2502","2860 - ","626,898.31","","-","CHAN SIEW MUI","RCMS - CR FPX","","-"
"506061304070","Current Account","GENTING MALAYSIA BERHAD","MYR","2020-09-08 MY (UTC+08:00)","2020-09-08 MY (UTC+08:00)","7","228","1,000.00","1,000.00","-","-","08/Sep/2020 MY (UTC+08:00)","13:46 MY (UTC+08:00)","2009081345380318","T026808263420","-","80.00","025 - Office","FC8A","2502","2860 - ","626,978.31","","-","JESSICA GIT TSE CZEE","RCMS - CR FPX","","-"
"506061304070","Current Account","GENTING MALAYSIA BERHAD","MYR","2020-09-08 MY (UTC+08:00)","2020-09-08 MY (UTC+08:00)","7","228","1,000.00","1,000.00","-","-","08/Sep/2020 MY (UTC+08:00)","13:47 MY (UTC+08:00)","2009081346280719","T026808348020","-","80.00","025 - Office","FC8C","2502","2860 - ","627,058.31","","-","SHIRLEY YONG","RCMS - CR FPX","","-"
"506061304070","Current Account","GENTING MALAYSIA BERHAD","MYR","2020-09-08 MY (UTC+08:00)","2020-09-08 MY (UTC+08:00)","7","228","1,000.00","1,000.00","-","-","08/Sep/2020 MY (UTC+08:00)","13:47 MY (UTC+08:00)","2009081346380958","T026808345920","-","70.00","025 - Office","FC8B","2502","2860 - ","627,128.31","","-","TAN KE WEE","RCMS - CR FPX","","-"
"506061304070","Current Account","GENTING MALAYSIA BERHAD","MYR","2020-09-08 MY (UTC+08:00)","2020-09-08 MY (UTC+08:00)","7","228","1,000.00","1,000.00","-","-","08/Sep/2020 MY (UTC+08:00)","13:53 MY (UTC+08:00)","2009081352560479","T026809125620","-","70.00","025 - Office","FC8F","2502","2860 - ","627,198.31","","-","TAN YEW KEAT","RCMS - CR FPX","","-"
"506061304070","Current Account","GENTING MALAYSIA BERHAD","MYR","2020-09-08 MY (UTC+08:00)","2020-09-08 MY (UTC+08:00)","7","228","1,000.00","1,000.00","-","-","08/Sep/2020 MY (UTC+08:00)","13:54 MY (UTC+08:00)","2009081353000582","T026809136720","-","80.00","025 - Office","FC8B","2502","2860 - ","627,278.31","","-","SELVARASI A/P SINGGA","RCMS - CR FPX","","-"
"506061304070","Current Account","GENTING MALAYSIA BERHAD","MYR","2020-09-08 MY (UTC+08:00)","2020-09-08 MY (UTC+08:00)","7","228","1,000.00","1,000.00","-","-","08/Sep/2020 MY (UTC+08:00)","13:55 MY (UTC+08:00)","2009081354410423","T026809350020","-","160.00","025 - Office","FC8C","2502","2860 - ","627,438.31","","-","CHAN CHAW FEI","RCMS - CR FPX","","-"
"506061304070","Current Account","GENTING MALAYSIA BERHAD","MYR","2020-09-08 MY (UTC+08:00)","2020-09-08 MY (UTC+08:00)","7","228","1,000.00","1,000.00","-","-","08/Sep/2020 MY (UTC+08:00)","13:59 MY (UTC+08:00)","2009081358530151","T026809846520","-","160.00","025 - Office","FC8B","2502","2860 - ","627,598.31","","-","CHAN CHAW FEI","RCMS - CR FPX","","-"
"506061304070","Current Account","GENTING MALAYSIA BERHAD","MYR","2020-09-08 MY (UTC+08:00)","2020-09-08 MY (UTC+08:00)","7","228","1,000.00","1,000.00","-","-","08/Sep/2020 MY (UTC+08:00)","14:01 MY (UTC+08:00)","2009081359080563","T026809852520","-","140.00","025 - Office","FC8D","2502","2860 - ","627,738.31","","-","CHAN JIA JUNG","RCMS - CR FPX","","-"
"506061304070","Current Account","GENTING MALAYSIA BERHAD","MYR","2020-09-08 MY (UTC+08:00)","2020-09-08 MY (UTC+08:00)","7","228","1,000.00","1,000.00","-","-","08/Sep/2020 MY (UTC+08:00)","14:05 MY (UTC+08:00)","2009081405100265","T026810531420","-","80.00","025 - Office","FC8D","2502","2860 - ","627,818.31","","-","JESSICA GIT TSE CZEE","RCMS - CR FPX","","-"
"506061304070","Current Account","GENTING MALAYSIA BERHAD","MYR","2020-09-08 MY (UTC+08:00)","2020-09-08 MY (UTC+08:00)","7","228","1,000.00","1,000.00","-","-","08/Sep/2020 MY (UTC+08:00)","14:06 MY (UTC+08:00)","2009081405430238","T026810579720","-","190.00","025 - Office","FC8C","2502","2860 - ","628,008.31","","-","NG MONG LING","RCMS - CR FPX","","-"
"506061304070","Current Account","GENTING MALAYSIA BERHAD","MYR","2020-09-08 MY (UTC+08:00)","2020-09-08 MY (UTC+08:00)","7","228","1,000.00","1,000.00","-","-","08/Sep/2020 MY (UTC+08:00)","14:10 MY (UTC+08:00)","2009081409580166","T026811032720","-","70.00","025 - Office","FC8D","2502","2860 - ","628,078.31","","-","MOHD RAJAIE BIN MAT","RCMS - CR FPX","","-"
"506061304070","Current Account","GENTING MALAYSIA BERHAD","MYR","2020-09-08 MY (UTC+08:00)","2020-09-08 MY (UTC+08:00)","7","228","1,000.00","1,000.00","-","-","08/Sep/2020 MY (UTC+08:00)","14:13 MY (UTC+08:00)","2009081411420962","T026811195920","-","70.00","025 - Office","FC8B","2502","2860 - ","628,148.31","","-","WONG WEI FOONG","RCMS - CR FPX","","-"
"506061304070","Current Account","GENTING MALAYSIA BERHAD","MYR","2020-09-08 MY (UTC+08:00)","2020-09-08 MY (UTC+08:00)","7","228","1,000.00","1,000.00","-","-","08/Sep/2020 MY (UTC+08:00)","14:16 MY (UTC+08:00)","2009081415100851","T026811643520","-","140.00","025 - Office","FC8A","2502","2860 - ","628,288.31","","-","CHAN JIA JUNG","RCMS - CR FPX","","-"
"506061304070","Current Account","GENTING MALAYSIA BERHAD","MYR","2020-09-08 MY (UTC+08:00)","2020-09-08 MY (UTC+08:00)","7","228","1,000.00","1,000.00","-","-","08/Sep/2020 MY (UTC+08:00)","14:35 MY (UTC+08:00)","2009081434530034","T026813901320","-","330.00","025 - Office","FC8B","2502","2860 - ","628,618.31","","-","SYAMINE BINTI JOHAN","RCMS - CR FPX","","-"
"506061304070","Current Account","GENTING MALAYSIA BERHAD","MYR","2020-09-08 MY (UTC+08:00)","2020-09-08 MY (UTC+08:00)","7","228","1,000.00","1,000.00","-","-","08/Sep/2020 MY (UTC+08:00)","14:36 MY (UTC+08:00)","2009081435030323","T026813913020","-","70.00","025 - Office","FC8A","2502","2860 - ","628,688.31","","-","LAW KOK HOON","RCMS - CR FPX","","-"
"506061304070","Current Account","GENTING MALAYSIA BERHAD","MYR","2020-09-08 MY (UTC+08:00)","2020-09-08 MY (UTC+08:00)","7","228","1,000.00","1,000.00","-","-","08/Sep/2020 MY (UTC+08:00)","14:41 MY (UTC+08:00)","2009081441040094","T026814511520","-","100.00","025 - Office","FC8C","2502","2860 - ","628,788.31","","-","LIM SU QIN","RCMS - CR FPX","","-"
"506061304070","Current Account","GENTING MALAYSIA BERHAD","MYR","2020-09-08 MY (UTC+08:00)","2020-09-08 MY (UTC+08:00)","7","228","1,000.00","1,000.00","-","-","08/Sep/2020 MY (UTC+08:00)","14:42 MY (UTC+08:00)","2009081441330833","T026814604220","-","140.00","025 - Office","FC8D","2502","2860 - ","628,928.31","","-","LAI KAH MEI","RCMS - CR FPX","","-"
"506061304070","Current Account","GENTING MALAYSIA BERHAD","MYR","2020-09-08 MY (UTC+08:00)","2020-09-08 MY (UTC+08:00)","7","228","1,000.00","1,000.00","-","-","08/Sep/2020 MY (UTC+08:00)","14:45 MY (UTC+08:00)","2009081444330433","T026814950720","-","70.00","025 - Office","FC8E","2502","2860 - ","628,998.31","","-","ANG WEE LIM","RCMS - CR FPX","","-"
"506061304070","Current Account","GENTING MALAYSIA BERHAD","MYR","2020-09-08 MY (UTC+08:00)","2020-09-08 MY (UTC+08:00)","7","228","1,000.00","1,000.00","-","-","08/Sep/2020 MY (UTC+08:00)","14:47 MY (UTC+08:00)","2009081446530530","T026815143620","-","140.00","025 - Office","FC8B","2502","2860 - ","629,138.31","","-","CHONG KAH JIAN","RCMS - CR FPX","","-"
"506061304070","Current Account","GENTING MALAYSIA BERHAD","MYR","2020-09-08 MY (UTC+08:00)","2020-09-08 MY (UTC+08:00)","7","228","1,000.00","1,000.00","-","-","08/Sep/2020 MY (UTC+08:00)","15:03 MY (UTC+08:00)","2009081502250816","T026816886620","-","70.00","025 - Office","FC91","2502","2860 - ","629,208.31","","-","ANG WEE LIM","RCMS - CR FPX","","-"
"506061304070","Current Account","GENTING MALAYSIA BERHAD","MYR","2020-09-08 MY (UTC+08:00)","2020-09-08 MY (UTC+08:00)","7","228","1,000.00","1,000.00","-","-","08/Sep/2020 MY (UTC+08:00)","15:08 MY (UTC+08:00)","2009081508000900","T026817521420","-","70.00","025 - Office","FC8A","2502","2860 - ","629,278.31","","-","NEOH JIT CHIAN","RCMS - CR FPX","","-"
"506061304070","Current Account","GENTING MALAYSIA BERHAD","MYR","2020-09-08 MY (UTC+08:00)","2020-09-08 MY (UTC+08:00)","7","228","1,000.00","1,000.00","-","-","08/Sep/2020 MY (UTC+08:00)","15:11 MY (UTC+08:00)","2009081510210883","T026817781520","-","70.00","025 - Office","FC8D","2502","2860 - ","629,348.31","","-","NEOH JIT CHIAN","RCMS - CR FPX","","-"
"506061304070","Current Account","GENTING MALAYSIA BERHAD","MYR","2020-09-08 MY (UTC+08:00)","2020-09-08 MY (UTC+08:00)","7","228","1,000.00","1,000.00","-","-","08/Sep/2020 MY (UTC+08:00)","15:16 MY (UTC+08:00)","2009081514450437","T026818244120","-","70.00","025 - Office","FC8C","2502","2860 - ","629,418.31","","-","FATIN DIANA BINTI SA","RCMS - CR FPX","","-"
"506061304070","Current Account","GENTING MALAYSIA BERHAD","MYR","2020-09-08 MY (UTC+08:00)","2020-09-08 MY (UTC+08:00)","7","228","1,000.00","1,000.00","-","-","08/Sep/2020 MY (UTC+08:00)","15:18 MY (UTC+08:00)","2009081517160857","T026818539920","-","110.00","025 - Office","FC8E","2502","2860 - ","629,528.31","","-","ELTON CHOONG ZHEN CO","RCMS - CR FPX","","-"
"506061304070","Current Account","GENTING MALAYSIA BERHAD","MYR","2020-09-08 MY (UTC+08:00)","2020-09-08 MY (UTC+08:00)","7","228","1,000.00","1,000.00","-","-","08/Sep/2020 MY (UTC+08:00)","15:41 MY (UTC+08:00)","2009081540350804","T026821124120","-","110.00","025 - Office","FC8B","2502","2860 - ","629,638.31","","-","ELTON CHOONG ZHEN CO","RCMS - CR FPX","","-"
"506061304070","Current Account","GENTING MALAYSIA BERHAD","MYR","2020-09-08 MY (UTC+08:00)","2020-09-08 MY (UTC+08:00)","7","228","1,000.00","1,000.00","-","-","08/Sep/2020 MY (UTC+08:00)","15:45 MY (UTC+08:00)","2009081544510204","T026821546820","-","180.00","025 - Office","FC8C","2502","2860 - ","629,818.31","","-","LIM HWEE YING","RCMS - CR FPX","","-"
"506061304070","Current Account","GENTING MALAYSIA BERHAD","MYR","2020-09-08 MY (UTC+08:00)","2020-09-08 MY (UTC+08:00)","7","228","1,000.00","1,000.00","-","-","08/Sep/2020 MY (UTC+08:00)","15:52 MY (UTC+08:00)","2009081551430119","T026822418020","-","120.00","025 - Office","FC8E","2502","2860 - ","629,938.31","","-","OH SHAUR CHANG","RCMS - CR FPX","","-"
"506061304070","Current Account","GENTING MALAYSIA BERHAD","MYR","2020-09-08 MY (UTC+08:00)","2020-09-08 MY (UTC+08:00)","7","228","1,000.00","1,000.00","-","-","08/Sep/2020 MY (UTC+08:00)","15:55 MY (UTC+08:00)","2009081555060858","T026822772320","-","80.00","025 - Office","FC8A","2502","2860 - ","630,018.31","","-","OI NGOK SING","RCMS - CR FPX","","-"
"506061304070","Current Account","GENTING MALAYSIA BERHAD","MYR","2020-09-08 MY (UTC+08:00)","2020-09-08 MY (UTC+08:00)","7","228","1,000.00","1,000.00","-","-","08/Sep/2020 MY (UTC+08:00)","15:59 MY (UTC+08:00)","2009081558170026","T026823122720","-","245.00","025 - Office","FC8D","2502","2860 - ","630,263.31","","-","TEO CHOO KEN","RCMS - CR FPX","","-"
"506061304070","Current Account","GENTING MALAYSIA BERHAD","MYR","2020-09-08 MY (UTC+08:00)","2020-09-08 MY (UTC+08:00)","7","228","1,000.00","1,000.00","-","-","08/Sep/2020 MY (UTC+08:00)","16:09 MY (UTC+08:00)","2009081608020016","T026824149920","-","110.00","025 - Office","FC8C","2502","2860 - ","630,373.31","","-","YAN SOON SHEAN","RCMS - CR FPX","","-"
"506061304070","Current Account","GENTING MALAYSIA BERHAD","MYR","2020-09-08 MY (UTC+08:00)","2020-09-08 MY (UTC+08:00)","7","228","1,000.00","1,000.00","-","-","08/Sep/2020 MY (UTC+08:00)","16:14 MY (UTC+08:00)","2009081613120178","T026824692320","-","170.00","025 - Office","FC8A","2502","2860 - ","630,543.31","","-","YEOH KWONG LIANG","RCMS - CR FPX","","-"
"506061304070","Current Account","GENTING MALAYSIA BERHAD","MYR","2020-09-08 MY (UTC+08:00)","2020-09-08 MY (UTC+08:00)","7","228","1,000.00","1,000.00","-","-","08/Sep/2020 MY (UTC+08:00)","16:18 MY (UTC+08:00)","2009081617110575","T026825114420","-","470.00","025 - Office","FC8A","2502","2860 - ","631,013.31","","-","CHIN WEN-LI","RCMS - CR FPX","","-"
"506061304070","Current Account","GENTING MALAYSIA BERHAD","MYR","2020-09-08 MY (UTC+08:00)","2020-09-08 MY (UTC+08:00)","7","228","1,000.00","1,000.00","-","-","08/Sep/2020 MY (UTC+08:00)","16:25 MY (UTC+08:00)","2009081624440807","T026825915420","-","260.00","025 - Office","FC92","2502","2860 - ","631,273.31","","-","YAU PEI YING","RCMS - CR FPX","","-"
"506061304070","Current Account","GENTING MALAYSIA BERHAD","MYR","2020-09-08 MY (UTC+08:00)","2020-09-08 MY (UTC+08:00)","7","228","1,000.00","1,000.00","-","-","08/Sep/2020 MY (UTC+08:00)","16:26 MY (UTC+08:00)","2009081626010848","T026826019520","-","70.00","025 - Office","FC93","2502","2860 - ","631,343.31","","-","LIM POH MEI","RCMS - CR FPX","","-"
"506061304070","Current Account","GENTING MALAYSIA BERHAD","MYR","2020-09-08 MY (UTC+08:00)","2020-09-08 MY (UTC+08:00)","7","228","1,000.00","1,000.00","-","-","08/Sep/2020 MY (UTC+08:00)","16:29 MY (UTC+08:00)","2009081624560132","T026825930720","-","180.00","025 - Office","FC8B","2502","2860 - ","631,523.31","","-","LAM BAO XIN","RCMS - CR FPX","","-"
"506061304070","Current Account","GENTING MALAYSIA BERHAD","MYR","2020-09-08 MY (UTC+08:00)","2020-09-08 MY (UTC+08:00)","7","228","1,000.00","1,000.00","-","-","08/Sep/2020 MY (UTC+08:00)","16:36 MY (UTC+08:00)","2009081635460948","T026827030820","-","56.00","025 - Office","FC8C","2502","2860 - ","631,579.31","","-","NG CHING YEN","RCMS - CR FPX","","-"
"506061304070","Current Account","GENTING MALAYSIA BERHAD","MYR","2020-09-08 MY (UTC+08:00)","2020-09-08 MY (UTC+08:00)","7","228","1,000.00","1,000.00","-","-","08/Sep/2020 MY (UTC+08:00)","16:37 MY (UTC+08:00)","2009081636400311","T026827120520","-","70.00","025 - Office","FC8C","2502","2860 - ","631,649.31","","-","NG KOK MING","RCMS - CR FPX","","-"
"506061304070","Current Account","GENTING MALAYSIA BERHAD","MYR","2020-09-08 MY (UTC+08:00)","2020-09-08 MY (UTC+08:00)","7","228","1,000.00","1,000.00","-","-","08/Sep/2020 MY (UTC+08:00)","16:43 MY (UTC+08:00)","2009081642130652","T026827668320","-","70.00","025 - Office","FC8E","2502","2860 - ","631,719.31","","-","TENG CHUI YEE","RCMS - CR FPX","","-"
"506061304070","Current Account","GENTING MALAYSIA BERHAD","MYR","2020-09-08 MY (UTC+08:00)","2020-09-08 MY (UTC+08:00)","7","228","1,000.00","1,000.00","-","-","08/Sep/2020 MY (UTC+08:00)","16:45 MY (UTC+08:00)","2009081644090592","T026827871120","-","70.00","025 - Office","FC8B","2502","2860 - ","631,789.31","","-","LIM POH MEI","RCMS - CR FPX","","-"
"506061304070","Current Account","GENTING MALAYSIA BERHAD","MYR","2020-09-08 MY (UTC+08:00)","2020-09-08 MY (UTC+08:00)","7","228","1,000.00","1,000.00","-","-","08/Sep/2020 MY (UTC+08:00)","16:52 MY (UTC+08:00)","2009081651260705","T026828638520","-","80.00","025 - Office","FC8C","2502","2860 - ","631,869.31","","-","MR WONG NENG HIN","RCMS - CR FPX","","-"
"506061304070","Current Account","GENTING MALAYSIA BERHAD","MYR","2020-09-08 MY (UTC+08:00)","2020-09-08 MY (UTC+08:00)","7","228","1,000.00","1,000.00","-","-","08/Sep/2020 MY (UTC+08:00)","16:52 MY (UTC+08:00)","2009081652020615","T026828739020","-","140.00","025 - Office","FC8A","2502","2860 - ","632,009.31","","-","HENG XIN QI","RCMS - CR FPX","","-"
"506061304070","Current Account","GENTING MALAYSIA BERHAD","MYR","2020-09-08 MY (UTC+08:00)","2020-09-08 MY (UTC+08:00)","7","228","1,000.00","1,000.00","-","-","08/Sep/2020 MY (UTC+08:00)","17:08 MY (UTC+08:00)","2009081707220336","T026830246820","-","180.00","025 - Office","FC8A","2502","2860 - ","632,189.31","","-","LI YEEN YEEN","RCMS - CR FPX","","-"
"506061304070","Current Account","GENTING MALAYSIA BERHAD","MYR","2020-09-08 MY (UTC+08:00)","2020-09-08 MY (UTC+08:00)","7","228","1,000.00","1,000.00","-","-","08/Sep/2020 MY (UTC+08:00)","17:09 MY (UTC+08:00)","2009081707550127","T026830311620","-","110.00","025 - Office","FC8C","2502","2860 - ","632,299.31","","-","CHOONG TONG KUEN","RCMS - CR FPX","","-"
"506061304070","Current Account","GENTING MALAYSIA BERHAD","MYR","2020-09-08 MY (UTC+08:00)","2020-09-08 MY (UTC+08:00)","7","228","1,000.00","1,000.00","-","-","08/Sep/2020 MY (UTC+08:00)","17:14 MY (UTC+08:00)","2009081713580688","T026830900820","-","398.00","025 - Office","FC8E","2502","2860 - ","632,697.31","","-","SAW KOOI DAY","RCMS - CR FPX","","-"
"506061304070","Current Account","GENTING MALAYSIA BERHAD","MYR","2020-09-08 MY (UTC+08:00)","2020-09-08 MY (UTC+08:00)","7","228","1,000.00","1,000.00","-","-","08/Sep/2020 MY (UTC+08:00)","17:15 MY (UTC+08:00)","2009081714110985","T026830928420","-","180.00","025 - Office","FC8D","2502","2860 - ","632,877.31","","-","ZEFF SERVE","RCMS - CR FPX","","-"
"506061304070","Current Account","GENTING MALAYSIA BERHAD","MYR","2020-09-08 MY (UTC+08:00)","2020-09-08 MY (UTC+08:00)","7","228","1,000.00","1,000.00","-","-","08/Sep/2020 MY (UTC+08:00)","17:18 MY (UTC+08:00)","2009081717410920","T026831303420","-","70.00","025 - Office","FC8B","2502","2860 - ","632,947.31","","-","CHOONG TONG KUEN","RCMS - CR FPX","","-"
"506061304070","Current Account","GENTING MALAYSIA BERHAD","MYR","2020-09-08 MY (UTC+08:00)","2020-09-08 MY (UTC+08:00)","7","228","1,000.00","1,000.00","-","-","08/Sep/2020 MY (UTC+08:00)","17:22 MY (UTC+08:00)","2009081721370478","T026831689520","-","110.00","025 - Office","FC8A","2502","2860 - ","633,057.31","","-","NOOR SYALIZA BINTI S","RCMS - CR FPX","","-"
"506061304070","Current Account","GENTING MALAYSIA BERHAD","MYR","2020-09-08 MY (UTC+08:00)","2020-09-08 MY (UTC+08:00)","7","228","1,000.00","1,000.00","-","-","08/Sep/2020 MY (UTC+08:00)","17:24 MY (UTC+08:00)","2009081724130050","T026831946020","-","70.00","025 - Office","FC8B","2502","2860 - ","633,127.31","","-","TAY SHEIK ER","RCMS - CR FPX","","-"
"506061304070","Current Account","GENTING MALAYSIA BERHAD","MYR","2020-09-08 MY (UTC+08:00)","2020-09-08 MY (UTC+08:00)","7","228","1,000.00","1,000.00","-","-","08/Sep/2020 MY (UTC+08:00)","17:27 MY (UTC+08:00)","2009081726540703","T026832192620","-","110.00","025 - Office","FC8B","2502","2860 - ","633,237.31","","-","LIM JIA YONG","RCMS - CR FPX","","-"
"506061304070","Current Account","GENTING MALAYSIA BERHAD","MYR","2020-09-08 MY (UTC+08:00)","2020-09-08 MY (UTC+08:00)","7","228","1,000.00","1,000.00","-","-","08/Sep/2020 MY (UTC+08:00)","17:29 MY (UTC+08:00)","2009081728310918","T026832364520","-","160.00","025 - Office","FC8A","2502","2860 - ","633,397.31","","-","QISTINA AMIRA BINTI","RCMS - CR FPX","","-"
"506061304070","Current Account","GENTING MALAYSIA BERHAD","MYR","2020-09-08 MY (UTC+08:00)","2020-09-08 MY (UTC+08:00)","7","228","1,000.00","1,000.00","-","-","08/Sep/2020 MY (UTC+08:00)","17:42 MY (UTC+08:00)","2009081740290098","T026833446620","-","110.00","025 - Office","FC8A","2502","2860 - ","633,507.31","","-","OON CHUEN LING  L.P","RCMS - CR FPX","","-"
"506061304070","Current Account","GENTING MALAYSIA BERHAD","MYR","2020-09-08 MY (UTC+08:00)","2020-09-08 MY (UTC+08:00)","7","228","1,000.00","1,000.00","-","-","08/Sep/2020 MY (UTC+08:00)","17:43 MY (UTC+08:00)","2009081742410949","T026833708820","-","140.00","025 - Office","FC8B","2502","2860 - ","633,647.31","","-","LOH TENG PHING","RCMS - CR FPX","","-"
"506061304070","Current Account","GENTING MALAYSIA BERHAD","MYR","2020-09-08 MY (UTC+08:00)","2020-09-08 MY (UTC+08:00)","7","228","1,000.00","1,000.00","-","-","08/Sep/2020 MY (UTC+08:00)","17:47 MY (UTC+08:00)","2009081746380144","T026834099720","-","70.00","025 - Office","FC8A","2502","2860 - ","633,717.31","","-","LAU KOK SENG","RCMS - CR FPX","","-"
"506061304070","Current Account","GENTING MALAYSIA BERHAD","MYR","2020-09-08 MY (UTC+08:00)","2020-09-08 MY (UTC+08:00)","7","228","1,000.00","1,000.00","-","-","08/Sep/2020 MY (UTC+08:00)","17:52 MY (UTC+08:00)","2009081752250687","T026834627120","-","70.00","025 - Office","FC8A","2502","2860 - ","633,787.31","","-","YAM KAH JUNN","RCMS - CR FPX","","-"
"506061304070","Current Account","GENTING MALAYSIA BERHAD","MYR","2020-09-08 MY (UTC+08:00)","2020-09-08 MY (UTC+08:00)","7","228","1,000.00","1,000.00","-","-","08/Sep/2020 MY (UTC+08:00)","18:03 MY (UTC+08:00)","2009081802580295","T026835596420","-","180.00","025 - Office","FC8D","2502","2860 - ","633,967.31","","-","LEE SI MIN","RCMS - CR FPX","","-"
"506061304070","Current Account","GENTING MALAYSIA BERHAD","MYR","2020-09-08 MY (UTC+08:00)","2020-09-08 MY (UTC+08:00)","7","228","1,000.00","1,000.00","-","-","08/Sep/2020 MY (UTC+08:00)","18:04 MY (UTC+08:00)","2009081802400901","T026835553220","-","310.00","025 - Office","FC8C","2502","2860 - ","634,277.31","","-","YAP TSOK SHEN","RCMS - CR FPX","","-"
"506061304070","Current Account","GENTING MALAYSIA BERHAD","MYR","2020-09-08 MY (UTC+08:00)","2020-09-08 MY (UTC+08:00)","7","228","1,000.00","1,000.00","-","-","08/Sep/2020 MY (UTC+08:00)","18:08 MY (UTC+08:00)","2009081806370987","T026835926120","-","70.00","025 - Office","FC8B","2502","2860 - ","634,347.31","","-","YEOH KAH MENG","RCMS - CR FPX","","-"
"506061304070","Current Account","GENTING MALAYSIA BERHAD","MYR","2020-09-08 MY (UTC+08:00)","2020-09-08 MY (UTC+08:00)","7","228","1,000.00","1,000.00","-","-","08/Sep/2020 MY (UTC+08:00)","18:10 MY (UTC+08:00)","2009081809380945","T026836213820","-","80.00","025 - Office","FC8A","2502","2860 - ","634,427.31","","-","PHEN CHUN KHA","RCMS - CR FPX","","-"
"506061304070","Current Account","GENTING MALAYSIA BERHAD","MYR","2020-09-08 MY (UTC+08:00)","2020-09-08 MY (UTC+08:00)","7","228","1,000.00","1,000.00","-","-","08/Sep/2020 MY (UTC+08:00)","18:22 MY (UTC+08:00)","2009081822040150","T026837341520","-","70.00","025 - Office","FC8B","2502","2860 - ","634,497.31","","-","CHIA LING WEI","RCMS - CR FPX","","-"
"506061304070","Current Account","GENTING MALAYSIA BERHAD","MYR","2020-09-08 MY (UTC+08:00)","2020-09-08 MY (UTC+08:00)","7","228","1,000.00","1,000.00","-","-","08/Sep/2020 MY (UTC+08:00)","18:23 MY (UTC+08:00)","2009081822470092","T026837425520","-","80.00","025 - Office","FC8A","2502","2860 - ","634,577.31","","-","ANGEL LING XIN WEI","RCMS - CR FPX","","-"
"506061304070","Current Account","GENTING MALAYSIA BERHAD","MYR","2020-09-08 MY (UTC+08:00)","2020-09-08 MY (UTC+08:00)","7","228","1,000.00","1,000.00","-","-","08/Sep/2020 MY (UTC+08:00)","18:24 MY (UTC+08:00)","2009081823350121","T026837504420","-","180.00","025 - Office","FC8D","2502","2860 - ","634,757.31","","-","GOH GEK SIM","RCMS - CR FPX","","-"
"506061304070","Current Account","GENTING MALAYSIA BERHAD","MYR","2020-09-08 MY (UTC+08:00)","2020-09-08 MY (UTC+08:00)","7","228","1,000.00","1,000.00","-","-","08/Sep/2020 MY (UTC+08:00)","18:27 MY (UTC+08:00)","2009081826480349","T026837763920","-","70.00","025 - Office","FC8B","2502","2860 - ","634,827.31","","-","FONG KAH CHUEN","RCMS - CR FPX","","-"
"506061304070","Current Account","GENTING MALAYSIA BERHAD","MYR","2020-09-08 MY (UTC+08:00)","2020-09-08 MY (UTC+08:00)","7","228","1,000.00","1,000.00","-","-","08/Sep/2020 MY (UTC+08:00)","18:30 MY (UTC+08:00)","2009081829150657","T026837991920","-","80.00","025 - Office","FC8B","2502","2860 - ","634,907.31","","-","FONG KAH CHUEN","RCMS - CR FPX","","-"
"506061304070","Current Account","GENTING MALAYSIA BERHAD","MYR","2020-09-08 MY (UTC+08:00)","2020-09-08 MY (UTC+08:00)","7","228","1,000.00","1,000.00","-","-","08/Sep/2020 MY (UTC+08:00)","18:44 MY (UTC+08:00)","2009081843480691","T026839263020","-","110.00","025 - Office","FC8A","2502","2860 - ","635,017.31","","-","ELEEN OOI","RCMS - CR FPX","","-"
"506061304070","Current Account","GENTING MALAYSIA BERHAD","MYR","2020-09-08 MY (UTC+08:00)","2020-09-08 MY (UTC+08:00)","7","228","1,000.00","1,000.00","-","-","08/Sep/2020 MY (UTC+08:00)","18:50 MY (UTC+08:00)","2009081849480615","T026839611020","-","180.00","025 - Office","FC8F","2502","2860 - ","635,197.31","","-","LOW PENG HONG","RCMS - CR FPX","","-"
"506061304070","Current Account","GENTING MALAYSIA BERHAD","MYR","2020-09-08 MY (UTC+08:00)","2020-09-08 MY (UTC+08:00)","7","228","1,000.00","1,000.00","-","-","08/Sep/2020 MY (UTC+08:00)","18:56 MY (UTC+08:00)","2009081856160274","T026840368220","-","110.00","025 - Office","FC8B","2502","2860 - ","635,307.31","","-","TAY SOON HUAT","RCMS - CR FPX","","-"
"506061304070","Current Account","GENTING MALAYSIA BERHAD","MYR","2020-09-08 MY (UTC+08:00)","2020-09-08 MY (UTC+08:00)","7","228","1,000.00","1,000.00","-","-","08/Sep/2020 MY (UTC+08:00)","18:58 MY (UTC+08:00)","2009081857520441","T026840503220","-","180.00","025 - Office","FC8A","2502","2860 - ","635,487.31","","-","LEE CHEE SENG","RCMS - CR FPX","","-"
"506061304070","Current Account","GENTING MALAYSIA BERHAD","MYR","2020-09-08 MY (UTC+08:00)","2020-09-08 MY (UTC+08:00)","7","228","1,000.00","1,000.00","-","-","08/Sep/2020 MY (UTC+08:00)","19:07 MY (UTC+08:00)","2009081906480559","T026841306320","-","80.00","025 - Office","FC8B","2502","2860 - ","635,567.31","","-","LIM CHOOI HOONG","RCMS - CR FPX","","-"
"506061304070","Current Account","GENTING MALAYSIA BERHAD","MYR","2020-09-08 MY (UTC+08:00)","2020-09-08 MY (UTC+08:00)","7","228","1,000.00","1,000.00","-","-","08/Sep/2020 MY (UTC+08:00)","19:10 MY (UTC+08:00)","2009081910010888","T026841579020","-","110.00","025 - Office","FC8A","2502","2860 - ","635,677.31","","-","LEOW JIA YUEN","RCMS - CR FPX","","-"
"506061304070","Current Account","GENTING MALAYSIA BERHAD","MYR","2020-09-08 MY (UTC+08:00)","2020-09-08 MY (UTC+08:00)","7","228","1,000.00","1,000.00","-","-","08/Sep/2020 MY (UTC+08:00)","19:11 MY (UTC+08:00)","2009081911140564","T026841703520","-","70.00","025 - Office","FC8B","2502","2860 - ","635,747.31","","-","LIM SUE YE","RCMS - CR FPX","","-"
"506061304070","Current Account","GENTING MALAYSIA BERHAD","MYR","2020-09-08 MY (UTC+08:00)","2020-09-08 MY (UTC+08:00)","7","228","1,000.00","1,000.00","-","-","08/Sep/2020 MY (UTC+08:00)","19:16 MY (UTC+08:00)","2009081915270196","T026842055720","-","800.00","025 - Office","FC8C","2502","2860 - ","636,547.31","","-","YAU JUN XIAN","RCMS - CR FPX","","-"
"506061304070","Current Account","GENTING MALAYSIA BERHAD","MYR","2020-09-08 MY (UTC+08:00)","2020-09-08 MY (UTC+08:00)","7","228","1,000.00","1,000.00","-","-","08/Sep/2020 MY (UTC+08:00)","19:19 MY (UTC+08:00)","2009081919040945","T026842427120","-","80.00","025 - Office","FC8C","2502","2860 - ","636,627.31","","-","TAN EE THENG","RCMS - CR FPX","","-"
"506061304070","Current Account","GENTING MALAYSIA BERHAD","MYR","2020-09-08 MY (UTC+08:00)","2020-09-08 MY (UTC+08:00)","7","228","1,000.00","1,000.00","-","-","08/Sep/2020 MY (UTC+08:00)","19:22 MY (UTC+08:00)","2009081921510730","T026842687820","-","80.00","025 - Office","FC8A","2502","2860 - ","636,707.31","","-","YEOW HOE CHUN","RCMS - CR FPX","","-"
"506061304070","Current Account","GENTING MALAYSIA BERHAD","MYR","2020-09-08 MY (UTC+08:00)","2020-09-08 MY (UTC+08:00)","7","228","1,000.00","1,000.00","-","-","08/Sep/2020 MY (UTC+08:00)","19:22 MY (UTC+08:00)","2009081921460603","T026842686320","-","400.00","025 - Office","FC8F","2502","2860 - ","637,107.31","","-","LEONG TSUI SEE","RCMS - CR FPX","","-"
"506061304070","Current Account","GENTING MALAYSIA BERHAD","MYR","2020-09-08 MY (UTC+08:00)","2020-09-08 MY (UTC+08:00)","7","228","1,000.00","1,000.00","-","-","08/Sep/2020 MY (UTC+08:00)","19:26 MY (UTC+08:00)","2009081924420491","T026842934720","-","180.00","025 - Office","FC8A","2502","2860 - ","637,287.31","","-","PHOON YOKE CHUN","RCMS - CR FPX","","-"
"506061304070","Current Account","GENTING MALAYSIA BERHAD","MYR","2020-09-08 MY (UTC+08:00)","2020-09-08 MY (UTC+08:00)","7","228","1,000.00","1,000.00","-","-","08/Sep/2020 MY (UTC+08:00)","19:41 MY (UTC+08:00)","2009081939330910","T026844278420","-","70.00","025 - Office","FC8B","2502","2860 - ","637,357.31","","-","TUM LEE TEE","RCMS - CR FPX","","-"
"506061304070","Current Account","GENTING MALAYSIA BERHAD","MYR","2020-09-08 MY (UTC+08:00)","2020-09-08 MY (UTC+08:00)","7","228","1,000.00","1,000.00","-","-","08/Sep/2020 MY (UTC+08:00)","19:42 MY (UTC+08:00)","2009081941590274","T026844500720","-","250.00","025 - Office","FC8A","2502","2860 - ","637,607.31","","-","SITI MORLISURIZAH BI","RCMS - CR FPX","","-"
"506061304070","Current Account","GENTING MALAYSIA BERHAD","MYR","2020-09-08 MY (UTC+08:00)","2020-09-08 MY (UTC+08:00)","7","228","1,000.00","1,000.00","-","-","08/Sep/2020 MY (UTC+08:00)","19:46 MY (UTC+08:00)","2009081945430302","T026844833120","-","70.00","025 - Office","FC8B","2502","2860 - ","637,677.31","","-","CHOW HONG FOOK","RCMS - CR FPX","","-"
"506061304070","Current Account","GENTING MALAYSIA BERHAD","MYR","2020-09-08 MY (UTC+08:00)","2020-09-08 MY (UTC+08:00)","7","228","1,000.00","1,000.00","-","-","08/Sep/2020 MY (UTC+08:00)","19:50 MY (UTC+08:00)","2009081949560238","T026845192820","-","180.00","025 - Office","FC8A","2502","2860 - ","637,857.31","","-","SAY YI PHENG","RCMS - CR FPX","","-"
"506061304070","Current Account","GENTING MALAYSIA BERHAD","MYR","2020-09-08 MY (UTC+08:00)","2020-09-08 MY (UTC+08:00)","7","228","1,000.00","1,000.00","-","-","08/Sep/2020 MY (UTC+08:00)","20:07 MY (UTC+08:00)","2009082005480092","T026846707520","-","180.00","025 - Office","FC8B","2502","2860 - ","638,037.31","","-","KOH CHER KHAI","RCMS - CR FPX","","-"
"506061304070","Current Account","GENTING MALAYSIA BERHAD","MYR","2020-09-08 MY (UTC+08:00)","2020-09-08 MY (UTC+08:00)","7","228","1,000.00","1,000.00","-","-","08/Sep/2020 MY (UTC+08:00)","20:15 MY (UTC+08:00)","2009082014040927","T026847539120","-","180.00","025 - Office","FC8A","2502","2860 - ","638,217.31","","-","DESMOND TEH YONG WEN","RCMS - CR FPX","","-"
"506061304070","Current Account","GENTING MALAYSIA BERHAD","MYR","2020-09-08 MY (UTC+08:00)","2020-09-08 MY (UTC+08:00)","7","228","1,000.00","1,000.00","-","-","08/Sep/2020 MY (UTC+08:00)","20:15 MY (UTC+08:00)","2009082014340695","T026847574220","-","70.00","025 - Office","FC8A","2502","2860 - ","638,287.31","","-","AISHAH BINTI AMRAN","RCMS - CR FPX","","-"
"506061304070","Current Account","GENTING MALAYSIA BERHAD","MYR","2020-09-08 MY (UTC+08:00)","2020-09-08 MY (UTC+08:00)","7","228","1,000.00","1,000.00","-","-","08/Sep/2020 MY (UTC+08:00)","20:16 MY (UTC+08:00)","2009082015020446","T026847624620","-","160.00","025 - Office","FC8A","2502","2860 - ","638,447.31","","-","EDDY TAN HONG TATT","RCMS - CR FPX","","-"
"506061304070","Current Account","GENTING MALAYSIA BERHAD","MYR","2020-09-08 MY (UTC+08:00)","2020-09-08 MY (UTC+08:00)","7","228","1,000.00","1,000.00","-","-","08/Sep/2020 MY (UTC+08:00)","20:19 MY (UTC+08:00)","2009082018430430","T026848000520","-","160.00","025 - Office","FC8A","2502","2860 - ","638,607.31","","-","CHUA SUE LING","RCMS - CR FPX","","-"
"506061304070","Current Account","GENTING MALAYSIA BERHAD","MYR","2020-09-08 MY (UTC+08:00)","2020-09-08 MY (UTC+08:00)","7","228","1,000.00","1,000.00","-","-","08/Sep/2020 MY (UTC+08:00)","20:20 MY (UTC+08:00)","2009082019030023","T026848005320","-","140.00","025 - Office","FC8A","2502","2860 - ","638,747.31","","-","ADRIANA NADHIRAH BIN","RCMS - CR FPX","","-"
"506061304070","Current Account","GENTING MALAYSIA BERHAD","MYR","2020-09-08 MY (UTC+08:00)","2020-09-08 MY (UTC+08:00)","7","228","1,000.00","1,000.00","-","-","08/Sep/2020 MY (UTC+08:00)","20:21 MY (UTC+08:00)","2009082020250190","T026848158320","-","70.00","025 - Office","FC8C","2502","2860 - ","638,817.31","","-","YONG JIE LONG","RCMS - CR FPX","","-"
"506061304070","Current Account","GENTING MALAYSIA BERHAD","MYR","2020-09-08 MY (UTC+08:00)","2020-09-08 MY (UTC+08:00)","7","228","1,000.00","1,000.00","-","-","08/Sep/2020 MY (UTC+08:00)","20:36 MY (UTC+08:00)","2009082035470926","T026849771720","-","360.00","025 - Office","FC8D","2502","2860 - ","639,177.31","","-","JUSTINE TAN        O","RCMS - CR FPX","","-"
"506061304070","Current Account","GENTING MALAYSIA BERHAD","MYR","2020-09-08 MY (UTC+08:00)","2020-09-08 MY (UTC+08:00)","7","228","1,000.00","1,000.00","-","-","08/Sep/2020 MY (UTC+08:00)","20:42 MY (UTC+08:00)","2009082041270186","T026850396620","-","165.00","025 - Office","FC8C","2502","2860 - ","639,342.31","","-","PHANG NAM CHUEN","RCMS - CR FPX","","-"
"506061304070","Current Account","GENTING MALAYSIA BERHAD","MYR","2020-09-08 MY (UTC+08:00)","2020-09-08 MY (UTC+08:00)","7","228","1,000.00","1,000.00","-","-","08/Sep/2020 MY (UTC+08:00)","20:42 MY (UTC+08:00)","2009082041570014","T026850443120","-","70.00","025 - Office","FC8A","2502","2860 - ","639,412.31","","-","TIONG SIEW YIN","RCMS - CR FPX","","-"
"506061304070","Current Account","GENTING MALAYSIA BERHAD","MYR","2020-09-08 MY (UTC+08:00)","2020-09-08 MY (UTC+08:00)","7","228","1,000.00","1,000.00","-","-","08/Sep/2020 MY (UTC+08:00)","20:43 MY (UTC+08:00)","2009082042000066","T026850441620","-","110.00","025 - Office","FC8A","2502","2860 - ","639,522.31","","-","PHUAH HUI RU","RCMS - CR FPX","","-"
"506061304070","Current Account","GENTING MALAYSIA BERHAD","MYR","2020-09-08 MY (UTC+08:00)","2020-09-08 MY (UTC+08:00)","7","228","1,000.00","1,000.00","-","-","08/Sep/2020 MY (UTC+08:00)","20:53 MY (UTC+08:00)","2009082052270226","T026851560020","-","190.00","025 - Office","FC8D","2502","2860 - ","639,712.31","","-","KOH ZHEN TING","RCMS - CR FPX","","-"
"506061304070","Current Account","GENTING MALAYSIA BERHAD","MYR","2020-09-08 MY (UTC+08:00)","2020-09-08 MY (UTC+08:00)","7","228","1,000.00","1,000.00","-","-","08/Sep/2020 MY (UTC+08:00)","20:54 MY (UTC+08:00)","2009082053350097","T026851660520","-","290.00","025 - Office","FC8C","2502","2860 - ","640,002.31","","-","ANG ZHER SHERN","RCMS - CR FPX","","-"
"506061304070","Current Account","GENTING MALAYSIA BERHAD","MYR","2020-09-08 MY (UTC+08:00)","2020-09-08 MY (UTC+08:00)","7","228","1,000.00","1,000.00","-","-","08/Sep/2020 MY (UTC+08:00)","21:00 MY (UTC+08:00)","2009082059280839","T026852000420","-","393.00","025 - Office","FC8A","2502","2860 - ","640,395.31","","-","AL-FAIZAL BIN MOHAMM","RCMS - CR FPX","","-"
"506061304070","Current Account","GENTING MALAYSIA BERHAD","MYR","2020-09-08 MY (UTC+08:00)","2020-09-08 MY (UTC+08:00)","7","228","1,000.00","1,000.00","-","-","08/Sep/2020 MY (UTC+08:00)","21:06 MY (UTC+08:00)","2009082105400137","T026852914220","-","70.00","025 - Office","FC8D","2502","2860 - ","640,465.31","","-","ONG YONG TIAN","RCMS - CR FPX","","-"
"506061304070","Current Account","GENTING MALAYSIA BERHAD","MYR","2020-09-08 MY (UTC+08:00)","2020-09-08 MY (UTC+08:00)","7","228","1,000.00","1,000.00","-","-","08/Sep/2020 MY (UTC+08:00)","21:19 MY (UTC+08:00)","2009082118320075","T026854193120","-","80.00","025 - Office","FC8C","2502","2860 - ","640,545.31","","-","ONG CHOON PIN","RCMS - CR FPX","","-"
"506061304070","Current Account","GENTING MALAYSIA BERHAD","MYR","2020-09-08 MY (UTC+08:00)","2020-09-08 MY (UTC+08:00)","7","228","1,000.00","1,000.00","-","-","08/Sep/2020 MY (UTC+08:00)","21:22 MY (UTC+08:00)","2009082121480924","T026854504520","-","190.00","025 - Office","FC8B","2502","2860 - ","640,735.31","","-","CHEE CONG POH","RCMS - CR FPX","","-"
"506061304070","Current Account","GENTING MALAYSIA BERHAD","MYR","2020-09-08 MY (UTC+08:00)","2020-09-08 MY (UTC+08:00)","7","228","1,000.00","1,000.00","-","-","08/Sep/2020 MY (UTC+08:00)","21:25 MY (UTC+08:00)","2009082124480242","T026854831220","-","393.00","025 - Office","FC8E","2502","2860 - ","641,128.31","","-","AL-FAIZAL BIN MOHAMM","RCMS - CR FPX","","-"
"506061304070","Current Account","GENTING MALAYSIA BERHAD","MYR","2020-09-08 MY (UTC+08:00)","2020-09-08 MY (UTC+08:00)","7","228","1,000.00","1,000.00","-","-","08/Sep/2020 MY (UTC+08:00)","21:35 MY (UTC+08:00)","CMS - DR CORP CHG","B2CSE00037674","112.50","-","025 - Office","CBSX410N","2502","CDRCHG - CMS - DR CORP CHG","641,015.81","","-","","CMS - DR CORP CHG","","-"
"506061304070","Current Account","GENTING MALAYSIA BERHAD","MYR","2020-09-08 MY (UTC+08:00)","2020-09-08 MY (UTC+08:00)","7","228","1,000.00","1,000.00","-","-","08/Sep/2020 MY (UTC+08:00)","21:37 MY (UTC+08:00)","2009082135250602","T026855904620","-","160.00","025 - Office","FC8A","2502","2860 - ","641,175.81","","-","HANG MAY KWEE","RCMS - CR FPX","","-"
"506061304070","Current Account","GENTING MALAYSIA BERHAD","MYR","2020-09-08 MY (UTC+08:00)","2020-09-08 MY (UTC+08:00)","7","228","1,000.00","1,000.00","-","-","08/Sep/2020 MY (UTC+08:00)","21:40 MY (UTC+08:00)","2009082139430026","T026856384320","-","160.00","025 - Office","FC8A","2502","2860 - ","641,335.81","","-","CARMEN CHEE YEW YUEE","RCMS - CR FPX","","-"
"506061304070","Current Account","GENTING MALAYSIA BERHAD","MYR","2020-09-08 MY (UTC+08:00)","2020-09-08 MY (UTC+08:00)","7","228","1,000.00","1,000.00","-","-","08/Sep/2020 MY (UTC+08:00)","21:47 MY (UTC+08:00)","2009082145450758","T026856957020","-","220.00","025 - Office","FC8A","2502","2860 - ","641,555.81","","-","TAN AI SIOK","RCMS - CR FPX","","-"
"506061304070","Current Account","GENTING MALAYSIA BERHAD","MYR","2020-09-08 MY (UTC+08:00)","2020-09-08 MY (UTC+08:00)","7","228","1,000.00","1,000.00","-","-","08/Sep/2020 MY (UTC+08:00)","21:49 MY (UTC+08:00)","2009082149060102","T026857319120","-","160.00","025 - Office","FC8E","2502","2860 - ","641,715.81","","-","CARMEN CHEE YEW YUEE","RCMS - CR FPX","","-"
"506061304070","Current Account","GENTING MALAYSIA BERHAD","MYR","2020-09-08 MY (UTC+08:00)","2020-09-08 MY (UTC+08:00)","7","228","1,000.00","1,000.00","-","-","08/Sep/2020 MY (UTC+08:00)","21:51 MY (UTC+08:00)","2009082150370890","T026857449020","-","190.00","025 - Office","FC8A","2502","2860 - ","641,905.81","","-","SIA HUI BIN","RCMS - CR FPX","","-"
"506061304070","Current Account","GENTING MALAYSIA BERHAD","MYR","2020-09-08 MY (UTC+08:00)","2020-09-08 MY (UTC+08:00)","7","228","1,000.00","1,000.00","-","-","08/Sep/2020 MY (UTC+08:00)","21:55 MY (UTC+08:00)","2009082154160583","T026857694420","-","80.00","025 - Office","FC8A","2502","2860 - ","641,985.81","","-","YEN PHEY WEN","RCMS - CR FPX","","-"
"506061304070","Current Account","GENTING MALAYSIA BERHAD","MYR","2020-09-08 MY (UTC+08:00)","2020-09-08 MY (UTC+08:00)","7","228","1,000.00","1,000.00","-","-","08/Sep/2020 MY (UTC+08:00)","21:56 MY (UTC+08:00)","2009082156140090","T026857989620","-","280.00","025 - Office","FC8A","2502","2860 - ","642,265.81","","-","LOW CHUN KEI","RCMS - CR FPX","","-"
"506061304070","Current Account","GENTING MALAYSIA BERHAD","MYR","2020-09-08 MY (UTC+08:00)","2020-09-08 MY (UTC+08:00)","7","228","1,000.00","1,000.00","-","-","08/Sep/2020 MY (UTC+08:00)","21:58 MY (UTC+08:00)","2009082158020267","T026858170520","-","160.00","025 - Office","FC8B","2502","2860 - ","642,425.81","","-","TAN SHIN YEE","RCMS - CR FPX","","-"
"506061304070","Current Account","GENTING MALAYSIA BERHAD","MYR","2020-09-08 MY (UTC+08:00)","2020-09-08 MY (UTC+08:00)","7","228","1,000.00","1,000.00","-","-","08/Sep/2020 MY (UTC+08:00)","22:03 MY (UTC+08:00)","2009082201180890","T026858464520","-","160.00","025 - Office","FC8B","2502","2860 - ","642,585.81","","-","QUSYAIRY BIN ABD MAL","RCMS - CR FPX","","-"
"506061304070","Current Account","GENTING MALAYSIA BERHAD","MYR","2020-09-08 MY (UTC+08:00)","2020-09-08 MY (UTC+08:00)","7","228","1,000.00","1,000.00","-","-","08/Sep/2020 MY (UTC+08:00)","22:04 MY (UTC+08:00)","2009082202410343","T026858631320","-","70.00","025 - Office","FC8A","2502","2860 - ","642,655.81","","-","LOY HORNG ZAN","RCMS - CR FPX","","-"
"506061304070","Current Account","GENTING MALAYSIA BERHAD","MYR","2020-09-08 MY (UTC+08:00)","2020-09-08 MY (UTC+08:00)","7","228","1,000.00","1,000.00","-","-","08/Sep/2020 MY (UTC+08:00)","22:07 MY (UTC+08:00)","2009082205570253","T026858949920","-","500.00","025 - Office","FC8B","2502","2860 - ","643,155.81","","-","OOI EU JIN","RCMS - CR FPX","","-"
"506061304070","Current Account","GENTING MALAYSIA BERHAD","MYR","2020-09-08 MY (UTC+08:00)","2020-09-08 MY (UTC+08:00)","7","228","1,000.00","1,000.00","-","-","08/Sep/2020 MY (UTC+08:00)","22:09 MY (UTC+08:00)","2009082208380043","T026859214220","-","160.00","025 - Office","FC8A","2502","2860 - ","643,315.81","","-","TAN AI SIOK","RCMS - CR FPX","","-"
"506061304070","Current Account","GENTING MALAYSIA BERHAD","MYR","2020-09-08 MY (UTC+08:00)","2020-09-08 MY (UTC+08:00)","7","228","1,000.00","1,000.00","-","-","08/Sep/2020 MY (UTC+08:00)","22:10 MY (UTC+08:00)","2009082209540283","T026859333320","-","70.00","025 - Office","FC8A","2502","2860 - ","643,385.81","","-","WONG SOON CHEN","RCMS - CR FPX","","-"
"506061304070","Current Account","GENTING MALAYSIA BERHAD","MYR","2020-09-08 MY (UTC+08:00)","2020-09-08 MY (UTC+08:00)","7","228","1,000.00","1,000.00","-","-","08/Sep/2020 MY (UTC+08:00)","22:17 MY (UTC+08:00)","2009082216260607","T026859936920","-","80.00","025 - Office","FC8A","2502","2860 - ","643,465.81","","-","AL-FAIZAL BIN MOHAMM","RCMS - CR FPX","","-"
"506061304070","Current Account","GENTING MALAYSIA BERHAD","MYR","2020-09-08 MY (UTC+08:00)","2020-09-08 MY (UTC+08:00)","7","228","1,000.00","1,000.00","-","-","08/Sep/2020 MY (UTC+08:00)","22:20 MY (UTC+08:00)","2009082219110543","T026860006220","-","360.00","025 - Office","FC8B","2502","2860 - ","643,825.81","","-","GOH BEE YAN","RCMS - CR FPX","","-"
"506061304070","Current Account","GENTING MALAYSIA BERHAD","MYR","2020-09-08 MY (UTC+08:00)","2020-09-08 MY (UTC+08:00)","7","228","1,000.00","1,000.00","-","-","08/Sep/2020 MY (UTC+08:00)","22:21 MY (UTC+08:00)","2009082220200578","T026860320320","-","80.00","025 - Office","FC8B","2502","2860 - ","643,905.81","","-","NORSHEELA BINTI ARIF","RCMS - CR FPX","","-"
"506061304070","Current Account","GENTING MALAYSIA BERHAD","MYR","2020-09-08 MY (UTC+08:00)","2020-09-08 MY (UTC+08:00)","7","228","1,000.00","1,000.00","-","-","08/Sep/2020 MY (UTC+08:00)","22:22 MY (UTC+08:00)","2009082221440122","T026860460720","-","160.00","025 - Office","FC8A","2502","2860 - ","644,065.81","","-","GOH SIAK EIN","RCMS - CR FPX","","-"
"506061304070","Current Account","GENTING MALAYSIA BERHAD","MYR","2020-09-08 MY (UTC+08:00)","2020-09-08 MY (UTC+08:00)","7","228","1,000.00","1,000.00","-","-","08/Sep/2020 MY (UTC+08:00)","22:27 MY (UTC+08:00)","2009082226200984","T026860867820","-","80.00","025 - Office","FC8A","2502","2860 - ","644,145.81","","-","SIAH XIN YAH","RCMS - CR FPX","","-"
"506061304070","Current Account","GENTING MALAYSIA BERHAD","MYR","2020-09-08 MY (UTC+08:00)","2020-09-08 MY (UTC+08:00)","7","228","1,000.00","1,000.00","-","-","08/Sep/2020 MY (UTC+08:00)","22:31 MY (UTC+08:00)","2009082231130475","T026861292020","-","80.00","025 - Office","FC8C","2502","2860 - ","644,225.81","","-","AU TECK LIK","RCMS - CR FPX","","-"
"506061304070","Current Account","GENTING MALAYSIA BERHAD","MYR","2020-09-08 MY (UTC+08:00)","2020-09-08 MY (UTC+08:00)","7","228","1,000.00","1,000.00","-","-","08/Sep/2020 MY (UTC+08:00)","22:34 MY (UTC+08:00)","2009082233190103","T026861485820","-","140.00","025 - Office","FC8B","2502","2860 - ","644,365.81","","-","PANG POH YI","RCMS - CR FPX","","-"
"506061304070","Current Account","GENTING MALAYSIA BERHAD","MYR","2020-09-08 MY (UTC+08:00)","2020-09-08 MY (UTC+08:00)","7","228","1,000.00","1,000.00","-","-","08/Sep/2020 MY (UTC+08:00)","22:42 MY (UTC+08:00)","2009082241370945","T026862208820","-","170.00","025 - Office","FC8A","2502","2860 - ","644,535.81","","-","WANG EIK MING","RCMS - CR FPX","","-"
"506061304070","Current Account","GENTING MALAYSIA BERHAD","MYR","2020-09-08 MY (UTC+08:00)","2020-09-08 MY (UTC+08:00)","7","228","1,000.00","1,000.00","-","-","08/Sep/2020 MY (UTC+08:00)","22:55 MY (UTC+08:00)","2009082254300001","T026863391720","-","70.00","025 - Office","FC8B","2502","2860 - ","644,605.81","","-","TAI SOOK KING","RCMS - CR FPX","","-"
"506061304070","Current Account","GENTING MALAYSIA BERHAD","MYR","2020-09-08 MY (UTC+08:00)","2020-09-08 MY (UTC+08:00)","7","228","1,000.00","1,000.00","-","-","08/Sep/2020 MY (UTC+08:00)","23:04 MY (UTC+08:00)","2009082302380728","T026864081120","-","300.00","025 - Office","FC8A","2502","2860 - ","644,905.81","","-","THULASIRANI A/P MUNI","RCMS - CR FPX","","-"
"506061304070","Current Account","GENTING MALAYSIA BERHAD","MYR","2020-09-08 MY (UTC+08:00)","2020-09-08 MY (UTC+08:00)","7","228","1,000.00","1,000.00","-","-","08/Sep/2020 MY (UTC+08:00)","23:19 MY (UTC+08:00)","2009082318420898","T026865324020","-","70.00","025 - Office","FC8A","2502","2860 - ","644,975.81","","-","PONG KIT WEI","RCMS - CR FPX","","-"
"506061304070","Current Account","GENTING MALAYSIA BERHAD","MYR","2020-09-08 MY (UTC+08:00)","2020-09-08 MY (UTC+08:00)","7","228","1,000.00","1,000.00","-","-","08/Sep/2020 MY (UTC+08:00)","23:24 MY (UTC+08:00)","2009082322500925","T026865615020","-","70.00","025 - Office","FC8B","2502","2860 - ","645,045.81","","-","SITI AISHAH BINTI YA","RCMS - CR FPX","","-"
"506061304070","Current Account","GENTING MALAYSIA BERHAD","MYR","2020-09-08 MY (UTC+08:00)","2020-09-08 MY (UTC+08:00)","7","228","1,000.00","1,000.00","-","-","08/Sep/2020 MY (UTC+08:00)","00:46 MY (UTC+08:00)","QRCASA SALES M/N 0035433 DATED 08092020","","-","130.00","011 - System","CBSX425P","2988","8301 - BILLS PAYMENT CREDIT","645,175.81","","-","","","","-"
"506061304070","Current Account","GENTING MALAYSIA BERHAD","MYR","2020-09-08 MY (UTC+08:00)","2020-09-08 MY (UTC+08:00)","7","228","1,000.00","1,000.00","-","-","08/Sep/2020 MY (UTC+08:00)","00:46 MY (UTC+08:00)","S/C TRANS VIA QRPAY 000027060035433","","0.32","-","011 - System","CBSX4237","2996","PCSCDR - PAYEE CORP SERVICE CHARGE DEBIT","645,175.49","","-","","","","-"
"506061304070","Current Account","GENTING MALAYSIA BERHAD","MYR","2020-09-08 MY (UTC+08:00)","2020-09-08 MY (UTC+08:00)","7","228","1,000.00","1,000.00","-","-","08/Sep/2020 MY (UTC+08:00)","00:56 MY (UTC+08:00)","XFR DEBIT SVC CHARGE","","2.00","-","011 - System","BTCH6587","0606","XFRDRSVC - SERVICE CHARGE","645,173.49","","-","","","","-"
"506061304070","Current Account","GENTING MALAYSIA BERHAD","MYR","2020-09-08 MY (UTC+08:00)","2020-09-08 MY (UTC+08:00)","7","228","1,000.00","1,000.00","-","-","08/Sep/2020 MY (UTC+08:00)","00:56 MY (UTC+08:00)","GENTING MALAYSIA BERHAD","514011468149","696,663.20","-","011 - System","BTCH6587","0606","XFRDR - FUND TRANSFER DEBIT","-51,489.71","","-","","","","-"
"506061304070","Current Account","GENTING MALAYSIA BERHAD","MYR","2020-09-08 MY (UTC+08:00)","2020-09-08 MY (UTC+08:00)","7","228","1,000.00","1,000.00","-","-","08/Sep/2020 MY (UTC+08:00)","02:27 MY (UTC+08:00)","DR/CARD SALES M/N 4000006 DATED 07092020","","-","59.00","006 - Pos","CBSX408R","2977","8300 - CREDIT ACCOUNT","-51,430.71","","-","","","","-"
"506061304070","Current Account","GENTING MALAYSIA BERHAD","MYR","2020-09-08 MY (UTC+08:00)","2020-09-08 MY (UTC+08:00)","7","228","1,000.00","1,000.00","-","-","08/Sep/2020 MY (UTC+08:00)","02:27 MY (UTC+08:00)","DR/CARD SALES M/N 4000006 DATED 07092020","","0.15","-","011 - System","CBSX408R","2981","BCHARGE - ELECTRONIC TRANSACTION CHARGES","-51,430.86","","-","","","","-"
"506061304070","Current Account","GENTING MALAYSIA BERHAD","MYR","2020-09-08 MY (UTC+08:00)","2020-09-08 MY (UTC+08:00)","7","228","1,000.00","1,000.00","-","-","08/Sep/2020 MY (UTC+08:00)","02:29 MY (UTC+08:00)","DR/CARD SALES M/N 4239893 DATED 07092020","","-","66.00","006 - Pos","CBSX408R","3121","8300 - CREDIT ACCOUNT","-51,364.86","","-","","","","-"
"506061304070","Current Account","GENTING MALAYSIA BERHAD","MYR","2020-09-08 MY (UTC+08:00)","2020-09-08 MY (UTC+08:00)","7","228","1,000.00","1,000.00","-","-","08/Sep/2020 MY (UTC+08:00)","02:29 MY (UTC+08:00)","DR/CARD SALES M/N 4239893 DATED 07092020","","0.17","-","011 - System","CBSX408R","2981","BCHARGE - ELECTRONIC TRANSACTION CHARGES","-51,365.03","","-","","","","-"
"506061304070","Current Account","GENTING MALAYSIA BERHAD","MYR","2020-09-08 MY (UTC+08:00)","2020-09-08 MY (UTC+08:00)","7","228","1,000.00","1,000.00","-","-","08/Sep/2020 MY (UTC+08:00)","04:27 MY (UTC+08:00)","2009080019450618","T026755622420","-","80.00","025 - Office","FC8A","2502","2860 - ","-51,285.03","","-","KHONG ZHENG YONG","RCMS - CR FPX","","-"
"506061304070","Current Account","GENTING MALAYSIA BERHAD","MYR","2020-09-08 MY (UTC+08:00)","2020-09-08 MY (UTC+08:00)","7","228","1,000.00","1,000.00","-","-","08/Sep/2020 MY (UTC+08:00)","04:27 MY (UTC+08:00)","2009080021050479","T026755672520","-","80.00","025 - Office","FC8A","2502","2860 - ","-51,205.03","","-","EDY FARHAN BIN ANUAR","RCMS - CR FPX","","-"
"506061304070","Current Account","GENTING MALAYSIA BERHAD","MYR","2020-09-08 MY (UTC+08:00)","2020-09-08 MY (UTC+08:00)","7","228","1,000.00","1,000.00","-","-","08/Sep/2020 MY (UTC+08:00)","04:27 MY (UTC+08:00)","2009080149080541","T026758588820","-","800.00","025 - Office","FC8A","2502","2860 - ","-50,405.03","","-","CHONG YU HENG","RCMS - CR FPX","","-"
"506061304070","Current Account","GENTING MALAYSIA BERHAD","MYR","2020-09-08 MY (UTC+08:00)","2020-09-08 MY (UTC+08:00)","7","228","1,000.00","1,000.00","-","-","08/Sep/2020 MY (UTC+08:00)","04:40 MY (UTC+08:00)","2009080439120277","T026760871220","-","70.00","025 - Office","FC8A","2502","2860 - ","-50,335.03","","-","CHONG YOON CHUNG","RCMS - CR FPX","","-"
"506061304070","Current Account","GENTING MALAYSIA BERHAD","MYR","2020-09-08 MY (UTC+08:00)","2020-09-08 MY (UTC+08:00)","7","228","1,000.00","1,000.00","-","-","08/Sep/2020 MY (UTC+08:00)","04:41 MY (UTC+08:00)","2009080441010469","T026760889220","-","70.00","025 - Office","FC8A","2502","2860 - ","-50,265.03","","-","CHONG YOON CHUNG","RCMS - CR FPX","","-"
"506061304070","Current Account","GENTING MALAYSIA BERHAD","MYR","2020-09-08 MY (UTC+08:00)","2020-09-08 MY (UTC+08:00)","7","228","1,000.00","1,000.00","-","-","08/Sep/2020 MY (UTC+08:00)","04:46 MY (UTC+08:00)","2009080445540018","T026760937820","-","70.00","025 - Office","FC8A","2502","2860 - ","-50,195.03","","-","CHONG YOON CHUNG","RCMS - CR FPX","","-"
"506061304070","Current Account","GENTING MALAYSIA BERHAD","MYR","2020-09-08 MY (UTC+08:00)","2020-09-08 MY (UTC+08:00)","7","228","1,000.00","1,000.00","-","-","08/Sep/2020 MY (UTC+08:00)","04:52 MY (UTC+08:00)","2009080451570638","T026760990320","-","70.00","025 - Office","FC8A","2502","2860 - ","-50,125.03","","-","CHONG YOON CHUNG","RCMS - CR FPX","","-"
"506061304070","Current Account","GENTING MALAYSIA BERHAD","MYR","2020-09-08 MY (UTC+08:00)","2020-09-08 MY (UTC+08:00)","7","228","1,000.00","1,000.00","-","-","08/Sep/2020 MY (UTC+08:00)","04:55 MY (UTC+08:00)","2009080453460864","T026761004120","-","70.00","025 - Office","FC8A","2502","2860 - ","-50,055.03","","-","CHONG YOON CHUNG","RCMS - CR FPX","","-"
"506061304070","Current Account","GENTING MALAYSIA BERHAD","MYR","2020-09-08 MY (UTC+08:00)","2020-09-08 MY (UTC+08:00)","7","228","1,000.00","1,000.00","-","-","08/Sep/2020 MY (UTC+08:00)","04:57 MY (UTC+08:00)","2009080456220137","T026761028420","-","70.00","025 - Office","FC8A","2502","2860 - ","-49,985.03","","-","CHONG YOON CHUNG","RCMS - CR FPX","","-"
"506061304070","Current Account","GENTING MALAYSIA BERHAD","MYR","2020-09-08 MY (UTC+08:00)","2020-09-08 MY (UTC+08:00)","7","228","1,000.00","1,000.00","-","-","08/Sep/2020 MY (UTC+08:00)","04:58 MY (UTC+08:00)","2009080458100339","T026761038620","-","70.00","025 - Office","FC8A","2502","2860 - ","-49,915.03","","-","CHONG YOON CHUNG","RCMS - CR FPX","","-"
"506061304070","Current Account","GENTING MALAYSIA BERHAD","MYR","2020-09-08 MY (UTC+08:00)","2020-09-08 MY (UTC+08:00)","7","228","1,000.00","1,000.00","-","-","08/Sep/2020 MY (UTC+08:00)","05:09 MY (UTC+08:00)","2009080508290408","T026761125620","-","70.00","025 - Office","FC8A","2502","2860 - ","-49,845.03","","-","CHONG YOON CHUNG","RCMS - CR FPX","","-"
"506061304070","Current Account","GENTING MALAYSIA BERHAD","MYR","2020-09-08 MY (UTC+08:00)","2020-09-08 MY (UTC+08:00)","7","228","1,000.00","1,000.00","-","-","08/Sep/2020 MY (UTC+08:00)","05:10 MY (UTC+08:00)","2009080510090583","T026761139120","-","70.00","025 - Office","FC8A","2502","2860 - ","-49,775.03","","-","CHONG YOON CHUNG","RCMS - CR FPX","","-"
"506061304070","Current Account","GENTING MALAYSIA BERHAD","MYR","2020-09-08 MY (UTC+08:00)","2020-09-08 MY (UTC+08:00)","7","228","1,000.00","1,000.00","-","-","08/Sep/2020 MY (UTC+08:00)","05:12 MY (UTC+08:00)","2009080511500764","T026761151720","-","70.00","025 - Office","FC8A","2502","2860 - ","-49,705.03","","-","CHONG YOON CHUNG","RCMS - CR FPX","","-"
"506061304070","Current Account","GENTING MALAYSIA BERHAD","MYR","2020-09-08 MY (UTC+08:00)","2020-09-08 MY (UTC+08:00)","7","228","1,000.00","1,000.00","-","-","08/Sep/2020 MY (UTC+08:00)","05:14 MY (UTC+08:00)","2009080513530017","T026761168520","-","70.00","025 - Office","FC8A","2502","2860 - ","-49,635.03","","-","CHONG YOON CHUNG","RCMS - CR FPX","","-"
"506061304070","Current Account","GENTING MALAYSIA BERHAD","MYR","2020-09-08 MY (UTC+08:00)","2020-09-08 MY (UTC+08:00)","7","228","1,000.00","1,000.00","-","-","08/Sep/2020 MY (UTC+08:00)","05:16 MY (UTC+08:00)","2009080515350209","T026761187720","-","70.00","025 - Office","FC8A","2502","2860 - ","-49,565.03","","-","CHONG YOON CHUNG","RCMS - CR FPX","","-"
"506061304070","Current Account","GENTING MALAYSIA BERHAD","MYR","2020-09-08 MY (UTC+08:00)","2020-09-08 MY (UTC+08:00)","7","228","1,000.00","1,000.00","-","-","08/Sep/2020 MY (UTC+08:00)","05:25 MY (UTC+08:00)","2009080524160196","T026761271720","-","70.00","025 - Office","FC8A","2502","2860 - ","-49,495.03","","-","CHONG YOON CHUNG","RCMS - CR FPX","","-"
"506061304070","Current Account","GENTING MALAYSIA BERHAD","MYR","2020-09-08 MY (UTC+08:00)","2020-09-08 MY (UTC+08:00)","7","228","1,000.00","1,000.00","-","-","08/Sep/2020 MY (UTC+08:00)","05:29 MY (UTC+08:00)","RFD 08092020","DEBIT BALANCE","2,307.97","-","011 - System","CBSX426Q","2719","CCREFUND - ","-51,803.00","","-","MN 027001055342","CREDIT CARD REFUND","","-"
"506061304070","Current Account","GENTING MALAYSIA BERHAD","MYR","2020-09-08 MY (UTC+08:00)","2020-09-08 MY (UTC+08:00)","7","228","1,000.00","1,000.00","-","-","08/Sep/2020 MY (UTC+08:00)","05:33 MY (UTC+08:00)","2009080533140247","T026761372520","-","140.00","025 - Office","FC8A","2502","2860 - ","-51,663.00","","-","CHONG YOON CHUNG","RCMS - CR FPX","","-"
"506061304070","Current Account","GENTING MALAYSIA BERHAD","MYR","2020-09-08 MY (UTC+08:00)","2020-09-08 MY (UTC+08:00)","7","228","1,000.00","1,000.00","-","-","08/Sep/2020 MY (UTC+08:00)","05:34 MY (UTC+08:00)","9204280879 CR/CARD SALES  DATED 08092020","08790809","-","1,421.15","011 - System","CBSX4498","3104","2210 - CARDS CREDIT","-50,241.85","","-","","","","-"
"506061304070","Current Account","GENTING MALAYSIA BERHAD","MYR","2020-09-08 MY (UTC+08:00)","2020-09-08 MY (UTC+08:00)","7","228","1,000.00","1,000.00","-","-","08/Sep/2020 MY (UTC+08:00)","05:34 MY (UTC+08:00)","9204232565 CR/CARD SALES  DATED 08092020","25650809","-","221.28","011 - System","CBSX4498","3104","2210 - CARDS CREDIT","-50,020.57","","-","","","","-"
"506061304070","Current Account","GENTING MALAYSIA BERHAD","MYR","2020-09-08 MY (UTC+08:00)","2020-09-08 MY (UTC+08:00)","7","228","1,000.00","1,000.00","-","-","08/Sep/2020 MY (UTC+08:00)","05:34 MY (UTC+08:00)","9207003443 CR/CARD SALES  DATED 08092020","34430809","-","15,945.84","011 - System","CBSX4498","3104","2210 - CARDS CREDIT","-34,074.73","","-","","","","-"
"506061304070","Current Account","GENTING MALAYSIA BERHAD","MYR","2020-09-08 MY (UTC+08:00)","2020-09-08 MY (UTC+08:00)","7","228","1,000.00","1,000.00","-","-","08/Sep/2020 MY (UTC+08:00)","05:34 MY (UTC+08:00)","9204453906 CR/CARD SALES  DATED 08092020","39060809","-","735.66","011 - System","CBSX4498","3104","2210 - CARDS CREDIT","-33,339.07","","-","","","","-"
"506061304070","Current Account","GENTING MALAYSIA BERHAD","MYR","2020-09-08 MY (UTC+08:00)","2020-09-08 MY (UTC+08:00)","7","228","1,000.00","1,000.00","-","-","08/Sep/2020 MY (UTC+08:00)","05:34 MY (UTC+08:00)","9204144851 CR/CARD SALES  DATED 08092020","48510809","-","32.46","011 - System","CBSX4498","3104","2210 - CARDS CREDIT","-33,306.61","","-","","","","-"
"506061304070","Current Account","GENTING MALAYSIA BERHAD","MYR","2020-09-08 MY (UTC+08:00)","2020-09-08 MY (UTC+08:00)","7","228","1,000.00","1,000.00","-","-","08/Sep/2020 MY (UTC+08:00)","05:34 MY (UTC+08:00)","9204135032 CR/CARD SALES  DATED 08092020","50320809","-","2,959.34","011 - System","CBSX4498","3104","2210 - CARDS CREDIT","-30,347.27","","-","","","","-"
"506061304070","Current Account","GENTING MALAYSIA BERHAD","MYR","2020-09-08 MY (UTC+08:00)","2020-09-08 MY (UTC+08:00)","7","228","1,000.00","1,000.00","-","-","08/Sep/2020 MY (UTC+08:00)","05:34 MY (UTC+08:00)","9870206851 CR/CARD SALES  DATED 08092020","68510809","-","2,868.86","011 - System","CBSX4498","3104","2210 - CARDS CREDIT","-27,478.41","","-","","","","-"
"506061304070","Current Account","GENTING MALAYSIA BERHAD","MYR","2020-09-08 MY (UTC+08:00)","2020-09-08 MY (UTC+08:00)","7","228","1,000.00","1,000.00","-","-","08/Sep/2020 MY (UTC+08:00)","05:34 MY (UTC+08:00)","9204106918 CR/CARD SALES  DATED 08092020","69180809","-","74.50","011 - System","CBSX4498","3104","2210 - CARDS CREDIT","-27,403.91","","-","","","","-"
"506061304070","Current Account","GENTING MALAYSIA BERHAD","MYR","2020-09-08 MY (UTC+08:00)","2020-09-08 MY (UTC+08:00)","7","228","1,000.00","1,000.00","-","-","08/Sep/2020 MY (UTC+08:00)","05:34 MY (UTC+08:00)","9204277883 CR/CARD SALES  DATED 08092020","78830809","-","266.50","011 - System","CBSX4498","3104","2210 - CARDS CREDIT","-27,137.41","","-","","","","-"
"506061304070","Current Account","GENTING MALAYSIA BERHAD","MYR","2020-09-08 MY (UTC+08:00)","2020-09-08 MY (UTC+08:00)","7","228","1,000.00","1,000.00","-","-","08/Sep/2020 MY (UTC+08:00)","05:34 MY (UTC+08:00)","9204079313 CR/CARD SALES  DATED 08092020","93130809","-","27,442.68","011 - System","CBSX4498","3104","2210 - CARDS CREDIT","305.27","","-","","","","-"
"506061304070","Current Account","GENTING MALAYSIA BERHAD","MYR","2020-09-08 MY (UTC+08:00)","2020-09-08 MY (UTC+08:00)","7","228","1,000.00","1,000.00","-","-","08/Sep/2020 MY (UTC+08:00)","05:34 MY (UTC+08:00)","9204219414 CR/CARD SALES  DATED 08092020","94140809","-","134.73","011 - System","CBSX4498","3104","2210 - CARDS CREDIT","440.00","","-","","","","-"
"506061304070","Current Account","GENTING MALAYSIA BERHAD","MYR","2020-09-08 MY (UTC+08:00)","2020-09-08 MY (UTC+08:00)","7","228","1,000.00","1,000.00","-","-","08/Sep/2020 MY (UTC+08:00)","05:38 MY (UTC+08:00)","2009080537260779","T026761428020","-","140.00","025 - Office","FC8A","2502","2860 - ","580.00","","-","CHONG YOON CHUNG","RCMS - CR FPX","","-"
"506061304070","Current Account","GENTING MALAYSIA BERHAD","MYR","2020-09-08 MY (UTC+08:00)","2020-09-08 MY (UTC+08:00)","7","228","1,000.00","1,000.00","-","-","08/Sep/2020 MY (UTC+08:00)","05:52 MY (UTC+08:00)","2009080551450797","T026761614320","-","140.00","025 - Office","FC8A","2502","2860 - ","720.00","","-","CHONG YOON CHUNG","RCMS - CR FPX","","-"
"506061304070","Current Account","GENTING MALAYSIA BERHAD","MYR","2020-09-08 MY (UTC+08:00)","2020-09-08 MY (UTC+08:00)","7","228","1,000.00","1,000.00","-","-","08/Sep/2020 MY (UTC+08:00)","05:54 MY (UTC+08:00)","2009080553270050","T026761639520","-","70.00","025 - Office","FC8A","2502","2860 - ","790.00","","-","CHONG YOON CHUNG","RCMS - CR FPX","","-"
"506061304070","Current Account","GENTING MALAYSIA BERHAD","MYR","2020-09-08 MY (UTC+08:00)","2020-09-08 MY (UTC+08:00)","7","228","1,000.00","1,000.00","-","-","08/Sep/2020 MY (UTC+08:00)","05:56 MY (UTC+08:00)","2009080555580450","T026761681220","-","140.00","025 - Office","FC8A","2502","2860 - ","930.00","","-","CHONG YOON CHUNG","RCMS - CR FPX","","-"
"506061304070","Current Account","GENTING MALAYSIA BERHAD","MYR","2020-09-08 MY (UTC+08:00)","2020-09-08 MY (UTC+08:00)","7","228","1,000.00","1,000.00","-","-","08/Sep/2020 MY (UTC+08:00)","05:58 MY (UTC+08:00)","2009080558110823","T026761716020","-","70.00","025 - Office","FC8A","2502","2860 - ","1,000.00","","-","CHONG YOON CHUNG","RCMS - CR FPX","","-"
