﻿Account Number,Account Type,Account Name,Account Currency,Date From,Date To,Total Debit,Total Credit,Begin Balance,End Balance,Transaction Date,Transaction Time,Posting Date,Processing Time,Transaction Description,Transaction Ref,Debit,Credit,Source Code,Teller ID,Branch/Channel,Transaction Code,End Balance,Filler,Virtual Account,Transaction Description 2,Transaction Description 3,Transaction Description 4,Expiry Date
"506061304070","Current Account","GENTING MALAYSIA BERHAD","MYR","2020-09-10 MY (UTC+08:00)","2020-09-10 MY (UTC+08:00)","8","182","1,000.00","1,000.00","-","-","10/Sep/2020 MY (UTC+08:00)","07:53 MY (UTC+08:00)","2009100753020199","T027030221420","-","70.00","025 - Office","FC8A","2502","2860 - ","1,070.00","","-","NG AI HUI","RCMS - CR FPX","","-"
"506061304070","Current Account","GENTING MALAYSIA BERHAD","MYR","2020-09-10 MY (UTC+08:00)","2020-09-10 MY (UTC+08:00)","8","182","1,000.00","1,000.00","-","-","10/Sep/2020 MY (UTC+08:00)","08:01 MY (UTC+08:00)","2009100801060405","T027031005320","-","70.00","025 - Office","FC8A","2502","2860 - ","1,140.00","","-","KU HUEY LEE","RCMS - CR FPX","","-"
"506061304070","Current Account","GENTING MALAYSIA BERHAD","MYR","2020-09-10 MY (UTC+08:00)","2020-09-10 MY (UTC+08:00)","8","182","1,000.00","1,000.00","-","-","10/Sep/2020 MY (UTC+08:00)","08:14 MY (UTC+08:00)","2009100813430723","T027032421020","-","140.00","025 - Office","FC8A","2502","2860 - ","1,280.00","","-","OOI BENG HAO","RCMS - CR FPX","","-"
"506061304070","Current Account","GENTING MALAYSIA BERHAD","MYR","2020-09-10 MY (UTC+08:00)","2020-09-10 MY (UTC+08:00)","8","182","1,000.00","1,000.00","-","-","10/Sep/2020 MY (UTC+08:00)","08:31 MY (UTC+08:00)","CR/CARD SALES M/N 4000006 DATED 09092020","00060909","-","37,322.30","011 - System","CBSX4498","2719","2981 - MERCHANT CREDIT CARD SALES","38,602.30","","-","","","","-"
"506061304070","Current Account","GENTING MALAYSIA BERHAD","MYR","2020-09-10 MY (UTC+08:00)","2020-09-10 MY (UTC+08:00)","8","182","1,000.00","1,000.00","-","-","10/Sep/2020 MY (UTC+08:00)","08:31 MY (UTC+08:00)","CR/CARD SALES M/N 4221339 DATED 09092020","13390909","-","13,677.90","011 - System","CBSX4498","2719","2981 - MERCHANT CREDIT CARD SALES","52,280.20","","-","","","","-"
"506061304070","Current Account","GENTING MALAYSIA BERHAD","MYR","2020-09-10 MY (UTC+08:00)","2020-09-10 MY (UTC+08:00)","8","182","1,000.00","1,000.00","-","-","10/Sep/2020 MY (UTC+08:00)","08:31 MY (UTC+08:00)","CR/CARD SALES M/N 4221552 DATED 09092020","15520909","-","2,976.99","011 - System","CBSX4498","2719","2981 - MERCHANT CREDIT CARD SALES","55,257.19","","-","","","","-"
"506061304070","Current Account","GENTING MALAYSIA BERHAD","MYR","2020-09-10 MY (UTC+08:00)","2020-09-10 MY (UTC+08:00)","8","182","1,000.00","1,000.00","-","-","10/Sep/2020 MY (UTC+08:00)","08:31 MY (UTC+08:00)","CR/CARD SALES M/N 1813880 DATED 09092020","38800909","-","1,590.15","011 - System","CBSX4498","2719","2981 - MERCHANT CREDIT CARD SALES","56,847.34","","-","","","","-"
"506061304070","Current Account","GENTING MALAYSIA BERHAD","MYR","2020-09-10 MY (UTC+08:00)","2020-09-10 MY (UTC+08:00)","8","182","1,000.00","1,000.00","-","-","10/Sep/2020 MY (UTC+08:00)","08:31 MY (UTC+08:00)","CR/CARD SALES M/N 4185062 DATED 09092020","50620909","-","42,911.14","011 - System","CBSX4498","2719","2981 - MERCHANT CREDIT CARD SALES","99,758.48","","-","","","","-"
"506061304070","Current Account","GENTING MALAYSIA BERHAD","MYR","2020-09-10 MY (UTC+08:00)","2020-09-10 MY (UTC+08:00)","8","182","1,000.00","1,000.00","-","-","10/Sep/2020 MY (UTC+08:00)","08:31 MY (UTC+08:00)","CR/CARD SALES M/N 4225124 DATED 09092020","51240909","-","487.64","011 - System","CBSX4498","2719","2981 - MERCHANT CREDIT CARD SALES","100,246.12","","-","","","","-"
"506061304070","Current Account","GENTING MALAYSIA BERHAD","MYR","2020-09-10 MY (UTC+08:00)","2020-09-10 MY (UTC+08:00)","8","182","1,000.00","1,000.00","-","-","10/Sep/2020 MY (UTC+08:00)","08:31 MY (UTC+08:00)","CR/CARD SALES M/N 4225140 DATED 09092020","51400909","-","1,655.44","011 - System","CBSX4498","2719","2981 - MERCHANT CREDIT CARD SALES","101,901.56","","-","","","","-"
"506061304070","Current Account","GENTING MALAYSIA BERHAD","MYR","2020-09-10 MY (UTC+08:00)","2020-09-10 MY (UTC+08:00)","8","182","1,000.00","1,000.00","-","-","10/Sep/2020 MY (UTC+08:00)","08:31 MY (UTC+08:00)","CR/CARD SALES M/N 1055342 DATED 09092020","53420909","-","604.66","011 - System","CBSX4498","2719","2981 - MERCHANT CREDIT CARD SALES","102,506.22","","-","","","","-"
"506061304070","Current Account","GENTING MALAYSIA BERHAD","MYR","2020-09-10 MY (UTC+08:00)","2020-09-10 MY (UTC+08:00)","8","182","1,000.00","1,000.00","-","-","10/Sep/2020 MY (UTC+08:00)","08:31 MY (UTC+08:00)","CR/CARD SALES M/N 4145744 DATED 09092020","57440909","-","1,135.77","011 - System","CBSX4498","2719","2981 - MERCHANT CREDIT CARD SALES","103,641.99","","-","","","","-"
"506061304070","Current Account","GENTING MALAYSIA BERHAD","MYR","2020-09-10 MY (UTC+08:00)","2020-09-10 MY (UTC+08:00)","8","182","1,000.00","1,000.00","-","-","10/Sep/2020 MY (UTC+08:00)","08:31 MY (UTC+08:00)","CR/CARD SALES M/N 7008915 DATED 09092020","89150909","-","30,318.66","011 - System","CBSX4498","2719","2981 - MERCHANT CREDIT CARD SALES","133,960.65","","-","","","","-"
"506061304070","Current Account","GENTING MALAYSIA BERHAD","MYR","2020-09-10 MY (UTC+08:00)","2020-09-10 MY (UTC+08:00)","8","182","1,000.00","1,000.00","-","-","10/Sep/2020 MY (UTC+08:00)","08:31 MY (UTC+08:00)","CR/CARD SALES M/N 4179180 DATED 09092020","91800909","-","5,841.70","011 - System","CBSX4498","2719","2981 - MERCHANT CREDIT CARD SALES","139,802.35","","-","","","","-"
"506061304070","Current Account","GENTING MALAYSIA BERHAD","MYR","2020-09-10 MY (UTC+08:00)","2020-09-10 MY (UTC+08:00)","8","182","1,000.00","1,000.00","-","-","10/Sep/2020 MY (UTC+08:00)","08:31 MY (UTC+08:00)","CR/CARD SALES M/N 4179883 DATED 09092020","98830909","-","175.27","011 - System","CBSX4498","2719","2981 - MERCHANT CREDIT CARD SALES","139,977.62","","-","","","","-"
"506061304070","Current Account","GENTING MALAYSIA BERHAD","MYR","2020-09-10 MY (UTC+08:00)","2020-09-10 MY (UTC+08:00)","8","182","1,000.00","1,000.00","-","-","10/Sep/2020 MY (UTC+08:00)","08:31 MY (UTC+08:00)","CR/CARD SALES M/N 4239893 DATED 09092020","98930909","-","788.87","011 - System","CBSX4498","2719","2981 - MERCHANT CREDIT CARD SALES","140,766.49","","-","","","","-"
"506061304070","Current Account","GENTING MALAYSIA BERHAD","MYR","2020-09-10 MY (UTC+08:00)","2020-09-10 MY (UTC+08:00)","8","182","1,000.00","1,000.00","-","-","10/Sep/2020 MY (UTC+08:00)","08:49 MY (UTC+08:00)","2009100848030845","T027036940820","-","160.00","025 - Office","FC8A","2502","2860 - ","140,926.49","","-","YEOH CHUN HOW","RCMS - CR FPX","","-"
"506061304070","Current Account","GENTING MALAYSIA BERHAD","MYR","2020-09-10 MY (UTC+08:00)","2020-09-10 MY (UTC+08:00)","8","182","1,000.00","1,000.00","-","-","10/Sep/2020 MY (UTC+08:00)","08:56 MY (UTC+08:00)","2009100855560959","T027038080520","-","84.00","025 - Office","FC8B","2502","2860 - ","141,010.49","","-","CHONG YEN YEE","RCMS - CR FPX","","-"
"506061304070","Current Account","GENTING MALAYSIA BERHAD","MYR","2020-09-10 MY (UTC+08:00)","2020-09-10 MY (UTC+08:00)","8","182","1,000.00","1,000.00","-","-","10/Sep/2020 MY (UTC+08:00)","09:00 MY (UTC+08:00)","2009100859570768","T027038636120","-","240.00","025 - Office","FC8A","2502","2860 - ","141,250.49","","-","FOO WEI SHENG","RCMS - CR FPX","","-"
"506061304070","Current Account","GENTING MALAYSIA BERHAD","MYR","2020-09-10 MY (UTC+08:00)","2020-09-10 MY (UTC+08:00)","8","182","1,000.00","1,000.00","-","-","10/Sep/2020 MY (UTC+08:00)","09:08 MY (UTC+08:00)","2009100906570480","T027039697220","-","160.00","025 - Office","FC8A","2502","2860 - ","141,410.49","","-","LEONG SIEW MEE","RCMS - CR FPX","","-"
"506061304070","Current Account","GENTING MALAYSIA BERHAD","MYR","2020-09-10 MY (UTC+08:00)","2020-09-10 MY (UTC+08:00)","8","182","1,000.00","1,000.00","-","-","10/Sep/2020 MY (UTC+08:00)","09:24 MY (UTC+08:00)","2009100923520636","T027042256520","-","80.00","025 - Office","FC8A","2502","2860 - ","141,490.49","","-","BERNARD TAN LING HUA","RCMS - CR FPX","","-"
"506061304070","Current Account","GENTING MALAYSIA BERHAD","MYR","2020-09-10 MY (UTC+08:00)","2020-09-10 MY (UTC+08:00)","8","182","1,000.00","1,000.00","-","-","10/Sep/2020 MY (UTC+08:00)","09:39 MY (UTC+08:00)","2009100938270718","T027044475020","-","240.00","025 - Office","FC8B","2502","2860 - ","141,730.49","","-","MUHAMAD FARHAN ARIF","RCMS - CR FPX","","-"
"506061304070","Current Account","GENTING MALAYSIA BERHAD","MYR","2020-09-10 MY (UTC+08:00)","2020-09-10 MY (UTC+08:00)","8","182","1,000.00","1,000.00","-","-","10/Sep/2020 MY (UTC+08:00)","09:43 MY (UTC+08:00)","2009100942000910","T027044977520","-","140.00","025 - Office","FC8B","2502","2860 - ","141,870.49","","-","WON FOOK SIANG","RCMS - CR FPX","","-"
"506061304070","Current Account","GENTING MALAYSIA BERHAD","MYR","2020-09-10 MY (UTC+08:00)","2020-09-10 MY (UTC+08:00)","8","182","1,000.00","1,000.00","-","-","10/Sep/2020 MY (UTC+08:00)","09:45 MY (UTC+08:00)","2009100945100399","T027092253920","-","110.00","025 - Office","FC8B","2502","2860 - ","141,980.49","","-","SHARON NGANG ANN CHY","RCMS - CR FPX","","-"
"506061304070","Current Account","GENTING MALAYSIA BERHAD","MYR","2020-09-10 MY (UTC+08:00)","2020-09-10 MY (UTC+08:00)","8","182","1,000.00","1,000.00","-","-","10/Sep/2020 MY (UTC+08:00)","10:02 MY (UTC+08:00)","H78822","78822","-","151,709.00","018 - Teller","0000544A","0606","7100 - CASH DEPOSIT","293,689.49","","-","","","","-"
"506061304070","Current Account","GENTING MALAYSIA BERHAD","MYR","2020-09-10 MY (UTC+08:00)","2020-09-10 MY (UTC+08:00)","8","182","1,000.00","1,000.00","-","-","10/Sep/2020 MY (UTC+08:00)","10:02 MY (UTC+08:00)","H78821","78821","-","20,941.00","018 - Teller","0000544A","0606","7100 - CASH DEPOSIT","314,630.49","","-","","","","-"
"506061304070","Current Account","GENTING MALAYSIA BERHAD","MYR","2020-09-10 MY (UTC+08:00)","2020-09-10 MY (UTC+08:00)","8","182","1,000.00","1,000.00","-","-","10/Sep/2020 MY (UTC+08:00)","10:03 MY (UTC+08:00)","H78823","78823","-","15,726.00","018 - Teller","0000544A","0606","7100 - CASH DEPOSIT","330,356.49","","-","","","","-"
"506061304070","Current Account","GENTING MALAYSIA BERHAD","MYR","2020-09-10 MY (UTC+08:00)","2020-09-10 MY (UTC+08:00)","8","182","1,000.00","1,000.00","-","-","10/Sep/2020 MY (UTC+08:00)","10:10 MY (UTC+08:00)","2009101009390106","T027096116720","-","70.00","025 - Office","FC8D","2502","2860 - ","330,426.49","","-","GOOI YING YING","RCMS - CR FPX","","-"
"506061304070","Current Account","GENTING MALAYSIA BERHAD","MYR","2020-09-10 MY (UTC+08:00)","2020-09-10 MY (UTC+08:00)","8","182","1,000.00","1,000.00","-","-","10/Sep/2020 MY (UTC+08:00)","10:25 MY (UTC+08:00)","2009101024540232","T027098313320","-","100.00","025 - Office","FC8B","2502","2860 - ","330,526.49","","-","KOAY HOOI LING","RCMS - CR FPX","","-"
"506061304070","Current Account","GENTING MALAYSIA BERHAD","MYR","2020-09-10 MY (UTC+08:00)","2020-09-10 MY (UTC+08:00)","8","182","1,000.00","1,000.00","-","-","10/Sep/2020 MY (UTC+08:00)","10:27 MY (UTC+08:00)","2009101025590039","T027098470520","-","180.00","025 - Office","FC8C","2502","2860 - ","330,706.49","","-","CHAN HUI MIN","RCMS - CR FPX","","-"
"506061304070","Current Account","GENTING MALAYSIA BERHAD","MYR","2020-09-10 MY (UTC+08:00)","2020-09-10 MY (UTC+08:00)","8","182","1,000.00","1,000.00","-","-","10/Sep/2020 MY (UTC+08:00)","10:27 MY (UTC+08:00)","2009101027110013","T027098650820","-","100.00","025 - Office","FC8A","2502","2860 - ","330,806.49","","-","KOAY HOOI LING","RCMS - CR FPX","","-"
"506061304070","Current Account","GENTING MALAYSIA BERHAD","MYR","2020-09-10 MY (UTC+08:00)","2020-09-10 MY (UTC+08:00)","8","182","1,000.00","1,000.00","-","-","10/Sep/2020 MY (UTC+08:00)","10:42 MY (UTC+08:00)","2009101041380785","T027100732220","-","307.00","025 - Office","FC8C","2502","2860 - ","331,113.49","","-","KHOO SHUK KIM","RCMS - CR FPX","","-"
"506061304070","Current Account","GENTING MALAYSIA BERHAD","MYR","2020-09-10 MY (UTC+08:00)","2020-09-10 MY (UTC+08:00)","8","182","1,000.00","1,000.00","-","-","10/Sep/2020 MY (UTC+08:00)","10:47 MY (UTC+08:00)","2009101046310824","T027101391920","-","80.00","025 - Office","FC8B","2502","2860 - ","331,193.49","","-","NGWEE YEH SHYANG","RCMS - CR FPX","","-"
"506061304070","Current Account","GENTING MALAYSIA BERHAD","MYR","2020-09-10 MY (UTC+08:00)","2020-09-10 MY (UTC+08:00)","8","182","1,000.00","1,000.00","-","-","10/Sep/2020 MY (UTC+08:00)","10:48 MY (UTC+08:00)","2009101047280412","T027101563220","-","70.00","025 - Office","FC8A","2502","2860 - ","331,263.49","","-","LEE BOON KEONG","RCMS - CR FPX","","-"
"506061304070","Current Account","GENTING MALAYSIA BERHAD","MYR","2020-09-10 MY (UTC+08:00)","2020-09-10 MY (UTC+08:00)","8","182","1,000.00","1,000.00","-","-","10/Sep/2020 MY (UTC+08:00)","11:05 MY (UTC+08:00)","2009101104420885","T027104145320","-","70.00","025 - Office","FC8A","2502","2860 - ","331,333.49","","-","PHYLLIS KOH PEI FERN","RCMS - CR FPX","","-"
"506061304070","Current Account","GENTING MALAYSIA BERHAD","MYR","2020-09-10 MY (UTC+08:00)","2020-09-10 MY (UTC+08:00)","8","182","1,000.00","1,000.00","-","-","10/Sep/2020 MY (UTC+08:00)","11:10 MY (UTC+08:00)","2009101110040292","T027104994020","-","80.00","025 - Office","FC8A","2502","2860 - ","331,413.49","","-","TAN SHER WEN","RCMS - CR FPX","","-"
"506061304070","Current Account","GENTING MALAYSIA BERHAD","MYR","2020-09-10 MY (UTC+08:00)","2020-09-10 MY (UTC+08:00)","8","182","1,000.00","1,000.00","-","-","10/Sep/2020 MY (UTC+08:00)","11:23 MY (UTC+08:00)","2009101122240707","T027106742720","-","180.00","025 - Office","FC8C","2502","2860 - ","331,593.49","","-","SOMCAI A/L EPIN","RCMS - CR FPX","","-"
"506061304070","Current Account","GENTING MALAYSIA BERHAD","MYR","2020-09-10 MY (UTC+08:00)","2020-09-10 MY (UTC+08:00)","8","182","1,000.00","1,000.00","-","-","10/Sep/2020 MY (UTC+08:00)","11:31 MY (UTC+08:00)","2009101130070249","T027107746820","-","70.00","025 - Office","FC8D","2502","2860 - ","331,663.49","","-","LIM GEOK CHIN","RCMS - CR FPX","","-"
"506061304070","Current Account","GENTING MALAYSIA BERHAD","MYR","2020-09-10 MY (UTC+08:00)","2020-09-10 MY (UTC+08:00)","8","182","1,000.00","1,000.00","-","-","10/Sep/2020 MY (UTC+08:00)","11:31 MY (UTC+08:00)","2009101130360174","T027107804420","-","70.00","025 - Office","FC8C","2502","2860 - ","331,733.49","","-","CHOI AH YEN","RCMS - CR FPX","","-"
"506061304070","Current Account","GENTING MALAYSIA BERHAD","MYR","2020-09-10 MY (UTC+08:00)","2020-09-10 MY (UTC+08:00)","8","182","1,000.00","1,000.00","-","-","10/Sep/2020 MY (UTC+08:00)","11:39 MY (UTC+08:00)","2009101138200079","T027108804020","-","70.00","025 - Office","FC8D","2502","2860 - ","331,803.49","","-","CHOI AH YEN","RCMS - CR FPX","","-"
"506061304070","Current Account","GENTING MALAYSIA BERHAD","MYR","2020-09-10 MY (UTC+08:00)","2020-09-10 MY (UTC+08:00)","8","182","1,000.00","1,000.00","-","-","10/Sep/2020 MY (UTC+08:00)","11:55 MY (UTC+08:00)","2009101154270168","T027110911520","-","70.00","025 - Office","FC8B","2502","2860 - ","331,873.49","","-","THUM KOON YANN","RCMS - CR FPX","","-"
"506061304070","Current Account","GENTING MALAYSIA BERHAD","MYR","2020-09-10 MY (UTC+08:00)","2020-09-10 MY (UTC+08:00)","8","182","1,000.00","1,000.00","-","-","10/Sep/2020 MY (UTC+08:00)","12:06 MY (UTC+08:00)","2009101205520860","T027113919020","-","160.00","025 - Office","FC8A","2502","2860 - ","332,033.49","","-","OOI LAN CHEE/ OOI C","RCMS - CR FPX","","-"
"506061304070","Current Account","GENTING MALAYSIA BERHAD","MYR","2020-09-10 MY (UTC+08:00)","2020-09-10 MY (UTC+08:00)","8","182","1,000.00","1,000.00","-","-","10/Sep/2020 MY (UTC+08:00)","12:10 MY (UTC+08:00)","2009101209210162","T027114396020","-","100.00","025 - Office","FC8D","2502","2860 - ","332,133.49","","-","LOH GIM CHONG","RCMS - CR FPX","","-"
"506061304070","Current Account","GENTING MALAYSIA BERHAD","MYR","2020-09-10 MY (UTC+08:00)","2020-09-10 MY (UTC+08:00)","8","182","1,000.00","1,000.00","-","-","10/Sep/2020 MY (UTC+08:00)","12:17 MY (UTC+08:00)","2009101216330414","T027115366220","-","70.00","025 - Office","FC8E","2502","2860 - ","332,203.49","","-","CHAN JIE WEI","RCMS - CR FPX","","-"
"506061304070","Current Account","GENTING MALAYSIA BERHAD","MYR","2020-09-10 MY (UTC+08:00)","2020-09-10 MY (UTC+08:00)","8","182","1,000.00","1,000.00","-","-","10/Sep/2020 MY (UTC+08:00)","12:18 MY (UTC+08:00)","2009101217190819","T027115445720","-","160.00","025 - Office","FC8A","2502","2860 - ","332,363.49","","-","LIM HONG ENG","RCMS - CR FPX","","-"
"506061304070","Current Account","GENTING MALAYSIA BERHAD","MYR","2020-09-10 MY (UTC+08:00)","2020-09-10 MY (UTC+08:00)","8","182","1,000.00","1,000.00","-","-","10/Sep/2020 MY (UTC+08:00)","12:47 MY (UTC+08:00)","2009101245310992","T027119144120","-","80.00","025 - Office","FC8E","2502","2860 - ","332,443.49","","-","BENJAMIN PATRICK SCO","RCMS - CR FPX","","-"
"506061304070","Current Account","GENTING MALAYSIA BERHAD","MYR","2020-09-10 MY (UTC+08:00)","2020-09-10 MY (UTC+08:00)","8","182","1,000.00","1,000.00","-","-","10/Sep/2020 MY (UTC+08:00)","12:49 MY (UTC+08:00)","2009101248410568","T027119581820","-","110.00","025 - Office","FC8A","2502","2860 - ","332,553.49","","-","NG KHENG AIK","RCMS - CR FPX","","-"
"506061304070","Current Account","GENTING MALAYSIA BERHAD","MYR","2020-09-10 MY (UTC+08:00)","2020-09-10 MY (UTC+08:00)","8","182","1,000.00","1,000.00","-","-","10/Sep/2020 MY (UTC+08:00)","12:50 MY (UTC+08:00)","2009101249490586","T027119722220","-","80.00","025 - Office","FC8B","2502","2860 - ","332,633.49","","-","LEE KYUNG HYE","RCMS - CR FPX","","-"
"506061304070","Current Account","GENTING MALAYSIA BERHAD","MYR","2020-09-10 MY (UTC+08:00)","2020-09-10 MY (UTC+08:00)","8","182","1,000.00","1,000.00","-","-","10/Sep/2020 MY (UTC+08:00)","13:12 MY (UTC+08:00)","2009101311020837","T027122426720","-","150.00","025 - Office","FC8A","2502","2860 - ","332,783.49","","-","LIM CHEE LONG","RCMS - CR FPX","","-"
"506061304070","Current Account","GENTING MALAYSIA BERHAD","MYR","2020-09-10 MY (UTC+08:00)","2020-09-10 MY (UTC+08:00)","8","182","1,000.00","1,000.00","-","-","10/Sep/2020 MY (UTC+08:00)","13:16 MY (UTC+08:00)","2009101316100423","T027123054920","-","160.00","025 - Office","FC8C","2502","2860 - ","332,943.49","","-","CHENG YONG SHENG","RCMS - CR FPX","","-"
"506061304070","Current Account","GENTING MALAYSIA BERHAD","MYR","2020-09-10 MY (UTC+08:00)","2020-09-10 MY (UTC+08:00)","8","182","1,000.00","1,000.00","-","-","10/Sep/2020 MY (UTC+08:00)","13:21 MY (UTC+08:00)","2009101320030776","T027123523820","-","105.00","025 - Office","FC8A","2502","2860 - ","333,048.49","","-","ENCIK MOHD FIZAL BIN","RCMS - CR FPX","","-"
"506061304070","Current Account","GENTING MALAYSIA BERHAD","MYR","2020-09-10 MY (UTC+08:00)","2020-09-10 MY (UTC+08:00)","8","182","1,000.00","1,000.00","-","-","10/Sep/2020 MY (UTC+08:00)","13:26 MY (UTC+08:00)","2009101325420968","T027124248020","-","80.00","025 - Office","FC8A","2502","2860 - ","333,128.49","","-","CHEW KOON YEE","RCMS - CR FPX","","-"
"506061304070","Current Account","GENTING MALAYSIA BERHAD","MYR","2020-09-10 MY (UTC+08:00)","2020-09-10 MY (UTC+08:00)","8","182","1,000.00","1,000.00","-","-","10/Sep/2020 MY (UTC+08:00)","13:29 MY (UTC+08:00)","2009101328480992","T027124595420","-","160.00","025 - Office","FC8A","2502","2860 - ","333,288.49","","-","JOEY CHOY ZHU ER","RCMS - CR FPX","","-"
"506061304070","Current Account","GENTING MALAYSIA BERHAD","MYR","2020-09-10 MY (UTC+08:00)","2020-09-10 MY (UTC+08:00)","8","182","1,000.00","1,000.00","-","-","10/Sep/2020 MY (UTC+08:00)","13:33 MY (UTC+08:00)","2009101331560072","T027124963220","-","70.00","025 - Office","FC8A","2502","2860 - ","333,358.49","","-","CHOONG TONG KUEN","RCMS - CR FPX","","-"
"506061304070","Current Account","GENTING MALAYSIA BERHAD","MYR","2020-09-10 MY (UTC+08:00)","2020-09-10 MY (UTC+08:00)","8","182","1,000.00","1,000.00","-","-","10/Sep/2020 MY (UTC+08:00)","13:36 MY (UTC+08:00)","2009101335340849","T027125324420","-","110.00","025 - Office","FC8D","2502","2860 - ","333,468.49","","-","LIAW SAN TAT","RCMS - CR FPX","","-"
"506061304070","Current Account","GENTING MALAYSIA BERHAD","MYR","2020-09-10 MY (UTC+08:00)","2020-09-10 MY (UTC+08:00)","8","182","1,000.00","1,000.00","-","-","10/Sep/2020 MY (UTC+08:00)","13:41 MY (UTC+08:00)","2009101340430976","T027125993720","-","275.00","025 - Office","FC8D","2502","2860 - ","333,743.49","","-","NOOR IZNA SYAZWANA B","RCMS - CR FPX","","-"
"506061304070","Current Account","GENTING MALAYSIA BERHAD","MYR","2020-09-10 MY (UTC+08:00)","2020-09-10 MY (UTC+08:00)","8","182","1,000.00","1,000.00","-","-","10/Sep/2020 MY (UTC+08:00)","13:45 MY (UTC+08:00)","2009101344100474","T027126395120","-","80.00","025 - Office","FC8C","2502","2860 - ","333,823.49","","-","TEH SWEE KEE","RCMS - CR FPX","","-"
"506061304070","Current Account","GENTING MALAYSIA BERHAD","MYR","2020-09-10 MY (UTC+08:00)","2020-09-10 MY (UTC+08:00)","8","182","1,000.00","1,000.00","-","-","10/Sep/2020 MY (UTC+08:00)","13:47 MY (UTC+08:00)","2009101345400912","T027126572420","-","354.00","025 - Office","FC8D","2502","2860 - ","334,177.49","","-","MS AURELIA LEE GUEK","RCMS - CR FPX","","-"
"506061304070","Current Account","GENTING MALAYSIA BERHAD","MYR","2020-09-10 MY (UTC+08:00)","2020-09-10 MY (UTC+08:00)","8","182","1,000.00","1,000.00","-","-","10/Sep/2020 MY (UTC+08:00)","13:55 MY (UTC+08:00)","2009101354170982","T027127531520","-","70.00","025 - Office","FC8B","2502","2860 - ","334,247.49","","-","GANESH KUMAR A/L RAM","RCMS - CR FPX","","-"
"506061304070","Current Account","GENTING MALAYSIA BERHAD","MYR","2020-09-10 MY (UTC+08:00)","2020-09-10 MY (UTC+08:00)","8","182","1,000.00","1,000.00","-","-","10/Sep/2020 MY (UTC+08:00)","14:03 MY (UTC+08:00)","2009101402420352","T027128475620","-","70.00","025 - Office","FC8A","2502","2860 - ","334,317.49","","-","SHAHINAZ BEGUM BINTI","RCMS - CR FPX","","-"
"506061304070","Current Account","GENTING MALAYSIA BERHAD","MYR","2020-09-10 MY (UTC+08:00)","2020-09-10 MY (UTC+08:00)","8","182","1,000.00","1,000.00","-","-","10/Sep/2020 MY (UTC+08:00)","14:05 MY (UTC+08:00)","2009101404290029","T027128670020","-","80.00","025 - Office","FC8E","2502","2860 - ","334,397.49","","-","THONG YUET KUEN","RCMS - CR FPX","","-"
"506061304070","Current Account","GENTING MALAYSIA BERHAD","MYR","2020-09-10 MY (UTC+08:00)","2020-09-10 MY (UTC+08:00)","8","182","1,000.00","1,000.00","-","-","10/Sep/2020 MY (UTC+08:00)","14:13 MY (UTC+08:00)","2009101412470072","T027129595520","-","100.00","025 - Office","FC8C","2502","2860 - ","334,497.49","","-","SEMANTHA CHEAH YIN Y","RCMS - CR FPX","","-"
"506061304070","Current Account","GENTING MALAYSIA BERHAD","MYR","2020-09-10 MY (UTC+08:00)","2020-09-10 MY (UTC+08:00)","8","182","1,000.00","1,000.00","-","-","10/Sep/2020 MY (UTC+08:00)","14:16 MY (UTC+08:00)","2009101415490717","T027129947720","-","340.00","025 - Office","FC8D","2502","2860 - ","334,837.49","","-","HO MEE MEE","RCMS - CR FPX","","-"
"506061304070","Current Account","GENTING MALAYSIA BERHAD","MYR","2020-09-10 MY (UTC+08:00)","2020-09-10 MY (UTC+08:00)","8","182","1,000.00","1,000.00","-","-","10/Sep/2020 MY (UTC+08:00)","14:19 MY (UTC+08:00)","2009101418220582","T027130234520","-","175.00","025 - Office","FC8A","2502","2860 - ","335,012.49","","-","LOH CHUN HOE","RCMS - CR FPX","","-"
"506061304070","Current Account","GENTING MALAYSIA BERHAD","MYR","2020-09-10 MY (UTC+08:00)","2020-09-10 MY (UTC+08:00)","8","182","1,000.00","1,000.00","-","-","10/Sep/2020 MY (UTC+08:00)","14:25 MY (UTC+08:00)","2009101424180516","T027130938920","-","70.00","025 - Office","FC90","2502","2860 - ","335,082.49","","-","NG KUIN WEI","RCMS - CR FPX","","-"
"506061304070","Current Account","GENTING MALAYSIA BERHAD","MYR","2020-09-10 MY (UTC+08:00)","2020-09-10 MY (UTC+08:00)","8","182","1,000.00","1,000.00","-","-","10/Sep/2020 MY (UTC+08:00)","14:30 MY (UTC+08:00)","2009101428340148","T027131376920","-","200.00","025 - Office","FC8D","2502","2860 - ","335,282.49","","-","CHONG KIM TECK","RCMS - CR FPX","","-"
"506061304070","Current Account","GENTING MALAYSIA BERHAD","MYR","2020-09-10 MY (UTC+08:00)","2020-09-10 MY (UTC+08:00)","8","182","1,000.00","1,000.00","-","-","10/Sep/2020 MY (UTC+08:00)","14:35 MY (UTC+08:00)","2009101433560555","T027132003620","-","160.00","025 - Office","FC8E","2502","2860 - ","335,442.49","","-","TEOH HOOI FENG","RCMS - CR FPX","","-"
"506061304070","Current Account","GENTING MALAYSIA BERHAD","MYR","2020-09-10 MY (UTC+08:00)","2020-09-10 MY (UTC+08:00)","8","182","1,000.00","1,000.00","-","-","10/Sep/2020 MY (UTC+08:00)","14:35 MY (UTC+08:00)","2009101433040096","T027131879720","-","229.00","025 - Office","FC8A","2502","2860 - ","335,671.49","","-","TAN SU TEE","RCMS - CR FPX","","-"
"506061304070","Current Account","GENTING MALAYSIA BERHAD","MYR","2020-09-10 MY (UTC+08:00)","2020-09-10 MY (UTC+08:00)","8","182","1,000.00","1,000.00","-","-","10/Sep/2020 MY (UTC+08:00)","15:04 MY (UTC+08:00)","2009101503540891","T027135371120","-","70.00","025 - Office","FC8C","2502","2860 - ","335,741.49","","-","CHI HENG SENG","RCMS - CR FPX","","-"
"506061304070","Current Account","GENTING MALAYSIA BERHAD","MYR","2020-09-10 MY (UTC+08:00)","2020-09-10 MY (UTC+08:00)","8","182","1,000.00","1,000.00","-","-","10/Sep/2020 MY (UTC+08:00)","15:33 MY (UTC+08:00)","2009101532140127","T027138389420","-","70.00","025 - Office","FC95","2502","2860 - ","335,811.49","","-","CHAN CHWEE GING","RCMS - CR FPX","","-"
"506061304070","Current Account","GENTING MALAYSIA BERHAD","MYR","2020-09-10 MY (UTC+08:00)","2020-09-10 MY (UTC+08:00)","8","182","1,000.00","1,000.00","-","-","10/Sep/2020 MY (UTC+08:00)","15:38 MY (UTC+08:00)","2009101538110924","T027139011020","-","260.00","025 - Office","FC8B","2502","2860 - ","336,071.49","","-","WONG SIAU WEI","RCMS - CR FPX","","-"
"506061304070","Current Account","GENTING MALAYSIA BERHAD","MYR","2020-09-10 MY (UTC+08:00)","2020-09-10 MY (UTC+08:00)","8","182","1,000.00","1,000.00","-","-","10/Sep/2020 MY (UTC+08:00)","15:47 MY (UTC+08:00)","2009101546400687","T027139832420","-","380.00","025 - Office","FC8B","2502","2860 - ","336,451.49","","-","MOHD IDZWAN BIN KHOR","RCMS - CR FPX","","-"
"506061304070","Current Account","GENTING MALAYSIA BERHAD","MYR","2020-09-10 MY (UTC+08:00)","2020-09-10 MY (UTC+08:00)","8","182","1,000.00","1,000.00","-","-","10/Sep/2020 MY (UTC+08:00)","16:20 MY (UTC+08:00)","2009101619530368","T027143283020","-","70.00","025 - Office","FC8D","2502","2860 - ","336,521.49","","-","TAN CHEE MIN","RCMS - CR FPX","","-"
"506061304070","Current Account","GENTING MALAYSIA BERHAD","MYR","2020-09-10 MY (UTC+08:00)","2020-09-10 MY (UTC+08:00)","8","182","1,000.00","1,000.00","-","-","10/Sep/2020 MY (UTC+08:00)","16:37 MY (UTC+08:00)","2009101636290766","T027144973520","-","70.00","025 - Office","FC8E","2502","2860 - ","336,591.49","","-","CHAN CHWEE GING","RCMS - CR FPX","","-"
"506061304070","Current Account","GENTING MALAYSIA BERHAD","MYR","2020-09-10 MY (UTC+08:00)","2020-09-10 MY (UTC+08:00)","8","182","1,000.00","1,000.00","-","-","10/Sep/2020 MY (UTC+08:00)","16:42 MY (UTC+08:00)","2009101642060931","T027177551420","-","70.00","025 - Office","FC8D","2502","2860 - ","336,661.49","","-","CHOY KAR YEN","RCMS - CR FPX","","-"
"506061304070","Current Account","GENTING MALAYSIA BERHAD","MYR","2020-09-10 MY (UTC+08:00)","2020-09-10 MY (UTC+08:00)","8","182","1,000.00","1,000.00","-","-","10/Sep/2020 MY (UTC+08:00)","16:53 MY (UTC+08:00)","2009101652480466","T027178617620","-","250.00","025 - Office","FC8A","2502","2860 - ","336,911.49","","-","SOH SHAN YONG","RCMS - CR FPX","","-"
"506061304070","Current Account","GENTING MALAYSIA BERHAD","MYR","2020-09-10 MY (UTC+08:00)","2020-09-10 MY (UTC+08:00)","8","182","1,000.00","1,000.00","-","-","10/Sep/2020 MY (UTC+08:00)","16:55 MY (UTC+08:00)","2009101653470839","T027178723220","-","170.00","025 - Office","FC8B","2502","2860 - ","337,081.49","","-","J SUSAN A/P S I JOSO","RCMS - CR FPX","","-"
"506061304070","Current Account","GENTING MALAYSIA BERHAD","MYR","2020-09-10 MY (UTC+08:00)","2020-09-10 MY (UTC+08:00)","8","182","1,000.00","1,000.00","-","-","10/Sep/2020 MY (UTC+08:00)","17:02 MY (UTC+08:00)","2009101702110433","T027179543420","-","70.00","025 - Office","FC8D","2502","2860 - ","337,151.49","","-","LEE YOKE FONG/ONG KS","RCMS - CR FPX","","-"
"506061304070","Current Account","GENTING MALAYSIA BERHAD","MYR","2020-09-10 MY (UTC+08:00)","2020-09-10 MY (UTC+08:00)","8","182","1,000.00","1,000.00","-","-","10/Sep/2020 MY (UTC+08:00)","17:03 MY (UTC+08:00)","2009101703030548","T027179630120","-","240.00","025 - Office","FC8D","2502","2860 - ","337,391.49","","-","LIM CHEN HEANG","RCMS - CR FPX","","-"
"506061304070","Current Account","GENTING MALAYSIA BERHAD","MYR","2020-09-10 MY (UTC+08:00)","2020-09-10 MY (UTC+08:00)","8","182","1,000.00","1,000.00","-","-","10/Sep/2020 MY (UTC+08:00)","17:18 MY (UTC+08:00)","2009101717240438","T027181020020","-","80.00","025 - Office","FC8C","2502","2860 - ","337,471.49","","-","WONG QI QI","RCMS - CR FPX","","-"
"506061304070","Current Account","GENTING MALAYSIA BERHAD","MYR","2020-09-10 MY (UTC+08:00)","2020-09-10 MY (UTC+08:00)","8","182","1,000.00","1,000.00","-","-","10/Sep/2020 MY (UTC+08:00)","17:22 MY (UTC+08:00)","2009101721480390","T027181413620","-","70.00","025 - Office","FC8F","2502","2860 - ","337,541.49","","-","CHAN CHWEE GING","RCMS - CR FPX","","-"
"506061304070","Current Account","GENTING MALAYSIA BERHAD","MYR","2020-09-10 MY (UTC+08:00)","2020-09-10 MY (UTC+08:00)","8","182","1,000.00","1,000.00","-","-","10/Sep/2020 MY (UTC+08:00)","17:40 MY (UTC+08:00)","2009101739580074","T027183153020","-","70.00","025 - Office","FC8C","2502","2860 - ","337,611.49","","-","KALIDAS A/L KUPPUSAM","RCMS - CR FPX","","-"
"506061304070","Current Account","GENTING MALAYSIA BERHAD","MYR","2020-09-10 MY (UTC+08:00)","2020-09-10 MY (UTC+08:00)","8","182","1,000.00","1,000.00","-","-","10/Sep/2020 MY (UTC+08:00)","17:50 MY (UTC+08:00)","2009101749530822","T027184060220","-","105.00","025 - Office","FC8C","2502","2860 - ","337,716.49","","-","CHONG KOK WENG","RCMS - CR FPX","","-"
"506061304070","Current Account","GENTING MALAYSIA BERHAD","MYR","2020-09-10 MY (UTC+08:00)","2020-09-10 MY (UTC+08:00)","8","182","1,000.00","1,000.00","-","-","10/Sep/2020 MY (UTC+08:00)","18:10 MY (UTC+08:00)","2009101809160989","T027185772920","-","70.00","025 - Office","FC8C","2502","2860 - ","337,786.49","","-","NG AIK LI","RCMS - CR FPX","","-"
"506061304070","Current Account","GENTING MALAYSIA BERHAD","MYR","2020-09-10 MY (UTC+08:00)","2020-09-10 MY (UTC+08:00)","8","182","1,000.00","1,000.00","-","-","10/Sep/2020 MY (UTC+08:00)","18:12 MY (UTC+08:00)","2009101811220508","T027185948120","-","70.00","025 - Office","FC8A","2502","2860 - ","337,856.49","","-","NG AIK LI","RCMS - CR FPX","","-"
"506061304070","Current Account","GENTING MALAYSIA BERHAD","MYR","2020-09-10 MY (UTC+08:00)","2020-09-10 MY (UTC+08:00)","8","182","1,000.00","1,000.00","-","-","10/Sep/2020 MY (UTC+08:00)","18:12 MY (UTC+08:00)","2009101811480073","T027185980220","-","70.00","025 - Office","FC8C","2502","2860 - ","337,926.49","","-","WONG YU HENG","RCMS - CR FPX","","-"
"506061304070","Current Account","GENTING MALAYSIA BERHAD","MYR","2020-09-10 MY (UTC+08:00)","2020-09-10 MY (UTC+08:00)","8","182","1,000.00","1,000.00","-","-","10/Sep/2020 MY (UTC+08:00)","18:13 MY (UTC+08:00)","2009101812280874","T027186034520","-","70.00","025 - Office","FC8B","2502","2860 - ","337,996.49","","-","LIM LAI WAH","RCMS - CR FPX","","-"
"506061304070","Current Account","GENTING MALAYSIA BERHAD","MYR","2020-09-10 MY (UTC+08:00)","2020-09-10 MY (UTC+08:00)","8","182","1,000.00","1,000.00","-","-","10/Sep/2020 MY (UTC+08:00)","18:15 MY (UTC+08:00)","2009101814030888","T027186174020","-","110.00","025 - Office","FC8D","2502","2860 - ","338,106.49","","-","WONG MEU CHEW","RCMS - CR FPX","","-"
"506061304070","Current Account","GENTING MALAYSIA BERHAD","MYR","2020-09-10 MY (UTC+08:00)","2020-09-10 MY (UTC+08:00)","8","182","1,000.00","1,000.00","-","-","10/Sep/2020 MY (UTC+08:00)","18:16 MY (UTC+08:00)","2009101815000028","T027186248420","-","210.00","025 - Office","FC8A","2502","2860 - ","338,316.49","","-","CHOONG TONG KUEN","RCMS - CR FPX","","-"
"506061304070","Current Account","GENTING MALAYSIA BERHAD","MYR","2020-09-10 MY (UTC+08:00)","2020-09-10 MY (UTC+08:00)","8","182","1,000.00","1,000.00","-","-","10/Sep/2020 MY (UTC+08:00)","18:31 MY (UTC+08:00)","2009101830110218","T027187626920","-","190.00","025 - Office","FC8A","2502","2860 - ","338,506.49","","-","YENTY TANASAL","RCMS - CR FPX","","-"
"506061304070","Current Account","GENTING MALAYSIA BERHAD","MYR","2020-09-10 MY (UTC+08:00)","2020-09-10 MY (UTC+08:00)","8","182","1,000.00","1,000.00","-","-","10/Sep/2020 MY (UTC+08:00)","18:34 MY (UTC+08:00)","2009101833530885","T027187957820","-","180.00","025 - Office","FC8A","2502","2860 - ","338,686.49","","-","CHEONG PUI YEE","RCMS - CR FPX","","-"
"506061304070","Current Account","GENTING MALAYSIA BERHAD","MYR","2020-09-10 MY (UTC+08:00)","2020-09-10 MY (UTC+08:00)","8","182","1,000.00","1,000.00","-","-","10/Sep/2020 MY (UTC+08:00)","18:34 MY (UTC+08:00)","2009101833520870","T027187968020","-","180.00","025 - Office","FC8C","2502","2860 - ","338,866.49","","-","TAI YUEN TENG","RCMS - CR FPX","","-"
"506061304070","Current Account","GENTING MALAYSIA BERHAD","MYR","2020-09-10 MY (UTC+08:00)","2020-09-10 MY (UTC+08:00)","8","182","1,000.00","1,000.00","-","-","10/Sep/2020 MY (UTC+08:00)","18:39 MY (UTC+08:00)","2009101837520896","T027188300420","-","70.00","025 - Office","FC8B","2502","2860 - ","338,936.49","","-","ARVIND RAJ A/L RAJEN","RCMS - CR FPX","","-"
"506061304070","Current Account","GENTING MALAYSIA BERHAD","MYR","2020-09-10 MY (UTC+08:00)","2020-09-10 MY (UTC+08:00)","8","182","1,000.00","1,000.00","-","-","10/Sep/2020 MY (UTC+08:00)","18:49 MY (UTC+08:00)","2009101848000452","T027189149120","-","70.00","025 - Office","FC8C","2502","2860 - ","339,006.49","","-","KRUSHNAN MOORTHEE A/","RCMS - CR FPX","","-"
"506061304070","Current Account","GENTING MALAYSIA BERHAD","MYR","2020-09-10 MY (UTC+08:00)","2020-09-10 MY (UTC+08:00)","8","182","1,000.00","1,000.00","-","-","10/Sep/2020 MY (UTC+08:00)","18:58 MY (UTC+08:00)","2009101857290418","T027189982820","-","70.00","025 - Office","FC8B","2502","2860 - ","339,076.49","","-","MELODY LIM YUE TONG","RCMS - CR FPX","","-"
"506061304070","Current Account","GENTING MALAYSIA BERHAD","MYR","2020-09-10 MY (UTC+08:00)","2020-09-10 MY (UTC+08:00)","8","182","1,000.00","1,000.00","-","-","10/Sep/2020 MY (UTC+08:00)","19:02 MY (UTC+08:00)","2009101901320521","T027190320020","-","140.00","025 - Office","FC8C","2502","2860 - ","339,216.49","","-","YEAP CHIN WAH","RCMS - CR FPX","","-"
"506061304070","Current Account","GENTING MALAYSIA BERHAD","MYR","2020-09-10 MY (UTC+08:00)","2020-09-10 MY (UTC+08:00)","8","182","1,000.00","1,000.00","-","-","10/Sep/2020 MY (UTC+08:00)","19:35 MY (UTC+08:00)","2009101935020955","T027193284620","-","70.00","025 - Office","FC8A","2502","2860 - ","339,286.49","","-","SOH SIEW SIEW","RCMS - CR FPX","","-"
"506061304070","Current Account","GENTING MALAYSIA BERHAD","MYR","2020-09-10 MY (UTC+08:00)","2020-09-10 MY (UTC+08:00)","8","182","1,000.00","1,000.00","-","-","10/Sep/2020 MY (UTC+08:00)","19:38 MY (UTC+08:00)","2009101937000350","T027193423820","-","70.00","025 - Office","FC8B","2502","2860 - ","339,356.49","","-","HAN SEE MUN","RCMS - CR FPX","","-"
"506061304070","Current Account","GENTING MALAYSIA BERHAD","MYR","2020-09-10 MY (UTC+08:00)","2020-09-10 MY (UTC+08:00)","8","182","1,000.00","1,000.00","-","-","10/Sep/2020 MY (UTC+08:00)","19:39 MY (UTC+08:00)","2009101939030072","T027193609220","-","160.00","025 - Office","FC8E","2502","2860 - ","339,516.49","","-","CHEW YEN LING","RCMS - CR FPX","","-"
"506061304070","Current Account","GENTING MALAYSIA BERHAD","MYR","2020-09-10 MY (UTC+08:00)","2020-09-10 MY (UTC+08:00)","8","182","1,000.00","1,000.00","-","-","10/Sep/2020 MY (UTC+08:00)","19:40 MY (UTC+08:00)","2009101940100486","T027193701320","-","190.00","025 - Office","FC8B","2502","2860 - ","339,706.49","","-","TAN SOON KIAT","RCMS - CR FPX","","-"
"506061304070","Current Account","GENTING MALAYSIA BERHAD","MYR","2020-09-10 MY (UTC+08:00)","2020-09-10 MY (UTC+08:00)","8","182","1,000.00","1,000.00","-","-","10/Sep/2020 MY (UTC+08:00)","19:41 MY (UTC+08:00)","2009101940480263","T027193746320","-","160.00","025 - Office","FC8A","2502","2860 - ","339,866.49","","-","TETUAN FOO SIR SIANG","RCMS - CR FPX","","-"
"506061304070","Current Account","GENTING MALAYSIA BERHAD","MYR","2020-09-10 MY (UTC+08:00)","2020-09-10 MY (UTC+08:00)","8","182","1,000.00","1,000.00","-","-","10/Sep/2020 MY (UTC+08:00)","19:50 MY (UTC+08:00)","2009101949210209","T027194459420","-","190.00","025 - Office","FC8B","2502","2860 - ","340,056.49","","-","TETUAN FOO SIR SIANG","RCMS - CR FPX","","-"
"506061304070","Current Account","GENTING MALAYSIA BERHAD","MYR","2020-09-10 MY (UTC+08:00)","2020-09-10 MY (UTC+08:00)","8","182","1,000.00","1,000.00","-","-","10/Sep/2020 MY (UTC+08:00)","19:58 MY (UTC+08:00)","2009101957190638","T027195122420","-","140.00","025 - Office","FC8C","2502","2860 - ","340,196.49","","-","CHEE LI HOONG","RCMS - CR FPX","","-"
"506061304070","Current Account","GENTING MALAYSIA BERHAD","MYR","2020-09-10 MY (UTC+08:00)","2020-09-10 MY (UTC+08:00)","8","182","1,000.00","1,000.00","-","-","10/Sep/2020 MY (UTC+08:00)","20:00 MY (UTC+08:00)","2009101958150917","T027195197720","-","70.00","025 - Office","FC8A","2502","2860 - ","340,266.49","","-","OON CHUEN LING  L.P","RCMS - CR FPX","","-"
"506061304070","Current Account","GENTING MALAYSIA BERHAD","MYR","2020-09-10 MY (UTC+08:00)","2020-09-10 MY (UTC+08:00)","8","182","1,000.00","1,000.00","-","-","10/Sep/2020 MY (UTC+08:00)","20:03 MY (UTC+08:00)","2009102002320593","T027195617420","-","80.00","025 - Office","FC8C","2502","2860 - ","340,346.49","","-","LAW KAH KEAT","RCMS - CR FPX","","-"
"506061304070","Current Account","GENTING MALAYSIA BERHAD","MYR","2020-09-10 MY (UTC+08:00)","2020-09-10 MY (UTC+08:00)","8","182","1,000.00","1,000.00","-","-","10/Sep/2020 MY (UTC+08:00)","20:05 MY (UTC+08:00)","2009102004270036","T027195780020","-","70.00","025 - Office","FC8C","2502","2860 - ","340,416.49","","-","LAU SHAU PING","RCMS - CR FPX","","-"
"506061304070","Current Account","GENTING MALAYSIA BERHAD","MYR","2020-09-10 MY (UTC+08:00)","2020-09-10 MY (UTC+08:00)","8","182","1,000.00","1,000.00","-","-","10/Sep/2020 MY (UTC+08:00)","20:05 MY (UTC+08:00)","2009102004170811","T027195759320","-","70.00","025 - Office","FC8C","2502","2860 - ","340,486.49","","-","PANG KAI LU","RCMS - CR FPX","","-"
"506061304070","Current Account","GENTING MALAYSIA BERHAD","MYR","2020-09-10 MY (UTC+08:00)","2020-09-10 MY (UTC+08:00)","8","182","1,000.00","1,000.00","-","-","10/Sep/2020 MY (UTC+08:00)","20:06 MY (UTC+08:00)","2009102003530323","T027195721820","-","70.00","025 - Office","FC8A","2502","2860 - ","340,556.49","","-","PUSPPARAJAH A/L VIJI","RCMS - CR FPX","","-"
"506061304070","Current Account","GENTING MALAYSIA BERHAD","MYR","2020-09-10 MY (UTC+08:00)","2020-09-10 MY (UTC+08:00)","8","182","1,000.00","1,000.00","-","-","10/Sep/2020 MY (UTC+08:00)","20:07 MY (UTC+08:00)","2009102006350892","T027195966020","-","70.00","025 - Office","FC8B","2502","2860 - ","340,626.49","","-","LEE SIAO LI","RCMS - CR FPX","","-"
"506061304070","Current Account","GENTING MALAYSIA BERHAD","MYR","2020-09-10 MY (UTC+08:00)","2020-09-10 MY (UTC+08:00)","8","182","1,000.00","1,000.00","-","-","10/Sep/2020 MY (UTC+08:00)","20:07 MY (UTC+08:00)","2009102006330849","T027195959720","-","70.00","025 - Office","FC8A","2502","2860 - ","340,696.49","","-","MR LEONG FOK MENG","RCMS - CR FPX","","-"
"506061304070","Current Account","GENTING MALAYSIA BERHAD","MYR","2020-09-10 MY (UTC+08:00)","2020-09-10 MY (UTC+08:00)","8","182","1,000.00","1,000.00","-","-","10/Sep/2020 MY (UTC+08:00)","20:10 MY (UTC+08:00)","2009102009140517","T027196220720","-","100.00","025 - Office","FC8C","2502","2860 - ","340,796.49","","-","ROOKIES DART ACCESSO","RCMS - CR FPX","","-"
"506061304070","Current Account","GENTING MALAYSIA BERHAD","MYR","2020-09-10 MY (UTC+08:00)","2020-09-10 MY (UTC+08:00)","8","182","1,000.00","1,000.00","-","-","10/Sep/2020 MY (UTC+08:00)","20:23 MY (UTC+08:00)","2009102022040369","T027197266220","-","160.00","025 - Office","FC8A","2502","2860 - ","340,956.49","","-","MUHAMMAD SHAHKYRIN B","RCMS - CR FPX","","-"
"506061304070","Current Account","GENTING MALAYSIA BERHAD","MYR","2020-09-10 MY (UTC+08:00)","2020-09-10 MY (UTC+08:00)","8","182","1,000.00","1,000.00","-","-","10/Sep/2020 MY (UTC+08:00)","20:26 MY (UTC+08:00)","2009102026060063","T027197829320","-","170.00","025 - Office","FC8B","2502","2860 - ","341,126.49","","-","CHEE LI HOONG","RCMS - CR FPX","","-"
"506061304070","Current Account","GENTING MALAYSIA BERHAD","MYR","2020-09-10 MY (UTC+08:00)","2020-09-10 MY (UTC+08:00)","8","182","1,000.00","1,000.00","-","-","10/Sep/2020 MY (UTC+08:00)","20:28 MY (UTC+08:00)","2009102026480066","T027197860820","-","120.00","025 - Office","FC8C","2502","2860 - ","341,246.49","","-","DARSSAN A/L C.RAVICH","RCMS - CR FPX","","-"
"506061304070","Current Account","GENTING MALAYSIA BERHAD","MYR","2020-09-10 MY (UTC+08:00)","2020-09-10 MY (UTC+08:00)","8","182","1,000.00","1,000.00","-","-","10/Sep/2020 MY (UTC+08:00)","20:36 MY (UTC+08:00)","2009102035550008","T027198814820","-","70.00","025 - Office","FC8D","2502","2860 - ","341,316.49","","-","TANG SONG HOCK","RCMS - CR FPX","","-"
"506061304070","Current Account","GENTING MALAYSIA BERHAD","MYR","2020-09-10 MY (UTC+08:00)","2020-09-10 MY (UTC+08:00)","8","182","1,000.00","1,000.00","-","-","10/Sep/2020 MY (UTC+08:00)","20:40 MY (UTC+08:00)","2009102039110676","T027199121120","-","200.00","025 - Office","FC8C","2502","2860 - ","341,516.49","","-","CHANG LAY KWOK","RCMS - CR FPX","","-"
"506061304070","Current Account","GENTING MALAYSIA BERHAD","MYR","2020-09-10 MY (UTC+08:00)","2020-09-10 MY (UTC+08:00)","8","182","1,000.00","1,000.00","-","-","10/Sep/2020 MY (UTC+08:00)","20:41 MY (UTC+08:00)","2009102040390721","T027199292420","-","70.00","025 - Office","FC8A","2502","2860 - ","341,586.49","","-","LIM THEIW YONG","RCMS - CR FPX","","-"
"506061304070","Current Account","GENTING MALAYSIA BERHAD","MYR","2020-09-10 MY (UTC+08:00)","2020-09-10 MY (UTC+08:00)","8","182","1,000.00","1,000.00","-","-","10/Sep/2020 MY (UTC+08:00)","20:43 MY (UTC+08:00)","2009102042490837","T027199524620","-","70.00","025 - Office","FC8A","2502","2860 - ","341,656.49","","-","GOH SIAK EIN","RCMS - CR FPX","","-"
"506061304070","Current Account","GENTING MALAYSIA BERHAD","MYR","2020-09-10 MY (UTC+08:00)","2020-09-10 MY (UTC+08:00)","8","182","1,000.00","1,000.00","-","-","10/Sep/2020 MY (UTC+08:00)","20:47 MY (UTC+08:00)","2009102046350176","T027199894820","-","120.00","025 - Office","FC8B","2502","2860 - ","341,776.49","","-","DARSSAN A/L C.RAVICH","RCMS - CR FPX","","-"
"506061304070","Current Account","GENTING MALAYSIA BERHAD","MYR","2020-09-10 MY (UTC+08:00)","2020-09-10 MY (UTC+08:00)","8","182","1,000.00","1,000.00","-","-","10/Sep/2020 MY (UTC+08:00)","20:49 MY (UTC+08:00)","2009102048170596","T027200061320","-","70.00","025 - Office","FC8B","2502","2860 - ","341,846.49","","-","LEE SIAO LI","RCMS - CR FPX","","-"
"506061304070","Current Account","GENTING MALAYSIA BERHAD","MYR","2020-09-10 MY (UTC+08:00)","2020-09-10 MY (UTC+08:00)","8","182","1,000.00","1,000.00","-","-","10/Sep/2020 MY (UTC+08:00)","20:52 MY (UTC+08:00)","2009102051090749","T027200332820","-","140.00","025 - Office","FC8C","2502","2860 - ","341,986.49","","-","YOONG GUAN JIE","RCMS - CR FPX","","-"
"506061304070","Current Account","GENTING MALAYSIA BERHAD","MYR","2020-09-10 MY (UTC+08:00)","2020-09-10 MY (UTC+08:00)","8","182","1,000.00","1,000.00","-","-","10/Sep/2020 MY (UTC+08:00)","20:55 MY (UTC+08:00)","2009102054480482","T027200742920","-","70.00","025 - Office","FC8F","2502","2860 - ","342,056.49","","-","NG ZHONG REN","RCMS - CR FPX","","-"
"506061304070","Current Account","GENTING MALAYSIA BERHAD","MYR","2020-09-10 MY (UTC+08:00)","2020-09-10 MY (UTC+08:00)","8","182","1,000.00","1,000.00","-","-","10/Sep/2020 MY (UTC+08:00)","20:58 MY (UTC+08:00)","2009102057180258","T027200980520","-","70.00","025 - Office","FC8B","2502","2860 - ","342,126.49","","-","TAN SEE WEE","RCMS - CR FPX","","-"
"506061304070","Current Account","GENTING MALAYSIA BERHAD","MYR","2020-09-10 MY (UTC+08:00)","2020-09-10 MY (UTC+08:00)","8","182","1,000.00","1,000.00","-","-","10/Sep/2020 MY (UTC+08:00)","20:59 MY (UTC+08:00)","2009102058100547","T027201086720","-","160.00","025 - Office","FC8E","2502","2860 - ","342,286.49","","-","SYAMSIAH BINTI YAHYA","RCMS - CR FPX","","-"
"506061304070","Current Account","GENTING MALAYSIA BERHAD","MYR","2020-09-10 MY (UTC+08:00)","2020-09-10 MY (UTC+08:00)","8","182","1,000.00","1,000.00","-","-","10/Sep/2020 MY (UTC+08:00)","20:59 MY (UTC+08:00)","2009102057580275","T027201046820","-","190.00","025 - Office","FC8A","2502","2860 - ","342,476.49","","-","TEE SHU MAN","RCMS - CR FPX","","-"
"506061304070","Current Account","GENTING MALAYSIA BERHAD","MYR","2020-09-10 MY (UTC+08:00)","2020-09-10 MY (UTC+08:00)","8","182","1,000.00","1,000.00","-","-","10/Sep/2020 MY (UTC+08:00)","21:02 MY (UTC+08:00)","2009102101430057","T027201463520","-","70.00","025 - Office","FC8B","2502","2860 - ","342,546.49","","-","AZLAN BIN AHMAD","RCMS - CR FPX","","-"
"506061304070","Current Account","GENTING MALAYSIA BERHAD","MYR","2020-09-10 MY (UTC+08:00)","2020-09-10 MY (UTC+08:00)","8","182","1,000.00","1,000.00","-","-","10/Sep/2020 MY (UTC+08:00)","21:03 MY (UTC+08:00)","2009102101350820","T027201436220","-","190.00","025 - Office","FC8A","2502","2860 - ","342,736.49","","-","TEE SHU MAN","RCMS - CR FPX","","-"
"506061304070","Current Account","GENTING MALAYSIA BERHAD","MYR","2020-09-10 MY (UTC+08:00)","2020-09-10 MY (UTC+08:00)","8","182","1,000.00","1,000.00","-","-","10/Sep/2020 MY (UTC+08:00)","21:05 MY (UTC+08:00)","2009102103460869","T027201655820","-","100.00","025 - Office","FC8A","2502","2860 - ","342,836.49","","-","KAN WAN KONG","RCMS - CR FPX","","-"
"506061304070","Current Account","GENTING MALAYSIA BERHAD","MYR","2020-09-10 MY (UTC+08:00)","2020-09-10 MY (UTC+08:00)","8","182","1,000.00","1,000.00","-","-","10/Sep/2020 MY (UTC+08:00)","21:12 MY (UTC+08:00)","2009102111080611","T027202415120","-","160.00","025 - Office","FC8A","2502","2860 - ","342,996.49","","-","RUZILAWATI BINTI MOH","RCMS - CR FPX","","-"
"506061304070","Current Account","GENTING MALAYSIA BERHAD","MYR","2020-09-10 MY (UTC+08:00)","2020-09-10 MY (UTC+08:00)","8","182","1,000.00","1,000.00","-","-","10/Sep/2020 MY (UTC+08:00)","21:16 MY (UTC+08:00)","2009102116010439","T027202921220","-","100.00","025 - Office","FC8B","2502","2860 - ","343,096.49","","-","TAN ENG WAH","RCMS - CR FPX","","-"
"506061304070","Current Account","GENTING MALAYSIA BERHAD","MYR","2020-09-10 MY (UTC+08:00)","2020-09-10 MY (UTC+08:00)","8","182","1,000.00","1,000.00","-","-","10/Sep/2020 MY (UTC+08:00)","21:23 MY (UTC+08:00)","2009102122180478","T027203559020","-","110.00","025 - Office","FC8B","2502","2860 - ","343,206.49","","-","CHAI KEE YAP","RCMS - CR FPX","","-"
"506061304070","Current Account","GENTING MALAYSIA BERHAD","MYR","2020-09-10 MY (UTC+08:00)","2020-09-10 MY (UTC+08:00)","8","182","1,000.00","1,000.00","-","-","10/Sep/2020 MY (UTC+08:00)","21:23 MY (UTC+08:00)","2009102122290771","T027203558120","-","70.00","025 - Office","FC8A","2502","2860 - ","343,276.49","","-","WONG KWEE SENG","RCMS - CR FPX","","-"
"506061304070","Current Account","GENTING MALAYSIA BERHAD","MYR","2020-09-10 MY (UTC+08:00)","2020-09-10 MY (UTC+08:00)","8","182","1,000.00","1,000.00","-","-","10/Sep/2020 MY (UTC+08:00)","21:25 MY (UTC+08:00)","2009102124230058","T027203759420","-","70.00","025 - Office","FC8C","2502","2860 - ","343,346.49","","-","GOH WEI JIE","RCMS - CR FPX","","-"
"506061304070","Current Account","GENTING MALAYSIA BERHAD","MYR","2020-09-10 MY (UTC+08:00)","2020-09-10 MY (UTC+08:00)","8","182","1,000.00","1,000.00","-","-","10/Sep/2020 MY (UTC+08:00)","21:28 MY (UTC+08:00)","2009102127480662","T027204102020","-","140.00","025 - Office","FC8A","2502","2860 - ","343,486.49","","-","TANG FANG YI","RCMS - CR FPX","","-"
"506061304070","Current Account","GENTING MALAYSIA BERHAD","MYR","2020-09-10 MY (UTC+08:00)","2020-09-10 MY (UTC+08:00)","8","182","1,000.00","1,000.00","-","-","10/Sep/2020 MY (UTC+08:00)","21:31 MY (UTC+08:00)","2009102130310013","T027204359720","-","100.00","025 - Office","FC8B","2502","2860 - ","343,586.49","","-","TEOH SIEW KHEEM","RCMS - CR FPX","","-"
"506061304070","Current Account","GENTING MALAYSIA BERHAD","MYR","2020-09-10 MY (UTC+08:00)","2020-09-10 MY (UTC+08:00)","8","182","1,000.00","1,000.00","-","-","10/Sep/2020 MY (UTC+08:00)","21:32 MY (UTC+08:00)","2009102131300670","T027204226220","-","70.00","025 - Office","FC8C","2502","2860 - ","343,656.49","","-","LAI ZHI HONG","RCMS - CR FPX","","-"
"506061304070","Current Account","GENTING MALAYSIA BERHAD","MYR","2020-09-10 MY (UTC+08:00)","2020-09-10 MY (UTC+08:00)","8","182","1,000.00","1,000.00","-","-","10/Sep/2020 MY (UTC+08:00)","21:35 MY (UTC+08:00)","CMS - DR CORP CHG","B2CSE00037674","82.50","-","025 - Office","CBSX410N","2502","CDRCHG - CMS - DR CORP CHG","343,573.99","","-","","CMS - DR CORP CHG","","-"
"506061304070","Current Account","GENTING MALAYSIA BERHAD","MYR","2020-09-10 MY (UTC+08:00)","2020-09-10 MY (UTC+08:00)","8","182","1,000.00","1,000.00","-","-","10/Sep/2020 MY (UTC+08:00)","21:39 MY (UTC+08:00)","2009102138330878","T027205174820","-","80.00","025 - Office","FC8C","2502","2860 - ","343,653.99","","-","YAP PAK CHUNG","RCMS - CR FPX","","-"
"506061304070","Current Account","GENTING MALAYSIA BERHAD","MYR","2020-09-10 MY (UTC+08:00)","2020-09-10 MY (UTC+08:00)","8","182","1,000.00","1,000.00","-","-","10/Sep/2020 MY (UTC+08:00)","21:58 MY (UTC+08:00)","2009102157330738","T027207047720","-","160.00","025 - Office","FC8B","2502","2860 - ","343,813.99","","-","KHOR POH NIN","RCMS - CR FPX","","-"
"506061304070","Current Account","GENTING MALAYSIA BERHAD","MYR","2020-09-10 MY (UTC+08:00)","2020-09-10 MY (UTC+08:00)","8","182","1,000.00","1,000.00","-","-","10/Sep/2020 MY (UTC+08:00)","21:59 MY (UTC+08:00)","2009102158470393","T027207174620","-","70.00","025 - Office","FC8A","2502","2860 - ","343,883.99","","-","LOH CHIA YEE","RCMS - CR FPX","","-"
"506061304070","Current Account","GENTING MALAYSIA BERHAD","MYR","2020-09-10 MY (UTC+08:00)","2020-09-10 MY (UTC+08:00)","8","182","1,000.00","1,000.00","-","-","10/Sep/2020 MY (UTC+08:00)","22:03 MY (UTC+08:00)","2009102202330285","T027207516020","-","80.00","025 - Office","FC8A","2502","2860 - ","343,963.99","","-","TAI PEI YIN","RCMS - CR FPX","","-"
"506061304070","Current Account","GENTING MALAYSIA BERHAD","MYR","2020-09-10 MY (UTC+08:00)","2020-09-10 MY (UTC+08:00)","8","182","1,000.00","1,000.00","-","-","10/Sep/2020 MY (UTC+08:00)","22:06 MY (UTC+08:00)","2009102205060435","T027207735320","-","120.00","025 - Office","FC8B","2502","2860 - ","344,083.99","","-","TEO POH SIEN","RCMS - CR FPX","","-"
"506061304070","Current Account","GENTING MALAYSIA BERHAD","MYR","2020-09-10 MY (UTC+08:00)","2020-09-10 MY (UTC+08:00)","8","182","1,000.00","1,000.00","-","-","10/Sep/2020 MY (UTC+08:00)","22:21 MY (UTC+08:00)","2009102220090718","T027209172320","-","70.00","025 - Office","FC8A","2502","2860 - ","344,153.99","","-","KISHEN A/L RAVICHAND","RCMS - CR FPX","","-"
"506061304070","Current Account","GENTING MALAYSIA BERHAD","MYR","2020-09-10 MY (UTC+08:00)","2020-09-10 MY (UTC+08:00)","8","182","1,000.00","1,000.00","-","-","10/Sep/2020 MY (UTC+08:00)","22:28 MY (UTC+08:00)","2009102226300493","T027209715020","-","80.00","025 - Office","FC8A","2502","2860 - ","344,233.99","","-","PANJI TIANDA","RCMS - CR FPX","","-"
"506061304070","Current Account","GENTING MALAYSIA BERHAD","MYR","2020-09-10 MY (UTC+08:00)","2020-09-10 MY (UTC+08:00)","8","182","1,000.00","1,000.00","-","-","10/Sep/2020 MY (UTC+08:00)","22:29 MY (UTC+08:00)","2009102229020654","T027209981720","-","70.00","025 - Office","FC8E","2502","2860 - ","344,303.99","","-","LOW KAH WAI","RCMS - CR FPX","","-"
"506061304070","Current Account","GENTING MALAYSIA BERHAD","MYR","2020-09-10 MY (UTC+08:00)","2020-09-10 MY (UTC+08:00)","8","182","1,000.00","1,000.00","-","-","10/Sep/2020 MY (UTC+08:00)","22:33 MY (UTC+08:00)","2009102231590251","T027210204620","-","275.00","025 - Office","FC8C","2502","2860 - ","344,578.99","","-","QUEK CHUN WEI","RCMS - CR FPX","","-"
"506061304070","Current Account","GENTING MALAYSIA BERHAD","MYR","2020-09-10 MY (UTC+08:00)","2020-09-10 MY (UTC+08:00)","8","182","1,000.00","1,000.00","-","-","10/Sep/2020 MY (UTC+08:00)","22:36 MY (UTC+08:00)","2009102235560074","T027210578720","-","160.00","025 - Office","FC8B","2502","2860 - ","344,738.99","","-","SIEW YAN NI","RCMS - CR FPX","","-"
"506061304070","Current Account","GENTING MALAYSIA BERHAD","MYR","2020-09-10 MY (UTC+08:00)","2020-09-10 MY (UTC+08:00)","8","182","1,000.00","1,000.00","-","-","10/Sep/2020 MY (UTC+08:00)","22:43 MY (UTC+08:00)","2009102242360935","T027211139420","-","110.00","025 - Office","FC8A","2502","2860 - ","344,848.99","","-","CHOK YI SHENG","RCMS - CR FPX","","-"
"506061304070","Current Account","GENTING MALAYSIA BERHAD","MYR","2020-09-10 MY (UTC+08:00)","2020-09-10 MY (UTC+08:00)","8","182","1,000.00","1,000.00","-","-","10/Sep/2020 MY (UTC+08:00)","22:47 MY (UTC+08:00)","2009102246320406","T027211488620","-","70.00","025 - Office","FC8A","2502","2860 - ","344,918.99","","-","TAN SWEE HENG","RCMS - CR FPX","","-"
"506061304070","Current Account","GENTING MALAYSIA BERHAD","MYR","2020-09-10 MY (UTC+08:00)","2020-09-10 MY (UTC+08:00)","8","182","1,000.00","1,000.00","-","-","10/Sep/2020 MY (UTC+08:00)","22:55 MY (UTC+08:00)","2009102253540712","T027212099420","-","80.00","025 - Office","FC8B","2502","2860 - ","344,998.99","","-","CHOO CHEE KEE","RCMS - CR FPX","","-"
"506061304070","Current Account","GENTING MALAYSIA BERHAD","MYR","2020-09-10 MY (UTC+08:00)","2020-09-10 MY (UTC+08:00)","8","182","1,000.00","1,000.00","-","-","10/Sep/2020 MY (UTC+08:00)","22:56 MY (UTC+08:00)","2009102255500796","T027212255120","-","80.00","025 - Office","FC8C","2502","2860 - ","345,078.99","","-","LIM KEE CHEE","RCMS - CR FPX","","-"
"506061304070","Current Account","GENTING MALAYSIA BERHAD","MYR","2020-09-10 MY (UTC+08:00)","2020-09-10 MY (UTC+08:00)","8","182","1,000.00","1,000.00","-","-","10/Sep/2020 MY (UTC+08:00)","22:59 MY (UTC+08:00)","2009102257190459","T027212360120","-","250.00","025 - Office","FC8C","2502","2860 - ","345,328.99","","-","RAYMOND A/L AROKIAMS","RCMS - CR FPX","","-"
"506061304070","Current Account","GENTING MALAYSIA BERHAD","MYR","2020-09-10 MY (UTC+08:00)","2020-09-10 MY (UTC+08:00)","8","182","1,000.00","1,000.00","-","-","10/Sep/2020 MY (UTC+08:00)","23:02 MY (UTC+08:00)","2009102237070462","T027210589220","-","110.00","025 - Office","FC8B","2502","2860 - ","345,438.99","","-","TAN LEE YONG","RCMS - CR FPX","","-"
"506061304070","Current Account","GENTING MALAYSIA BERHAD","MYR","2020-09-10 MY (UTC+08:00)","2020-09-10 MY (UTC+08:00)","8","182","1,000.00","1,000.00","-","-","10/Sep/2020 MY (UTC+08:00)","23:06 MY (UTC+08:00)","2009102305250078","T027212967020","-","80.00","025 - Office","FC8A","2502","2860 - ","345,518.99","","-","WAN PHING CHUEN","RCMS - CR FPX","","-"
"506061304070","Current Account","GENTING MALAYSIA BERHAD","MYR","2020-09-10 MY (UTC+08:00)","2020-09-10 MY (UTC+08:00)","8","182","1,000.00","1,000.00","-","-","10/Sep/2020 MY (UTC+08:00)","23:07 MY (UTC+08:00)","2009102306030741","T027213045020","-","320.00","025 - Office","FC8A","2502","2860 - ","345,838.99","","-","MKF COOLING TECHNOLO","RCMS - CR FPX","","-"
"506061304070","Current Account","GENTING MALAYSIA BERHAD","MYR","2020-09-10 MY (UTC+08:00)","2020-09-10 MY (UTC+08:00)","8","182","1,000.00","1,000.00","-","-","10/Sep/2020 MY (UTC+08:00)","23:11 MY (UTC+08:00)","2009102310240223","T027213338720","-","300.00","025 - Office","FC8A","2502","2860 - ","346,138.99","","-","VICKY LIM TUAN SHI","RCMS - CR FPX","","-"
"506061304070","Current Account","GENTING MALAYSIA BERHAD","MYR","2020-09-10 MY (UTC+08:00)","2020-09-10 MY (UTC+08:00)","8","182","1,000.00","1,000.00","-","-","10/Sep/2020 MY (UTC+08:00)","23:12 MY (UTC+08:00)","2009102312020893","T027213472520","-","110.00","025 - Office","FC8B","2502","2860 - ","346,248.99","","-","TEH SIEW LENG","RCMS - CR FPX","","-"
"506061304070","Current Account","GENTING MALAYSIA BERHAD","MYR","2020-09-10 MY (UTC+08:00)","2020-09-10 MY (UTC+08:00)","8","182","1,000.00","1,000.00","-","-","10/Sep/2020 MY (UTC+08:00)","23:16 MY (UTC+08:00)","2009102313100077","T027213514220","-","140.00","025 - Office","FC8A","2502","2860 - ","346,388.99","","-","TAN CHEE KWANG","RCMS - CR FPX","","-"
"506061304070","Current Account","GENTING MALAYSIA BERHAD","MYR","2020-09-10 MY (UTC+08:00)","2020-09-10 MY (UTC+08:00)","8","182","1,000.00","1,000.00","-","-","10/Sep/2020 MY (UTC+08:00)","23:25 MY (UTC+08:00)","2009102324160910","T027214317920","-","70.00","025 - Office","FC8C","2502","2860 - ","346,458.99","","-","KOH CHOON JIE","RCMS - CR FPX","","-"
"506061304070","Current Account","GENTING MALAYSIA BERHAD","MYR","2020-09-10 MY (UTC+08:00)","2020-09-10 MY (UTC+08:00)","8","182","1,000.00","1,000.00","-","-","10/Sep/2020 MY (UTC+08:00)","23:27 MY (UTC+08:00)","2009102326420244","T027214466420","-","378.00","025 - Office","FC8A","2502","2860 - ","346,836.99","","-","CHEE WEI KENT","RCMS - CR FPX","","-"
"506061304070","Current Account","GENTING MALAYSIA BERHAD","MYR","2020-09-10 MY (UTC+08:00)","2020-09-10 MY (UTC+08:00)","8","182","1,000.00","1,000.00","-","-","10/Sep/2020 MY (UTC+08:00)","23:28 MY (UTC+08:00)","2009102327200830","T027214515020","-","310.00","025 - Office","FC8A","2502","2860 - ","347,146.99","","-","CY TREND MARKETING","RCMS - CR FPX","","-"
"506061304070","Current Account","GENTING MALAYSIA BERHAD","MYR","2020-09-10 MY (UTC+08:00)","2020-09-10 MY (UTC+08:00)","8","182","1,000.00","1,000.00","-","-","10/Sep/2020 MY (UTC+08:00)","23:41 MY (UTC+08:00)","2009102340340199","T027215343920","-","439.00","025 - Office","FC8A","2502","2860 - ","347,585.99","","-","TAN LING HONG","RCMS - CR FPX","","-"
"506061304070","Current Account","GENTING MALAYSIA BERHAD","MYR","2020-09-10 MY (UTC+08:00)","2020-09-10 MY (UTC+08:00)","8","182","1,000.00","1,000.00","-","-","10/Sep/2020 MY (UTC+08:00)","23:49 MY (UTC+08:00)","2009102349090175","T027215799920","-","70.00","025 - Office","FC8C","2502","2860 - ","347,655.99","","-","WONG ENG POA","RCMS - CR FPX","","-"
"506061304070","Current Account","GENTING MALAYSIA BERHAD","MYR","2020-09-10 MY (UTC+08:00)","2020-09-10 MY (UTC+08:00)","8","182","1,000.00","1,000.00","-","-","10/Sep/2020 MY (UTC+08:00)","01:27 MY (UTC+08:00)","XFR DEBIT SVC CHARGE","","2.00","-","011 - System","BTCH6587","0606","XFRDRSVC - SERVICE CHARGE","347,653.99","","-","","","","-"
"506061304070","Current Account","GENTING MALAYSIA BERHAD","MYR","2020-09-10 MY (UTC+08:00)","2020-09-10 MY (UTC+08:00)","8","182","1,000.00","1,000.00","-","-","10/Sep/2020 MY (UTC+08:00)","01:27 MY (UTC+08:00)","GENTING MALAYSIA BERHAD","514011468149","354,332.96","-","011 - System","BTCH6587","0606","XFRDR - FUND TRANSFER DEBIT","-6,678.97","","-","","","","-"
"506061304070","Current Account","GENTING MALAYSIA BERHAD","MYR","2020-09-10 MY (UTC+08:00)","2020-09-10 MY (UTC+08:00)","8","182","1,000.00","1,000.00","-","-","10/Sep/2020 MY (UTC+08:00)","02:18 MY (UTC+08:00)","DR/CARD SALES M/N 4000006 DATED 09092020","","-","871.20","006 - Pos","CBSX408R","2977","8300 - CREDIT ACCOUNT","-5,807.77","","-","","","","-"
"506061304070","Current Account","GENTING MALAYSIA BERHAD","MYR","2020-09-10 MY (UTC+08:00)","2020-09-10 MY (UTC+08:00)","8","182","1,000.00","1,000.00","-","-","10/Sep/2020 MY (UTC+08:00)","02:19 MY (UTC+08:00)","DR/CARD SALES M/N 4000006 DATED 09092020","","2.18","-","011 - System","CBSX408R","2981","BCHARGE - ELECTRONIC TRANSACTION CHARGES","-5,809.95","","-","","","","-"
"506061304070","Current Account","GENTING MALAYSIA BERHAD","MYR","2020-09-10 MY (UTC+08:00)","2020-09-10 MY (UTC+08:00)","8","182","1,000.00","1,000.00","-","-","10/Sep/2020 MY (UTC+08:00)","02:21 MY (UTC+08:00)","DR/CARD SALES M/N 4000006 DATED 09092020","","-","24.00","006 - Pos","CBSX408R","3121","8300 - CREDIT ACCOUNT","-5,785.95","","-","","","","-"
"506061304070","Current Account","GENTING MALAYSIA BERHAD","MYR","2020-09-10 MY (UTC+08:00)","2020-09-10 MY (UTC+08:00)","8","182","1,000.00","1,000.00","-","-","10/Sep/2020 MY (UTC+08:00)","02:21 MY (UTC+08:00)","DR/CARD SALES M/N 4183000 DATED 09092020","","-","93.00","006 - Pos","CBSX408R","3121","8300 - CREDIT ACCOUNT","-5,692.95","","-","","","","-"
"506061304070","Current Account","GENTING MALAYSIA BERHAD","MYR","2020-09-10 MY (UTC+08:00)","2020-09-10 MY (UTC+08:00)","8","182","1,000.00","1,000.00","-","-","10/Sep/2020 MY (UTC+08:00)","02:21 MY (UTC+08:00)","DR/CARD SALES M/N 4000006 DATED 09092020","","0.06","-","011 - System","CBSX408R","2981","BCHARGE - ELECTRONIC TRANSACTION CHARGES","-5,693.01","","-","","","","-"
"506061304070","Current Account","GENTING MALAYSIA BERHAD","MYR","2020-09-10 MY (UTC+08:00)","2020-09-10 MY (UTC+08:00)","8","182","1,000.00","1,000.00","-","-","10/Sep/2020 MY (UTC+08:00)","02:21 MY (UTC+08:00)","DR/CARD SALES M/N 4183000 DATED 09092020","","0.23","-","011 - System","CBSX408R","2981","BCHARGE - ELECTRONIC TRANSACTION CHARGES","-5,693.24","","-","","","","-"
"506061304070","Current Account","GENTING MALAYSIA BERHAD","MYR","2020-09-10 MY (UTC+08:00)","2020-09-10 MY (UTC+08:00)","8","182","1,000.00","1,000.00","-","-","10/Sep/2020 MY (UTC+08:00)","04:22 MY (UTC+08:00)","2009100046240135","T027006123920","-","180.00","025 - Office","FC8A","2502","2860 - ","-5,513.24","","-","TEE SUE ANN","RCMS - CR FPX","","-"
"506061304070","Current Account","GENTING MALAYSIA BERHAD","MYR","2020-09-10 MY (UTC+08:00)","2020-09-10 MY (UTC+08:00)","8","182","1,000.00","1,000.00","-","-","10/Sep/2020 MY (UTC+08:00)","04:22 MY (UTC+08:00)","2009100107580278","T027006753620","-","680.00","025 - Office","FC8B","2502","2860 - ","-4,833.24","","-","YEO WOON LING","RCMS - CR FPX","","-"
"506061304070","Current Account","GENTING MALAYSIA BERHAD","MYR","2020-09-10 MY (UTC+08:00)","2020-09-10 MY (UTC+08:00)","8","182","1,000.00","1,000.00","-","-","10/Sep/2020 MY (UTC+08:00)","04:22 MY (UTC+08:00)","2009100109020869","T027006792920","-","70.00","025 - Office","FC8A","2502","2860 - ","-4,763.24","","-","SOW ENG KAK","RCMS - CR FPX","","-"
"506061304070","Current Account","GENTING MALAYSIA BERHAD","MYR","2020-09-10 MY (UTC+08:00)","2020-09-10 MY (UTC+08:00)","8","182","1,000.00","1,000.00","-","-","10/Sep/2020 MY (UTC+08:00)","04:22 MY (UTC+08:00)","2009100111460326","T027006860120","-","70.00","025 - Office","FC8A","2502","2860 - ","-4,693.24","","-","SOW ENG KAK","RCMS - CR FPX","","-"
"506061304070","Current Account","GENTING MALAYSIA BERHAD","MYR","2020-09-10 MY (UTC+08:00)","2020-09-10 MY (UTC+08:00)","8","182","1,000.00","1,000.00","-","-","10/Sep/2020 MY (UTC+08:00)","04:22 MY (UTC+08:00)","2009100128560652","T027007267220","-","120.00","025 - Office","FC8A","2502","2860 - ","-4,573.24","","-","LEE WEI XIAN","RCMS - CR FPX","","-"
"506061304070","Current Account","GENTING MALAYSIA BERHAD","MYR","2020-09-10 MY (UTC+08:00)","2020-09-10 MY (UTC+08:00)","8","182","1,000.00","1,000.00","-","-","10/Sep/2020 MY (UTC+08:00)","04:22 MY (UTC+08:00)","2009100137430676","T027007465220","-","180.00","025 - Office","FC8A","2502","2860 - ","-4,393.24","","-","CHENG HUI LING","RCMS - CR FPX","","-"
"506061304070","Current Account","GENTING MALAYSIA BERHAD","MYR","2020-09-10 MY (UTC+08:00)","2020-09-10 MY (UTC+08:00)","8","182","1,000.00","1,000.00","-","-","10/Sep/2020 MY (UTC+08:00)","04:22 MY (UTC+08:00)","2009100142100073","T027007550720","-","120.00","025 - Office","FC8A","2502","2860 - ","-4,273.24","","-","LEE WEI XIAN","RCMS - CR FPX","","-"
"506061304070","Current Account","GENTING MALAYSIA BERHAD","MYR","2020-09-10 MY (UTC+08:00)","2020-09-10 MY (UTC+08:00)","8","182","1,000.00","1,000.00","-","-","10/Sep/2020 MY (UTC+08:00)","04:22 MY (UTC+08:00)","2009100206190772","T027008011520","-","70.00","025 - Office","FC8A","2502","2860 - ","-4,203.24","","-","CHING WEI XIN","RCMS - CR FPX","","-"
"506061304070","Current Account","GENTING MALAYSIA BERHAD","MYR","2020-09-10 MY (UTC+08:00)","2020-09-10 MY (UTC+08:00)","8","182","1,000.00","1,000.00","-","-","10/Sep/2020 MY (UTC+08:00)","04:22 MY (UTC+08:00)","2009100224250832","T027008327720","-","160.00","025 - Office","FC8A","2502","2860 - ","-4,043.24","","-","MUHAMMAD FIRDAUS BIN","RCMS - CR FPX","","-"
"506061304070","Current Account","GENTING MALAYSIA BERHAD","MYR","2020-09-10 MY (UTC+08:00)","2020-09-10 MY (UTC+08:00)","8","182","1,000.00","1,000.00","-","-","10/Sep/2020 MY (UTC+08:00)","04:22 MY (UTC+08:00)","2009100242210332","T027008614520","-","80.00","025 - Office","FC8A","2502","2860 - ","-3,963.24","","-","DARRAL GOH CAI KIT","RCMS - CR FPX","","-"
"506061304070","Current Account","GENTING MALAYSIA BERHAD","MYR","2020-09-10 MY (UTC+08:00)","2020-09-10 MY (UTC+08:00)","8","182","1,000.00","1,000.00","-","-","10/Sep/2020 MY (UTC+08:00)","05:14 MY (UTC+08:00)","2009100511550934","T027023907320","-","245.00","025 - Office","FC8A","2502","2860 - ","-3,718.24","","-","CHONG HUI CHIN","RCMS - CR FPX","","-"
"506061304070","Current Account","GENTING MALAYSIA BERHAD","MYR","2020-09-10 MY (UTC+08:00)","2020-09-10 MY (UTC+08:00)","8","182","1,000.00","1,000.00","-","-","10/Sep/2020 MY (UTC+08:00)","05:41 MY (UTC+08:00)","RFD 10092020","DEBIT BALANCE","303.49","-","011 - System","CBSX426Q","2719","CCREFUND - ","-4,021.73","","-","MN 027001813880","CREDIT CARD REFUND","","-"
"506061304070","Current Account","GENTING MALAYSIA BERHAD","MYR","2020-09-10 MY (UTC+08:00)","2020-09-10 MY (UTC+08:00)","8","182","1,000.00","1,000.00","-","-","10/Sep/2020 MY (UTC+08:00)","05:41 MY (UTC+08:00)","RFD 10092020","DEBIT BALANCE","955.40","-","011 - System","CBSX426Q","2719","CCREFUND - ","-4,977.13","","-","MN 027001055342","CREDIT CARD REFUND","","-"
"506061304070","Current Account","GENTING MALAYSIA BERHAD","MYR","2020-09-10 MY (UTC+08:00)","2020-09-10 MY (UTC+08:00)","8","182","1,000.00","1,000.00","-","-","10/Sep/2020 MY (UTC+08:00)","05:43 MY (UTC+08:00)","9207003443 CR/CARD SALES  DATED 10092020","34431009","-","2,498.09","011 - System","CBSX4498","3104","2210 - CARDS CREDIT","-2,479.04","","-","","","","-"
"506061304070","Current Account","GENTING MALAYSIA BERHAD","MYR","2020-09-10 MY (UTC+08:00)","2020-09-10 MY (UTC+08:00)","8","182","1,000.00","1,000.00","-","-","10/Sep/2020 MY (UTC+08:00)","05:43 MY (UTC+08:00)","9204453906 CR/CARD SALES  DATED 10092020","39061009","-","54.09","011 - System","CBSX4498","3104","2210 - CARDS CREDIT","-2,424.95","","-","","","","-"
"506061304070","Current Account","GENTING MALAYSIA BERHAD","MYR","2020-09-10 MY (UTC+08:00)","2020-09-10 MY (UTC+08:00)","8","182","1,000.00","1,000.00","-","-","10/Sep/2020 MY (UTC+08:00)","05:43 MY (UTC+08:00)","9870206851 CR/CARD SALES  DATED 10092020","68511009","-","1,545.08","011 - System","CBSX4498","3104","2210 - CARDS CREDIT","-879.87","","-","","","","-"
"506061304070","Current Account","GENTING MALAYSIA BERHAD","MYR","2020-09-10 MY (UTC+08:00)","2020-09-10 MY (UTC+08:00)","8","182","1,000.00","1,000.00","-","-","10/Sep/2020 MY (UTC+08:00)","05:43 MY (UTC+08:00)","9204106918 CR/CARD SALES  DATED 10092020","69181009","-","983.50","011 - System","CBSX4498","3104","2210 - CARDS CREDIT","103.63","","-","","","","-"
"506061304070","Current Account","GENTING MALAYSIA BERHAD","MYR","2020-09-10 MY (UTC+08:00)","2020-09-10 MY (UTC+08:00)","8","182","1,000.00","1,000.00","-","-","10/Sep/2020 MY (UTC+08:00)","05:43 MY (UTC+08:00)","9204079313 CR/CARD SALES  DATED 10092020","93131009","-","739.01","011 - System","CBSX4498","3104","2210 - CARDS CREDIT","842.64","","-","","","","-"
"506061304070","Current Account","GENTING MALAYSIA BERHAD","MYR","2020-09-10 MY (UTC+08:00)","2020-09-10 MY (UTC+08:00)","8","182","1,000.00","1,000.00","-","-","10/Sep/2020 MY (UTC+08:00)","05:43 MY (UTC+08:00)","9204219414 CR/CARD SALES  DATED 10092020","94141009","-","157.36","011 - System","CBSX4498","3104","2210 - CARDS CREDIT","1,000.00","","-","","","","-"
