﻿Account Number,Account Type,Account Name,Account Currency,Date From,Date To,Total Debit,Total Credit,Begin Balance,End Balance,Transaction Date,Transaction Time,Posting Date,Processing Time,Transaction Description,Transaction Ref,Debit,Credit,Source Code,Teller ID,Branch/Channel,Transaction Code,End Balance,Filler,Virtual Account,Transaction Description 2,Transaction Description 3,Transaction Description 4,Expiry Date
"506061304070","Current Account","GENTING MALAYSIA BERHAD","MYR","2020-09-12 MY (UTC+08:00)","2020-09-12 MY (UTC+08:00)","7","132","1,000.00","1,000.00","-","-","12/Sep/2020 MY (UTC+08:00)","07:39 MY (UTC+08:00)","2009120738560432","T027326182520","-","207.00","025 - Office","FC8A","2502","2860 - ","1,207.00","","-","CALVIN YAP WEI JIE","RCMS - CR FPX","","-"
"506061304070","Current Account","GENTING MALAYSIA BERHAD","MYR","2020-09-12 MY (UTC+08:00)","2020-09-12 MY (UTC+08:00)","7","132","1,000.00","1,000.00","-","-","12/Sep/2020 MY (UTC+08:00)","08:29 MY (UTC+08:00)","2009120828320633","T027328431020","-","80.00","025 - Office","FC8A","2502","2860 - ","1,287.00","","-","KHOR GUO YONG","RCMS - CR FPX","","-"
"506061304070","Current Account","GENTING MALAYSIA BERHAD","MYR","2020-09-12 MY (UTC+08:00)","2020-09-12 MY (UTC+08:00)","7","132","1,000.00","1,000.00","-","-","12/Sep/2020 MY (UTC+08:00)","08:39 MY (UTC+08:00)","2009120838230960","T027329035220","-","80.00","025 - Office","FC8B","2502","2860 - ","1,367.00","","-","THAM CHOY LING","RCMS - CR FPX","","-"
"506061304070","Current Account","GENTING MALAYSIA BERHAD","MYR","2020-09-12 MY (UTC+08:00)","2020-09-12 MY (UTC+08:00)","7","132","1,000.00","1,000.00","-","-","12/Sep/2020 MY (UTC+08:00)","08:51 MY (UTC+08:00)","2009120849590266","T027329657120","-","70.00","025 - Office","FC8B","2502","2860 - ","1,437.00","","-","MR NGOI KAM MENG","RCMS - CR FPX","","-"
"506061304070","Current Account","GENTING MALAYSIA BERHAD","MYR","2020-09-12 MY (UTC+08:00)","2020-09-12 MY (UTC+08:00)","7","132","1,000.00","1,000.00","-","-","12/Sep/2020 MY (UTC+08:00)","09:08 MY (UTC+08:00)","2009120907270392","T027330728120","-","160.00","025 - Office","FC8B","2502","2860 - ","1,597.00","","-","DINI ARINA BINTI MOH","RCMS - CR FPX","","-"
"506061304070","Current Account","GENTING MALAYSIA BERHAD","MYR","2020-09-12 MY (UTC+08:00)","2020-09-12 MY (UTC+08:00)","7","132","1,000.00","1,000.00","-","-","12/Sep/2020 MY (UTC+08:00)","09:11 MY (UTC+08:00)","2009120908520599","T027330855320","-","160.00","025 - Office","FC8A","2502","2860 - ","1,757.00","","-","CHONG ENG HOE","RCMS - CR FPX","","-"
"506061304070","Current Account","GENTING MALAYSIA BERHAD","MYR","2020-09-12 MY (UTC+08:00)","2020-09-12 MY (UTC+08:00)","7","132","1,000.00","1,000.00","-","-","12/Sep/2020 MY (UTC+08:00)","09:23 MY (UTC+08:00)","2009120922290292","T027331827020","-","70.00","025 - Office","FC8A","2502","2860 - ","1,827.00","","-","LIM XUAN XUAN","RCMS - CR FPX","","-"
"506061304070","Current Account","GENTING MALAYSIA BERHAD","MYR","2020-09-12 MY (UTC+08:00)","2020-09-12 MY (UTC+08:00)","7","132","1,000.00","1,000.00","-","-","12/Sep/2020 MY (UTC+08:00)","09:26 MY (UTC+08:00)","2009120925570241","T027332062220","-","80.00","025 - Office","FC8C","2502","2860 - ","1,907.00","","-","VIOLET KOO YUAN PEI","RCMS - CR FPX","","-"
"506061304070","Current Account","GENTING MALAYSIA BERHAD","MYR","2020-09-12 MY (UTC+08:00)","2020-09-12 MY (UTC+08:00)","7","132","1,000.00","1,000.00","-","-","12/Sep/2020 MY (UTC+08:00)","09:30 MY (UTC+08:00)","2009120928530807","T027332254820","-","400.00","025 - Office","FC8B","2502","2860 - ","2,307.00","","-","LIM KOK CONG","RCMS - CR FPX","","-"
"506061304070","Current Account","GENTING MALAYSIA BERHAD","MYR","2020-09-12 MY (UTC+08:00)","2020-09-12 MY (UTC+08:00)","7","132","1,000.00","1,000.00","-","-","12/Sep/2020 MY (UTC+08:00)","09:44 MY (UTC+08:00)","2009120943370238","T027333336920","-","170.00","025 - Office","FC8A","2502","2860 - ","2,477.00","","-","MR MOK CHEE WAH","RCMS - CR FPX","","-"
"506061304070","Current Account","GENTING MALAYSIA BERHAD","MYR","2020-09-12 MY (UTC+08:00)","2020-09-12 MY (UTC+08:00)","7","132","1,000.00","1,000.00","-","-","12/Sep/2020 MY (UTC+08:00)","09:47 MY (UTC+08:00)","2009120946240877","T027333528920","-","170.00","025 - Office","FC8B","2502","2860 - ","2,647.00","","-","MR MOK CHEE WAH","RCMS - CR FPX","","-"
"506061304070","Current Account","GENTING MALAYSIA BERHAD","MYR","2020-09-12 MY (UTC+08:00)","2020-09-12 MY (UTC+08:00)","7","132","1,000.00","1,000.00","-","-","12/Sep/2020 MY (UTC+08:00)","10:33 MY (UTC+08:00)","2009121032350449","T027337301420","-","70.00","025 - Office","FC8A","2502","2860 - ","2,717.00","","-","SUZLINNA BINTI ZAKAR","RCMS - CR FPX","","-"
"506061304070","Current Account","GENTING MALAYSIA BERHAD","MYR","2020-09-12 MY (UTC+08:00)","2020-09-12 MY (UTC+08:00)","7","132","1,000.00","1,000.00","-","-","12/Sep/2020 MY (UTC+08:00)","10:36 MY (UTC+08:00)","2009121035190650","T027337534520","-","160.00","025 - Office","FC8C","2502","2860 - ","2,877.00","","-","HELGA CHENG","RCMS - CR FPX","","-"
"506061304070","Current Account","GENTING MALAYSIA BERHAD","MYR","2020-09-12 MY (UTC+08:00)","2020-09-12 MY (UTC+08:00)","7","132","1,000.00","1,000.00","-","-","12/Sep/2020 MY (UTC+08:00)","10:47 MY (UTC+08:00)","2009121046350176","T027338477720","-","290.00","025 - Office","FC8C","2502","2860 - ","3,167.00","","-","MOHD AZUDEEN BIN MAS","RCMS - CR FPX","","-"
"506061304070","Current Account","GENTING MALAYSIA BERHAD","MYR","2020-09-12 MY (UTC+08:00)","2020-09-12 MY (UTC+08:00)","7","132","1,000.00","1,000.00","-","-","12/Sep/2020 MY (UTC+08:00)","10:55 MY (UTC+08:00)","2009121054320831","T027339153020","-","70.00","025 - Office","FC8C","2502","2860 - ","3,237.00","","-","KONG CHEE HOE","RCMS - CR FPX","","-"
"506061304070","Current Account","GENTING MALAYSIA BERHAD","MYR","2020-09-12 MY (UTC+08:00)","2020-09-12 MY (UTC+08:00)","7","132","1,000.00","1,000.00","-","-","12/Sep/2020 MY (UTC+08:00)","11:03 MY (UTC+08:00)","2009121102090280","T027339913520","-","370.00","025 - Office","FC8D","2502","2860 - ","3,607.00","","-","LOO SEU WEE","RCMS - CR FPX","","-"
"506061304070","Current Account","GENTING MALAYSIA BERHAD","MYR","2020-09-12 MY (UTC+08:00)","2020-09-12 MY (UTC+08:00)","7","132","1,000.00","1,000.00","-","-","12/Sep/2020 MY (UTC+08:00)","11:08 MY (UTC+08:00)","2009121105580175","T027340265420","-","179.00","025 - Office","FC8D","2502","2860 - ","3,786.00","","-","NORITA BINTI BAHARUD","RCMS - CR FPX","","-"
"506061304070","Current Account","GENTING MALAYSIA BERHAD","MYR","2020-09-12 MY (UTC+08:00)","2020-09-12 MY (UTC+08:00)","7","132","1,000.00","1,000.00","-","-","12/Sep/2020 MY (UTC+08:00)","11:12 MY (UTC+08:00)","2009121111480734","T027340818920","-","140.00","025 - Office","FC8B","2502","2860 - ","3,926.00","","-","FAZLIN AZWANIS BINTI","RCMS - CR FPX","","-"
"506061304070","Current Account","GENTING MALAYSIA BERHAD","MYR","2020-09-12 MY (UTC+08:00)","2020-09-12 MY (UTC+08:00)","7","132","1,000.00","1,000.00","-","-","12/Sep/2020 MY (UTC+08:00)","11:12 MY (UTC+08:00)","2009121111480720","T027340800020","-","265.00","025 - Office","FC8B","2502","2860 - ","4,191.00","","-","NOR ELISSA BINTI AZI","RCMS - CR FPX","","-"
"506061304070","Current Account","GENTING MALAYSIA BERHAD","MYR","2020-09-12 MY (UTC+08:00)","2020-09-12 MY (UTC+08:00)","7","132","1,000.00","1,000.00","-","-","12/Sep/2020 MY (UTC+08:00)","11:15 MY (UTC+08:00)","2009121114350327","T027341066420","-","200.00","025 - Office","FC8A","2502","2860 - ","4,391.00","","-","TAN HOOI YIN","RCMS - CR FPX","","-"
"506061304070","Current Account","GENTING MALAYSIA BERHAD","MYR","2020-09-12 MY (UTC+08:00)","2020-09-12 MY (UTC+08:00)","7","132","1,000.00","1,000.00","-","-","12/Sep/2020 MY (UTC+08:00)","11:27 MY (UTC+08:00)","2009121126250123","T027342199220","-","377.00","025 - Office","FC8A","2502","2860 - ","4,768.00","","-","ONG LIAN SENG","RCMS - CR FPX","","-"
"506061304070","Current Account","GENTING MALAYSIA BERHAD","MYR","2020-09-12 MY (UTC+08:00)","2020-09-12 MY (UTC+08:00)","7","132","1,000.00","1,000.00","-","-","12/Sep/2020 MY (UTC+08:00)","11:28 MY (UTC+08:00)","2009121127490957","T027342347420","-","80.00","025 - Office","FC8B","2502","2860 - ","4,848.00","","-","KOW HOOI LENG","RCMS - CR FPX","","-"
"506061304070","Current Account","GENTING MALAYSIA BERHAD","MYR","2020-09-12 MY (UTC+08:00)","2020-09-12 MY (UTC+08:00)","7","132","1,000.00","1,000.00","-","-","12/Sep/2020 MY (UTC+08:00)","11:30 MY (UTC+08:00)","2009121129400383","T027342510320","-","60.00","025 - Office","FC8D","2502","2860 - ","4,908.00","","-","LING TOH KUN","RCMS - CR FPX","","-"
"506061304070","Current Account","GENTING MALAYSIA BERHAD","MYR","2020-09-12 MY (UTC+08:00)","2020-09-12 MY (UTC+08:00)","7","132","1,000.00","1,000.00","-","-","12/Sep/2020 MY (UTC+08:00)","11:33 MY (UTC+08:00)","2009121132240934","T027342766820","-","70.00","025 - Office","FC8B","2502","2860 - ","4,978.00","","-","KON JWO JIUNN","RCMS - CR FPX","","-"
"506061304070","Current Account","GENTING MALAYSIA BERHAD","MYR","2020-09-12 MY (UTC+08:00)","2020-09-12 MY (UTC+08:00)","7","132","1,000.00","1,000.00","-","-","12/Sep/2020 MY (UTC+08:00)","11:36 MY (UTC+08:00)","2009121135350034","T027343039820","-","60.00","025 - Office","FC8B","2502","2860 - ","5,038.00","","-","CHAN WAI FONG","RCMS - CR FPX","","-"
"506061304070","Current Account","GENTING MALAYSIA BERHAD","MYR","2020-09-12 MY (UTC+08:00)","2020-09-12 MY (UTC+08:00)","7","132","1,000.00","1,000.00","-","-","12/Sep/2020 MY (UTC+08:00)","11:37 MY (UTC+08:00)","2009121133260270","T027342841520","-","140.00","025 - Office","FC8A","2502","2860 - ","5,178.00","","-","CHONG ENG HOE","RCMS - CR FPX","","-"
"506061304070","Current Account","GENTING MALAYSIA BERHAD","MYR","2020-09-12 MY (UTC+08:00)","2020-09-12 MY (UTC+08:00)","7","132","1,000.00","1,000.00","-","-","12/Sep/2020 MY (UTC+08:00)","11:46 MY (UTC+08:00)","2009121145490075","T027344004020","-","180.00","025 - Office","FC8A","2502","2860 - ","5,358.00","","-","CHANG CHOOI PENG","RCMS - CR FPX","","-"
"506061304070","Current Account","GENTING MALAYSIA BERHAD","MYR","2020-09-12 MY (UTC+08:00)","2020-09-12 MY (UTC+08:00)","7","132","1,000.00","1,000.00","-","-","12/Sep/2020 MY (UTC+08:00)","11:47 MY (UTC+08:00)","2009121146480375","T027344107220","-","60.00","025 - Office","FC8A","2502","2860 - ","5,418.00","","-","OOI WEI YEE","RCMS - CR FPX","","-"
"506061304070","Current Account","GENTING MALAYSIA BERHAD","MYR","2020-09-12 MY (UTC+08:00)","2020-09-12 MY (UTC+08:00)","7","132","1,000.00","1,000.00","-","-","12/Sep/2020 MY (UTC+08:00)","11:48 MY (UTC+08:00)","2009121147290346","T027344180720","-","160.00","025 - Office","FC8B","2502","2860 - ","5,578.00","","-","OO LEEY SHINN","RCMS - CR FPX","","-"
"506061304070","Current Account","GENTING MALAYSIA BERHAD","MYR","2020-09-12 MY (UTC+08:00)","2020-09-12 MY (UTC+08:00)","7","132","1,000.00","1,000.00","-","-","12/Sep/2020 MY (UTC+08:00)","12:11 MY (UTC+08:00)","2009121210450694","T027346542020","-","80.00","025 - Office","FC8A","2502","2860 - ","5,658.00","","-","LEONG MUN PIN","RCMS - CR FPX","","-"
"506061304070","Current Account","GENTING MALAYSIA BERHAD","MYR","2020-09-12 MY (UTC+08:00)","2020-09-12 MY (UTC+08:00)","7","132","1,000.00","1,000.00","-","-","12/Sep/2020 MY (UTC+08:00)","12:28 MY (UTC+08:00)","2009121227230283","T027348150020","-","80.00","025 - Office","FC8A","2502","2860 - ","5,738.00","","-","WONG KAH CHEE","RCMS - CR FPX","","-"
"506061304070","Current Account","GENTING MALAYSIA BERHAD","MYR","2020-09-12 MY (UTC+08:00)","2020-09-12 MY (UTC+08:00)","7","132","1,000.00","1,000.00","-","-","12/Sep/2020 MY (UTC+08:00)","12:33 MY (UTC+08:00)","2009121232330228","T027348642020","-","220.00","025 - Office","FC8A","2502","2860 - ","5,958.00","","-","CHOO LIAN KEONG","RCMS - CR FPX","","-"
"506061304070","Current Account","GENTING MALAYSIA BERHAD","MYR","2020-09-12 MY (UTC+08:00)","2020-09-12 MY (UTC+08:00)","7","132","1,000.00","1,000.00","-","-","12/Sep/2020 MY (UTC+08:00)","12:46 MY (UTC+08:00)","2009121245590236","T027349944920","-","80.00","025 - Office","FC8A","2502","2860 - ","6,038.00","","-","LIM XIN YIAP","RCMS - CR FPX","","-"
"506061304070","Current Account","GENTING MALAYSIA BERHAD","MYR","2020-09-12 MY (UTC+08:00)","2020-09-12 MY (UTC+08:00)","7","132","1,000.00","1,000.00","-","-","12/Sep/2020 MY (UTC+08:00)","13:06 MY (UTC+08:00)","2009121305560944","T027351738020","-","80.00","025 - Office","FC8B","2502","2860 - ","6,118.00","","-","CHIN KHEONG HEE","RCMS - CR FPX","","-"
"506061304070","Current Account","GENTING MALAYSIA BERHAD","MYR","2020-09-12 MY (UTC+08:00)","2020-09-12 MY (UTC+08:00)","7","132","1,000.00","1,000.00","-","-","12/Sep/2020 MY (UTC+08:00)","13:14 MY (UTC+08:00)","2009121314040963","T027352542320","-","100.00","025 - Office","FC8B","2502","2860 - ","6,218.00","","-","TEO HONG CHII","RCMS - CR FPX","","-"
"506061304070","Current Account","GENTING MALAYSIA BERHAD","MYR","2020-09-12 MY (UTC+08:00)","2020-09-12 MY (UTC+08:00)","7","132","1,000.00","1,000.00","-","-","12/Sep/2020 MY (UTC+08:00)","13:28 MY (UTC+08:00)","2009121325060825","T027353608220","-","80.00","025 - Office","FC8A","2502","2860 - ","6,298.00","","-","WAN WAI LOON","RCMS - CR FPX","","-"
"506061304070","Current Account","GENTING MALAYSIA BERHAD","MYR","2020-09-12 MY (UTC+08:00)","2020-09-12 MY (UTC+08:00)","7","132","1,000.00","1,000.00","-","-","12/Sep/2020 MY (UTC+08:00)","13:38 MY (UTC+08:00)","2009121336330774","T027354719420","-","180.00","025 - Office","FC8C","2502","2860 - ","6,478.00","","-","NANCY LEE MEI HUEY","RCMS - CR FPX","","-"
"506061304070","Current Account","GENTING MALAYSIA BERHAD","MYR","2020-09-12 MY (UTC+08:00)","2020-09-12 MY (UTC+08:00)","7","132","1,000.00","1,000.00","-","-","12/Sep/2020 MY (UTC+08:00)","13:46 MY (UTC+08:00)","2009121345340735","T027355642520","-","70.00","025 - Office","FC8A","2502","2860 - ","6,548.00","","-","SOH ZHEN XUAN","RCMS - CR FPX","","-"
"506061304070","Current Account","GENTING MALAYSIA BERHAD","MYR","2020-09-12 MY (UTC+08:00)","2020-09-12 MY (UTC+08:00)","7","132","1,000.00","1,000.00","-","-","12/Sep/2020 MY (UTC+08:00)","13:47 MY (UTC+08:00)","2009121346150651","T027355722920","-","1,600.00","025 - Office","FC8A","2502","2860 - ","8,148.00","","-","LIM MEI KOON","RCMS - CR FPX","","-"
"506061304070","Current Account","GENTING MALAYSIA BERHAD","MYR","2020-09-12 MY (UTC+08:00)","2020-09-12 MY (UTC+08:00)","7","132","1,000.00","1,000.00","-","-","12/Sep/2020 MY (UTC+08:00)","13:51 MY (UTC+08:00)","2009121350310162","T027356146520","-","1,600.00","025 - Office","FC8A","2502","2860 - ","9,748.00","","-","LIM MEI KOON","RCMS - CR FPX","","-"
"506061304070","Current Account","GENTING MALAYSIA BERHAD","MYR","2020-09-12 MY (UTC+08:00)","2020-09-12 MY (UTC+08:00)","7","132","1,000.00","1,000.00","-","-","12/Sep/2020 MY (UTC+08:00)","13:54 MY (UTC+08:00)","2009121353310010","T027356410820","-","70.00","025 - Office","FC8B","2502","2860 - ","9,818.00","","-","VIMMY CHEW HWEE EE","RCMS - CR FPX","","-"
"506061304070","Current Account","GENTING MALAYSIA BERHAD","MYR","2020-09-12 MY (UTC+08:00)","2020-09-12 MY (UTC+08:00)","7","132","1,000.00","1,000.00","-","-","12/Sep/2020 MY (UTC+08:00)","13:56 MY (UTC+08:00)","2009121355510022","T027356653820","-","207.00","025 - Office","FC8C","2502","2860 - ","10,025.00","","-","ANG FEI XIN","RCMS - CR FPX","","-"
"506061304070","Current Account","GENTING MALAYSIA BERHAD","MYR","2020-09-12 MY (UTC+08:00)","2020-09-12 MY (UTC+08:00)","7","132","1,000.00","1,000.00","-","-","12/Sep/2020 MY (UTC+08:00)","14:05 MY (UTC+08:00)","2009121405060017","T027357535820","-","70.00","025 - Office","FC8E","2502","2860 - ","10,095.00","","-","MCH MUSIC","RCMS - CR FPX","","-"
"506061304070","Current Account","GENTING MALAYSIA BERHAD","MYR","2020-09-12 MY (UTC+08:00)","2020-09-12 MY (UTC+08:00)","7","132","1,000.00","1,000.00","-","-","12/Sep/2020 MY (UTC+08:00)","14:09 MY (UTC+08:00)","2009121408000705","T027357717020","-","730.00","025 - Office","FC8A","2502","2860 - ","10,825.00","","-","CHONG YOU SENG","RCMS - CR FPX","","-"
"506061304070","Current Account","GENTING MALAYSIA BERHAD","MYR","2020-09-12 MY (UTC+08:00)","2020-09-12 MY (UTC+08:00)","7","132","1,000.00","1,000.00","-","-","12/Sep/2020 MY (UTC+08:00)","14:09 MY (UTC+08:00)","2009121408360485","T027357838220","-","80.00","025 - Office","FC8A","2502","2860 - ","10,905.00","","-","SARGUNA A/L GANGAYA","RCMS - CR FPX","","-"
"506061304070","Current Account","GENTING MALAYSIA BERHAD","MYR","2020-09-12 MY (UTC+08:00)","2020-09-12 MY (UTC+08:00)","7","132","1,000.00","1,000.00","-","-","12/Sep/2020 MY (UTC+08:00)","14:14 MY (UTC+08:00)","2009121414050522","T027358325720","-","140.00","025 - Office","FC8B","2502","2860 - ","11,045.00","","-","CHIN TIAN AIK","RCMS - CR FPX","","-"
"506061304070","Current Account","GENTING MALAYSIA BERHAD","MYR","2020-09-12 MY (UTC+08:00)","2020-09-12 MY (UTC+08:00)","7","132","1,000.00","1,000.00","-","-","12/Sep/2020 MY (UTC+08:00)","14:15 MY (UTC+08:00)","2009121414520506","T027358408220","-","70.00","025 - Office","FC8C","2502","2860 - ","11,115.00","","-","LEE FOONG KEOW","RCMS - CR FPX","","-"
"506061304070","Current Account","GENTING MALAYSIA BERHAD","MYR","2020-09-12 MY (UTC+08:00)","2020-09-12 MY (UTC+08:00)","7","132","1,000.00","1,000.00","-","-","12/Sep/2020 MY (UTC+08:00)","14:21 MY (UTC+08:00)","2009121420220828","T027358901720","-","70.00","025 - Office","FC8B","2502","2860 - ","11,185.00","","-","GAN YOU ERN","RCMS - CR FPX","","-"
"506061304070","Current Account","GENTING MALAYSIA BERHAD","MYR","2020-09-12 MY (UTC+08:00)","2020-09-12 MY (UTC+08:00)","7","132","1,000.00","1,000.00","-","-","12/Sep/2020 MY (UTC+08:00)","14:21 MY (UTC+08:00)","2009121420340092","T027358927820","-","260.00","025 - Office","FC8B","2502","2860 - ","11,445.00","","-","TOH WEI CHEN","RCMS - CR FPX","","-"
"506061304070","Current Account","GENTING MALAYSIA BERHAD","MYR","2020-09-12 MY (UTC+08:00)","2020-09-12 MY (UTC+08:00)","7","132","1,000.00","1,000.00","-","-","12/Sep/2020 MY (UTC+08:00)","14:23 MY (UTC+08:00)","2009121422460988","T027359129120","-","140.00","025 - Office","FC8D","2502","2860 - ","11,585.00","","-","THEN KUN YI","RCMS - CR FPX","","-"
"506061304070","Current Account","GENTING MALAYSIA BERHAD","MYR","2020-09-12 MY (UTC+08:00)","2020-09-12 MY (UTC+08:00)","7","132","1,000.00","1,000.00","-","-","12/Sep/2020 MY (UTC+08:00)","14:25 MY (UTC+08:00)","2009121424270128","T027359271920","-","110.00","025 - Office","FC8A","2502","2860 - ","11,695.00","","-","LOW TECK KING","RCMS - CR FPX","","-"
"506061304070","Current Account","GENTING MALAYSIA BERHAD","MYR","2020-09-12 MY (UTC+08:00)","2020-09-12 MY (UTC+08:00)","7","132","1,000.00","1,000.00","-","-","12/Sep/2020 MY (UTC+08:00)","14:28 MY (UTC+08:00)","2009121427380106","T027359541320","-","270.00","025 - Office","FC8C","2502","2860 - ","11,965.00","","-","MOHD SYAMMIL AZREEN","RCMS - CR FPX","","-"
"506061304070","Current Account","GENTING MALAYSIA BERHAD","MYR","2020-09-12 MY (UTC+08:00)","2020-09-12 MY (UTC+08:00)","7","132","1,000.00","1,000.00","-","-","12/Sep/2020 MY (UTC+08:00)","14:44 MY (UTC+08:00)","2009121443330176","T027360907820","-","70.00","025 - Office","FC8A","2502","2860 - ","12,035.00","","-","MAHADEVA A/L RAMASH","RCMS - CR FPX","","-"
"506061304070","Current Account","GENTING MALAYSIA BERHAD","MYR","2020-09-12 MY (UTC+08:00)","2020-09-12 MY (UTC+08:00)","7","132","1,000.00","1,000.00","-","-","12/Sep/2020 MY (UTC+08:00)","14:57 MY (UTC+08:00)","2009121457080311","T027362048120","-","80.00","025 - Office","FC8B","2502","2860 - ","12,115.00","","-","WONG KAH CHEE","RCMS - CR FPX","","-"
"506061304070","Current Account","GENTING MALAYSIA BERHAD","MYR","2020-09-12 MY (UTC+08:00)","2020-09-12 MY (UTC+08:00)","7","132","1,000.00","1,000.00","-","-","12/Sep/2020 MY (UTC+08:00)","15:07 MY (UTC+08:00)","2009121507130597","T027362867420","-","80.00","025 - Office","FC8A","2502","2860 - ","12,195.00","","-","WONG WEI THONG","RCMS - CR FPX","","-"
"506061304070","Current Account","GENTING MALAYSIA BERHAD","MYR","2020-09-12 MY (UTC+08:00)","2020-09-12 MY (UTC+08:00)","7","132","1,000.00","1,000.00","-","-","12/Sep/2020 MY (UTC+08:00)","15:31 MY (UTC+08:00)","2009121529370401","T027364724720","-","140.00","025 - Office","FC8D","2502","2860 - ","12,335.00","","-","OOI KOOI FERN","RCMS - CR FPX","","-"
"506061304070","Current Account","GENTING MALAYSIA BERHAD","MYR","2020-09-12 MY (UTC+08:00)","2020-09-12 MY (UTC+08:00)","7","132","1,000.00","1,000.00","-","-","12/Sep/2020 MY (UTC+08:00)","15:35 MY (UTC+08:00)","2009121534090014","T027365118620","-","80.00","025 - Office","FC8A","2502","2860 - ","12,415.00","","-","WONG KAH CHEE","RCMS - CR FPX","","-"
"506061304070","Current Account","GENTING MALAYSIA BERHAD","MYR","2020-09-12 MY (UTC+08:00)","2020-09-12 MY (UTC+08:00)","7","132","1,000.00","1,000.00","-","-","12/Sep/2020 MY (UTC+08:00)","15:37 MY (UTC+08:00)","2009121536340919","T027365346020","-","80.00","025 - Office","FC8B","2502","2860 - ","12,495.00","","-","WONG KAH CHEE","RCMS - CR FPX","","-"
"506061304070","Current Account","GENTING MALAYSIA BERHAD","MYR","2020-09-12 MY (UTC+08:00)","2020-09-12 MY (UTC+08:00)","7","132","1,000.00","1,000.00","-","-","12/Sep/2020 MY (UTC+08:00)","15:50 MY (UTC+08:00)","2009121549380468","T027366432620","-","70.00","025 - Office","FC8D","2502","2860 - ","12,565.00","","-","ONG JIA CHIEN","RCMS - CR FPX","","-"
"506061304070","Current Account","GENTING MALAYSIA BERHAD","MYR","2020-09-12 MY (UTC+08:00)","2020-09-12 MY (UTC+08:00)","7","132","1,000.00","1,000.00","-","-","12/Sep/2020 MY (UTC+08:00)","15:53 MY (UTC+08:00)","2009121552320990","T027366716120","-","80.00","025 - Office","FC8A","2502","2860 - ","12,645.00","","-","TAN ZHANG PEI","RCMS - CR FPX","","-"
"506061304070","Current Account","GENTING MALAYSIA BERHAD","MYR","2020-09-12 MY (UTC+08:00)","2020-09-12 MY (UTC+08:00)","7","132","1,000.00","1,000.00","-","-","12/Sep/2020 MY (UTC+08:00)","15:54 MY (UTC+08:00)","2009121553400309","T027366813920","-","70.00","025 - Office","FC8A","2502","2860 - ","12,715.00","","-","LOKE CHEE KIN","RCMS - CR FPX","","-"
"506061304070","Current Account","GENTING MALAYSIA BERHAD","MYR","2020-09-12 MY (UTC+08:00)","2020-09-12 MY (UTC+08:00)","7","132","1,000.00","1,000.00","-","-","12/Sep/2020 MY (UTC+08:00)","15:58 MY (UTC+08:00)","2009121556580271","T027367117520","-","140.00","025 - Office","FC8C","2502","2860 - ","12,855.00","","-","CHONG YUEN HWA    OR","RCMS - CR FPX","","-"
"506061304070","Current Account","GENTING MALAYSIA BERHAD","MYR","2020-09-12 MY (UTC+08:00)","2020-09-12 MY (UTC+08:00)","7","132","1,000.00","1,000.00","-","-","12/Sep/2020 MY (UTC+08:00)","15:59 MY (UTC+08:00)","2009121558300137","T027367253720","-","140.00","025 - Office","FC8A","2502","2860 - ","12,995.00","","-","JULIE ANNE WONG HUI","RCMS - CR FPX","","-"
"506061304070","Current Account","GENTING MALAYSIA BERHAD","MYR","2020-09-12 MY (UTC+08:00)","2020-09-12 MY (UTC+08:00)","7","132","1,000.00","1,000.00","-","-","12/Sep/2020 MY (UTC+08:00)","16:15 MY (UTC+08:00)","2009121614170245","T027368591720","-","110.00","025 - Office","FC8A","2502","2860 - ","13,105.00","","-","CHAN AI LI","RCMS - CR FPX","","-"
"506061304070","Current Account","GENTING MALAYSIA BERHAD","MYR","2020-09-12 MY (UTC+08:00)","2020-09-12 MY (UTC+08:00)","7","132","1,000.00","1,000.00","-","-","12/Sep/2020 MY (UTC+08:00)","16:16 MY (UTC+08:00)","2009121616020308","T027368725220","-","80.00","025 - Office","FC8B","2502","2860 - ","13,185.00","","-","YONG WEI KIAT","RCMS - CR FPX","","-"
"506061304070","Current Account","GENTING MALAYSIA BERHAD","MYR","2020-09-12 MY (UTC+08:00)","2020-09-12 MY (UTC+08:00)","7","132","1,000.00","1,000.00","-","-","12/Sep/2020 MY (UTC+08:00)","16:32 MY (UTC+08:00)","2009121631420593","T027369972620","-","490.00","025 - Office","FC8B","2502","2860 - ","13,675.00","","-","NORSYAKIRA AIDA BINT","RCMS - CR FPX","","-"
"506061304070","Current Account","GENTING MALAYSIA BERHAD","MYR","2020-09-12 MY (UTC+08:00)","2020-09-12 MY (UTC+08:00)","7","132","1,000.00","1,000.00","-","-","12/Sep/2020 MY (UTC+08:00)","16:33 MY (UTC+08:00)","2009121632030979","T027369982220","-","130.00","025 - Office","FC8B","2502","2860 - ","13,805.00","","-","LEE MENG SHENG","RCMS - CR FPX","","-"
"506061304070","Current Account","GENTING MALAYSIA BERHAD","MYR","2020-09-12 MY (UTC+08:00)","2020-09-12 MY (UTC+08:00)","7","132","1,000.00","1,000.00","-","-","12/Sep/2020 MY (UTC+08:00)","16:43 MY (UTC+08:00)","2009121642410912","T027370781420","-","280.00","025 - Office","FC8A","2502","2860 - ","14,085.00","","-","HII RU WEI","RCMS - CR FPX","","-"
"506061304070","Current Account","GENTING MALAYSIA BERHAD","MYR","2020-09-12 MY (UTC+08:00)","2020-09-12 MY (UTC+08:00)","7","132","1,000.00","1,000.00","-","-","12/Sep/2020 MY (UTC+08:00)","16:49 MY (UTC+08:00)","2009121648220404","T027371181320","-","220.00","025 - Office","FC8A","2502","2860 - ","14,305.00","","-","JJ SUPER RECYCLE","RCMS - CR FPX","","-"
"506061304070","Current Account","GENTING MALAYSIA BERHAD","MYR","2020-09-12 MY (UTC+08:00)","2020-09-12 MY (UTC+08:00)","7","132","1,000.00","1,000.00","-","-","12/Sep/2020 MY (UTC+08:00)","16:51 MY (UTC+08:00)","2009121650160598","T027371336420","-","70.00","025 - Office","FC8A","2502","2860 - ","14,375.00","","-","ONG YEN PENG","RCMS - CR FPX","","-"
"506061304070","Current Account","GENTING MALAYSIA BERHAD","MYR","2020-09-12 MY (UTC+08:00)","2020-09-12 MY (UTC+08:00)","7","132","1,000.00","1,000.00","-","-","12/Sep/2020 MY (UTC+08:00)","17:12 MY (UTC+08:00)","2009121711340577","T027372918320","-","80.00","025 - Office","FC8B","2502","2860 - ","14,455.00","","-","KOH YEE KEE","RCMS - CR FPX","","-"
"506061304070","Current Account","GENTING MALAYSIA BERHAD","MYR","2020-09-12 MY (UTC+08:00)","2020-09-12 MY (UTC+08:00)","7","132","1,000.00","1,000.00","-","-","12/Sep/2020 MY (UTC+08:00)","17:14 MY (UTC+08:00)","2009121714060425","T027373110920","-","80.00","025 - Office","FC8A","2502","2860 - ","14,535.00","","-","KOH YEE KEE","RCMS - CR FPX","","-"
"506061304070","Current Account","GENTING MALAYSIA BERHAD","MYR","2020-09-12 MY (UTC+08:00)","2020-09-12 MY (UTC+08:00)","7","132","1,000.00","1,000.00","-","-","12/Sep/2020 MY (UTC+08:00)","17:22 MY (UTC+08:00)","2009121721470060","T027373688420","-","80.00","025 - Office","FC8C","2502","2860 - ","14,615.00","","-","QUAH WEI SEONG","RCMS - CR FPX","","-"
"506061304070","Current Account","GENTING MALAYSIA BERHAD","MYR","2020-09-12 MY (UTC+08:00)","2020-09-12 MY (UTC+08:00)","7","132","1,000.00","1,000.00","-","-","12/Sep/2020 MY (UTC+08:00)","17:24 MY (UTC+08:00)","2009121723210826","T027373791920","-","70.00","025 - Office","FC8B","2502","2860 - ","14,685.00","","-","LIAN SENK RAM","RCMS - CR FPX","","-"
"506061304070","Current Account","GENTING MALAYSIA BERHAD","MYR","2020-09-12 MY (UTC+08:00)","2020-09-12 MY (UTC+08:00)","7","132","1,000.00","1,000.00","-","-","12/Sep/2020 MY (UTC+08:00)","17:33 MY (UTC+08:00)","2009121732570475","T027374513420","-","270.00","025 - Office","FC8B","2502","2860 - ","14,955.00","","-","VASUKI A/P SUBRAMANY","RCMS - CR FPX","","-"
"506061304070","Current Account","GENTING MALAYSIA BERHAD","MYR","2020-09-12 MY (UTC+08:00)","2020-09-12 MY (UTC+08:00)","7","132","1,000.00","1,000.00","-","-","12/Sep/2020 MY (UTC+08:00)","17:42 MY (UTC+08:00)","2009121741310999","T027375125120","-","160.00","025 - Office","FC8A","2502","2860 - ","15,115.00","","-","CHEW TIAN SIANG","RCMS - CR FPX","","-"
"506061304070","Current Account","GENTING MALAYSIA BERHAD","MYR","2020-09-12 MY (UTC+08:00)","2020-09-12 MY (UTC+08:00)","7","132","1,000.00","1,000.00","-","-","12/Sep/2020 MY (UTC+08:00)","17:45 MY (UTC+08:00)","2009121744380512","T027375345920","-","140.00","025 - Office","FC8A","2502","2860 - ","15,255.00","","-","ER SI MIN","RCMS - CR FPX","","-"
"506061304070","Current Account","GENTING MALAYSIA BERHAD","MYR","2020-09-12 MY (UTC+08:00)","2020-09-12 MY (UTC+08:00)","7","132","1,000.00","1,000.00","-","-","12/Sep/2020 MY (UTC+08:00)","18:02 MY (UTC+08:00)","2009121801510710","T027376594820","-","70.00","025 - Office","FC8B","2502","2860 - ","15,325.00","","-","YAN TUCK LOY","RCMS - CR FPX","","-"
"506061304070","Current Account","GENTING MALAYSIA BERHAD","MYR","2020-09-12 MY (UTC+08:00)","2020-09-12 MY (UTC+08:00)","7","132","1,000.00","1,000.00","-","-","12/Sep/2020 MY (UTC+08:00)","18:31 MY (UTC+08:00)","2009121830150874","T027378589220","-","80.00","025 - Office","FC8C","2502","2860 - ","15,405.00","","-","JULIN SAM SEE CHENG","RCMS - CR FPX","","-"
"506061304070","Current Account","GENTING MALAYSIA BERHAD","MYR","2020-09-12 MY (UTC+08:00)","2020-09-12 MY (UTC+08:00)","7","132","1,000.00","1,000.00","-","-","12/Sep/2020 MY (UTC+08:00)","18:32 MY (UTC+08:00)","2009121832140084","T027378756320","-","229.00","025 - Office","FC8A","2502","2860 - ","15,634.00","","-","LOW SIONG HENG","RCMS - CR FPX","","-"
"506061304070","Current Account","GENTING MALAYSIA BERHAD","MYR","2020-09-12 MY (UTC+08:00)","2020-09-12 MY (UTC+08:00)","7","132","1,000.00","1,000.00","-","-","12/Sep/2020 MY (UTC+08:00)","18:41 MY (UTC+08:00)","2009121840310411","T027379366820","-","70.00","025 - Office","FC8B","2502","2860 - ","15,704.00","","-","PUA JIUN KIAT","RCMS - CR FPX","","-"
"506061304070","Current Account","GENTING MALAYSIA BERHAD","MYR","2020-09-12 MY (UTC+08:00)","2020-09-12 MY (UTC+08:00)","7","132","1,000.00","1,000.00","-","-","12/Sep/2020 MY (UTC+08:00)","18:46 MY (UTC+08:00)","2009121845330015","T027379704620","-","110.00","025 - Office","FC8A","2502","2860 - ","15,814.00","","-","TONG EEN LENG","RCMS - CR FPX","","-"
"506061304070","Current Account","GENTING MALAYSIA BERHAD","MYR","2020-09-12 MY (UTC+08:00)","2020-09-12 MY (UTC+08:00)","7","132","1,000.00","1,000.00","-","-","12/Sep/2020 MY (UTC+08:00)","19:07 MY (UTC+08:00)","2009121906190192","T027381131120","-","80.00","025 - Office","FC8A","2502","2860 - ","15,894.00","","-","ZUNIA DWI ARIYANI","RCMS - CR FPX","","-"
"506061304070","Current Account","GENTING MALAYSIA BERHAD","MYR","2020-09-12 MY (UTC+08:00)","2020-09-12 MY (UTC+08:00)","7","132","1,000.00","1,000.00","-","-","12/Sep/2020 MY (UTC+08:00)","19:21 MY (UTC+08:00)","2009121919550878","T027382132520","-","110.00","025 - Office","FC8A","2502","2860 - ","16,004.00","","-","NUR FARHANA BINTI ZU","RCMS - CR FPX","","-"
"506061304070","Current Account","GENTING MALAYSIA BERHAD","MYR","2020-09-12 MY (UTC+08:00)","2020-09-12 MY (UTC+08:00)","7","132","1,000.00","1,000.00","-","-","12/Sep/2020 MY (UTC+08:00)","19:33 MY (UTC+08:00)","2009121931080713","T027382954820","-","70.00","025 - Office","FC8A","2502","2860 - ","16,074.00","","-","NG CHIN HAU","RCMS - CR FPX","","-"
"506061304070","Current Account","GENTING MALAYSIA BERHAD","MYR","2020-09-12 MY (UTC+08:00)","2020-09-12 MY (UTC+08:00)","7","132","1,000.00","1,000.00","-","-","12/Sep/2020 MY (UTC+08:00)","20:05 MY (UTC+08:00)","2009122004430523","T027385371920","-","400.00","025 - Office","FC8C","2502","2860 - ","16,474.00","","-","CHIN XUAN TONG","RCMS - CR FPX","","-"
"506061304070","Current Account","GENTING MALAYSIA BERHAD","MYR","2020-09-12 MY (UTC+08:00)","2020-09-12 MY (UTC+08:00)","7","132","1,000.00","1,000.00","-","-","12/Sep/2020 MY (UTC+08:00)","20:11 MY (UTC+08:00)","2009122010470925","T027385832420","-","220.00","025 - Office","FC8A","2502","2860 - ","16,694.00","","-","TAN ENG HO","RCMS - CR FPX","","-"
"506061304070","Current Account","GENTING MALAYSIA BERHAD","MYR","2020-09-12 MY (UTC+08:00)","2020-09-12 MY (UTC+08:00)","7","132","1,000.00","1,000.00","-","-","12/Sep/2020 MY (UTC+08:00)","20:12 MY (UTC+08:00)","2009122011140451","T027385865720","-","70.00","025 - Office","FC8C","2502","2860 - ","16,764.00","","-","TAN HOONG","RCMS - CR FPX","","-"
"506061304070","Current Account","GENTING MALAYSIA BERHAD","MYR","2020-09-12 MY (UTC+08:00)","2020-09-12 MY (UTC+08:00)","7","132","1,000.00","1,000.00","-","-","12/Sep/2020 MY (UTC+08:00)","20:32 MY (UTC+08:00)","2009122031260428","T027387383120","-","70.00","025 - Office","FC8B","2502","2860 - ","16,834.00","","-","SALAHUDIN A/L K.S.BA","RCMS - CR FPX","","-"
"506061304070","Current Account","GENTING MALAYSIA BERHAD","MYR","2020-09-12 MY (UTC+08:00)","2020-09-12 MY (UTC+08:00)","7","132","1,000.00","1,000.00","-","-","12/Sep/2020 MY (UTC+08:00)","20:36 MY (UTC+08:00)","2009122035580105","T027387711620","-","179.00","025 - Office","FC8B","2502","2860 - ","17,013.00","","-","EZ PHONE MOBILE  TRA","RCMS - CR FPX","","-"
"506061304070","Current Account","GENTING MALAYSIA BERHAD","MYR","2020-09-12 MY (UTC+08:00)","2020-09-12 MY (UTC+08:00)","7","132","1,000.00","1,000.00","-","-","12/Sep/2020 MY (UTC+08:00)","20:44 MY (UTC+08:00)","2009122043440739","T027388317020","-","70.00","025 - Office","FC8B","2502","2860 - ","17,083.00","","-","TEH ZHI YUN","RCMS - CR FPX","","-"
"506061304070","Current Account","GENTING MALAYSIA BERHAD","MYR","2020-09-12 MY (UTC+08:00)","2020-09-12 MY (UTC+08:00)","7","132","1,000.00","1,000.00","-","-","12/Sep/2020 MY (UTC+08:00)","20:48 MY (UTC+08:00)","2009122047590985","T027388630220","-","110.00","025 - Office","FC8A","2502","2860 - ","17,193.00","","-","TAN WEI SHEN","RCMS - CR FPX","","-"
"506061304070","Current Account","GENTING MALAYSIA BERHAD","MYR","2020-09-12 MY (UTC+08:00)","2020-09-12 MY (UTC+08:00)","7","132","1,000.00","1,000.00","-","-","12/Sep/2020 MY (UTC+08:00)","20:52 MY (UTC+08:00)","2009122051420420","T027388932620","-","80.00","025 - Office","FC8B","2502","2860 - ","17,273.00","","-","LEE ZHEN HAO","RCMS - CR FPX","","-"
"506061304070","Current Account","GENTING MALAYSIA BERHAD","MYR","2020-09-12 MY (UTC+08:00)","2020-09-12 MY (UTC+08:00)","7","132","1,000.00","1,000.00","-","-","12/Sep/2020 MY (UTC+08:00)","20:58 MY (UTC+08:00)","2009122056290507","T027389307920","-","220.00","025 - Office","FC8B","2502","2860 - ","17,493.00","","-","NUR SYAFAWATI BINTI","RCMS - CR FPX","","-"
"506061304070","Current Account","GENTING MALAYSIA BERHAD","MYR","2020-09-12 MY (UTC+08:00)","2020-09-12 MY (UTC+08:00)","7","132","1,000.00","1,000.00","-","-","12/Sep/2020 MY (UTC+08:00)","21:01 MY (UTC+08:00)","2009122100580045","T027389690120","-","100.00","025 - Office","FC8C","2502","2860 - ","17,593.00","","-","SERI NABILA EDAYU BI","RCMS - CR FPX","","-"
"506061304070","Current Account","GENTING MALAYSIA BERHAD","MYR","2020-09-12 MY (UTC+08:00)","2020-09-12 MY (UTC+08:00)","7","132","1,000.00","1,000.00","-","-","12/Sep/2020 MY (UTC+08:00)","21:16 MY (UTC+08:00)","2009122115570825","T027390871820","-","70.00","025 - Office","FC8C","2502","2860 - ","17,663.00","","-","KEE WEI JIAN","RCMS - CR FPX","","-"
"506061304070","Current Account","GENTING MALAYSIA BERHAD","MYR","2020-09-12 MY (UTC+08:00)","2020-09-12 MY (UTC+08:00)","7","132","1,000.00","1,000.00","-","-","12/Sep/2020 MY (UTC+08:00)","21:18 MY (UTC+08:00)","2009122116540966","T027390936920","-","200.00","025 - Office","FC8A","2502","2860 - ","17,863.00","","-","FELICIDITA BALASOTE","RCMS - CR FPX","","-"
"506061304070","Current Account","GENTING MALAYSIA BERHAD","MYR","2020-09-12 MY (UTC+08:00)","2020-09-12 MY (UTC+08:00)","7","132","1,000.00","1,000.00","-","-","12/Sep/2020 MY (UTC+08:00)","21:20 MY (UTC+08:00)","2009122119580565","T027391190120","-","80.00","025 - Office","FC8B","2502","2860 - ","17,943.00","","-","MUHAMMAD FARIDHIL AS","RCMS - CR FPX","","-"
"506061304070","Current Account","GENTING MALAYSIA BERHAD","MYR","2020-09-12 MY (UTC+08:00)","2020-09-12 MY (UTC+08:00)","7","132","1,000.00","1,000.00","-","-","12/Sep/2020 MY (UTC+08:00)","21:35 MY (UTC+08:00)","CMS - DR CORP CHG","B2CSE00037674","67.50","-","025 - Office","CBSX410N","2502","CDRCHG - CMS - DR CORP CHG","17,875.50","","-","","CMS - DR CORP CHG","","-"
"506061304070","Current Account","GENTING MALAYSIA BERHAD","MYR","2020-09-12 MY (UTC+08:00)","2020-09-12 MY (UTC+08:00)","7","132","1,000.00","1,000.00","-","-","12/Sep/2020 MY (UTC+08:00)","21:35 MY (UTC+08:00)","2009122134110806","T027392249720","-","70.00","025 - Office","FC8A","2502","2860 - ","17,945.50","","-","CHONG YAN FAIR","RCMS - CR FPX","","-"
"506061304070","Current Account","GENTING MALAYSIA BERHAD","MYR","2020-09-12 MY (UTC+08:00)","2020-09-12 MY (UTC+08:00)","7","132","1,000.00","1,000.00","-","-","12/Sep/2020 MY (UTC+08:00)","21:40 MY (UTC+08:00)","2009122139260692","T027392657120","-","370.00","025 - Office","FC8A","2502","2860 - ","18,315.50","","-","POH KAR MING","RCMS - CR FPX","","-"
"506061304070","Current Account","GENTING MALAYSIA BERHAD","MYR","2020-09-12 MY (UTC+08:00)","2020-09-12 MY (UTC+08:00)","7","132","1,000.00","1,000.00","-","-","12/Sep/2020 MY (UTC+08:00)","21:43 MY (UTC+08:00)","2009122143010845","T027392907320","-","80.00","025 - Office","FC8A","2502","2860 - ","18,395.50","","-","LING GUAN JEAT","RCMS - CR FPX","","-"
"506061304070","Current Account","GENTING MALAYSIA BERHAD","MYR","2020-09-12 MY (UTC+08:00)","2020-09-12 MY (UTC+08:00)","7","132","1,000.00","1,000.00","-","-","12/Sep/2020 MY (UTC+08:00)","22:10 MY (UTC+08:00)","2009122209200307","T027394761020","-","100.00","025 - Office","FC8A","2502","2860 - ","18,495.50","","-","TH'NG SOON CHIEN","RCMS - CR FPX","","-"
"506061304070","Current Account","GENTING MALAYSIA BERHAD","MYR","2020-09-12 MY (UTC+08:00)","2020-09-12 MY (UTC+08:00)","7","132","1,000.00","1,000.00","-","-","12/Sep/2020 MY (UTC+08:00)","22:24 MY (UTC+08:00)","2009122224100379","T027395749220","-","270.00","025 - Office","FC8C","2502","2860 - ","18,765.50","","-","LIM XIN YEE","RCMS - CR FPX","","-"
"506061304070","Current Account","GENTING MALAYSIA BERHAD","MYR","2020-09-12 MY (UTC+08:00)","2020-09-12 MY (UTC+08:00)","7","132","1,000.00","1,000.00","-","-","12/Sep/2020 MY (UTC+08:00)","22:28 MY (UTC+08:00)","2009122227130467","T027395934620","-","110.00","025 - Office","FC8A","2502","2860 - ","18,875.50","","-","KOK CHIN PAO","RCMS - CR FPX","","-"
"506061304070","Current Account","GENTING MALAYSIA BERHAD","MYR","2020-09-12 MY (UTC+08:00)","2020-09-12 MY (UTC+08:00)","7","132","1,000.00","1,000.00","-","-","12/Sep/2020 MY (UTC+08:00)","22:31 MY (UTC+08:00)","2009122230050357","T027396114920","-","70.00","025 - Office","FC8C","2502","2860 - ","18,945.50","","-","KHONG KIN MENG","RCMS - CR FPX","","-"
"506061304070","Current Account","GENTING MALAYSIA BERHAD","MYR","2020-09-12 MY (UTC+08:00)","2020-09-12 MY (UTC+08:00)","7","132","1,000.00","1,000.00","-","-","12/Sep/2020 MY (UTC+08:00)","22:32 MY (UTC+08:00)","2009122231340801","T027396194120","-","140.00","025 - Office","FC8B","2502","2860 - ","19,085.50","","-","CHONG YAN FAIR","RCMS - CR FPX","","-"
"506061304070","Current Account","GENTING MALAYSIA BERHAD","MYR","2020-09-12 MY (UTC+08:00)","2020-09-12 MY (UTC+08:00)","7","132","1,000.00","1,000.00","-","-","12/Sep/2020 MY (UTC+08:00)","22:39 MY (UTC+08:00)","2009122238350834","T027396732620","-","70.00","025 - Office","FC8A","2502","2860 - ","19,155.50","","-","TEH HAN JIEN","RCMS - CR FPX","","-"
"506061304070","Current Account","GENTING MALAYSIA BERHAD","MYR","2020-09-12 MY (UTC+08:00)","2020-09-12 MY (UTC+08:00)","7","132","1,000.00","1,000.00","-","-","12/Sep/2020 MY (UTC+08:00)","22:46 MY (UTC+08:00)","2009122244550710","T027397100420","-","160.00","025 - Office","FC8A","2502","2860 - ","19,315.50","","-","KOK HEONG NGOK","RCMS - CR FPX","","-"
"506061304070","Current Account","GENTING MALAYSIA BERHAD","MYR","2020-09-12 MY (UTC+08:00)","2020-09-12 MY (UTC+08:00)","7","132","1,000.00","1,000.00","-","-","12/Sep/2020 MY (UTC+08:00)","22:51 MY (UTC+08:00)","2009122248500374","T027397401920","-","250.00","025 - Office","FC8A","2502","2860 - ","19,565.50","","-","KHOR BOON PING","RCMS - CR FPX","","-"
"506061304070","Current Account","GENTING MALAYSIA BERHAD","MYR","2020-09-12 MY (UTC+08:00)","2020-09-12 MY (UTC+08:00)","7","132","1,000.00","1,000.00","-","-","12/Sep/2020 MY (UTC+08:00)","22:59 MY (UTC+08:00)","2009122257500632","T027397941320","-","220.00","025 - Office","FC8A","2502","2860 - ","19,785.50","","-","YEOH HONG CHOO","RCMS - CR FPX","","-"
"506061304070","Current Account","GENTING MALAYSIA BERHAD","MYR","2020-09-12 MY (UTC+08:00)","2020-09-12 MY (UTC+08:00)","7","132","1,000.00","1,000.00","-","-","12/Sep/2020 MY (UTC+08:00)","22:59 MY (UTC+08:00)","2009122259160892","T027398027720","-","140.00","025 - Office","FC8C","2502","2860 - ","19,925.50","","-","TAN CHER SHENG","RCMS - CR FPX","","-"
"506061304070","Current Account","GENTING MALAYSIA BERHAD","MYR","2020-09-12 MY (UTC+08:00)","2020-09-12 MY (UTC+08:00)","7","132","1,000.00","1,000.00","-","-","12/Sep/2020 MY (UTC+08:00)","23:05 MY (UTC+08:00)","2009122304100934","T027398301920","-","140.00","025 - Office","FC8A","2502","2860 - ","20,065.50","","-","LIM YING KIT","RCMS - CR FPX","","-"
"506061304070","Current Account","GENTING MALAYSIA BERHAD","MYR","2020-09-12 MY (UTC+08:00)","2020-09-12 MY (UTC+08:00)","7","132","1,000.00","1,000.00","-","-","12/Sep/2020 MY (UTC+08:00)","23:06 MY (UTC+08:00)","2009122304030825","T027398286620","-","70.00","025 - Office","FC8E","2502","2860 - ","20,135.50","","-","NG YAN LIM @ CHIA YA","RCMS - CR FPX","","-"
"506061304070","Current Account","GENTING MALAYSIA BERHAD","MYR","2020-09-12 MY (UTC+08:00)","2020-09-12 MY (UTC+08:00)","7","132","1,000.00","1,000.00","-","-","12/Sep/2020 MY (UTC+08:00)","23:18 MY (UTC+08:00)","2009122317460828","T027399051320","-","100.00","025 - Office","FC8A","2502","2860 - ","20,235.50","","-","TAN POH YING","RCMS - CR FPX","","-"
"506061304070","Current Account","GENTING MALAYSIA BERHAD","MYR","2020-09-12 MY (UTC+08:00)","2020-09-12 MY (UTC+08:00)","7","132","1,000.00","1,000.00","-","-","12/Sep/2020 MY (UTC+08:00)","23:19 MY (UTC+08:00)","2009122316410944","T027398998520","-","160.00","025 - Office","FC8B","2502","2860 - ","20,395.50","","-","TANG W CHUAN/YEW C K","RCMS - CR FPX","","-"
"506061304070","Current Account","GENTING MALAYSIA BERHAD","MYR","2020-09-12 MY (UTC+08:00)","2020-09-12 MY (UTC+08:00)","7","132","1,000.00","1,000.00","-","-","12/Sep/2020 MY (UTC+08:00)","23:36 MY (UTC+08:00)","2009122335490926","T027399998720","-","160.00","025 - Office","FC8A","2502","2860 - ","20,555.50","","-","LEE MING FEE","RCMS - CR FPX","","-"
"506061304070","Current Account","GENTING MALAYSIA BERHAD","MYR","2020-09-12 MY (UTC+08:00)","2020-09-12 MY (UTC+08:00)","7","132","1,000.00","1,000.00","-","-","12/Sep/2020 MY (UTC+08:00)","23:43 MY (UTC+08:00)","2009122342020007","T027400294520","-","180.00","025 - Office","FC8D","2502","2860 - ","20,735.50","","-","OI NGOK SING","RCMS - CR FPX","","-"
"506061304070","Current Account","GENTING MALAYSIA BERHAD","MYR","2020-09-12 MY (UTC+08:00)","2020-09-12 MY (UTC+08:00)","7","132","1,000.00","1,000.00","-","-","12/Sep/2020 MY (UTC+08:00)","23:50 MY (UTC+08:00)","2009122349520784","T027400628120","-","80.00","025 - Office","FC8A","2502","2860 - ","20,815.50","","-","THEAN THIN WHY","RCMS - CR FPX","","-"
"506061304070","Current Account","GENTING MALAYSIA BERHAD","MYR","2020-09-12 MY (UTC+08:00)","2020-09-12 MY (UTC+08:00)","7","132","1,000.00","1,000.00","-","-","12/Sep/2020 MY (UTC+08:00)","00:46 MY (UTC+08:00)","QRCASA SALES M/N 0035433 DATED 12092020","","-","465.00","011 - System","CBSX425P","2988","8301 - BILLS PAYMENT CREDIT","21,280.50","","-","","","","-"
"506061304070","Current Account","GENTING MALAYSIA BERHAD","MYR","2020-09-12 MY (UTC+08:00)","2020-09-12 MY (UTC+08:00)","7","132","1,000.00","1,000.00","-","-","12/Sep/2020 MY (UTC+08:00)","00:47 MY (UTC+08:00)","S/C TRANS VIA QRPAY 000027060035433","","1.16","-","011 - System","CBSX4237","2996","PCSCDR - PAYEE CORP SERVICE CHARGE DEBIT","21,279.34","","-","","","","-"
"506061304070","Current Account","GENTING MALAYSIA BERHAD","MYR","2020-09-12 MY (UTC+08:00)","2020-09-12 MY (UTC+08:00)","7","132","1,000.00","1,000.00","-","-","12/Sep/2020 MY (UTC+08:00)","01:23 MY (UTC+08:00)","GENTING MALAYSIA BERHAD","514011468149","23,525.20","-","011 - System","BTCH6587","0606","XFRDR - FUND TRANSFER DEBIT","-2,245.86","","-","","","","-"
"506061304070","Current Account","GENTING MALAYSIA BERHAD","MYR","2020-09-12 MY (UTC+08:00)","2020-09-12 MY (UTC+08:00)","7","132","1,000.00","1,000.00","-","-","12/Sep/2020 MY (UTC+08:00)","01:23 MY (UTC+08:00)","XFR DEBIT SVC CHARGE","","2.00","-","011 - System","BTCH6587","0606","XFRDRSVC - SERVICE CHARGE","-2,247.86","","-","","","","-"
"506061304070","Current Account","GENTING MALAYSIA BERHAD","MYR","2020-09-12 MY (UTC+08:00)","2020-09-12 MY (UTC+08:00)","7","132","1,000.00","1,000.00","-","-","12/Sep/2020 MY (UTC+08:00)","02:37 MY (UTC+08:00)","DR/CARD SALES M/N 4000006 DATED 11092020","","-","627.50","006 - Pos","CBSX408R","2977","8300 - CREDIT ACCOUNT","-1,620.36","","-","","","","-"
"506061304070","Current Account","GENTING MALAYSIA BERHAD","MYR","2020-09-12 MY (UTC+08:00)","2020-09-12 MY (UTC+08:00)","7","132","1,000.00","1,000.00","-","-","12/Sep/2020 MY (UTC+08:00)","02:37 MY (UTC+08:00)","DR/CARD SALES M/N 4000006 DATED 11092020","","1.57","-","011 - System","CBSX408R","2981","BCHARGE - ELECTRONIC TRANSACTION CHARGES","-1,621.93","","-","","","","-"
"506061304070","Current Account","GENTING MALAYSIA BERHAD","MYR","2020-09-12 MY (UTC+08:00)","2020-09-12 MY (UTC+08:00)","7","132","1,000.00","1,000.00","-","-","12/Sep/2020 MY (UTC+08:00)","02:40 MY (UTC+08:00)","DR/CARD SALES M/N 4239893 DATED 11092020","","-","22.00","006 - Pos","CBSX408R","3121","8300 - CREDIT ACCOUNT","-1,599.93","","-","","","","-"
"506061304070","Current Account","GENTING MALAYSIA BERHAD","MYR","2020-09-12 MY (UTC+08:00)","2020-09-12 MY (UTC+08:00)","7","132","1,000.00","1,000.00","-","-","12/Sep/2020 MY (UTC+08:00)","02:40 MY (UTC+08:00)","DR/CARD SALES M/N 4000006 DATED 11092020","","-","804.00","006 - Pos","CBSX408R","3121","8300 - CREDIT ACCOUNT","-795.93","","-","","","","-"
"506061304070","Current Account","GENTING MALAYSIA BERHAD","MYR","2020-09-12 MY (UTC+08:00)","2020-09-12 MY (UTC+08:00)","7","132","1,000.00","1,000.00","-","-","12/Sep/2020 MY (UTC+08:00)","02:40 MY (UTC+08:00)","DR/CARD SALES M/N 4239893 DATED 11092020","","0.06","-","011 - System","CBSX408R","2981","BCHARGE - ELECTRONIC TRANSACTION CHARGES","-795.99","","-","","","","-"
"506061304070","Current Account","GENTING MALAYSIA BERHAD","MYR","2020-09-12 MY (UTC+08:00)","2020-09-12 MY (UTC+08:00)","7","132","1,000.00","1,000.00","-","-","12/Sep/2020 MY (UTC+08:00)","02:40 MY (UTC+08:00)","DR/CARD SALES M/N 4000006 DATED 11092020","","2.01","-","011 - System","CBSX408R","2981","BCHARGE - ELECTRONIC TRANSACTION CHARGES","-798.00","","-","","","","-"
"506061304070","Current Account","GENTING MALAYSIA BERHAD","MYR","2020-09-12 MY (UTC+08:00)","2020-09-12 MY (UTC+08:00)","7","132","1,000.00","1,000.00","-","-","12/Sep/2020 MY (UTC+08:00)","04:22 MY (UTC+08:00)","2009120019270397","T027317756420","-","60.00","025 - Office","FC8A","2502","2860 - ","-738.00","","-","GAN SZU SZU","RCMS - CR FPX","","-"
"506061304070","Current Account","GENTING MALAYSIA BERHAD","MYR","2020-09-12 MY (UTC+08:00)","2020-09-12 MY (UTC+08:00)","7","132","1,000.00","1,000.00","-","-","12/Sep/2020 MY (UTC+08:00)","04:22 MY (UTC+08:00)","2009120018060954","T027317661620","-","180.00","025 - Office","FC8A","2502","2860 - ","-558.00","","-","YEE ZHUAN CHENG","RCMS - CR FPX","","-"
"506061304070","Current Account","GENTING MALAYSIA BERHAD","MYR","2020-09-12 MY (UTC+08:00)","2020-09-12 MY (UTC+08:00)","7","132","1,000.00","1,000.00","-","-","12/Sep/2020 MY (UTC+08:00)","04:22 MY (UTC+08:00)","2009120027220033","T027318046820","-","220.00","025 - Office","FC8A","2502","2860 - ","-338.00","","-","HOE HUI YING","RCMS - CR FPX","","-"
"506061304070","Current Account","GENTING MALAYSIA BERHAD","MYR","2020-09-12 MY (UTC+08:00)","2020-09-12 MY (UTC+08:00)","7","132","1,000.00","1,000.00","-","-","12/Sep/2020 MY (UTC+08:00)","04:22 MY (UTC+08:00)","2009120124310731","T027320069420","-","110.00","025 - Office","FC8A","2502","2860 - ","-228.00","","-","CHIA MING SAN","RCMS - CR FPX","","-"
"506061304070","Current Account","GENTING MALAYSIA BERHAD","MYR","2020-09-12 MY (UTC+08:00)","2020-09-12 MY (UTC+08:00)","7","132","1,000.00","1,000.00","-","-","12/Sep/2020 MY (UTC+08:00)","04:22 MY (UTC+08:00)","2009120132510659","T027320309120","-","80.00","025 - Office","FC8B","2502","2860 - ","-148.00","","-","FOONG PIK XIN","RCMS - CR FPX","","-"
"506061304070","Current Account","GENTING MALAYSIA BERHAD","MYR","2020-09-12 MY (UTC+08:00)","2020-09-12 MY (UTC+08:00)","7","132","1,000.00","1,000.00","-","-","12/Sep/2020 MY (UTC+08:00)","04:22 MY (UTC+08:00)","2009120138430894","T027320460620","-","400.00","025 - Office","FC8A","2502","2860 - ","252.00","","-","ZODIANA ADELYN BINTI","RCMS - CR FPX","","-"
"506061304070","Current Account","GENTING MALAYSIA BERHAD","MYR","2020-09-12 MY (UTC+08:00)","2020-09-12 MY (UTC+08:00)","7","132","1,000.00","1,000.00","-","-","12/Sep/2020 MY (UTC+08:00)","04:22 MY (UTC+08:00)","2009120143110821","T027320570120","-","260.00","025 - Office","FC8A","2502","2860 - ","512.00","","-","AARON TOH SHEE ZHEN","RCMS - CR FPX","","-"
"506061304070","Current Account","GENTING MALAYSIA BERHAD","MYR","2020-09-12 MY (UTC+08:00)","2020-09-12 MY (UTC+08:00)","7","132","1,000.00","1,000.00","-","-","12/Sep/2020 MY (UTC+08:00)","04:22 MY (UTC+08:00)","2009120302360345","T027322095620","-","80.00","025 - Office","FC8B","2502","2860 - ","592.00","","-","LIM JIA HUI","RCMS - CR FPX","","-"
"506061304070","Current Account","GENTING MALAYSIA BERHAD","MYR","2020-09-12 MY (UTC+08:00)","2020-09-12 MY (UTC+08:00)","7","132","1,000.00","1,000.00","-","-","12/Sep/2020 MY (UTC+08:00)","04:22 MY (UTC+08:00)","2009120323590605","T027322354220","-","179.00","025 - Office","FC8A","2502","2860 - ","771.00","","-","TAN FONG YEE","RCMS - CR FPX","","-"
"506061304070","Current Account","GENTING MALAYSIA BERHAD","MYR","2020-09-12 MY (UTC+08:00)","2020-09-12 MY (UTC+08:00)","7","132","1,000.00","1,000.00","-","-","12/Sep/2020 MY (UTC+08:00)","04:22 MY (UTC+08:00)","2009120350110916","T027322611320","-","229.00","025 - Office","FC8A","2502","2860 - ","1,000.00","","-","TAN FONG YEE","RCMS - CR FPX","","-"
