﻿Account Number,Account Type,Account Name,Account Currency,Date From,Date To,Total Debit,Total Credit,Begin Balance,End Balance,Transaction Date,Transaction Time,Posting Date,Processing Time,Transaction Description,Transaction Ref,Debit,Credit,Source Code,Teller ID,Branch/Channel,Transaction Code,End Balance,Filler,Virtual Account,Transaction Description 2,Transaction Description 3,Transaction Description 4,Expiry Date
"506061304070","Current Account","GENTING MALAYSIA BERHAD","MYR","2020-09-13 MY (UTC+08:00)","2020-09-13 MY (UTC+08:00)","8","127","1,000.00","1,000.00","-","-","13/Sep/2020 MY (UTC+08:00)","07:44 MY (UTC+08:00)","2009130743290981","T027409428920","-","140.00","025 - Office","FC8A","2502","2860 - ","1,140.00","","-","LAI CHEK SAN","RCMS - CR FPX","","-"
"506061304070","Current Account","GENTING MALAYSIA BERHAD","MYR","2020-09-13 MY (UTC+08:00)","2020-09-13 MY (UTC+08:00)","8","127","1,000.00","1,000.00","-","-","13/Sep/2020 MY (UTC+08:00)","09:02 MY (UTC+08:00)","2009130901360392","T027412609220","-","80.00","025 - Office","FC8B","2502","2860 - ","1,220.00","","-","TAN SIM LOO","RCMS - CR FPX","","-"
"506061304070","Current Account","GENTING MALAYSIA BERHAD","MYR","2020-09-13 MY (UTC+08:00)","2020-09-13 MY (UTC+08:00)","8","127","1,000.00","1,000.00","-","-","13/Sep/2020 MY (UTC+08:00)","09:14 MY (UTC+08:00)","2009130913190680","T027413162720","-","140.00","025 - Office","FC8A","2502","2860 - ","1,360.00","","-","TENGKU PUTERI ATIQAH","RCMS - CR FPX","","-"
"506061304070","Current Account","GENTING MALAYSIA BERHAD","MYR","2020-09-13 MY (UTC+08:00)","2020-09-13 MY (UTC+08:00)","8","127","1,000.00","1,000.00","-","-","13/Sep/2020 MY (UTC+08:00)","09:51 MY (UTC+08:00)","2009130950340001","T027415278020","-","700.00","025 - Office","FC8A","2502","2860 - ","2,060.00","","-","YUSLINDA BINTI MOHAM","RCMS - CR FPX","","-"
"506061304070","Current Account","GENTING MALAYSIA BERHAD","MYR","2020-09-13 MY (UTC+08:00)","2020-09-13 MY (UTC+08:00)","8","127","1,000.00","1,000.00","-","-","13/Sep/2020 MY (UTC+08:00)","09:55 MY (UTC+08:00)","2009130954030357","T027415495820","-","110.00","025 - Office","FC8B","2502","2860 - ","2,170.00","","-","KOW YEN LING","RCMS - CR FPX","","-"
"506061304070","Current Account","GENTING MALAYSIA BERHAD","MYR","2020-09-13 MY (UTC+08:00)","2020-09-13 MY (UTC+08:00)","8","127","1,000.00","1,000.00","-","-","13/Sep/2020 MY (UTC+08:00)","09:57 MY (UTC+08:00)","2009130956560128","T027415671020","-","70.00","025 - Office","FC8A","2502","2860 - ","2,240.00","","-","WEE WAI MING","RCMS - CR FPX","","-"
"506061304070","Current Account","GENTING MALAYSIA BERHAD","MYR","2020-09-13 MY (UTC+08:00)","2020-09-13 MY (UTC+08:00)","8","127","1,000.00","1,000.00","-","-","13/Sep/2020 MY (UTC+08:00)","09:58 MY (UTC+08:00)","2009130957230576","T027415687220","-","80.00","025 - Office","FC8A","2502","2860 - ","2,320.00","","-","NOR IZZATI BINTI ZAD","RCMS - CR FPX","","-"
"506061304070","Current Account","GENTING MALAYSIA BERHAD","MYR","2020-09-13 MY (UTC+08:00)","2020-09-13 MY (UTC+08:00)","8","127","1,000.00","1,000.00","-","-","13/Sep/2020 MY (UTC+08:00)","10:08 MY (UTC+08:00)","2009131007080512","T027416344520","-","80.00","025 - Office","FC8D","2502","2860 - ","2,400.00","","-","COLLINA SHU SIEW TIN","RCMS - CR FPX","","-"
"506061304070","Current Account","GENTING MALAYSIA BERHAD","MYR","2020-09-13 MY (UTC+08:00)","2020-09-13 MY (UTC+08:00)","8","127","1,000.00","1,000.00","-","-","13/Sep/2020 MY (UTC+08:00)","10:17 MY (UTC+08:00)","2009131016470903","T027417045320","-","200.00","025 - Office","FC8A","2502","2860 - ","2,600.00","","-","MOHD HARUSSANI BIN R","RCMS - CR FPX","","-"
"506061304070","Current Account","GENTING MALAYSIA BERHAD","MYR","2020-09-13 MY (UTC+08:00)","2020-09-13 MY (UTC+08:00)","8","127","1,000.00","1,000.00","-","-","13/Sep/2020 MY (UTC+08:00)","10:24 MY (UTC+08:00)","2009131023460469","T027417556520","-","60.00","025 - Office","FC8A","2502","2860 - ","2,660.00","","-","TAN LIH UEI","RCMS - CR FPX","","-"
"506061304070","Current Account","GENTING MALAYSIA BERHAD","MYR","2020-09-13 MY (UTC+08:00)","2020-09-13 MY (UTC+08:00)","8","127","1,000.00","1,000.00","-","-","13/Sep/2020 MY (UTC+08:00)","10:25 MY (UTC+08:00)","2009131024500708","T027417627620","-","296.00","025 - Office","FC8B","2502","2860 - ","2,956.00","","-","ZABRI BIN MAT NOR","RCMS - CR FPX","","-"
"506061304070","Current Account","GENTING MALAYSIA BERHAD","MYR","2020-09-13 MY (UTC+08:00)","2020-09-13 MY (UTC+08:00)","8","127","1,000.00","1,000.00","-","-","13/Sep/2020 MY (UTC+08:00)","10:35 MY (UTC+08:00)","2009131032380521","T027418206920","-","60.00","025 - Office","FC8A","2502","2860 - ","3,016.00","","-","TAN LIH UEI","RCMS - CR FPX","","-"
"506061304070","Current Account","GENTING MALAYSIA BERHAD","MYR","2020-09-13 MY (UTC+08:00)","2020-09-13 MY (UTC+08:00)","8","127","1,000.00","1,000.00","-","-","13/Sep/2020 MY (UTC+08:00)","10:38 MY (UTC+08:00)","2009131037070377","T027418537820","-","60.00","025 - Office","FC8A","2502","2860 - ","3,076.00","","-","TAN LIH UEI","RCMS - CR FPX","","-"
"506061304070","Current Account","GENTING MALAYSIA BERHAD","MYR","2020-09-13 MY (UTC+08:00)","2020-09-13 MY (UTC+08:00)","8","127","1,000.00","1,000.00","-","-","13/Sep/2020 MY (UTC+08:00)","10:45 MY (UTC+08:00)","2009131044140413","T027419032820","-","60.00","025 - Office","FC8B","2502","2860 - ","3,136.00","","-","TAN LIH UEI","RCMS - CR FPX","","-"
"506061304070","Current Account","GENTING MALAYSIA BERHAD","MYR","2020-09-13 MY (UTC+08:00)","2020-09-13 MY (UTC+08:00)","8","127","1,000.00","1,000.00","-","-","13/Sep/2020 MY (UTC+08:00)","11:11 MY (UTC+08:00)","2009131109120709","T027420942320","-","80.00","025 - Office","FC8C","2502","2860 - ","3,216.00","","-","LEE CHEE SIEN","RCMS - CR FPX","","-"
"506061304070","Current Account","GENTING MALAYSIA BERHAD","MYR","2020-09-13 MY (UTC+08:00)","2020-09-13 MY (UTC+08:00)","8","127","1,000.00","1,000.00","-","-","13/Sep/2020 MY (UTC+08:00)","11:21 MY (UTC+08:00)","2009131121200995","T027421980620","-","70.00","025 - Office","FC8C","2502","2860 - ","3,286.00","","-","TAN YUN NEE","RCMS - CR FPX","","-"
"506061304070","Current Account","GENTING MALAYSIA BERHAD","MYR","2020-09-13 MY (UTC+08:00)","2020-09-13 MY (UTC+08:00)","8","127","1,000.00","1,000.00","-","-","13/Sep/2020 MY (UTC+08:00)","11:26 MY (UTC+08:00)","2009131125140808","T027422293520","-","80.00","025 - Office","FC8B","2502","2860 - ","3,366.00","","-","LEE ZHE XUAN","RCMS - CR FPX","","-"
"506061304070","Current Account","GENTING MALAYSIA BERHAD","MYR","2020-09-13 MY (UTC+08:00)","2020-09-13 MY (UTC+08:00)","8","127","1,000.00","1,000.00","-","-","13/Sep/2020 MY (UTC+08:00)","11:28 MY (UTC+08:00)","2009131126320409","T027422411420","-","170.00","025 - Office","FC8D","2502","2860 - ","3,536.00","","-","WANG ZHI XUAN","RCMS - CR FPX","","-"
"506061304070","Current Account","GENTING MALAYSIA BERHAD","MYR","2020-09-13 MY (UTC+08:00)","2020-09-13 MY (UTC+08:00)","8","127","1,000.00","1,000.00","-","-","13/Sep/2020 MY (UTC+08:00)","11:32 MY (UTC+08:00)","2009131130290422","T027422738120","-","80.00","025 - Office","FC8A","2502","2860 - ","3,616.00","","-","NURUL HIDAYAH BTE AB","RCMS - CR FPX","","-"
"506061304070","Current Account","GENTING MALAYSIA BERHAD","MYR","2020-09-13 MY (UTC+08:00)","2020-09-13 MY (UTC+08:00)","8","127","1,000.00","1,000.00","-","-","13/Sep/2020 MY (UTC+08:00)","11:39 MY (UTC+08:00)","2009131138210192","T027423364820","-","80.00","025 - Office","FC8A","2502","2860 - ","3,696.00","","-","TEH AI LING","RCMS - CR FPX","","-"
"506061304070","Current Account","GENTING MALAYSIA BERHAD","MYR","2020-09-13 MY (UTC+08:00)","2020-09-13 MY (UTC+08:00)","8","127","1,000.00","1,000.00","-","-","13/Sep/2020 MY (UTC+08:00)","11:40 MY (UTC+08:00)","2009131139230524","T027423457220","-","70.00","025 - Office","FC8B","2502","2860 - ","3,766.00","","-","JEANNIE OI JING YI","RCMS - CR FPX","","-"
"506061304070","Current Account","GENTING MALAYSIA BERHAD","MYR","2020-09-13 MY (UTC+08:00)","2020-09-13 MY (UTC+08:00)","8","127","1,000.00","1,000.00","-","-","13/Sep/2020 MY (UTC+08:00)","11:49 MY (UTC+08:00)","2009131148400733","T027424277720","-","800.00","025 - Office","FC8B","2502","2860 - ","4,566.00","","-","SIA WEI KIAN","RCMS - CR FPX","","-"
"506061304070","Current Account","GENTING MALAYSIA BERHAD","MYR","2020-09-13 MY (UTC+08:00)","2020-09-13 MY (UTC+08:00)","8","127","1,000.00","1,000.00","-","-","13/Sep/2020 MY (UTC+08:00)","11:58 MY (UTC+08:00)","2009131157570199","T027425154620","-","80.00","025 - Office","FC8A","2502","2860 - ","4,646.00","","-","LAM KHAI SHENG","RCMS - CR FPX","","-"
"506061304070","Current Account","GENTING MALAYSIA BERHAD","MYR","2020-09-13 MY (UTC+08:00)","2020-09-13 MY (UTC+08:00)","8","127","1,000.00","1,000.00","-","-","13/Sep/2020 MY (UTC+08:00)","12:34 MY (UTC+08:00)","2009131233290912","T027428376620","-","70.00","025 - Office","FC8C","2502","2860 - ","4,716.00","","-","MOK KAI SING","RCMS - CR FPX","","-"
"506061304070","Current Account","GENTING MALAYSIA BERHAD","MYR","2020-09-13 MY (UTC+08:00)","2020-09-13 MY (UTC+08:00)","8","127","1,000.00","1,000.00","-","-","13/Sep/2020 MY (UTC+08:00)","12:36 MY (UTC+08:00)","2009131234000650","T027428410220","-","140.00","025 - Office","FC8D","2502","2860 - ","4,856.00","","-","LIM CHIN SANG","RCMS - CR FPX","","-"
"506061304070","Current Account","GENTING MALAYSIA BERHAD","MYR","2020-09-13 MY (UTC+08:00)","2020-09-13 MY (UTC+08:00)","8","127","1,000.00","1,000.00","-","-","13/Sep/2020 MY (UTC+08:00)","12:43 MY (UTC+08:00)","2009131242090680","T027429125120","-","70.00","025 - Office","FC8B","2502","2860 - ","4,926.00","","-","CIK ROSASPARINA BINT","RCMS - CR FPX","","-"
"506061304070","Current Account","GENTING MALAYSIA BERHAD","MYR","2020-09-13 MY (UTC+08:00)","2020-09-13 MY (UTC+08:00)","8","127","1,000.00","1,000.00","-","-","13/Sep/2020 MY (UTC+08:00)","12:43 MY (UTC+08:00)","2009131243010810","T027429179720","-","70.00","025 - Office","FC8C","2502","2860 - ","4,996.00","","-","MOK KAI SING","RCMS - CR FPX","","-"
"506061304070","Current Account","GENTING MALAYSIA BERHAD","MYR","2020-09-13 MY (UTC+08:00)","2020-09-13 MY (UTC+08:00)","8","127","1,000.00","1,000.00","-","-","13/Sep/2020 MY (UTC+08:00)","12:48 MY (UTC+08:00)","2009131248020545","T027429611120","-","80.00","025 - Office","FC8B","2502","2860 - ","5,076.00","","-","TAN PEI SZE","RCMS - CR FPX","","-"
"506061304070","Current Account","GENTING MALAYSIA BERHAD","MYR","2020-09-13 MY (UTC+08:00)","2020-09-13 MY (UTC+08:00)","8","127","1,000.00","1,000.00","-","-","13/Sep/2020 MY (UTC+08:00)","13:00 MY (UTC+08:00)","2009131257420353","T027430436420","-","70.00","025 - Office","FC8C","2502","2860 - ","5,146.00","","-","TAI MUN KON","RCMS - CR FPX","","-"
"506061304070","Current Account","GENTING MALAYSIA BERHAD","MYR","2020-09-13 MY (UTC+08:00)","2020-09-13 MY (UTC+08:00)","8","127","1,000.00","1,000.00","-","-","13/Sep/2020 MY (UTC+08:00)","13:07 MY (UTC+08:00)","2009131306380963","T027431153720","-","70.00","025 - Office","FC8C","2502","2860 - ","5,216.00","","-","MOK KAI SING","RCMS - CR FPX","","-"
"506061304070","Current Account","GENTING MALAYSIA BERHAD","MYR","2020-09-13 MY (UTC+08:00)","2020-09-13 MY (UTC+08:00)","8","127","1,000.00","1,000.00","-","-","13/Sep/2020 MY (UTC+08:00)","13:12 MY (UTC+08:00)","2009131311450529","T027431562320","-","70.00","025 - Office","FC8A","2502","2860 - ","5,286.00","","-","KOEK LI HUI","RCMS - CR FPX","","-"
"506061304070","Current Account","GENTING MALAYSIA BERHAD","MYR","2020-09-13 MY (UTC+08:00)","2020-09-13 MY (UTC+08:00)","8","127","1,000.00","1,000.00","-","-","13/Sep/2020 MY (UTC+08:00)","13:18 MY (UTC+08:00)","2009131317010305","T027431973020","-","110.00","025 - Office","FC8A","2502","2860 - ","5,396.00","","-","LEE ZUI HONG","RCMS - CR FPX","","-"
"506061304070","Current Account","GENTING MALAYSIA BERHAD","MYR","2020-09-13 MY (UTC+08:00)","2020-09-13 MY (UTC+08:00)","8","127","1,000.00","1,000.00","-","-","13/Sep/2020 MY (UTC+08:00)","13:22 MY (UTC+08:00)","2009131321310995","T027432322520","-","64.00","025 - Office","FC8A","2502","2860 - ","5,460.00","","-","CHAI KWONG CHEONG","RCMS - CR FPX","","-"
"506061304070","Current Account","GENTING MALAYSIA BERHAD","MYR","2020-09-13 MY (UTC+08:00)","2020-09-13 MY (UTC+08:00)","8","127","1,000.00","1,000.00","-","-","13/Sep/2020 MY (UTC+08:00)","13:24 MY (UTC+08:00)","2009131323500930","T027432541520","-","378.00","025 - Office","FC8C","2502","2860 - ","5,838.00","","-","AIMI BAZILAH BINTI K","RCMS - CR FPX","","-"
"506061304070","Current Account","GENTING MALAYSIA BERHAD","MYR","2020-09-13 MY (UTC+08:00)","2020-09-13 MY (UTC+08:00)","8","127","1,000.00","1,000.00","-","-","13/Sep/2020 MY (UTC+08:00)","13:26 MY (UTC+08:00)","2009131325580591","T027432732320","-","110.00","025 - Office","FC8B","2502","2860 - ","5,948.00","","-","TAI JUN HAO","RCMS - CR FPX","","-"
"506061304070","Current Account","GENTING MALAYSIA BERHAD","MYR","2020-09-13 MY (UTC+08:00)","2020-09-13 MY (UTC+08:00)","8","127","1,000.00","1,000.00","-","-","13/Sep/2020 MY (UTC+08:00)","13:27 MY (UTC+08:00)","2009131326200049","T027432681620","-","140.00","025 - Office","FC8A","2502","2860 - ","6,088.00","","-","TYU SU RONG","RCMS - CR FPX","","-"
"506061304070","Current Account","GENTING MALAYSIA BERHAD","MYR","2020-09-13 MY (UTC+08:00)","2020-09-13 MY (UTC+08:00)","8","127","1,000.00","1,000.00","-","-","13/Sep/2020 MY (UTC+08:00)","13:32 MY (UTC+08:00)","2009131331030104","T027433126220","-","80.00","025 - Office","FC8B","2502","2860 - ","6,168.00","","-","TEOH PEK CHI","RCMS - CR FPX","","-"
"506061304070","Current Account","GENTING MALAYSIA BERHAD","MYR","2020-09-13 MY (UTC+08:00)","2020-09-13 MY (UTC+08:00)","8","127","1,000.00","1,000.00","-","-","13/Sep/2020 MY (UTC+08:00)","13:59 MY (UTC+08:00)","2009131358250100","T027435324320","-","70.00","025 - Office","FC8C","2502","2860 - ","6,238.00","","-","MAK MING HUEI","RCMS - CR FPX","","-"
"506061304070","Current Account","GENTING MALAYSIA BERHAD","MYR","2020-09-13 MY (UTC+08:00)","2020-09-13 MY (UTC+08:00)","8","127","1,000.00","1,000.00","-","-","13/Sep/2020 MY (UTC+08:00)","13:59 MY (UTC+08:00)","2009131359060975","T027435375020","-","80.00","025 - Office","FC8B","2502","2860 - ","6,318.00","","-","CHAR YUEN CHOOI","RCMS - CR FPX","","-"
"506061304070","Current Account","GENTING MALAYSIA BERHAD","MYR","2020-09-13 MY (UTC+08:00)","2020-09-13 MY (UTC+08:00)","8","127","1,000.00","1,000.00","-","-","13/Sep/2020 MY (UTC+08:00)","14:00 MY (UTC+08:00)","2009131359160177","T027435361220","-","160.00","025 - Office","FC8C","2502","2860 - ","6,478.00","","-","KHOR TZI CHUAN","RCMS - CR FPX","","-"
"506061304070","Current Account","GENTING MALAYSIA BERHAD","MYR","2020-09-13 MY (UTC+08:00)","2020-09-13 MY (UTC+08:00)","8","127","1,000.00","1,000.00","-","-","13/Sep/2020 MY (UTC+08:00)","14:07 MY (UTC+08:00)","2009131406470766","T027435978320","-","70.00","025 - Office","FC8A","2502","2860 - ","6,548.00","","-","THOO PUI LING","RCMS - CR FPX","","-"
"506061304070","Current Account","GENTING MALAYSIA BERHAD","MYR","2020-09-13 MY (UTC+08:00)","2020-09-13 MY (UTC+08:00)","8","127","1,000.00","1,000.00","-","-","13/Sep/2020 MY (UTC+08:00)","14:20 MY (UTC+08:00)","2009131419160400","T027436916720","-","140.00","025 - Office","FC8A","2502","2860 - ","6,688.00","","-","NG WEI JYUAN","RCMS - CR FPX","","-"
"506061304070","Current Account","GENTING MALAYSIA BERHAD","MYR","2020-09-13 MY (UTC+08:00)","2020-09-13 MY (UTC+08:00)","8","127","1,000.00","1,000.00","-","-","13/Sep/2020 MY (UTC+08:00)","14:47 MY (UTC+08:00)","2009131446580269","T027439012520","-","180.00","025 - Office","FC8A","2502","2860 - ","6,868.00","","-","LIM CHIA HUI","RCMS - CR FPX","","-"
"506061304070","Current Account","GENTING MALAYSIA BERHAD","MYR","2020-09-13 MY (UTC+08:00)","2020-09-13 MY (UTC+08:00)","8","127","1,000.00","1,000.00","-","-","13/Sep/2020 MY (UTC+08:00)","14:55 MY (UTC+08:00)","2009131454250990","T027439666520","-","180.00","025 - Office","FC8C","2502","2860 - ","7,048.00","","-","MAISARAH BINTI HAZIZ","RCMS - CR FPX","","-"
"506061304070","Current Account","GENTING MALAYSIA BERHAD","MYR","2020-09-13 MY (UTC+08:00)","2020-09-13 MY (UTC+08:00)","8","127","1,000.00","1,000.00","-","-","13/Sep/2020 MY (UTC+08:00)","15:23 MY (UTC+08:00)","2009131522050346","T027441856520","-","180.00","025 - Office","FC8B","2502","2860 - ","7,228.00","","-","EU CHAI LOON","RCMS - CR FPX","","-"
"506061304070","Current Account","GENTING MALAYSIA BERHAD","MYR","2020-09-13 MY (UTC+08:00)","2020-09-13 MY (UTC+08:00)","8","127","1,000.00","1,000.00","-","-","13/Sep/2020 MY (UTC+08:00)","15:26 MY (UTC+08:00)","2009131524040830","T027441985820","-","70.00","025 - Office","FC8A","2502","2860 - ","7,298.00","","-","TONG FA YUAN","RCMS - CR FPX","","-"
"506061304070","Current Account","GENTING MALAYSIA BERHAD","MYR","2020-09-13 MY (UTC+08:00)","2020-09-13 MY (UTC+08:00)","8","127","1,000.00","1,000.00","-","-","13/Sep/2020 MY (UTC+08:00)","15:28 MY (UTC+08:00)","2009131527130698","T027442275320","-","70.00","025 - Office","FC8A","2502","2860 - ","7,368.00","","-","FOO WAI LOON","RCMS - CR FPX","","-"
"506061304070","Current Account","GENTING MALAYSIA BERHAD","MYR","2020-09-13 MY (UTC+08:00)","2020-09-13 MY (UTC+08:00)","8","127","1,000.00","1,000.00","-","-","13/Sep/2020 MY (UTC+08:00)","15:29 MY (UTC+08:00)","2009131528390350","T027442369520","-","70.00","025 - Office","FC8B","2502","2860 - ","7,438.00","","-","NOR HAFIZAH BINTI MA","RCMS - CR FPX","","-"
"506061304070","Current Account","GENTING MALAYSIA BERHAD","MYR","2020-09-13 MY (UTC+08:00)","2020-09-13 MY (UTC+08:00)","8","127","1,000.00","1,000.00","-","-","13/Sep/2020 MY (UTC+08:00)","15:30 MY (UTC+08:00)","2009131529390577","T027442449320","-","110.00","025 - Office","FC8A","2502","2860 - ","7,548.00","","-","CHIN KIEN WEN","RCMS - CR FPX","","-"
"506061304070","Current Account","GENTING MALAYSIA BERHAD","MYR","2020-09-13 MY (UTC+08:00)","2020-09-13 MY (UTC+08:00)","8","127","1,000.00","1,000.00","-","-","13/Sep/2020 MY (UTC+08:00)","15:32 MY (UTC+08:00)","2009131530430899","T027442536020","-","80.00","025 - Office","FC8A","2502","2860 - ","7,628.00","","-","LOOI FON SOW","RCMS - CR FPX","","-"
"506061304070","Current Account","GENTING MALAYSIA BERHAD","MYR","2020-09-13 MY (UTC+08:00)","2020-09-13 MY (UTC+08:00)","8","127","1,000.00","1,000.00","-","-","13/Sep/2020 MY (UTC+08:00)","15:36 MY (UTC+08:00)","2009131535530110","T027442947320","-","70.00","025 - Office","FC8A","2502","2860 - ","7,698.00","","-","LEE TONG XIN","RCMS - CR FPX","","-"
"506061304070","Current Account","GENTING MALAYSIA BERHAD","MYR","2020-09-13 MY (UTC+08:00)","2020-09-13 MY (UTC+08:00)","8","127","1,000.00","1,000.00","-","-","13/Sep/2020 MY (UTC+08:00)","15:41 MY (UTC+08:00)","2009131539560001","T027443237420","-","160.00","025 - Office","FC8A","2502","2860 - ","7,858.00","","-","NG HUAY MIEN","RCMS - CR FPX","","-"
"506061304070","Current Account","GENTING MALAYSIA BERHAD","MYR","2020-09-13 MY (UTC+08:00)","2020-09-13 MY (UTC+08:00)","8","127","1,000.00","1,000.00","-","-","13/Sep/2020 MY (UTC+08:00)","15:52 MY (UTC+08:00)","2009131551200642","T027444129320","-","80.00","025 - Office","FC8D","2502","2860 - ","7,938.00","","-","LIM HOON CHONG","RCMS - CR FPX","","-"
"506061304070","Current Account","GENTING MALAYSIA BERHAD","MYR","2020-09-13 MY (UTC+08:00)","2020-09-13 MY (UTC+08:00)","8","127","1,000.00","1,000.00","-","-","13/Sep/2020 MY (UTC+08:00)","15:52 MY (UTC+08:00)","2009131552040503","T027444194120","-","70.00","025 - Office","FC8A","2502","2860 - ","8,008.00","","-","KONG POOI POOI","RCMS - CR FPX","","-"
"506061304070","Current Account","GENTING MALAYSIA BERHAD","MYR","2020-09-13 MY (UTC+08:00)","2020-09-13 MY (UTC+08:00)","8","127","1,000.00","1,000.00","-","-","13/Sep/2020 MY (UTC+08:00)","15:57 MY (UTC+08:00)","2009131554570062","T027444396320","-","160.00","025 - Office","FC8B","2502","2860 - ","8,168.00","","-","KAMALA A/P GANESAN","RCMS - CR FPX","","-"
"506061304070","Current Account","GENTING MALAYSIA BERHAD","MYR","2020-09-13 MY (UTC+08:00)","2020-09-13 MY (UTC+08:00)","8","127","1,000.00","1,000.00","-","-","13/Sep/2020 MY (UTC+08:00)","15:57 MY (UTC+08:00)","2009131556390061","T027444510320","-","110.00","025 - Office","FC8C","2502","2860 - ","8,278.00","","-","NG HUAY MIEN","RCMS - CR FPX","","-"
"506061304070","Current Account","GENTING MALAYSIA BERHAD","MYR","2020-09-13 MY (UTC+08:00)","2020-09-13 MY (UTC+08:00)","8","127","1,000.00","1,000.00","-","-","13/Sep/2020 MY (UTC+08:00)","15:58 MY (UTC+08:00)","2009131557100680","T027444537920","-","360.00","025 - Office","FC8B","2502","2860 - ","8,638.00","","-","SEE LIN KEONG","RCMS - CR FPX","","-"
"506061304070","Current Account","GENTING MALAYSIA BERHAD","MYR","2020-09-13 MY (UTC+08:00)","2020-09-13 MY (UTC+08:00)","8","127","1,000.00","1,000.00","-","-","13/Sep/2020 MY (UTC+08:00)","15:58 MY (UTC+08:00)","2009131557010492","T027444521420","-","70.00","025 - Office","FC90","2502","2860 - ","8,708.00","","-","WONG MUN KIT","RCMS - CR FPX","","-"
"506061304070","Current Account","GENTING MALAYSIA BERHAD","MYR","2020-09-13 MY (UTC+08:00)","2020-09-13 MY (UTC+08:00)","8","127","1,000.00","1,000.00","-","-","13/Sep/2020 MY (UTC+08:00)","16:03 MY (UTC+08:00)","2009131603060954","T027444984620","-","140.00","025 - Office","FC8A","2502","2860 - ","8,848.00","","-","NURHAMIZA BINTI ADZH","RCMS - CR FPX","","-"
"506061304070","Current Account","GENTING MALAYSIA BERHAD","MYR","2020-09-13 MY (UTC+08:00)","2020-09-13 MY (UTC+08:00)","8","127","1,000.00","1,000.00","-","-","13/Sep/2020 MY (UTC+08:00)","16:10 MY (UTC+08:00)","2009131608530948","T027445422020","-","70.00","025 - Office","FC8B","2502","2860 - ","8,918.00","","-","MR LYE KIN LEE","RCMS - CR FPX","","-"
"506061304070","Current Account","GENTING MALAYSIA BERHAD","MYR","2020-09-13 MY (UTC+08:00)","2020-09-13 MY (UTC+08:00)","8","127","1,000.00","1,000.00","-","-","13/Sep/2020 MY (UTC+08:00)","16:15 MY (UTC+08:00)","2009131613520044","T027445800620","-","70.00","025 - Office","FC8A","2502","2860 - ","8,988.00","","-","TOON BEE LAY","RCMS - CR FPX","","-"
"506061304070","Current Account","GENTING MALAYSIA BERHAD","MYR","2020-09-13 MY (UTC+08:00)","2020-09-13 MY (UTC+08:00)","8","127","1,000.00","1,000.00","-","-","13/Sep/2020 MY (UTC+08:00)","16:16 MY (UTC+08:00)","2009131615220866","T027445916420","-","210.00","025 - Office","FC8A","2502","2860 - ","9,198.00","","-","LING MING JIE","RCMS - CR FPX","","-"
"506061304070","Current Account","GENTING MALAYSIA BERHAD","MYR","2020-09-13 MY (UTC+08:00)","2020-09-13 MY (UTC+08:00)","8","127","1,000.00","1,000.00","-","-","13/Sep/2020 MY (UTC+08:00)","16:19 MY (UTC+08:00)","2009131618460998","T027446180720","-","70.00","025 - Office","FC8A","2502","2860 - ","9,268.00","","-","NGAN SU WEI","RCMS - CR FPX","","-"
"506061304070","Current Account","GENTING MALAYSIA BERHAD","MYR","2020-09-13 MY (UTC+08:00)","2020-09-13 MY (UTC+08:00)","8","127","1,000.00","1,000.00","-","-","13/Sep/2020 MY (UTC+08:00)","16:28 MY (UTC+08:00)","2009131627180250","T027446841020","-","260.00","025 - Office","FC8A","2502","2860 - ","9,528.00","","-","TAN VIN SHI","RCMS - CR FPX","","-"
"506061304070","Current Account","GENTING MALAYSIA BERHAD","MYR","2020-09-13 MY (UTC+08:00)","2020-09-13 MY (UTC+08:00)","8","127","1,000.00","1,000.00","-","-","13/Sep/2020 MY (UTC+08:00)","16:28 MY (UTC+08:00)","2009131627170219","T027446817320","-","180.00","025 - Office","FC8B","2502","2860 - ","9,708.00","","-","LOK WEI YANG","RCMS - CR FPX","","-"
"506061304070","Current Account","GENTING MALAYSIA BERHAD","MYR","2020-09-13 MY (UTC+08:00)","2020-09-13 MY (UTC+08:00)","8","127","1,000.00","1,000.00","-","-","13/Sep/2020 MY (UTC+08:00)","16:29 MY (UTC+08:00)","2009131628160369","T027446906720","-","70.00","025 - Office","FC8B","2502","2860 - ","9,778.00","","-","ANDREW LIAN PENG ANN","RCMS - CR FPX","","-"
"506061304070","Current Account","GENTING MALAYSIA BERHAD","MYR","2020-09-13 MY (UTC+08:00)","2020-09-13 MY (UTC+08:00)","8","127","1,000.00","1,000.00","-","-","13/Sep/2020 MY (UTC+08:00)","16:30 MY (UTC+08:00)","2009131629250708","T027446980220","-","160.00","025 - Office","FC8A","2502","2860 - ","9,938.00","","-","TAN YI XIANG","RCMS - CR FPX","","-"
"506061304070","Current Account","GENTING MALAYSIA BERHAD","MYR","2020-09-13 MY (UTC+08:00)","2020-09-13 MY (UTC+08:00)","8","127","1,000.00","1,000.00","-","-","13/Sep/2020 MY (UTC+08:00)","16:35 MY (UTC+08:00)","2009131634480896","T027447351620","-","200.00","025 - Office","FC8B","2502","2860 - ","10,138.00","","-","TAN YI XIANG","RCMS - CR FPX","","-"
"506061304070","Current Account","GENTING MALAYSIA BERHAD","MYR","2020-09-13 MY (UTC+08:00)","2020-09-13 MY (UTC+08:00)","8","127","1,000.00","1,000.00","-","-","13/Sep/2020 MY (UTC+08:00)","16:46 MY (UTC+08:00)","2009131643280876","T027447945020","-","70.00","025 - Office","FC8A","2502","2860 - ","10,208.00","","-","TOON BEE LAY","RCMS - CR FPX","","-"
"506061304070","Current Account","GENTING MALAYSIA BERHAD","MYR","2020-09-13 MY (UTC+08:00)","2020-09-13 MY (UTC+08:00)","8","127","1,000.00","1,000.00","-","-","13/Sep/2020 MY (UTC+08:00)","16:47 MY (UTC+08:00)","2009131646190180","T027448134320","-","70.00","025 - Office","FC8A","2502","2860 - ","10,278.00","","-","BEH TZE WEI","RCMS - CR FPX","","-"
"506061304070","Current Account","GENTING MALAYSIA BERHAD","MYR","2020-09-13 MY (UTC+08:00)","2020-09-13 MY (UTC+08:00)","8","127","1,000.00","1,000.00","-","-","13/Sep/2020 MY (UTC+08:00)","17:04 MY (UTC+08:00)","2009131702500080","T027449302820","-","160.00","025 - Office","FC8A","2502","2860 - ","10,438.00","","-","CHEAH SOW MEI","RCMS - CR FPX","","-"
"506061304070","Current Account","GENTING MALAYSIA BERHAD","MYR","2020-09-13 MY (UTC+08:00)","2020-09-13 MY (UTC+08:00)","8","127","1,000.00","1,000.00","-","-","13/Sep/2020 MY (UTC+08:00)","17:05 MY (UTC+08:00)","2009131704430275","T027449365220","-","220.00","025 - Office","FC8A","2502","2860 - ","10,658.00","","-","PANG SIOK JUN","RCMS - CR FPX","","-"
"506061304070","Current Account","GENTING MALAYSIA BERHAD","MYR","2020-09-13 MY (UTC+08:00)","2020-09-13 MY (UTC+08:00)","8","127","1,000.00","1,000.00","-","-","13/Sep/2020 MY (UTC+08:00)","17:06 MY (UTC+08:00)","2009131703240738","T027449343920","-","160.00","025 - Office","FC8A","2502","2860 - ","10,818.00","","-","TOK JOE YEE","RCMS - CR FPX","","-"
"506061304070","Current Account","GENTING MALAYSIA BERHAD","MYR","2020-09-13 MY (UTC+08:00)","2020-09-13 MY (UTC+08:00)","8","127","1,000.00","1,000.00","-","-","13/Sep/2020 MY (UTC+08:00)","17:06 MY (UTC+08:00)","2009131706010746","T027449521220","-","70.00","025 - Office","FC8A","2502","2860 - ","10,888.00","","-","FATEN NOR IZZATIE BI","RCMS - CR FPX","","-"
"506061304070","Current Account","GENTING MALAYSIA BERHAD","MYR","2020-09-13 MY (UTC+08:00)","2020-09-13 MY (UTC+08:00)","8","127","1,000.00","1,000.00","-","-","13/Sep/2020 MY (UTC+08:00)","17:07 MY (UTC+08:00)","2009131706140019","T027449506220","-","140.00","025 - Office","FC8C","2502","2860 - ","11,028.00","","-","KANNARAJAH A/L NARAY","RCMS - CR FPX","","-"
"506061304070","Current Account","GENTING MALAYSIA BERHAD","MYR","2020-09-13 MY (UTC+08:00)","2020-09-13 MY (UTC+08:00)","8","127","1,000.00","1,000.00","-","-","13/Sep/2020 MY (UTC+08:00)","17:07 MY (UTC+08:00)","2009131706100915","T027449523920","-","180.00","025 - Office","FC8C","2502","2860 - ","11,208.00","","-","EU CHAI LOON","RCMS - CR FPX","","-"
"506061304070","Current Account","GENTING MALAYSIA BERHAD","MYR","2020-09-13 MY (UTC+08:00)","2020-09-13 MY (UTC+08:00)","8","127","1,000.00","1,000.00","-","-","13/Sep/2020 MY (UTC+08:00)","17:39 MY (UTC+08:00)","2009131739000471","T027451814120","-","160.00","025 - Office","FC8A","2502","2860 - ","11,368.00","","-","NG SIN KEE","RCMS - CR FPX","","-"
"506061304070","Current Account","GENTING MALAYSIA BERHAD","MYR","2020-09-13 MY (UTC+08:00)","2020-09-13 MY (UTC+08:00)","8","127","1,000.00","1,000.00","-","-","13/Sep/2020 MY (UTC+08:00)","17:43 MY (UTC+08:00)","2009131742200289","T027452089820","-","80.00","025 - Office","FC8A","2502","2860 - ","11,448.00","","-","ONG BENG SHEAN","RCMS - CR FPX","","-"
"506061304070","Current Account","GENTING MALAYSIA BERHAD","MYR","2020-09-13 MY (UTC+08:00)","2020-09-13 MY (UTC+08:00)","8","127","1,000.00","1,000.00","-","-","13/Sep/2020 MY (UTC+08:00)","17:43 MY (UTC+08:00)","2009131743100223","T027452144120","-","80.00","025 - Office","FC8A","2502","2860 - ","11,528.00","","-","LAM WAI LOONG","RCMS - CR FPX","","-"
"506061304070","Current Account","GENTING MALAYSIA BERHAD","MYR","2020-09-13 MY (UTC+08:00)","2020-09-13 MY (UTC+08:00)","8","127","1,000.00","1,000.00","-","-","13/Sep/2020 MY (UTC+08:00)","18:09 MY (UTC+08:00)","2009131808560203","T027453862520","-","249.00","025 - Office","FC8D","2502","2860 - ","11,777.00","","-","ADILAREZA TRAVEL  TO","RCMS - CR FPX","","-"
"506061304070","Current Account","GENTING MALAYSIA BERHAD","MYR","2020-09-13 MY (UTC+08:00)","2020-09-13 MY (UTC+08:00)","8","127","1,000.00","1,000.00","-","-","13/Sep/2020 MY (UTC+08:00)","18:14 MY (UTC+08:00)","2009131814070131","T027454196120","-","207.00","025 - Office","FC8C","2502","2860 - ","11,984.00","","-","WONG CHUN KIT","RCMS - CR FPX","","-"
"506061304070","Current Account","GENTING MALAYSIA BERHAD","MYR","2020-09-13 MY (UTC+08:00)","2020-09-13 MY (UTC+08:00)","8","127","1,000.00","1,000.00","-","-","13/Sep/2020 MY (UTC+08:00)","18:25 MY (UTC+08:00)","2009131824080436","T027454878320","-","80.00","025 - Office","FC8A","2502","2860 - ","12,064.00","","-","LOH CHEE HONG","RCMS - CR FPX","","-"
"506061304070","Current Account","GENTING MALAYSIA BERHAD","MYR","2020-09-13 MY (UTC+08:00)","2020-09-13 MY (UTC+08:00)","8","127","1,000.00","1,000.00","-","-","13/Sep/2020 MY (UTC+08:00)","18:30 MY (UTC+08:00)","2009131829370029","T027455258720","-","70.00","025 - Office","FC8B","2502","2860 - ","12,134.00","","-","NG CHOR YAN","RCMS - CR FPX","","-"
"506061304070","Current Account","GENTING MALAYSIA BERHAD","MYR","2020-09-13 MY (UTC+08:00)","2020-09-13 MY (UTC+08:00)","8","127","1,000.00","1,000.00","-","-","13/Sep/2020 MY (UTC+08:00)","18:36 MY (UTC+08:00)","2009131835500324","T027455710220","-","80.00","025 - Office","FC8C","2502","2860 - ","12,214.00","","-","TEE YING QIAN","RCMS - CR FPX","","-"
"506061304070","Current Account","GENTING MALAYSIA BERHAD","MYR","2020-09-13 MY (UTC+08:00)","2020-09-13 MY (UTC+08:00)","8","127","1,000.00","1,000.00","-","-","13/Sep/2020 MY (UTC+08:00)","18:54 MY (UTC+08:00)","2009131852400887","T027456835820","-","165.00","025 - Office","FC8A","2502","2860 - ","12,379.00","","-","AZHAR BIN ABDUL RAZA","RCMS - CR FPX","","-"
"506061304070","Current Account","GENTING MALAYSIA BERHAD","MYR","2020-09-13 MY (UTC+08:00)","2020-09-13 MY (UTC+08:00)","8","127","1,000.00","1,000.00","-","-","13/Sep/2020 MY (UTC+08:00)","19:01 MY (UTC+08:00)","2009131900310998","T027457434320","-","140.00","025 - Office","FC8A","2502","2860 - ","12,519.00","","-","IAN STEPHEN FOONG KA","RCMS - CR FPX","","-"
"506061304070","Current Account","GENTING MALAYSIA BERHAD","MYR","2020-09-13 MY (UTC+08:00)","2020-09-13 MY (UTC+08:00)","8","127","1,000.00","1,000.00","-","-","13/Sep/2020 MY (UTC+08:00)","19:09 MY (UTC+08:00)","2009131908100835","T027457982120","-","70.00","025 - Office","FC8A","2502","2860 - ","12,589.00","","-","FAKIR BIN HAJI RASHI","RCMS - CR FPX","","-"
"506061304070","Current Account","GENTING MALAYSIA BERHAD","MYR","2020-09-13 MY (UTC+08:00)","2020-09-13 MY (UTC+08:00)","8","127","1,000.00","1,000.00","-","-","13/Sep/2020 MY (UTC+08:00)","19:15 MY (UTC+08:00)","2009131914010685","T027458403920","-","110.00","025 - Office","FC8A","2502","2860 - ","12,699.00","","-","KOO YING HUI","RCMS - CR FPX","","-"
"506061304070","Current Account","GENTING MALAYSIA BERHAD","MYR","2020-09-13 MY (UTC+08:00)","2020-09-13 MY (UTC+08:00)","8","127","1,000.00","1,000.00","-","-","13/Sep/2020 MY (UTC+08:00)","19:27 MY (UTC+08:00)","2009131926500643","T027459324020","-","70.00","025 - Office","FC8B","2502","2860 - ","12,769.00","","-","LEONG WENG HONG","RCMS - CR FPX","","-"
"506061304070","Current Account","GENTING MALAYSIA BERHAD","MYR","2020-09-13 MY (UTC+08:00)","2020-09-13 MY (UTC+08:00)","8","127","1,000.00","1,000.00","-","-","13/Sep/2020 MY (UTC+08:00)","19:35 MY (UTC+08:00)","2009131934170411","T027459824120","-","140.00","025 - Office","FC8A","2502","2860 - ","12,909.00","","-","TANG WEE HENG","RCMS - CR FPX","","-"
"506061304070","Current Account","GENTING MALAYSIA BERHAD","MYR","2020-09-13 MY (UTC+08:00)","2020-09-13 MY (UTC+08:00)","8","127","1,000.00","1,000.00","-","-","13/Sep/2020 MY (UTC+08:00)","19:37 MY (UTC+08:00)","2009131936440261","T027459991820","-","70.00","025 - Office","FC8A","2502","2860 - ","12,979.00","","-","GOON JI CHUN","RCMS - CR FPX","","-"
"506061304070","Current Account","GENTING MALAYSIA BERHAD","MYR","2020-09-13 MY (UTC+08:00)","2020-09-13 MY (UTC+08:00)","8","127","1,000.00","1,000.00","-","-","13/Sep/2020 MY (UTC+08:00)","19:45 MY (UTC+08:00)","2009131944230277","T027460526420","-","110.00","025 - Office","FC8B","2502","2860 - ","13,089.00","","-","GAN AI SIONG","RCMS - CR FPX","","-"
"506061304070","Current Account","GENTING MALAYSIA BERHAD","MYR","2020-09-13 MY (UTC+08:00)","2020-09-13 MY (UTC+08:00)","8","127","1,000.00","1,000.00","-","-","13/Sep/2020 MY (UTC+08:00)","19:47 MY (UTC+08:00)","2009131946090436","T027460659320","-","140.00","025 - Office","FC8C","2502","2860 - ","13,229.00","","-","STANLEY LIM PEI GUAN","RCMS - CR FPX","","-"
"506061304070","Current Account","GENTING MALAYSIA BERHAD","MYR","2020-09-13 MY (UTC+08:00)","2020-09-13 MY (UTC+08:00)","8","127","1,000.00","1,000.00","-","-","13/Sep/2020 MY (UTC+08:00)","19:50 MY (UTC+08:00)","2009131949240363","T027460883420","-","199.00","025 - Office","FC8B","2502","2860 - ","13,428.00","","-","ADILAREZA TRAVEL  TO","RCMS - CR FPX","","-"
"506061304070","Current Account","GENTING MALAYSIA BERHAD","MYR","2020-09-13 MY (UTC+08:00)","2020-09-13 MY (UTC+08:00)","8","127","1,000.00","1,000.00","-","-","13/Sep/2020 MY (UTC+08:00)","19:52 MY (UTC+08:00)","2009131951370155","T027461061920","-","70.00","025 - Office","FC8A","2502","2860 - ","13,498.00","","-","CHAN SHAO JIUN","RCMS - CR FPX","","-"
"506061304070","Current Account","GENTING MALAYSIA BERHAD","MYR","2020-09-13 MY (UTC+08:00)","2020-09-13 MY (UTC+08:00)","8","127","1,000.00","1,000.00","-","-","13/Sep/2020 MY (UTC+08:00)","19:59 MY (UTC+08:00)","2009131957180250","T027461482520","-","470.00","025 - Office","FC8B","2502","2860 - ","13,968.00","","-","EWE CHOON YEN","RCMS - CR FPX","","-"
"506061304070","Current Account","GENTING MALAYSIA BERHAD","MYR","2020-09-13 MY (UTC+08:00)","2020-09-13 MY (UTC+08:00)","8","127","1,000.00","1,000.00","-","-","13/Sep/2020 MY (UTC+08:00)","20:20 MY (UTC+08:00)","2009132019020439","T027463220120","-","140.00","025 - Office","FC8B","2502","2860 - ","14,108.00","","-","PHANG KAH SIUNG","RCMS - CR FPX","","-"
"506061304070","Current Account","GENTING MALAYSIA BERHAD","MYR","2020-09-13 MY (UTC+08:00)","2020-09-13 MY (UTC+08:00)","8","127","1,000.00","1,000.00","-","-","13/Sep/2020 MY (UTC+08:00)","20:21 MY (UTC+08:00)","2009132019350199","T027463277720","-","110.00","025 - Office","FC8B","2502","2860 - ","14,218.00","","-","LOO KOK HOU","RCMS - CR FPX","","-"
"506061304070","Current Account","GENTING MALAYSIA BERHAD","MYR","2020-09-13 MY (UTC+08:00)","2020-09-13 MY (UTC+08:00)","8","127","1,000.00","1,000.00","-","-","13/Sep/2020 MY (UTC+08:00)","20:22 MY (UTC+08:00)","2009132021170514","T027463421720","-","80.00","025 - Office","FC8A","2502","2860 - ","14,298.00","","-","AL-FAIZAL BIN MOHAMM","RCMS - CR FPX","","-"
"506061304070","Current Account","GENTING MALAYSIA BERHAD","MYR","2020-09-13 MY (UTC+08:00)","2020-09-13 MY (UTC+08:00)","8","127","1,000.00","1,000.00","-","-","13/Sep/2020 MY (UTC+08:00)","20:23 MY (UTC+08:00)","2009132022040621","T027463470320","-","70.00","025 - Office","FC8A","2502","2860 - ","14,368.00","","-","SEOW WEN HUI","RCMS - CR FPX","","-"
"506061304070","Current Account","GENTING MALAYSIA BERHAD","MYR","2020-09-13 MY (UTC+08:00)","2020-09-13 MY (UTC+08:00)","8","127","1,000.00","1,000.00","-","-","13/Sep/2020 MY (UTC+08:00)","20:36 MY (UTC+08:00)","2009132035270691","T027464588420","-","80.00","025 - Office","FC8A","2502","2860 - ","14,448.00","","-","LIM CHOON PING","RCMS - CR FPX","","-"
"506061304070","Current Account","GENTING MALAYSIA BERHAD","MYR","2020-09-13 MY (UTC+08:00)","2020-09-13 MY (UTC+08:00)","8","127","1,000.00","1,000.00","-","-","13/Sep/2020 MY (UTC+08:00)","20:42 MY (UTC+08:00)","2009132040040600","T027464931020","-","179.00","025 - Office","FC8B","2502","2860 - ","14,627.00","","-","MUHAMAD KHAIRUL ASYR","RCMS - CR FPX","","-"
"506061304070","Current Account","GENTING MALAYSIA BERHAD","MYR","2020-09-13 MY (UTC+08:00)","2020-09-13 MY (UTC+08:00)","8","127","1,000.00","1,000.00","-","-","13/Sep/2020 MY (UTC+08:00)","20:42 MY (UTC+08:00)","2009132041490944","T027465077120","-","160.00","025 - Office","FC8C","2502","2860 - ","14,787.00","","-","WENDY GOH MEI LENG","RCMS - CR FPX","","-"
"506061304070","Current Account","GENTING MALAYSIA BERHAD","MYR","2020-09-13 MY (UTC+08:00)","2020-09-13 MY (UTC+08:00)","8","127","1,000.00","1,000.00","-","-","13/Sep/2020 MY (UTC+08:00)","20:47 MY (UTC+08:00)","2009132045450135","T027465281120","-","70.00","025 - Office","FC8A","2502","2860 - ","14,857.00","","-","NG WEI JYUAN","RCMS - CR FPX","","-"
"506061304070","Current Account","GENTING MALAYSIA BERHAD","MYR","2020-09-13 MY (UTC+08:00)","2020-09-13 MY (UTC+08:00)","8","127","1,000.00","1,000.00","-","-","13/Sep/2020 MY (UTC+08:00)","21:12 MY (UTC+08:00)","2009132111430968","T027467531120","-","70.00","025 - Office","FC8D","2502","2860 - ","14,927.00","","-","GOH KIAN WEE","RCMS - CR FPX","","-"
"506061304070","Current Account","GENTING MALAYSIA BERHAD","MYR","2020-09-13 MY (UTC+08:00)","2020-09-13 MY (UTC+08:00)","8","127","1,000.00","1,000.00","-","-","13/Sep/2020 MY (UTC+08:00)","21:32 MY (UTC+08:00)","2009132131340076","T027469077620","-","80.00","025 - Office","FC8A","2502","2860 - ","15,007.00","","-","YAP YOKE LAN","RCMS - CR FPX","","-"
"506061304070","Current Account","GENTING MALAYSIA BERHAD","MYR","2020-09-13 MY (UTC+08:00)","2020-09-13 MY (UTC+08:00)","8","127","1,000.00","1,000.00","-","-","13/Sep/2020 MY (UTC+08:00)","21:35 MY (UTC+08:00)","CMS - DR CORP CHG","B2CSE00037674","64.00","-","025 - Office","CBSX410N","2502","CDRCHG - CMS - DR CORP CHG","14,943.00","","-","","CMS - DR CORP CHG","","-"
"506061304070","Current Account","GENTING MALAYSIA BERHAD","MYR","2020-09-13 MY (UTC+08:00)","2020-09-13 MY (UTC+08:00)","8","127","1,000.00","1,000.00","-","-","13/Sep/2020 MY (UTC+08:00)","21:40 MY (UTC+08:00)","2009132140000677","T027469763120","-","80.00","025 - Office","FC8A","2502","2860 - ","15,023.00","","-","LIM EAN EAN","RCMS - CR FPX","","-"
"506061304070","Current Account","GENTING MALAYSIA BERHAD","MYR","2020-09-13 MY (UTC+08:00)","2020-09-13 MY (UTC+08:00)","8","127","1,000.00","1,000.00","-","-","13/Sep/2020 MY (UTC+08:00)","21:44 MY (UTC+08:00)","2009132142170580","T027469931420","-","220.00","025 - Office","FC8B","2502","2860 - ","15,243.00","","-","LEE WENG JEFF","RCMS - CR FPX","","-"
"506061304070","Current Account","GENTING MALAYSIA BERHAD","MYR","2020-09-13 MY (UTC+08:00)","2020-09-13 MY (UTC+08:00)","8","127","1,000.00","1,000.00","-","-","13/Sep/2020 MY (UTC+08:00)","22:22 MY (UTC+08:00)","2009132221230515","T027472967420","-","80.00","025 - Office","FC8A","2502","2860 - ","15,323.00","","-","LOW HOOI PING","RCMS - CR FPX","","-"
"506061304070","Current Account","GENTING MALAYSIA BERHAD","MYR","2020-09-13 MY (UTC+08:00)","2020-09-13 MY (UTC+08:00)","8","127","1,000.00","1,000.00","-","-","13/Sep/2020 MY (UTC+08:00)","22:35 MY (UTC+08:00)","2009132234000317","T027473877020","-","800.00","025 - Office","FC8A","2502","2860 - ","16,123.00","","-","LIM CHEE SIONG","RCMS - CR FPX","","-"
"506061304070","Current Account","GENTING MALAYSIA BERHAD","MYR","2020-09-13 MY (UTC+08:00)","2020-09-13 MY (UTC+08:00)","8","127","1,000.00","1,000.00","-","-","13/Sep/2020 MY (UTC+08:00)","22:35 MY (UTC+08:00)","2009132234450202","T027473939720","-","179.00","025 - Office","FC8A","2502","2860 - ","16,302.00","","-","LIM CHUI WEN","RCMS - CR FPX","","-"
"506061304070","Current Account","GENTING MALAYSIA BERHAD","MYR","2020-09-13 MY (UTC+08:00)","2020-09-13 MY (UTC+08:00)","8","127","1,000.00","1,000.00","-","-","13/Sep/2020 MY (UTC+08:00)","22:40 MY (UTC+08:00)","2009132239440904","T027474285620","-","80.00","025 - Office","FC8B","2502","2860 - ","16,382.00","","-","WELTON ACADEMY","RCMS - CR FPX","","-"
"506061304070","Current Account","GENTING MALAYSIA BERHAD","MYR","2020-09-13 MY (UTC+08:00)","2020-09-13 MY (UTC+08:00)","8","127","1,000.00","1,000.00","-","-","13/Sep/2020 MY (UTC+08:00)","22:44 MY (UTC+08:00)","2009132242180821","T027474464420","-","70.00","025 - Office","FC8A","2502","2860 - ","16,452.00","","-","MOHD SHAHRIZAM SHAMS","RCMS - CR FPX","","-"
"506061304070","Current Account","GENTING MALAYSIA BERHAD","MYR","2020-09-13 MY (UTC+08:00)","2020-09-13 MY (UTC+08:00)","8","127","1,000.00","1,000.00","-","-","13/Sep/2020 MY (UTC+08:00)","22:47 MY (UTC+08:00)","2009132246570834","T027474787520","-","80.00","025 - Office","FC8D","2502","2860 - ","16,532.00","","-","LU SUE SHIK","RCMS - CR FPX","","-"
"506061304070","Current Account","GENTING MALAYSIA BERHAD","MYR","2020-09-13 MY (UTC+08:00)","2020-09-13 MY (UTC+08:00)","8","127","1,000.00","1,000.00","-","-","13/Sep/2020 MY (UTC+08:00)","22:56 MY (UTC+08:00)","2009132254080570","T027475240220","-","80.00","025 - Office","FC8A","2502","2860 - ","16,612.00","","-","OOI SOOK CHEN","RCMS - CR FPX","","-"
"506061304070","Current Account","GENTING MALAYSIA BERHAD","MYR","2020-09-13 MY (UTC+08:00)","2020-09-13 MY (UTC+08:00)","8","127","1,000.00","1,000.00","-","-","13/Sep/2020 MY (UTC+08:00)","22:56 MY (UTC+08:00)","2009132255540439","T027475348820","-","80.00","025 - Office","FC8B","2502","2860 - ","16,692.00","","-","FLORIE MAE GARBIN SA","RCMS - CR FPX","","-"
"506061304070","Current Account","GENTING MALAYSIA BERHAD","MYR","2020-09-13 MY (UTC+08:00)","2020-09-13 MY (UTC+08:00)","8","127","1,000.00","1,000.00","-","-","13/Sep/2020 MY (UTC+08:00)","23:12 MY (UTC+08:00)","2009132311410672","T027476284820","-","335.00","025 - Office","FC8B","2502","2860 - ","17,027.00","","-","NORLIZA BINTI AMINUD","RCMS - CR FPX","","-"
"506061304070","Current Account","GENTING MALAYSIA BERHAD","MYR","2020-09-13 MY (UTC+08:00)","2020-09-13 MY (UTC+08:00)","8","127","1,000.00","1,000.00","-","-","13/Sep/2020 MY (UTC+08:00)","23:17 MY (UTC+08:00)","2009132314190263","T027476431220","-","160.00","025 - Office","FC8B","2502","2860 - ","17,187.00","","-","LEE WENG JEFF","RCMS - CR FPX","","-"
"506061304070","Current Account","GENTING MALAYSIA BERHAD","MYR","2020-09-13 MY (UTC+08:00)","2020-09-13 MY (UTC+08:00)","8","127","1,000.00","1,000.00","-","-","13/Sep/2020 MY (UTC+08:00)","23:23 MY (UTC+08:00)","2009132322420252","T027476897420","-","80.00","025 - Office","FC8A","2502","2860 - ","17,267.00","","-","CHUA CHUIN YEE","RCMS - CR FPX","","-"
"506061304070","Current Account","GENTING MALAYSIA BERHAD","MYR","2020-09-13 MY (UTC+08:00)","2020-09-13 MY (UTC+08:00)","8","127","1,000.00","1,000.00","-","-","13/Sep/2020 MY (UTC+08:00)","00:46 MY (UTC+08:00)","QRCASA SALES M/N 0035433 DATED 13092020","","-","595.00","011 - System","CBSX425P","2988","8301 - BILLS PAYMENT CREDIT","17,862.00","","-","","","","-"
"506061304070","Current Account","GENTING MALAYSIA BERHAD","MYR","2020-09-13 MY (UTC+08:00)","2020-09-13 MY (UTC+08:00)","8","127","1,000.00","1,000.00","-","-","13/Sep/2020 MY (UTC+08:00)","00:47 MY (UTC+08:00)","S/C TRANS VIA QRPAY 000027060035433","","1.48","-","011 - System","CBSX4237","2996","PCSCDR - PAYEE CORP SERVICE CHARGE DEBIT","17,860.52","","-","","","","-"
"506061304070","Current Account","GENTING MALAYSIA BERHAD","MYR","2020-09-13 MY (UTC+08:00)","2020-09-13 MY (UTC+08:00)","8","127","1,000.00","1,000.00","-","-","13/Sep/2020 MY (UTC+08:00)","01:24 MY (UTC+08:00)","XFR DEBIT SVC CHARGE","","2.00","-","011 - System","BTCH6587","0606","XFRDRSVC - SERVICE CHARGE","17,858.52","","-","","","","-"
"506061304070","Current Account","GENTING MALAYSIA BERHAD","MYR","2020-09-13 MY (UTC+08:00)","2020-09-13 MY (UTC+08:00)","8","127","1,000.00","1,000.00","-","-","13/Sep/2020 MY (UTC+08:00)","01:24 MY (UTC+08:00)","GENTING MALAYSIA BERHAD","514011468149","21,940.78","-","011 - System","BTCH6587","0606","XFRDR - FUND TRANSFER DEBIT","-4,082.26","","-","","","","-"
"506061304070","Current Account","GENTING MALAYSIA BERHAD","MYR","2020-09-13 MY (UTC+08:00)","2020-09-13 MY (UTC+08:00)","8","127","1,000.00","1,000.00","-","-","13/Sep/2020 MY (UTC+08:00)","02:11 MY (UTC+08:00)","DR/CARD SALES M/N 4000006 DATED 12092020","","-","1,611.00","006 - Pos","CBSX408R","2977","8300 - CREDIT ACCOUNT","-2,471.26","","-","","","","-"
"506061304070","Current Account","GENTING MALAYSIA BERHAD","MYR","2020-09-13 MY (UTC+08:00)","2020-09-13 MY (UTC+08:00)","8","127","1,000.00","1,000.00","-","-","13/Sep/2020 MY (UTC+08:00)","02:12 MY (UTC+08:00)","DR/CARD SALES M/N 4000006 DATED 12092020","","4.03","-","011 - System","CBSX408R","2981","BCHARGE - ELECTRONIC TRANSACTION CHARGES","-2,475.29","","-","","","","-"
"506061304070","Current Account","GENTING MALAYSIA BERHAD","MYR","2020-09-13 MY (UTC+08:00)","2020-09-13 MY (UTC+08:00)","8","127","1,000.00","1,000.00","-","-","13/Sep/2020 MY (UTC+08:00)","02:14 MY (UTC+08:00)","DR/CARD SALES M/N 4183000 DATED 12092020","","-","117.00","006 - Pos","CBSX408R","3121","8300 - CREDIT ACCOUNT","-2,358.29","","-","","","","-"
"506061304070","Current Account","GENTING MALAYSIA BERHAD","MYR","2020-09-13 MY (UTC+08:00)","2020-09-13 MY (UTC+08:00)","8","127","1,000.00","1,000.00","-","-","13/Sep/2020 MY (UTC+08:00)","02:14 MY (UTC+08:00)","DR/CARD SALES M/N 4239893 DATED 12092020","","-","231.00","006 - Pos","CBSX408R","3121","8300 - CREDIT ACCOUNT","-2,127.29","","-","","","","-"
"506061304070","Current Account","GENTING MALAYSIA BERHAD","MYR","2020-09-13 MY (UTC+08:00)","2020-09-13 MY (UTC+08:00)","8","127","1,000.00","1,000.00","-","-","13/Sep/2020 MY (UTC+08:00)","02:14 MY (UTC+08:00)","DR/CARD SALES M/N 4000006 DATED 12092020","","-","2,735.00","006 - Pos","CBSX408R","3121","8300 - CREDIT ACCOUNT","607.71","","-","","","","-"
"506061304070","Current Account","GENTING MALAYSIA BERHAD","MYR","2020-09-13 MY (UTC+08:00)","2020-09-13 MY (UTC+08:00)","8","127","1,000.00","1,000.00","-","-","13/Sep/2020 MY (UTC+08:00)","02:14 MY (UTC+08:00)","DR/CARD SALES M/N 4183000 DATED 12092020","","0.29","-","011 - System","CBSX408R","2981","BCHARGE - ELECTRONIC TRANSACTION CHARGES","607.42","","-","","","","-"
"506061304070","Current Account","GENTING MALAYSIA BERHAD","MYR","2020-09-13 MY (UTC+08:00)","2020-09-13 MY (UTC+08:00)","8","127","1,000.00","1,000.00","-","-","13/Sep/2020 MY (UTC+08:00)","02:14 MY (UTC+08:00)","DR/CARD SALES M/N 4239893 DATED 12092020","","0.58","-","011 - System","CBSX408R","2981","BCHARGE - ELECTRONIC TRANSACTION CHARGES","606.84","","-","","","","-"
"506061304070","Current Account","GENTING MALAYSIA BERHAD","MYR","2020-09-13 MY (UTC+08:00)","2020-09-13 MY (UTC+08:00)","8","127","1,000.00","1,000.00","-","-","13/Sep/2020 MY (UTC+08:00)","02:14 MY (UTC+08:00)","DR/CARD SALES M/N 4000006 DATED 12092020","","6.84","-","011 - System","CBSX408R","2981","BCHARGE - ELECTRONIC TRANSACTION CHARGES","600.00","","-","","","","-"
"506061304070","Current Account","GENTING MALAYSIA BERHAD","MYR","2020-09-13 MY (UTC+08:00)","2020-09-13 MY (UTC+08:00)","8","127","1,000.00","1,000.00","-","-","13/Sep/2020 MY (UTC+08:00)","04:20 MY (UTC+08:00)","2009130015480593","T027401648120","-","260.00","025 - Office","FC8A","2502","2860 - ","860.00","","-","SEOW E SHEN","RCMS - CR FPX","","-"
"506061304070","Current Account","GENTING MALAYSIA BERHAD","MYR","2020-09-13 MY (UTC+08:00)","2020-09-13 MY (UTC+08:00)","8","127","1,000.00","1,000.00","-","-","13/Sep/2020 MY (UTC+08:00)","04:20 MY (UTC+08:00)","2009130135240466","T027404533220","-","70.00","025 - Office","FC8A","2502","2860 - ","930.00","","-","TANG XUE ZHEN","RCMS - CR FPX","","-"
"506061304070","Current Account","GENTING MALAYSIA BERHAD","MYR","2020-09-13 MY (UTC+08:00)","2020-09-13 MY (UTC+08:00)","8","127","1,000.00","1,000.00","-","-","13/Sep/2020 MY (UTC+08:00)","04:20 MY (UTC+08:00)","2009130309090575","T027406032620","-","70.00","025 - Office","FC8A","2502","2860 - ","1,000.00","","-","MUHAMMAD ZARITH HAKI","RCMS - CR FPX","","-"
