﻿Account Number,Account Type,Account Name,Account Currency,Date From,Date To,Total Debit,Total Credit,Begin Balance,End Balance,Transaction Date,Transaction Time,Posting Date,Processing Time,Transaction Description,Transaction Ref,Debit,Credit,Source Code,Teller ID,Branch/Channel,Transaction Code,End Balance,Filler,Virtual Account,Transaction Description 2,Transaction Description 3,Transaction Description 4,Expiry Date
"506061304070","Current Account","GENTING MALAYSIA BERHAD","MYR","2020-09-22 MY (UTC+08:00)","2020-09-22 MY (UTC+08:00)","8","151","1,000.00","1,000.00","-","-","22/Sep/2020 MY (UTC+08:00)","08:31 MY (UTC+08:00)","CR/CARD SALES M/N 4000006 DATED 21092020","00062109","-","5,226.46","011 - System","CBSX4498","2719","2981 - MERCHANT CREDIT CARD SALES","6,226.46","","-","","","","-"
"506061304070","Current Account","GENTING MALAYSIA BERHAD","MYR","2020-09-22 MY (UTC+08:00)","2020-09-22 MY (UTC+08:00)","8","151","1,000.00","1,000.00","-","-","22/Sep/2020 MY (UTC+08:00)","08:31 MY (UTC+08:00)","CR/CARD SALES M/N 4221339 DATED 21092020","13392109","-","2,521.09","011 - System","CBSX4498","2719","2981 - MERCHANT CREDIT CARD SALES","8,747.55","","-","","","","-"
"506061304070","Current Account","GENTING MALAYSIA BERHAD","MYR","2020-09-22 MY (UTC+08:00)","2020-09-22 MY (UTC+08:00)","8","151","1,000.00","1,000.00","-","-","22/Sep/2020 MY (UTC+08:00)","08:31 MY (UTC+08:00)","CR/CARD SALES M/N 4221552 DATED 21092020","15522109","-","5,120.30","011 - System","CBSX4498","2719","2981 - MERCHANT CREDIT CARD SALES","13,867.85","","-","","","","-"
"506061304070","Current Account","GENTING MALAYSIA BERHAD","MYR","2020-09-22 MY (UTC+08:00)","2020-09-22 MY (UTC+08:00)","8","151","1,000.00","1,000.00","-","-","22/Sep/2020 MY (UTC+08:00)","08:31 MY (UTC+08:00)","CR/CARD SALES M/N 1813880 DATED 21092020","38802109","-","2,512.91","011 - System","CBSX4498","2719","2981 - MERCHANT CREDIT CARD SALES","16,380.76","","-","","","","-"
"506061304070","Current Account","GENTING MALAYSIA BERHAD","MYR","2020-09-22 MY (UTC+08:00)","2020-09-22 MY (UTC+08:00)","8","151","1,000.00","1,000.00","-","-","22/Sep/2020 MY (UTC+08:00)","08:31 MY (UTC+08:00)","CR/CARD SALES M/N 4185062 DATED 21092020","50622109","-","80,563.44","011 - System","CBSX4498","2719","2981 - MERCHANT CREDIT CARD SALES","96,944.20","","-","","","","-"
"506061304070","Current Account","GENTING MALAYSIA BERHAD","MYR","2020-09-22 MY (UTC+08:00)","2020-09-22 MY (UTC+08:00)","8","151","1,000.00","1,000.00","-","-","22/Sep/2020 MY (UTC+08:00)","08:31 MY (UTC+08:00)","CR/CARD SALES M/N 4225124 DATED 21092020","51242109","-","349.86","011 - System","CBSX4498","2719","2981 - MERCHANT CREDIT CARD SALES","97,294.06","","-","","","","-"
"506061304070","Current Account","GENTING MALAYSIA BERHAD","MYR","2020-09-22 MY (UTC+08:00)","2020-09-22 MY (UTC+08:00)","8","151","1,000.00","1,000.00","-","-","22/Sep/2020 MY (UTC+08:00)","08:31 MY (UTC+08:00)","CR/CARD SALES M/N 4225140 DATED 21092020","51402109","-","854.92","011 - System","CBSX4498","2719","2981 - MERCHANT CREDIT CARD SALES","98,148.98","","-","","","","-"
"506061304070","Current Account","GENTING MALAYSIA BERHAD","MYR","2020-09-22 MY (UTC+08:00)","2020-09-22 MY (UTC+08:00)","8","151","1,000.00","1,000.00","-","-","22/Sep/2020 MY (UTC+08:00)","08:31 MY (UTC+08:00)","CR/CARD SALES M/N 1055342 DATED 21092020","53422109","-","373.46","011 - System","CBSX4498","2719","2981 - MERCHANT CREDIT CARD SALES","98,522.44","","-","","","","-"
"506061304070","Current Account","GENTING MALAYSIA BERHAD","MYR","2020-09-22 MY (UTC+08:00)","2020-09-22 MY (UTC+08:00)","8","151","1,000.00","1,000.00","-","-","22/Sep/2020 MY (UTC+08:00)","08:31 MY (UTC+08:00)","CR/CARD SALES M/N 4145744 DATED 21092020","57442109","-","218.37","011 - System","CBSX4498","2719","2981 - MERCHANT CREDIT CARD SALES","98,740.81","","-","","","","-"
"506061304070","Current Account","GENTING MALAYSIA BERHAD","MYR","2020-09-22 MY (UTC+08:00)","2020-09-22 MY (UTC+08:00)","8","151","1,000.00","1,000.00","-","-","22/Sep/2020 MY (UTC+08:00)","08:31 MY (UTC+08:00)","CR/CARD SALES M/N 1067732 DATED 21092020","77322109","-","26.78","011 - System","CBSX4498","2719","2981 - MERCHANT CREDIT CARD SALES","98,767.59","","-","","","","-"
"506061304070","Current Account","GENTING MALAYSIA BERHAD","MYR","2020-09-22 MY (UTC+08:00)","2020-09-22 MY (UTC+08:00)","8","151","1,000.00","1,000.00","-","-","22/Sep/2020 MY (UTC+08:00)","08:31 MY (UTC+08:00)","CR/CARD SALES M/N 7008915 DATED 21092020","89152109","-","39,525.84","011 - System","CBSX4498","2719","2981 - MERCHANT CREDIT CARD SALES","138,293.43","","-","","","","-"
"506061304070","Current Account","GENTING MALAYSIA BERHAD","MYR","2020-09-22 MY (UTC+08:00)","2020-09-22 MY (UTC+08:00)","8","151","1,000.00","1,000.00","-","-","22/Sep/2020 MY (UTC+08:00)","08:31 MY (UTC+08:00)","CR/CARD SALES M/N 4179180 DATED 21092020","91802109","-","8,186.59","011 - System","CBSX4498","2719","2981 - MERCHANT CREDIT CARD SALES","146,480.02","","-","","","","-"
"506061304070","Current Account","GENTING MALAYSIA BERHAD","MYR","2020-09-22 MY (UTC+08:00)","2020-09-22 MY (UTC+08:00)","8","151","1,000.00","1,000.00","-","-","22/Sep/2020 MY (UTC+08:00)","08:31 MY (UTC+08:00)","CR/CARD SALES M/N 4179883 DATED 21092020","98832109","-","437.83","011 - System","CBSX4498","2719","2981 - MERCHANT CREDIT CARD SALES","146,917.85","","-","","","","-"
"506061304070","Current Account","GENTING MALAYSIA BERHAD","MYR","2020-09-22 MY (UTC+08:00)","2020-09-22 MY (UTC+08:00)","8","151","1,000.00","1,000.00","-","-","22/Sep/2020 MY (UTC+08:00)","08:31 MY (UTC+08:00)","CR/CARD SALES M/N 4239893 DATED 21092020","98932109","-","1,619.91","011 - System","CBSX4498","2719","2981 - MERCHANT CREDIT CARD SALES","148,537.76","","-","","","","-"
"506061304070","Current Account","GENTING MALAYSIA BERHAD","MYR","2020-09-22 MY (UTC+08:00)","2020-09-22 MY (UTC+08:00)","8","151","1,000.00","1,000.00","-","-","22/Sep/2020 MY (UTC+08:00)","08:31 MY (UTC+08:00)","2009220830390800","T028277539820","-","70.00","025 - Office","FC90","2502","2860 - ","148,607.76","","-","MUHAMMAD RAFIQ BIN M","RCMS - CR FPX","","-"
"506061304070","Current Account","GENTING MALAYSIA BERHAD","MYR","2020-09-22 MY (UTC+08:00)","2020-09-22 MY (UTC+08:00)","8","151","1,000.00","1,000.00","-","-","22/Sep/2020 MY (UTC+08:00)","09:03 MY (UTC+08:00)","2009220901590067","T028280643320","-","640.00","025 - Office","FC90","2502","2860 - ","149,247.76","","-","SUFATRA AMMAK S P","RCMS - CR FPX","","-"
"506061304070","Current Account","GENTING MALAYSIA BERHAD","MYR","2020-09-22 MY (UTC+08:00)","2020-09-22 MY (UTC+08:00)","8","151","1,000.00","1,000.00","-","-","22/Sep/2020 MY (UTC+08:00)","09:11 MY (UTC+08:00)","2009220911020491","T028281672020","-","70.00","025 - Office","FC91","2502","2860 - ","149,317.76","","-","LOKE CHOOI YOKE","RCMS - CR FPX","","-"
"506061304070","Current Account","GENTING MALAYSIA BERHAD","MYR","2020-09-22 MY (UTC+08:00)","2020-09-22 MY (UTC+08:00)","8","151","1,000.00","1,000.00","-","-","22/Sep/2020 MY (UTC+08:00)","09:13 MY (UTC+08:00)","2009220912470449","T028281891920","-","80.00","025 - Office","FC90","2502","2860 - ","149,397.76","","-","CHIEW KAR MEN","RCMS - CR FPX","","-"
"506061304070","Current Account","GENTING MALAYSIA BERHAD","MYR","2020-09-22 MY (UTC+08:00)","2020-09-22 MY (UTC+08:00)","8","151","1,000.00","1,000.00","-","-","22/Sep/2020 MY (UTC+08:00)","09:36 MY (UTC+08:00)","2009220935280121","T028284777620","-","110.00","025 - Office","FC93","2502","2860 - ","149,507.76","","-","LOW SZE KEE","RCMS - CR FPX","","-"
"506061304070","Current Account","GENTING MALAYSIA BERHAD","MYR","2020-09-22 MY (UTC+08:00)","2020-09-22 MY (UTC+08:00)","8","151","1,000.00","1,000.00","-","-","22/Sep/2020 MY (UTC+08:00)","10:17 MY (UTC+08:00)","2009221016280631","T028290195020","-","235.00","025 - Office","FC96","2502","2860 - ","149,742.76","","-","FADZILAH BINTI KARMA","RCMS - CR FPX","","-"
"506061304070","Current Account","GENTING MALAYSIA BERHAD","MYR","2020-09-22 MY (UTC+08:00)","2020-09-22 MY (UTC+08:00)","8","151","1,000.00","1,000.00","-","-","22/Sep/2020 MY (UTC+08:00)","10:31 MY (UTC+08:00)","2009221030530287","T028292125220","-","70.00","025 - Office","FC91","2502","2860 - ","149,812.76","","-","TAN CHEE SHYONG","RCMS - CR FPX","","-"
"506061304070","Current Account","GENTING MALAYSIA BERHAD","MYR","2020-09-22 MY (UTC+08:00)","2020-09-22 MY (UTC+08:00)","8","151","1,000.00","1,000.00","-","-","22/Sep/2020 MY (UTC+08:00)","10:37 MY (UTC+08:00)","2009221036370271","T028292891720","-","70.00","025 - Office","FC91","2502","2860 - ","149,882.76","","-","SAHRIZAL BIN LAU SAM","RCMS - CR FPX","","-"
"506061304070","Current Account","GENTING MALAYSIA BERHAD","MYR","2020-09-22 MY (UTC+08:00)","2020-09-22 MY (UTC+08:00)","8","151","1,000.00","1,000.00","-","-","22/Sep/2020 MY (UTC+08:00)","11:01 MY (UTC+08:00)","H78857","78857","-","26.65","018 - Teller","0000544A","0606","7100 - CASH DEPOSIT","149,909.41","","-","","","","-"
"506061304070","Current Account","GENTING MALAYSIA BERHAD","MYR","2020-09-22 MY (UTC+08:00)","2020-09-22 MY (UTC+08:00)","8","151","1,000.00","1,000.00","-","-","22/Sep/2020 MY (UTC+08:00)","11:01 MY (UTC+08:00)","H78856","78856","-","31,767.00","018 - Teller","0000544A","0606","7100 - CASH DEPOSIT","181,676.41","","-","","","","-"
"506061304070","Current Account","GENTING MALAYSIA BERHAD","MYR","2020-09-22 MY (UTC+08:00)","2020-09-22 MY (UTC+08:00)","8","151","1,000.00","1,000.00","-","-","22/Sep/2020 MY (UTC+08:00)","11:03 MY (UTC+08:00)","H78855","78855","-","53,827.00","018 - Teller","0000544A","0606","7100 - CASH DEPOSIT","235,503.41","","-","","","","-"
"506061304070","Current Account","GENTING MALAYSIA BERHAD","MYR","2020-09-22 MY (UTC+08:00)","2020-09-22 MY (UTC+08:00)","8","151","1,000.00","1,000.00","-","-","22/Sep/2020 MY (UTC+08:00)","11:04 MY (UTC+08:00)","H78854","78854","-","475,738.00","018 - Teller","0000544A","0606","7100 - CASH DEPOSIT","711,241.41","","-","","","","-"
"506061304070","Current Account","GENTING MALAYSIA BERHAD","MYR","2020-09-22 MY (UTC+08:00)","2020-09-22 MY (UTC+08:00)","8","151","1,000.00","1,000.00","-","-","22/Sep/2020 MY (UTC+08:00)","11:08 MY (UTC+08:00)","2009221107060331","T028296831920","-","80.00","025 - Office","FC90","2502","2860 - ","711,321.41","","-","TAY AH GAIK","RCMS - CR FPX","","-"
"506061304070","Current Account","GENTING MALAYSIA BERHAD","MYR","2020-09-22 MY (UTC+08:00)","2020-09-22 MY (UTC+08:00)","8","151","1,000.00","1,000.00","-","-","22/Sep/2020 MY (UTC+08:00)","11:14 MY (UTC+08:00)","2009221114050515","T028297790120","-","80.00","025 - Office","FC93","2502","2860 - ","711,401.41","","-","SITI NORAIN BINTI MO","RCMS - CR FPX","","-"
"506061304070","Current Account","GENTING MALAYSIA BERHAD","MYR","2020-09-22 MY (UTC+08:00)","2020-09-22 MY (UTC+08:00)","8","151","1,000.00","1,000.00","-","-","22/Sep/2020 MY (UTC+08:00)","11:31 MY (UTC+08:00)","2009221131100411","T028300108220","-","320.00","025 - Office","FC92","2502","2860 - ","711,721.41","","-","TAN BOON ZHEN","RCMS - CR FPX","","-"
"506061304070","Current Account","GENTING MALAYSIA BERHAD","MYR","2020-09-22 MY (UTC+08:00)","2020-09-22 MY (UTC+08:00)","8","151","1,000.00","1,000.00","-","-","22/Sep/2020 MY (UTC+08:00)","11:37 MY (UTC+08:00)","2009221136350796","T028300795820","-","140.00","025 - Office","FC92","2502","2860 - ","711,861.41","","-","LOH SHIH LEE","RCMS - CR FPX","","-"
"506061304070","Current Account","GENTING MALAYSIA BERHAD","MYR","2020-09-22 MY (UTC+08:00)","2020-09-22 MY (UTC+08:00)","8","151","1,000.00","1,000.00","-","-","22/Sep/2020 MY (UTC+08:00)","11:45 MY (UTC+08:00)","2009221144430403","T028301975420","-","160.00","025 - Office","FC90","2502","2860 - ","712,021.41","","-","LIM HONG ENG","RCMS - CR FPX","","-"
"506061304070","Current Account","GENTING MALAYSIA BERHAD","MYR","2020-09-22 MY (UTC+08:00)","2020-09-22 MY (UTC+08:00)","8","151","1,000.00","1,000.00","-","-","22/Sep/2020 MY (UTC+08:00)","11:47 MY (UTC+08:00)","2009221146220924","T028302221120","-","80.00","025 - Office","FC90","2502","2860 - ","712,101.41","","-","CHONG WEI CHEONG","RCMS - CR FPX","","-"
"506061304070","Current Account","GENTING MALAYSIA BERHAD","MYR","2020-09-22 MY (UTC+08:00)","2020-09-22 MY (UTC+08:00)","8","151","1,000.00","1,000.00","-","-","22/Sep/2020 MY (UTC+08:00)","12:02 MY (UTC+08:00)","2009221201350415","T028304829620","-","110.00","025 - Office","FC90","2502","2860 - ","712,211.41","","-","KHOR JIE YING","RCMS - CR FPX","","-"
"506061304070","Current Account","GENTING MALAYSIA BERHAD","MYR","2020-09-22 MY (UTC+08:00)","2020-09-22 MY (UTC+08:00)","8","151","1,000.00","1,000.00","-","-","22/Sep/2020 MY (UTC+08:00)","12:07 MY (UTC+08:00)","2009221205370736","T028306036520","-","70.00","025 - Office","FC93","2502","2860 - ","712,281.41","","-","TAN SIEW HWA","RCMS - CR FPX","","-"
"506061304070","Current Account","GENTING MALAYSIA BERHAD","MYR","2020-09-22 MY (UTC+08:00)","2020-09-22 MY (UTC+08:00)","8","151","1,000.00","1,000.00","-","-","22/Sep/2020 MY (UTC+08:00)","12:11 MY (UTC+08:00)","2009221210060060","T028306605020","-","80.00","025 - Office","FC90","2502","2860 - ","712,361.41","","-","TEE SHI WEI","RCMS - CR FPX","","-"
"506061304070","Current Account","GENTING MALAYSIA BERHAD","MYR","2020-09-22 MY (UTC+08:00)","2020-09-22 MY (UTC+08:00)","8","151","1,000.00","1,000.00","-","-","22/Sep/2020 MY (UTC+08:00)","12:13 MY (UTC+08:00)","2009221212440346","T028306943420","-","70.00","025 - Office","FC91","2502","2860 - ","712,431.41","","-","CHIENG LII YUEN","RCMS - CR FPX","","-"
"506061304070","Current Account","GENTING MALAYSIA BERHAD","MYR","2020-09-22 MY (UTC+08:00)","2020-09-22 MY (UTC+08:00)","8","151","1,000.00","1,000.00","-","-","22/Sep/2020 MY (UTC+08:00)","12:26 MY (UTC+08:00)","2009221224560739","T028308513020","-","70.00","025 - Office","FC90","2502","2860 - ","712,501.41","","-","LEE HOE SING","RCMS - CR FPX","","-"
"506061304070","Current Account","GENTING MALAYSIA BERHAD","MYR","2020-09-22 MY (UTC+08:00)","2020-09-22 MY (UTC+08:00)","8","151","1,000.00","1,000.00","-","-","22/Sep/2020 MY (UTC+08:00)","12:30 MY (UTC+08:00)","2009221230030654","T028309147220","-","140.00","025 - Office","FC92","2502","2860 - ","712,641.41","","-","OOI EVONNE","RCMS - CR FPX","","-"
"506061304070","Current Account","GENTING MALAYSIA BERHAD","MYR","2020-09-22 MY (UTC+08:00)","2020-09-22 MY (UTC+08:00)","8","151","1,000.00","1,000.00","-","-","22/Sep/2020 MY (UTC+08:00)","12:34 MY (UTC+08:00)","2009221233160540","T028309538120","-","100.00","025 - Office","FC90","2502","2860 - ","712,741.41","","-","CHEONG TI LUNG","RCMS - CR FPX","","-"
"506061304070","Current Account","GENTING MALAYSIA BERHAD","MYR","2020-09-22 MY (UTC+08:00)","2020-09-22 MY (UTC+08:00)","8","151","1,000.00","1,000.00","-","-","22/Sep/2020 MY (UTC+08:00)","12:35 MY (UTC+08:00)","2009221235000156","T028309735820","-","110.00","025 - Office","FC90","2502","2860 - ","712,851.41","","-","YAU SI QI","RCMS - CR FPX","","-"
"506061304070","Current Account","GENTING MALAYSIA BERHAD","MYR","2020-09-22 MY (UTC+08:00)","2020-09-22 MY (UTC+08:00)","8","151","1,000.00","1,000.00","-","-","22/Sep/2020 MY (UTC+08:00)","12:37 MY (UTC+08:00)","2009221235530491","T028309853720","-","100.00","025 - Office","FC91","2502","2860 - ","712,951.41","","-","FONG YEUN KAI","RCMS - CR FPX","","-"
"506061304070","Current Account","GENTING MALAYSIA BERHAD","MYR","2020-09-22 MY (UTC+08:00)","2020-09-22 MY (UTC+08:00)","8","151","1,000.00","1,000.00","-","-","22/Sep/2020 MY (UTC+08:00)","12:40 MY (UTC+08:00)","2009221239350072","T028310223920","-","220.00","025 - Office","FC91","2502","2860 - ","713,171.41","","-","CHIDAMBARAN A/L KUMA","RCMS - CR FPX","","-"
"506061304070","Current Account","GENTING MALAYSIA BERHAD","MYR","2020-09-22 MY (UTC+08:00)","2020-09-22 MY (UTC+08:00)","8","151","1,000.00","1,000.00","-","-","22/Sep/2020 MY (UTC+08:00)","12:42 MY (UTC+08:00)","2009221241400230","T028310545220","-","70.00","025 - Office","FC91","2502","2860 - ","713,241.41","","-","GAN KEM JOO","RCMS - CR FPX","","-"
"506061304070","Current Account","GENTING MALAYSIA BERHAD","MYR","2020-09-22 MY (UTC+08:00)","2020-09-22 MY (UTC+08:00)","8","151","1,000.00","1,000.00","-","-","22/Sep/2020 MY (UTC+08:00)","13:13 MY (UTC+08:00)","2009221310120385","T028314050420","-","120.00","025 - Office","FC90","2502","2860 - ","713,361.41","","-","ONG SZE LIAN","RCMS - CR FPX","","-"
"506061304070","Current Account","GENTING MALAYSIA BERHAD","MYR","2020-09-22 MY (UTC+08:00)","2020-09-22 MY (UTC+08:00)","8","151","1,000.00","1,000.00","-","-","22/Sep/2020 MY (UTC+08:00)","13:14 MY (UTC+08:00)","2009221312460074","T028314377420","-","140.00","025 - Office","FC90","2502","2860 - ","713,501.41","","-","CHIA BEN SON","RCMS - CR FPX","","-"
"506061304070","Current Account","GENTING MALAYSIA BERHAD","MYR","2020-09-22 MY (UTC+08:00)","2020-09-22 MY (UTC+08:00)","8","151","1,000.00","1,000.00","-","-","22/Sep/2020 MY (UTC+08:00)","13:17 MY (UTC+08:00)","2009221316110044","T028314804920","-","70.00","025 - Office","FC91","2502","2860 - ","713,571.41","","-","ONG SIOW EE","RCMS - CR FPX","","-"
"506061304070","Current Account","GENTING MALAYSIA BERHAD","MYR","2020-09-22 MY (UTC+08:00)","2020-09-22 MY (UTC+08:00)","8","151","1,000.00","1,000.00","-","-","22/Sep/2020 MY (UTC+08:00)","13:33 MY (UTC+08:00)","2009221332290620","T028316730620","-","70.00","025 - Office","FC90","2502","2860 - ","713,641.41","","-","LEE HOW WEI","RCMS - CR FPX","","-"
"506061304070","Current Account","GENTING MALAYSIA BERHAD","MYR","2020-09-22 MY (UTC+08:00)","2020-09-22 MY (UTC+08:00)","8","151","1,000.00","1,000.00","-","-","22/Sep/2020 MY (UTC+08:00)","13:38 MY (UTC+08:00)","2009221337500926","T028317400520","-","179.00","025 - Office","FC90","2502","2860 - ","713,820.41","","-","JUMANIYA BINTI SUNNA","RCMS - CR FPX","","-"
"506061304070","Current Account","GENTING MALAYSIA BERHAD","MYR","2020-09-22 MY (UTC+08:00)","2020-09-22 MY (UTC+08:00)","8","151","1,000.00","1,000.00","-","-","22/Sep/2020 MY (UTC+08:00)","13:42 MY (UTC+08:00)","2009221341220735","T028317814520","-","70.00","025 - Office","FC94","2502","2860 - ","713,890.41","","-","LEE WEN HUI","RCMS - CR FPX","","-"
"506061304070","Current Account","GENTING MALAYSIA BERHAD","MYR","2020-09-22 MY (UTC+08:00)","2020-09-22 MY (UTC+08:00)","8","151","1,000.00","1,000.00","-","-","22/Sep/2020 MY (UTC+08:00)","13:59 MY (UTC+08:00)","2009221358560720","T028319852420","-","220.00","025 - Office","FC90","2502","2860 - ","714,110.41","","-","IVAN KOK CHENG JIN","RCMS - CR FPX","","-"
"506061304070","Current Account","GENTING MALAYSIA BERHAD","MYR","2020-09-22 MY (UTC+08:00)","2020-09-22 MY (UTC+08:00)","8","151","1,000.00","1,000.00","-","-","22/Sep/2020 MY (UTC+08:00)","14:00 MY (UTC+08:00)","2009221359360588","T028319926220","-","179.00","025 - Office","FC91","2502","2860 - ","714,289.41","","-","ANUARDEEN VARUSAI IB","RCMS - CR FPX","","-"
"506061304070","Current Account","GENTING MALAYSIA BERHAD","MYR","2020-09-22 MY (UTC+08:00)","2020-09-22 MY (UTC+08:00)","8","151","1,000.00","1,000.00","-","-","22/Sep/2020 MY (UTC+08:00)","14:07 MY (UTC+08:00)","2009221406230615","T028320738320","-","165.00","025 - Office","FC90","2502","2860 - ","714,454.41","","-","LYDIA LAI PEI SZAN","RCMS - CR FPX","","-"
"506061304070","Current Account","GENTING MALAYSIA BERHAD","MYR","2020-09-22 MY (UTC+08:00)","2020-09-22 MY (UTC+08:00)","8","151","1,000.00","1,000.00","-","-","22/Sep/2020 MY (UTC+08:00)","14:08 MY (UTC+08:00)","2009221408020767","T028320890720","-","180.00","025 - Office","FC90","2502","2860 - ","714,634.41","","-","DEREK NG YI SONG","RCMS - CR FPX","","-"
"506061304070","Current Account","GENTING MALAYSIA BERHAD","MYR","2020-09-22 MY (UTC+08:00)","2020-09-22 MY (UTC+08:00)","8","151","1,000.00","1,000.00","-","-","22/Sep/2020 MY (UTC+08:00)","14:12 MY (UTC+08:00)","2009221411340504","T028321329620","-","220.00","025 - Office","FC92","2502","2860 - ","714,854.41","","-","IVAN KOK CHENG JIN","RCMS - CR FPX","","-"
"506061304070","Current Account","GENTING MALAYSIA BERHAD","MYR","2020-09-22 MY (UTC+08:00)","2020-09-22 MY (UTC+08:00)","8","151","1,000.00","1,000.00","-","-","22/Sep/2020 MY (UTC+08:00)","14:38 MY (UTC+08:00)","2009221438210776","T028324410620","-","80.00","025 - Office","FC90","2502","2860 - ","714,934.41","","-","TEOH CHEK KEE","RCMS - CR FPX","","-"
"506061304070","Current Account","GENTING MALAYSIA BERHAD","MYR","2020-09-22 MY (UTC+08:00)","2020-09-22 MY (UTC+08:00)","8","151","1,000.00","1,000.00","-","-","22/Sep/2020 MY (UTC+08:00)","14:40 MY (UTC+08:00)","2009221439550914","T028324606820","-","179.00","025 - Office","FC91","2502","2860 - ","715,113.41","","-","MOHAMAD FAHMI BIN AB","RCMS - CR FPX","","-"
"506061304070","Current Account","GENTING MALAYSIA BERHAD","MYR","2020-09-22 MY (UTC+08:00)","2020-09-22 MY (UTC+08:00)","8","151","1,000.00","1,000.00","-","-","22/Sep/2020 MY (UTC+08:00)","14:45 MY (UTC+08:00)","2009221444060627","T028325012120","-","120.00","025 - Office","FC90","2502","2860 - ","715,233.41","","-","NURAZELA BINTI MOHAM","RCMS - CR FPX","","-"
"506061304070","Current Account","GENTING MALAYSIA BERHAD","MYR","2020-09-22 MY (UTC+08:00)","2020-09-22 MY (UTC+08:00)","8","151","1,000.00","1,000.00","-","-","22/Sep/2020 MY (UTC+08:00)","14:45 MY (UTC+08:00)","2009221444510643","T028325148020","-","70.00","025 - Office","FC92","2502","2860 - ","715,303.41","","-","NG CHER YI","RCMS - CR FPX","","-"
"506061304070","Current Account","GENTING MALAYSIA BERHAD","MYR","2020-09-22 MY (UTC+08:00)","2020-09-22 MY (UTC+08:00)","8","151","1,000.00","1,000.00","-","-","22/Sep/2020 MY (UTC+08:00)","15:00 MY (UTC+08:00)","2009221458370188","T028326632420","-","240.00","025 - Office","FC91","2502","2860 - ","715,543.41","","-","FANG KIM YIN","RCMS - CR FPX","","-"
"506061304070","Current Account","GENTING MALAYSIA BERHAD","MYR","2020-09-22 MY (UTC+08:00)","2020-09-22 MY (UTC+08:00)","8","151","1,000.00","1,000.00","-","-","22/Sep/2020 MY (UTC+08:00)","15:08 MY (UTC+08:00)","2009221507450416","T028327623320","-","1,776.00","025 - Office","FC90","2502","2860 - ","717,319.41","","-","LEE KAI EARN","RCMS - CR FPX","","-"
"506061304070","Current Account","GENTING MALAYSIA BERHAD","MYR","2020-09-22 MY (UTC+08:00)","2020-09-22 MY (UTC+08:00)","8","151","1,000.00","1,000.00","-","-","22/Sep/2020 MY (UTC+08:00)","15:09 MY (UTC+08:00)","2009221504570554","T028327247120","-","100.00","025 - Office","FC90","2502","2860 - ","717,419.41","","-","CHONG ENG HOE","RCMS - CR FPX","","-"
"506061304070","Current Account","GENTING MALAYSIA BERHAD","MYR","2020-09-22 MY (UTC+08:00)","2020-09-22 MY (UTC+08:00)","8","151","1,000.00","1,000.00","-","-","22/Sep/2020 MY (UTC+08:00)","15:19 MY (UTC+08:00)","2009221517420850","T028328655920","-","70.00","025 - Office","FC91","2502","2860 - ","717,489.41","","-","LAW TIH HOONG","RCMS - CR FPX","","-"
"506061304070","Current Account","GENTING MALAYSIA BERHAD","MYR","2020-09-22 MY (UTC+08:00)","2020-09-22 MY (UTC+08:00)","8","151","1,000.00","1,000.00","-","-","22/Sep/2020 MY (UTC+08:00)","15:21 MY (UTC+08:00)","2009221520320599","T028328946320","-","70.00","025 - Office","FC90","2502","2860 - ","717,559.41","","-","LAW TIH HOONG","RCMS - CR FPX","","-"
"506061304070","Current Account","GENTING MALAYSIA BERHAD","MYR","2020-09-22 MY (UTC+08:00)","2020-09-22 MY (UTC+08:00)","8","151","1,000.00","1,000.00","-","-","22/Sep/2020 MY (UTC+08:00)","15:30 MY (UTC+08:00)","2009221529500883","T028329962720","-","140.00","025 - Office","FC90","2502","2860 - ","717,699.41","","-","CHEAH YAL BENG","RCMS - CR FPX","","-"
"506061304070","Current Account","GENTING MALAYSIA BERHAD","MYR","2020-09-22 MY (UTC+08:00)","2020-09-22 MY (UTC+08:00)","8","151","1,000.00","1,000.00","-","-","22/Sep/2020 MY (UTC+08:00)","15:52 MY (UTC+08:00)","2009221551080317","T028332226220","-","70.00","025 - Office","FC95","2502","2860 - ","717,769.41","","-","CHAU PEI JIUN","RCMS - CR FPX","","-"
"506061304070","Current Account","GENTING MALAYSIA BERHAD","MYR","2020-09-22 MY (UTC+08:00)","2020-09-22 MY (UTC+08:00)","8","151","1,000.00","1,000.00","-","-","22/Sep/2020 MY (UTC+08:00)","16:06 MY (UTC+08:00)","2009221605570600","T028333835120","-","140.00","025 - Office","FC92","2502","2860 - ","717,909.41","","-","NG CHER YI","RCMS - CR FPX","","-"
"506061304070","Current Account","GENTING MALAYSIA BERHAD","MYR","2020-09-22 MY (UTC+08:00)","2020-09-22 MY (UTC+08:00)","8","151","1,000.00","1,000.00","-","-","22/Sep/2020 MY (UTC+08:00)","16:08 MY (UTC+08:00)","2009221607540170","T028334058020","-","140.00","025 - Office","FC90","2502","2860 - ","718,049.41","","-","NG CHER YI","RCMS - CR FPX","","-"
"506061304070","Current Account","GENTING MALAYSIA BERHAD","MYR","2020-09-22 MY (UTC+08:00)","2020-09-22 MY (UTC+08:00)","8","151","1,000.00","1,000.00","-","-","22/Sep/2020 MY (UTC+08:00)","16:09 MY (UTC+08:00)","2009221608450298","T028334094920","-","540.00","025 - Office","FC91","2502","2860 - ","718,589.41","","-","PUSAT BORONG MY","RCMS - CR FPX","","-"
"506061304070","Current Account","GENTING MALAYSIA BERHAD","MYR","2020-09-22 MY (UTC+08:00)","2020-09-22 MY (UTC+08:00)","8","151","1,000.00","1,000.00","-","-","22/Sep/2020 MY (UTC+08:00)","16:46 MY (UTC+08:00)","2009221645370862","T028338052520","-","70.00","025 - Office","FC90","2502","2860 - ","718,659.41","","-","CHEW LAY TEE","RCMS - CR FPX","","-"
"506061304070","Current Account","GENTING MALAYSIA BERHAD","MYR","2020-09-22 MY (UTC+08:00)","2020-09-22 MY (UTC+08:00)","8","151","1,000.00","1,000.00","-","-","22/Sep/2020 MY (UTC+08:00)","17:03 MY (UTC+08:00)","2009221702430748","T028339829120","-","80.00","025 - Office","FC91","2502","2860 - ","718,739.41","","-","STEPHANIE LEE JEI YI","RCMS - CR FPX","","-"
"506061304070","Current Account","GENTING MALAYSIA BERHAD","MYR","2020-09-22 MY (UTC+08:00)","2020-09-22 MY (UTC+08:00)","8","151","1,000.00","1,000.00","-","-","22/Sep/2020 MY (UTC+08:00)","17:06 MY (UTC+08:00)","2009221705410278","T028340104520","-","70.00","025 - Office","FC91","2502","2860 - ","718,809.41","","-","STEVEN GOH KAH WEI","RCMS - CR FPX","","-"
"506061304070","Current Account","GENTING MALAYSIA BERHAD","MYR","2020-09-22 MY (UTC+08:00)","2020-09-22 MY (UTC+08:00)","8","151","1,000.00","1,000.00","-","-","22/Sep/2020 MY (UTC+08:00)","17:18 MY (UTC+08:00)","2009221717280329","T028341385520","-","80.00","025 - Office","FC92","2502","2860 - ","718,889.41","","-","NOOR FAFANINA BINTI","RCMS - CR FPX","","-"
"506061304070","Current Account","GENTING MALAYSIA BERHAD","MYR","2020-09-22 MY (UTC+08:00)","2020-09-22 MY (UTC+08:00)","8","151","1,000.00","1,000.00","-","-","22/Sep/2020 MY (UTC+08:00)","17:19 MY (UTC+08:00)","2009221719180465","T028341564020","-","270.00","025 - Office","FC91","2502","2860 - ","719,159.41","","-","TEO MOU ZHENG","RCMS - CR FPX","","-"
"506061304070","Current Account","GENTING MALAYSIA BERHAD","MYR","2020-09-22 MY (UTC+08:00)","2020-09-22 MY (UTC+08:00)","8","151","1,000.00","1,000.00","-","-","22/Sep/2020 MY (UTC+08:00)","17:20 MY (UTC+08:00)","2009221719080260","T028341540020","-","140.00","025 - Office","FC91","2502","2860 - ","719,299.41","","-","MR LIEW PIN YEH","RCMS - CR FPX","","-"
"506061304070","Current Account","GENTING MALAYSIA BERHAD","MYR","2020-09-22 MY (UTC+08:00)","2020-09-22 MY (UTC+08:00)","8","151","1,000.00","1,000.00","-","-","22/Sep/2020 MY (UTC+08:00)","17:21 MY (UTC+08:00)","2009221720570398","T028341747020","-","70.00","025 - Office","FC90","2502","2860 - ","719,369.41","","-","CHOONG JUN LOON","RCMS - CR FPX","","-"
"506061304070","Current Account","GENTING MALAYSIA BERHAD","MYR","2020-09-22 MY (UTC+08:00)","2020-09-22 MY (UTC+08:00)","8","151","1,000.00","1,000.00","-","-","22/Sep/2020 MY (UTC+08:00)","17:32 MY (UTC+08:00)","2009221731180371","T028342799720","-","70.00","025 - Office","FC90","2502","2860 - ","719,439.41","","-","TEH C HOWE  JESSY LO","RCMS - CR FPX","","-"
"506061304070","Current Account","GENTING MALAYSIA BERHAD","MYR","2020-09-22 MY (UTC+08:00)","2020-09-22 MY (UTC+08:00)","8","151","1,000.00","1,000.00","-","-","22/Sep/2020 MY (UTC+08:00)","17:36 MY (UTC+08:00)","2009221735360216","T028343253020","-","70.00","025 - Office","FC93","2502","2860 - ","719,509.41","","-","TEH C HOWE  JESSY LO","RCMS - CR FPX","","-"
"506061304070","Current Account","GENTING MALAYSIA BERHAD","MYR","2020-09-22 MY (UTC+08:00)","2020-09-22 MY (UTC+08:00)","8","151","1,000.00","1,000.00","-","-","22/Sep/2020 MY (UTC+08:00)","17:50 MY (UTC+08:00)","2009221749240754","T028344608720","-","120.00","025 - Office","FC90","2502","2860 - ","719,629.41","","-","ONG SZE LIAN","RCMS - CR FPX","","-"
"506061304070","Current Account","GENTING MALAYSIA BERHAD","MYR","2020-09-22 MY (UTC+08:00)","2020-09-22 MY (UTC+08:00)","8","151","1,000.00","1,000.00","-","-","22/Sep/2020 MY (UTC+08:00)","18:18 MY (UTC+08:00)","2009221816460608","T028347335420","-","80.00","025 - Office","FC91","2502","2860 - ","719,709.41","","-","LIM SIN LEONG","RCMS - CR FPX","","-"
"506061304070","Current Account","GENTING MALAYSIA BERHAD","MYR","2020-09-22 MY (UTC+08:00)","2020-09-22 MY (UTC+08:00)","8","151","1,000.00","1,000.00","-","-","22/Sep/2020 MY (UTC+08:00)","18:26 MY (UTC+08:00)","2009221825440676","T028348254620","-","80.00","025 - Office","FC92","2502","2860 - ","719,789.41","","-","YEE MOBILE COMMUNICA","RCMS - CR FPX","","-"
"506061304070","Current Account","GENTING MALAYSIA BERHAD","MYR","2020-09-22 MY (UTC+08:00)","2020-09-22 MY (UTC+08:00)","8","151","1,000.00","1,000.00","-","-","22/Sep/2020 MY (UTC+08:00)","18:42 MY (UTC+08:00)","2009221840270249","T028349728220","-","110.00","025 - Office","FC92","2502","2860 - ","719,899.41","","-","NG KAI CHUN","RCMS - CR FPX","","-"
"506061304070","Current Account","GENTING MALAYSIA BERHAD","MYR","2020-09-22 MY (UTC+08:00)","2020-09-22 MY (UTC+08:00)","8","151","1,000.00","1,000.00","-","-","22/Sep/2020 MY (UTC+08:00)","19:02 MY (UTC+08:00)","2009221901140696","T028351657820","-","100.00","025 - Office","FC91","2502","2860 - ","719,999.41","","-","TEE XIN NING","RCMS - CR FPX","","-"
"506061304070","Current Account","GENTING MALAYSIA BERHAD","MYR","2020-09-22 MY (UTC+08:00)","2020-09-22 MY (UTC+08:00)","8","151","1,000.00","1,000.00","-","-","22/Sep/2020 MY (UTC+08:00)","19:05 MY (UTC+08:00)","2009221904360488","T028351977920","-","80.00","025 - Office","FC91","2502","2860 - ","720,079.41","","-","CHONG CHEE KIANG","RCMS - CR FPX","","-"
"506061304070","Current Account","GENTING MALAYSIA BERHAD","MYR","2020-09-22 MY (UTC+08:00)","2020-09-22 MY (UTC+08:00)","8","151","1,000.00","1,000.00","-","-","22/Sep/2020 MY (UTC+08:00)","19:16 MY (UTC+08:00)","2009221915170962","T028352981120","-","100.00","025 - Office","FC92","2502","2860 - ","720,179.41","","-","KONG CHONG SOONG","RCMS - CR FPX","","-"
"506061304070","Current Account","GENTING MALAYSIA BERHAD","MYR","2020-09-22 MY (UTC+08:00)","2020-09-22 MY (UTC+08:00)","8","151","1,000.00","1,000.00","-","-","22/Sep/2020 MY (UTC+08:00)","19:16 MY (UTC+08:00)","2009221915430458","T028353031520","-","250.00","025 - Office","FC90","2502","2860 - ","720,429.41","","-","CARREY STEPHENEY FEL","RCMS - CR FPX","","-"
"506061304070","Current Account","GENTING MALAYSIA BERHAD","MYR","2020-09-22 MY (UTC+08:00)","2020-09-22 MY (UTC+08:00)","8","151","1,000.00","1,000.00","-","-","22/Sep/2020 MY (UTC+08:00)","19:18 MY (UTC+08:00)","2009221917210373","T028353172820","-","170.00","025 - Office","FC92","2502","2860 - ","720,599.41","","-","ANG MIN SIM","RCMS - CR FPX","","-"
"506061304070","Current Account","GENTING MALAYSIA BERHAD","MYR","2020-09-22 MY (UTC+08:00)","2020-09-22 MY (UTC+08:00)","8","151","1,000.00","1,000.00","-","-","22/Sep/2020 MY (UTC+08:00)","19:21 MY (UTC+08:00)","2009221920420169","T028353457220","-","180.00","025 - Office","FC90","2502","2860 - ","720,779.41","","-","DANIEL WONG SHEU ZHI","RCMS - CR FPX","","-"
"506061304070","Current Account","GENTING MALAYSIA BERHAD","MYR","2020-09-22 MY (UTC+08:00)","2020-09-22 MY (UTC+08:00)","8","151","1,000.00","1,000.00","-","-","22/Sep/2020 MY (UTC+08:00)","19:22 MY (UTC+08:00)","2009221920540363","T028353474920","-","163.00","025 - Office","FC90","2502","2860 - ","720,942.41","","-","LIM CHEE SIAN","RCMS - CR FPX","","-"
"506061304070","Current Account","GENTING MALAYSIA BERHAD","MYR","2020-09-22 MY (UTC+08:00)","2020-09-22 MY (UTC+08:00)","8","151","1,000.00","1,000.00","-","-","22/Sep/2020 MY (UTC+08:00)","19:58 MY (UTC+08:00)","2009221957370090","T028356777020","-","64.00","025 - Office","FC90","2502","2860 - ","721,006.41","","-","ONG JUN YIE","RCMS - CR FPX","","-"
"506061304070","Current Account","GENTING MALAYSIA BERHAD","MYR","2020-09-22 MY (UTC+08:00)","2020-09-22 MY (UTC+08:00)","8","151","1,000.00","1,000.00","-","-","22/Sep/2020 MY (UTC+08:00)","20:17 MY (UTC+08:00)","2009222016260070","T028358680220","-","110.00","025 - Office","FC90","2502","2860 - ","721,116.41","","-","CHUNG PUI YEE","RCMS - CR FPX","","-"
"506061304070","Current Account","GENTING MALAYSIA BERHAD","MYR","2020-09-22 MY (UTC+08:00)","2020-09-22 MY (UTC+08:00)","8","151","1,000.00","1,000.00","-","-","22/Sep/2020 MY (UTC+08:00)","20:17 MY (UTC+08:00)","2009222017230351","T028358796020","-","180.00","025 - Office","FC90","2502","2860 - ","721,296.41","","-","TAN BEE CHIN","RCMS - CR FPX","","-"
"506061304070","Current Account","GENTING MALAYSIA BERHAD","MYR","2020-09-22 MY (UTC+08:00)","2020-09-22 MY (UTC+08:00)","8","151","1,000.00","1,000.00","-","-","22/Sep/2020 MY (UTC+08:00)","20:22 MY (UTC+08:00)","2009222021220551","T028359194720","-","100.00","025 - Office","FC90","2502","2860 - ","721,396.41","","-","KHOE WEEN SHE","RCMS - CR FPX","","-"
"506061304070","Current Account","GENTING MALAYSIA BERHAD","MYR","2020-09-22 MY (UTC+08:00)","2020-09-22 MY (UTC+08:00)","8","151","1,000.00","1,000.00","-","-","22/Sep/2020 MY (UTC+08:00)","20:34 MY (UTC+08:00)","2009222033210948","T028360455920","-","70.00","025 - Office","FC92","2502","2860 - ","721,466.41","","-","TAMMY LIM PEI YEE","RCMS - CR FPX","","-"
"506061304070","Current Account","GENTING MALAYSIA BERHAD","MYR","2020-09-22 MY (UTC+08:00)","2020-09-22 MY (UTC+08:00)","8","151","1,000.00","1,000.00","-","-","22/Sep/2020 MY (UTC+08:00)","20:45 MY (UTC+08:00)","2009222044460425","T028361600420","-","240.00","025 - Office","FC90","2502","2860 - ","721,706.41","","-","KFJ MANAGEMENT SERVI","RCMS - CR FPX","","-"
"506061304070","Current Account","GENTING MALAYSIA BERHAD","MYR","2020-09-22 MY (UTC+08:00)","2020-09-22 MY (UTC+08:00)","8","151","1,000.00","1,000.00","-","-","22/Sep/2020 MY (UTC+08:00)","20:49 MY (UTC+08:00)","2009222048260220","T028361977820","-","80.00","025 - Office","FC91","2502","2860 - ","721,786.41","","-","TER LAY HOON","RCMS - CR FPX","","-"
"506061304070","Current Account","GENTING MALAYSIA BERHAD","MYR","2020-09-22 MY (UTC+08:00)","2020-09-22 MY (UTC+08:00)","8","151","1,000.00","1,000.00","-","-","22/Sep/2020 MY (UTC+08:00)","20:51 MY (UTC+08:00)","2009222050150522","T028362142520","-","240.00","025 - Office","FC90","2502","2860 - ","722,026.41","","-","KFJ MANAGEMENT SERVI","RCMS - CR FPX","","-"
"506061304070","Current Account","GENTING MALAYSIA BERHAD","MYR","2020-09-22 MY (UTC+08:00)","2020-09-22 MY (UTC+08:00)","8","151","1,000.00","1,000.00","-","-","22/Sep/2020 MY (UTC+08:00)","20:53 MY (UTC+08:00)","2009222052200297","T028362370220","-","80.00","025 - Office","FC90","2502","2860 - ","722,106.41","","-","NG KOK YAK","RCMS - CR FPX","","-"
"506061304070","Current Account","GENTING MALAYSIA BERHAD","MYR","2020-09-22 MY (UTC+08:00)","2020-09-22 MY (UTC+08:00)","8","151","1,000.00","1,000.00","-","-","22/Sep/2020 MY (UTC+08:00)","20:56 MY (UTC+08:00)","2009222055400466","T028362721220","-","80.00","025 - Office","FC90","2502","2860 - ","722,186.41","","-","ALAN LEE           O","RCMS - CR FPX","","-"
"506061304070","Current Account","GENTING MALAYSIA BERHAD","MYR","2020-09-22 MY (UTC+08:00)","2020-09-22 MY (UTC+08:00)","8","151","1,000.00","1,000.00","-","-","22/Sep/2020 MY (UTC+08:00)","20:56 MY (UTC+08:00)","2009222056100064","T028362741620","-","80.00","025 - Office","FC90","2502","2860 - ","722,266.41","","-","CHEW ZHENG YANG","RCMS - CR FPX","","-"
"506061304070","Current Account","GENTING MALAYSIA BERHAD","MYR","2020-09-22 MY (UTC+08:00)","2020-09-22 MY (UTC+08:00)","8","151","1,000.00","1,000.00","-","-","22/Sep/2020 MY (UTC+08:00)","21:01 MY (UTC+08:00)","2009222100290605","T028363158020","-","80.00","025 - Office","FC90","2502","2860 - ","722,346.41","","-","SEI WEI JIE","RCMS - CR FPX","","-"
"506061304070","Current Account","GENTING MALAYSIA BERHAD","MYR","2020-09-22 MY (UTC+08:00)","2020-09-22 MY (UTC+08:00)","8","151","1,000.00","1,000.00","-","-","22/Sep/2020 MY (UTC+08:00)","21:08 MY (UTC+08:00)","2009222106520548","T028363808720","-","70.00","025 - Office","FC90","2502","2860 - ","722,416.41","","-","YAP SER BUNG","RCMS - CR FPX","","-"
"506061304070","Current Account","GENTING MALAYSIA BERHAD","MYR","2020-09-22 MY (UTC+08:00)","2020-09-22 MY (UTC+08:00)","8","151","1,000.00","1,000.00","-","-","22/Sep/2020 MY (UTC+08:00)","21:23 MY (UTC+08:00)","2009222122180580","T028365413420","-","260.00","025 - Office","FC90","2502","2860 - ","722,676.41","","-","KENNY GO SHI KANG","RCMS - CR FPX","","-"
"506061304070","Current Account","GENTING MALAYSIA BERHAD","MYR","2020-09-22 MY (UTC+08:00)","2020-09-22 MY (UTC+08:00)","8","151","1,000.00","1,000.00","-","-","22/Sep/2020 MY (UTC+08:00)","21:30 MY (UTC+08:00)","2009222130120664","T028366241420","-","180.00","025 - Office","FC91","2502","2860 - ","722,856.41","","-","KOH YONG LIN","RCMS - CR FPX","","-"
"506061304070","Current Account","GENTING MALAYSIA BERHAD","MYR","2020-09-22 MY (UTC+08:00)","2020-09-22 MY (UTC+08:00)","8","151","1,000.00","1,000.00","-","-","22/Sep/2020 MY (UTC+08:00)","21:30 MY (UTC+08:00)","2009222130080553","T028366240820","-","80.00","025 - Office","FC90","2502","2860 - ","722,936.41","","-","YEOH WEI BIN","RCMS - CR FPX","","-"
"506061304070","Current Account","GENTING MALAYSIA BERHAD","MYR","2020-09-22 MY (UTC+08:00)","2020-09-22 MY (UTC+08:00)","8","151","1,000.00","1,000.00","-","-","22/Sep/2020 MY (UTC+08:00)","21:32 MY (UTC+08:00)","2009222131140167","T028366316120","-","140.00","025 - Office","FC91","2502","2860 - ","723,076.41","","-","KHOO CHING YEE","RCMS - CR FPX","","-"
"506061304070","Current Account","GENTING MALAYSIA BERHAD","MYR","2020-09-22 MY (UTC+08:00)","2020-09-22 MY (UTC+08:00)","8","151","1,000.00","1,000.00","-","-","22/Sep/2020 MY (UTC+08:00)","21:32 MY (UTC+08:00)","2009222131270518","T028366352120","-","70.00","025 - Office","FC93","2502","2860 - ","723,146.41","","-","ONG EAN TUT","RCMS - CR FPX","","-"
"506061304070","Current Account","GENTING MALAYSIA BERHAD","MYR","2020-09-22 MY (UTC+08:00)","2020-09-22 MY (UTC+08:00)","8","151","1,000.00","1,000.00","-","-","22/Sep/2020 MY (UTC+08:00)","21:35 MY (UTC+08:00)","CMS - DR CORP CHG","B2CSE00037674","78.50","-","025 - Office","CBSX410N","2502","CDRCHG - CMS - DR CORP CHG","723,067.91","","-","","CMS - DR CORP CHG","","-"
"506061304070","Current Account","GENTING MALAYSIA BERHAD","MYR","2020-09-22 MY (UTC+08:00)","2020-09-22 MY (UTC+08:00)","8","151","1,000.00","1,000.00","-","-","22/Sep/2020 MY (UTC+08:00)","21:37 MY (UTC+08:00)","2009222136190638","T028366853420","-","220.00","025 - Office","FC92","2502","2860 - ","723,287.91","","-","CHONG CHEW FOONG","RCMS - CR FPX","","-"
"506061304070","Current Account","GENTING MALAYSIA BERHAD","MYR","2020-09-22 MY (UTC+08:00)","2020-09-22 MY (UTC+08:00)","8","151","1,000.00","1,000.00","-","-","22/Sep/2020 MY (UTC+08:00)","21:44 MY (UTC+08:00)","2009222143250350","T028367535620","-","70.00","025 - Office","FC90","2502","2860 - ","723,357.91","","-","MS YOU AI CHOO","RCMS - CR FPX","","-"
"506061304070","Current Account","GENTING MALAYSIA BERHAD","MYR","2020-09-22 MY (UTC+08:00)","2020-09-22 MY (UTC+08:00)","8","151","1,000.00","1,000.00","-","-","22/Sep/2020 MY (UTC+08:00)","21:49 MY (UTC+08:00)","2009222148420385","T028368080720","-","170.00","025 - Office","FC92","2502","2860 - ","723,527.91","","-","CHONG VUN TING","RCMS - CR FPX","","-"
"506061304070","Current Account","GENTING MALAYSIA BERHAD","MYR","2020-09-22 MY (UTC+08:00)","2020-09-22 MY (UTC+08:00)","8","151","1,000.00","1,000.00","-","-","22/Sep/2020 MY (UTC+08:00)","22:00 MY (UTC+08:00)","2009222158580661","T028369060520","-","70.00","025 - Office","FC90","2502","2860 - ","723,597.91","","-","YEAP ZHI MING","RCMS - CR FPX","","-"
"506061304070","Current Account","GENTING MALAYSIA BERHAD","MYR","2020-09-22 MY (UTC+08:00)","2020-09-22 MY (UTC+08:00)","8","151","1,000.00","1,000.00","-","-","22/Sep/2020 MY (UTC+08:00)","22:03 MY (UTC+08:00)","2009222202380101","T028369427720","-","220.00","025 - Office","FC91","2502","2860 - ","723,817.91","","-","WONG YEK YING","RCMS - CR FPX","","-"
"506061304070","Current Account","GENTING MALAYSIA BERHAD","MYR","2020-09-22 MY (UTC+08:00)","2020-09-22 MY (UTC+08:00)","8","151","1,000.00","1,000.00","-","-","22/Sep/2020 MY (UTC+08:00)","22:04 MY (UTC+08:00)","2009222203050623","T028369469420","-","70.00","025 - Office","FC90","2502","2860 - ","723,887.91","","-","CHONG MEI THENG","RCMS - CR FPX","","-"
"506061304070","Current Account","GENTING MALAYSIA BERHAD","MYR","2020-09-22 MY (UTC+08:00)","2020-09-22 MY (UTC+08:00)","8","151","1,000.00","1,000.00","-","-","22/Sep/2020 MY (UTC+08:00)","22:05 MY (UTC+08:00)","2009222203560666","T028369567820","-","70.00","025 - Office","FC91","2502","2860 - ","723,957.91","","-","TAN CHUANG SEN","RCMS - CR FPX","","-"
"506061304070","Current Account","GENTING MALAYSIA BERHAD","MYR","2020-09-22 MY (UTC+08:00)","2020-09-22 MY (UTC+08:00)","8","151","1,000.00","1,000.00","-","-","22/Sep/2020 MY (UTC+08:00)","22:32 MY (UTC+08:00)","2009222231150757","T028372108220","-","70.00","025 - Office","FC91","2502","2860 - ","724,027.91","","-","WONG WEI TONG","RCMS - CR FPX","","-"
"506061304070","Current Account","GENTING MALAYSIA BERHAD","MYR","2020-09-22 MY (UTC+08:00)","2020-09-22 MY (UTC+08:00)","8","151","1,000.00","1,000.00","-","-","22/Sep/2020 MY (UTC+08:00)","22:34 MY (UTC+08:00)","2009222233250095","T028372283120","-","70.00","025 - Office","FC90","2502","2860 - ","724,097.91","","-","LEE SIOW CHIN","RCMS - CR FPX","","-"
"506061304070","Current Account","GENTING MALAYSIA BERHAD","MYR","2020-09-22 MY (UTC+08:00)","2020-09-22 MY (UTC+08:00)","8","151","1,000.00","1,000.00","-","-","22/Sep/2020 MY (UTC+08:00)","22:39 MY (UTC+08:00)","2009222238480655","T028372701620","-","70.00","025 - Office","FC91","2502","2860 - ","724,167.91","","-","TAN CHUANG SEN","RCMS - CR FPX","","-"
"506061304070","Current Account","GENTING MALAYSIA BERHAD","MYR","2020-09-22 MY (UTC+08:00)","2020-09-22 MY (UTC+08:00)","8","151","1,000.00","1,000.00","-","-","22/Sep/2020 MY (UTC+08:00)","22:44 MY (UTC+08:00)","2009222243560049","T028373086520","-","70.00","025 - Office","FC91","2502","2860 - ","724,237.91","","-","YEN CHING HOONG","RCMS - CR FPX","","-"
"506061304070","Current Account","GENTING MALAYSIA BERHAD","MYR","2020-09-22 MY (UTC+08:00)","2020-09-22 MY (UTC+08:00)","8","151","1,000.00","1,000.00","-","-","22/Sep/2020 MY (UTC+08:00)","22:47 MY (UTC+08:00)","2009222246120424","T028373260220","-","70.00","025 - Office","FC90","2502","2860 - ","724,307.91","","-","CHAN HUI YING","RCMS - CR FPX","","-"
"506061304070","Current Account","GENTING MALAYSIA BERHAD","MYR","2020-09-22 MY (UTC+08:00)","2020-09-22 MY (UTC+08:00)","8","151","1,000.00","1,000.00","-","-","22/Sep/2020 MY (UTC+08:00)","22:47 MY (UTC+08:00)","2009222247010198","T028373328020","-","180.00","025 - Office","FC92","2502","2860 - ","724,487.91","","-","LAM KAH MENG","RCMS - CR FPX","","-"
"506061304070","Current Account","GENTING MALAYSIA BERHAD","MYR","2020-09-22 MY (UTC+08:00)","2020-09-22 MY (UTC+08:00)","8","151","1,000.00","1,000.00","-","-","22/Sep/2020 MY (UTC+08:00)","22:48 MY (UTC+08:00)","2009222248180450","T028373409620","-","70.00","025 - Office","FC90","2502","2860 - ","724,557.91","","-","MICHELE LOO JIA YING","RCMS - CR FPX","","-"
"506061304070","Current Account","GENTING MALAYSIA BERHAD","MYR","2020-09-22 MY (UTC+08:00)","2020-09-22 MY (UTC+08:00)","8","151","1,000.00","1,000.00","-","-","22/Sep/2020 MY (UTC+08:00)","22:50 MY (UTC+08:00)","2009222249340715","T028373508920","-","280.00","025 - Office","FC90","2502","2860 - ","724,837.91","","-","TAN YEE","RCMS - CR FPX","","-"
"506061304070","Current Account","GENTING MALAYSIA BERHAD","MYR","2020-09-22 MY (UTC+08:00)","2020-09-22 MY (UTC+08:00)","8","151","1,000.00","1,000.00","-","-","22/Sep/2020 MY (UTC+08:00)","22:53 MY (UTC+08:00)","2009222252440871","T028373745620","-","70.00","025 - Office","FC90","2502","2860 - ","724,907.91","","-","CHUA KUAN LING","RCMS - CR FPX","","-"
"506061304070","Current Account","GENTING MALAYSIA BERHAD","MYR","2020-09-22 MY (UTC+08:00)","2020-09-22 MY (UTC+08:00)","8","151","1,000.00","1,000.00","-","-","22/Sep/2020 MY (UTC+08:00)","23:02 MY (UTC+08:00)","2009222301310318","T028374399920","-","170.00","025 - Office","FC90","2502","2860 - ","725,077.91","","-","CHONG VUN TING","RCMS - CR FPX","","-"
"506061304070","Current Account","GENTING MALAYSIA BERHAD","MYR","2020-09-22 MY (UTC+08:00)","2020-09-22 MY (UTC+08:00)","8","151","1,000.00","1,000.00","-","-","22/Sep/2020 MY (UTC+08:00)","23:07 MY (UTC+08:00)","2009222305240909","T028374663920","-","70.00","025 - Office","FC91","2502","2860 - ","725,147.91","","-","TOH ZHI WEI","RCMS - CR FPX","","-"
"506061304070","Current Account","GENTING MALAYSIA BERHAD","MYR","2020-09-22 MY (UTC+08:00)","2020-09-22 MY (UTC+08:00)","8","151","1,000.00","1,000.00","-","-","22/Sep/2020 MY (UTC+08:00)","23:32 MY (UTC+08:00)","2009222331220897","T028376360420","-","70.00","025 - Office","FC91","2502","2860 - ","725,217.91","","-","MERVIN TAY WAI KEAT","RCMS - CR FPX","","-"
"506061304070","Current Account","GENTING MALAYSIA BERHAD","MYR","2020-09-22 MY (UTC+08:00)","2020-09-22 MY (UTC+08:00)","8","151","1,000.00","1,000.00","-","-","22/Sep/2020 MY (UTC+08:00)","23:38 MY (UTC+08:00)","2009222337000350","T028376679620","-","250.00","025 - Office","FC90","2502","2860 - ","725,467.91","","-","TAN CHEE NENG","RCMS - CR FPX","","-"
"506061304070","Current Account","GENTING MALAYSIA BERHAD","MYR","2020-09-22 MY (UTC+08:00)","2020-09-22 MY (UTC+08:00)","8","151","1,000.00","1,000.00","-","-","22/Sep/2020 MY (UTC+08:00)","23:47 MY (UTC+08:00)","2009222347030975","T028377302720","-","520.00","025 - Office","FC90","2502","2860 - ","725,987.91","","-","YEN KAR MUN","RCMS - CR FPX","","-"
"506061304070","Current Account","GENTING MALAYSIA BERHAD","MYR","2020-09-22 MY (UTC+08:00)","2020-09-22 MY (UTC+08:00)","8","151","1,000.00","1,000.00","-","-","22/Sep/2020 MY (UTC+08:00)","23:57 MY (UTC+08:00)","2009222356060386","T028377743720","-","120.00","025 - Office","FC90","2502","2860 - ","726,107.91","","-","LEE YUN FEI","RCMS - CR FPX","","-"
"506061304070","Current Account","GENTING MALAYSIA BERHAD","MYR","2020-09-22 MY (UTC+08:00)","2020-09-22 MY (UTC+08:00)","8","151","1,000.00","1,000.00","-","-","22/Sep/2020 MY (UTC+08:00)","00:47 MY (UTC+08:00)","QRCASA SALES M/N 0035276 DATED 22092020","","-","0.10","011 - System","CBSX425P","2988","8301 - BILLS PAYMENT CREDIT","726,108.01","","-","","","","-"
"506061304070","Current Account","GENTING MALAYSIA BERHAD","MYR","2020-09-22 MY (UTC+08:00)","2020-09-22 MY (UTC+08:00)","8","151","1,000.00","1,000.00","-","-","22/Sep/2020 MY (UTC+08:00)","00:47 MY (UTC+08:00)","QRCASA SALES M/N 0070588 DATED 22092020","","-","615.00","011 - System","CBSX425P","2988","8301 - BILLS PAYMENT CREDIT","726,723.01","","-","","","","-"
"506061304070","Current Account","GENTING MALAYSIA BERHAD","MYR","2020-09-22 MY (UTC+08:00)","2020-09-22 MY (UTC+08:00)","8","151","1,000.00","1,000.00","-","-","22/Sep/2020 MY (UTC+08:00)","00:48 MY (UTC+08:00)","QRCASA REFUND M/N 0035276 DATED 22092020","","0.10","-","011 - System","CBSX425P","2988","6423 - ","726,722.91","","-","","","","-"
"506061304070","Current Account","GENTING MALAYSIA BERHAD","MYR","2020-09-22 MY (UTC+08:00)","2020-09-22 MY (UTC+08:00)","8","151","1,000.00","1,000.00","-","-","22/Sep/2020 MY (UTC+08:00)","00:48 MY (UTC+08:00)","S/C TRANS VIA QRPAY 000027060070588","","1.53","-","011 - System","CBSX4237","2996","PCSCDR - PAYEE CORP SERVICE CHARGE DEBIT","726,721.38","","-","","","","-"
"506061304070","Current Account","GENTING MALAYSIA BERHAD","MYR","2020-09-22 MY (UTC+08:00)","2020-09-22 MY (UTC+08:00)","8","151","1,000.00","1,000.00","-","-","22/Sep/2020 MY (UTC+08:00)","01:36 MY (UTC+08:00)","GENTING MALAYSIA BERHAD","514011468149","774,596.05","-","011 - System","BTCH6587","0606","XFRDR - FUND TRANSFER DEBIT","-47,874.67","","-","","","","-"
"506061304070","Current Account","GENTING MALAYSIA BERHAD","MYR","2020-09-22 MY (UTC+08:00)","2020-09-22 MY (UTC+08:00)","8","151","1,000.00","1,000.00","-","-","22/Sep/2020 MY (UTC+08:00)","01:36 MY (UTC+08:00)","XFR DEBIT SVC CHARGE","","2.00","-","011 - System","BTCH6587","0606","XFRDRSVC - SERVICE CHARGE","-47,876.67","","-","","","","-"
"506061304070","Current Account","GENTING MALAYSIA BERHAD","MYR","2020-09-22 MY (UTC+08:00)","2020-09-22 MY (UTC+08:00)","8","151","1,000.00","1,000.00","-","-","22/Sep/2020 MY (UTC+08:00)","02:16 MY (UTC+08:00)","DR/CARD SALES M/N 4000006 DATED 21092020","","-","72.00","006 - Pos","CBSX408R","2977","8300 - CREDIT ACCOUNT","-47,804.67","","-","","","","-"
"506061304070","Current Account","GENTING MALAYSIA BERHAD","MYR","2020-09-22 MY (UTC+08:00)","2020-09-22 MY (UTC+08:00)","8","151","1,000.00","1,000.00","-","-","22/Sep/2020 MY (UTC+08:00)","02:16 MY (UTC+08:00)","DR/CARD SALES M/N 4000006 DATED 21092020","","0.18","-","011 - System","CBSX408R","2981","BCHARGE - ELECTRONIC TRANSACTION CHARGES","-47,804.85","","-","","","","-"
"506061304070","Current Account","GENTING MALAYSIA BERHAD","MYR","2020-09-22 MY (UTC+08:00)","2020-09-22 MY (UTC+08:00)","8","151","1,000.00","1,000.00","-","-","22/Sep/2020 MY (UTC+08:00)","02:18 MY (UTC+08:00)","DR/CARD SALES M/N 4000006 DATED 21092020","","-","283.00","006 - Pos","CBSX408R","3121","8300 - CREDIT ACCOUNT","-47,521.85","","-","","","","-"
"506061304070","Current Account","GENTING MALAYSIA BERHAD","MYR","2020-09-22 MY (UTC+08:00)","2020-09-22 MY (UTC+08:00)","8","151","1,000.00","1,000.00","-","-","22/Sep/2020 MY (UTC+08:00)","02:19 MY (UTC+08:00)","DR/CARD SALES M/N 4000006 DATED 21092020","","0.71","-","011 - System","CBSX408R","2981","BCHARGE - ELECTRONIC TRANSACTION CHARGES","-47,522.56","","-","","","","-"
"506061304070","Current Account","GENTING MALAYSIA BERHAD","MYR","2020-09-22 MY (UTC+08:00)","2020-09-22 MY (UTC+08:00)","8","151","1,000.00","1,000.00","-","-","22/Sep/2020 MY (UTC+08:00)","04:23 MY (UTC+08:00)","2009220015230453","T028245417620","-","330.00","025 - Office","FC90","2502","2860 - ","-47,192.56","","-","NORASIKIN BINTI FAIZ","RCMS - CR FPX","","-"
"506061304070","Current Account","GENTING MALAYSIA BERHAD","MYR","2020-09-22 MY (UTC+08:00)","2020-09-22 MY (UTC+08:00)","8","151","1,000.00","1,000.00","-","-","22/Sep/2020 MY (UTC+08:00)","04:23 MY (UTC+08:00)","2009220014360144","T028245384320","-","70.00","025 - Office","FC90","2502","2860 - ","-47,122.56","","-","CHOO HUI QI","RCMS - CR FPX","","-"
"506061304070","Current Account","GENTING MALAYSIA BERHAD","MYR","2020-09-22 MY (UTC+08:00)","2020-09-22 MY (UTC+08:00)","8","151","1,000.00","1,000.00","-","-","22/Sep/2020 MY (UTC+08:00)","04:23 MY (UTC+08:00)","2009220017170231","T028245492320","-","70.00","025 - Office","FC92","2502","2860 - ","-47,052.56","","-","SEOW BOON LOONG","RCMS - CR FPX","","-"
"506061304070","Current Account","GENTING MALAYSIA BERHAD","MYR","2020-09-22 MY (UTC+08:00)","2020-09-22 MY (UTC+08:00)","8","151","1,000.00","1,000.00","-","-","22/Sep/2020 MY (UTC+08:00)","04:23 MY (UTC+08:00)","2009220023430182","T028245682820","-","179.00","025 - Office","FC90","2502","2860 - ","-46,873.56","","-","LAM SING TZE","RCMS - CR FPX","","-"
"506061304070","Current Account","GENTING MALAYSIA BERHAD","MYR","2020-09-22 MY (UTC+08:00)","2020-09-22 MY (UTC+08:00)","8","151","1,000.00","1,000.00","-","-","22/Sep/2020 MY (UTC+08:00)","04:23 MY (UTC+08:00)","2009220030140092","T028245877220","-","140.00","025 - Office","FC91","2502","2860 - ","-46,733.56","","-","BONG KONG YAN","RCMS - CR FPX","","-"
"506061304070","Current Account","GENTING MALAYSIA BERHAD","MYR","2020-09-22 MY (UTC+08:00)","2020-09-22 MY (UTC+08:00)","8","151","1,000.00","1,000.00","-","-","22/Sep/2020 MY (UTC+08:00)","04:23 MY (UTC+08:00)","2009220034040769","T028246390220","-","70.00","025 - Office","FC90","2502","2860 - ","-46,663.56","","-","BONG KONG YAN","RCMS - CR FPX","","-"
"506061304070","Current Account","GENTING MALAYSIA BERHAD","MYR","2020-09-22 MY (UTC+08:00)","2020-09-22 MY (UTC+08:00)","8","151","1,000.00","1,000.00","-","-","22/Sep/2020 MY (UTC+08:00)","04:23 MY (UTC+08:00)","2009220049120315","T028246886720","-","280.00","025 - Office","FC90","2502","2860 - ","-46,383.56","","-","YEW CHIEW SEN","RCMS - CR FPX","","-"
"506061304070","Current Account","GENTING MALAYSIA BERHAD","MYR","2020-09-22 MY (UTC+08:00)","2020-09-22 MY (UTC+08:00)","8","151","1,000.00","1,000.00","-","-","22/Sep/2020 MY (UTC+08:00)","04:23 MY (UTC+08:00)","2009220237170358","T028248914120","-","170.00","025 - Office","FC90","2502","2860 - ","-46,213.56","","-","LEE SIONG GUAT","RCMS - CR FPX","","-"
"506061304070","Current Account","GENTING MALAYSIA BERHAD","MYR","2020-09-22 MY (UTC+08:00)","2020-09-22 MY (UTC+08:00)","8","151","1,000.00","1,000.00","-","-","22/Sep/2020 MY (UTC+08:00)","05:27 MY (UTC+08:00)","RFD 22092020","DEBIT BALANCE","129.22","-","011 - System","CBSX426Q","2719","CCREFUND - ","-46,342.78","","-","MN 027004221339","CREDIT CARD REFUND","","-"
"506061304070","Current Account","GENTING MALAYSIA BERHAD","MYR","2020-09-22 MY (UTC+08:00)","2020-09-22 MY (UTC+08:00)","8","151","1,000.00","1,000.00","-","-","22/Sep/2020 MY (UTC+08:00)","05:35 MY (UTC+08:00)","9204280879 CR/CARD SALES  DATED 22092020","08792209","-","334.38","011 - System","CBSX4498","3104","2210 - CARDS CREDIT","-46,008.40","","-","","","","-"
"506061304070","Current Account","GENTING MALAYSIA BERHAD","MYR","2020-09-22 MY (UTC+08:00)","2020-09-22 MY (UTC+08:00)","8","151","1,000.00","1,000.00","-","-","22/Sep/2020 MY (UTC+08:00)","05:35 MY (UTC+08:00)","9204232565 CR/CARD SALES  DATED 22092020","25652209","-","255.71","011 - System","CBSX4498","3104","2210 - CARDS CREDIT","-45,752.69","","-","","","","-"
"506061304070","Current Account","GENTING MALAYSIA BERHAD","MYR","2020-09-22 MY (UTC+08:00)","2020-09-22 MY (UTC+08:00)","8","151","1,000.00","1,000.00","-","-","22/Sep/2020 MY (UTC+08:00)","05:35 MY (UTC+08:00)","9207003443 CR/CARD SALES  DATED 22092020","34432209","-","4,780.79","011 - System","CBSX4498","3104","2210 - CARDS CREDIT","-40,971.90","","-","","","","-"
"506061304070","Current Account","GENTING MALAYSIA BERHAD","MYR","2020-09-22 MY (UTC+08:00)","2020-09-22 MY (UTC+08:00)","8","151","1,000.00","1,000.00","-","-","22/Sep/2020 MY (UTC+08:00)","05:35 MY (UTC+08:00)","9204453906 CR/CARD SALES  DATED 22092020","39062209","-","1,710.30","011 - System","CBSX4498","3104","2210 - CARDS CREDIT","-39,261.60","","-","","","","-"
"506061304070","Current Account","GENTING MALAYSIA BERHAD","MYR","2020-09-22 MY (UTC+08:00)","2020-09-22 MY (UTC+08:00)","8","151","1,000.00","1,000.00","-","-","22/Sep/2020 MY (UTC+08:00)","05:35 MY (UTC+08:00)","9204144851 CR/CARD SALES  DATED 22092020","48512209","-","302.91","011 - System","CBSX4498","3104","2210 - CARDS CREDIT","-38,958.69","","-","","","","-"
"506061304070","Current Account","GENTING MALAYSIA BERHAD","MYR","2020-09-22 MY (UTC+08:00)","2020-09-22 MY (UTC+08:00)","8","151","1,000.00","1,000.00","-","-","22/Sep/2020 MY (UTC+08:00)","05:35 MY (UTC+08:00)","9204135032 CR/CARD SALES  DATED 22092020","50322209","-","2,645.60","011 - System","CBSX4498","3104","2210 - CARDS CREDIT","-36,313.09","","-","","","","-"
"506061304070","Current Account","GENTING MALAYSIA BERHAD","MYR","2020-09-22 MY (UTC+08:00)","2020-09-22 MY (UTC+08:00)","8","151","1,000.00","1,000.00","-","-","22/Sep/2020 MY (UTC+08:00)","05:35 MY (UTC+08:00)","9870206851 CR/CARD SALES  DATED 22092020","68512209","-","6,359.21","011 - System","CBSX4498","3104","2210 - CARDS CREDIT","-29,953.88","","-","","","","-"
"506061304070","Current Account","GENTING MALAYSIA BERHAD","MYR","2020-09-22 MY (UTC+08:00)","2020-09-22 MY (UTC+08:00)","8","151","1,000.00","1,000.00","-","-","22/Sep/2020 MY (UTC+08:00)","05:35 MY (UTC+08:00)","9204277883 CR/CARD SALES  DATED 22092020","78832209","-","113.10","011 - System","CBSX4498","3104","2210 - CARDS CREDIT","-29,840.78","","-","","","","-"
"506061304070","Current Account","GENTING MALAYSIA BERHAD","MYR","2020-09-22 MY (UTC+08:00)","2020-09-22 MY (UTC+08:00)","8","151","1,000.00","1,000.00","-","-","22/Sep/2020 MY (UTC+08:00)","05:35 MY (UTC+08:00)","9204079313 CR/CARD SALES  DATED 22092020","93132209","-","30,238.88","011 - System","CBSX4498","3104","2210 - CARDS CREDIT","398.10","","-","","","","-"
"506061304070","Current Account","GENTING MALAYSIA BERHAD","MYR","2020-09-22 MY (UTC+08:00)","2020-09-22 MY (UTC+08:00)","8","151","1,000.00","1,000.00","-","-","22/Sep/2020 MY (UTC+08:00)","05:35 MY (UTC+08:00)","9204219414 CR/CARD SALES  DATED 22092020","94142209","-","47.21","011 - System","CBSX4498","3104","2210 - CARDS CREDIT","445.31","","-","","","","-"
"506061304070","Current Account","GENTING MALAYSIA BERHAD","MYR","2020-09-22 MY (UTC+08:00)","2020-09-22 MY (UTC+08:00)","8","151","1,000.00","1,000.00","-","-","22/Sep/2020 MY (UTC+08:00)","05:35 MY (UTC+08:00)","9204519946 CR/CARD SALES  DATED 22092020","99462209","-","554.69","011 - System","CBSX4498","3104","2210 - CARDS CREDIT","1,000.00","","-","","","","-"
