﻿Account Number,Account Type,Account Name,Account Currency,Date From,Date To,Total Debit,Total Credit,Begin Balance,End Balance,Transaction Date,Transaction Time,Posting Date,Processing Time,Transaction Description,Transaction Ref,Debit,Credit,Source Code,Teller ID,Branch/Channel,Transaction Code,End Balance,Filler,Virtual Account,Transaction Description 2,Transaction Description 3,Transaction Description 4,Expiry Date
"506061304070","Current Account","GENTING MALAYSIA BERHAD","MYR","2020-09-24 MY (UTC+08:00)","2020-09-24 MY (UTC+08:00)","9","230","1,614.13","1,000.00","-","-","24/Sep/2020 MY (UTC+08:00)","06:08 MY (UTC+08:00)","2009240607420128","T028529996120","-","110.00","025 - Office","FC90","2502","2860 - ","1,724.13","","-","AZMI ISMAIL","RCMS - CR FPX","","-"
"506061304070","Current Account","GENTING MALAYSIA BERHAD","MYR","2020-09-24 MY (UTC+08:00)","2020-09-24 MY (UTC+08:00)","9","230","1,614.13","1,000.00","-","-","24/Sep/2020 MY (UTC+08:00)","07:14 MY (UTC+08:00)","2009240713300542","T028533357020","-","140.00","025 - Office","FC90","2502","2860 - ","1,864.13","","-","GOH SIAK EIN","RCMS - CR FPX","","-"
"506061304070","Current Account","GENTING MALAYSIA BERHAD","MYR","2020-09-24 MY (UTC+08:00)","2020-09-24 MY (UTC+08:00)","9","230","1,614.13","1,000.00","-","-","24/Sep/2020 MY (UTC+08:00)","07:34 MY (UTC+08:00)","2009240733400051","T028535142020","-","70.00","025 - Office","FC90","2502","2860 - ","1,934.13","","-","WON FOOK SIANG","RCMS - CR FPX","","-"
"506061304070","Current Account","GENTING MALAYSIA BERHAD","MYR","2020-09-24 MY (UTC+08:00)","2020-09-24 MY (UTC+08:00)","9","230","1,614.13","1,000.00","-","-","24/Sep/2020 MY (UTC+08:00)","08:16 MY (UTC+08:00)","2009240815370838","T028540083020","-","110.00","025 - Office","FC90","2502","2860 - ","2,044.13","","-","VALENTINO YONG TAI H","RCMS - CR FPX","","-"
"506061304070","Current Account","GENTING MALAYSIA BERHAD","MYR","2020-09-24 MY (UTC+08:00)","2020-09-24 MY (UTC+08:00)","9","230","1,614.13","1,000.00","-","-","24/Sep/2020 MY (UTC+08:00)","08:19 MY (UTC+08:00)","2009240818450477","T028540499720","-","70.00","025 - Office","FC94","2502","2860 - ","2,114.13","","-","PONG YU GUN","RCMS - CR FPX","","-"
"506061304070","Current Account","GENTING MALAYSIA BERHAD","MYR","2020-09-24 MY (UTC+08:00)","2020-09-24 MY (UTC+08:00)","9","230","1,614.13","1,000.00","-","-","24/Sep/2020 MY (UTC+08:00)","08:28 MY (UTC+08:00)","2009240827550813","T028541928320","-","80.00","025 - Office","FC91","2502","2860 - ","2,194.13","","-","LIEW SIEW YEE","RCMS - CR FPX","","-"
"506061304070","Current Account","GENTING MALAYSIA BERHAD","MYR","2020-09-24 MY (UTC+08:00)","2020-09-24 MY (UTC+08:00)","9","230","1,614.13","1,000.00","-","-","24/Sep/2020 MY (UTC+08:00)","08:31 MY (UTC+08:00)","CR/CARD SALES M/N 4000006 DATED 23092020","00062309","-","4,115.67","011 - System","CBSX4498","2719","2981 - MERCHANT CREDIT CARD SALES","6,309.80","","-","","","","-"
"506061304070","Current Account","GENTING MALAYSIA BERHAD","MYR","2020-09-24 MY (UTC+08:00)","2020-09-24 MY (UTC+08:00)","9","230","1,614.13","1,000.00","-","-","24/Sep/2020 MY (UTC+08:00)","08:31 MY (UTC+08:00)","CR/CARD SALES M/N 4221339 DATED 23092020","13392309","-","12,749.47","011 - System","CBSX4498","2719","2981 - MERCHANT CREDIT CARD SALES","19,059.27","","-","","","","-"
"506061304070","Current Account","GENTING MALAYSIA BERHAD","MYR","2020-09-24 MY (UTC+08:00)","2020-09-24 MY (UTC+08:00)","9","230","1,614.13","1,000.00","-","-","24/Sep/2020 MY (UTC+08:00)","08:31 MY (UTC+08:00)","CR/CARD SALES M/N 4221552 DATED 23092020","15522309","-","3,265.20","011 - System","CBSX4498","2719","2981 - MERCHANT CREDIT CARD SALES","22,324.47","","-","","","","-"
"506061304070","Current Account","GENTING MALAYSIA BERHAD","MYR","2020-09-24 MY (UTC+08:00)","2020-09-24 MY (UTC+08:00)","9","230","1,614.13","1,000.00","-","-","24/Sep/2020 MY (UTC+08:00)","08:31 MY (UTC+08:00)","CR/CARD SALES M/N 1813880 DATED 23092020","38802309","-","3,289.63","011 - System","CBSX4498","2719","2981 - MERCHANT CREDIT CARD SALES","25,614.10","","-","","","","-"
"506061304070","Current Account","GENTING MALAYSIA BERHAD","MYR","2020-09-24 MY (UTC+08:00)","2020-09-24 MY (UTC+08:00)","9","230","1,614.13","1,000.00","-","-","24/Sep/2020 MY (UTC+08:00)","08:31 MY (UTC+08:00)","CR/CARD SALES M/N 4185062 DATED 23092020","50622309","-","49,673.47","011 - System","CBSX4498","2719","2981 - MERCHANT CREDIT CARD SALES","75,287.57","","-","","","","-"
"506061304070","Current Account","GENTING MALAYSIA BERHAD","MYR","2020-09-24 MY (UTC+08:00)","2020-09-24 MY (UTC+08:00)","9","230","1,614.13","1,000.00","-","-","24/Sep/2020 MY (UTC+08:00)","08:31 MY (UTC+08:00)","CR/CARD SALES M/N 4225124 DATED 23092020","51242309","-","287.94","011 - System","CBSX4498","2719","2981 - MERCHANT CREDIT CARD SALES","75,575.51","","-","","","","-"
"506061304070","Current Account","GENTING MALAYSIA BERHAD","MYR","2020-09-24 MY (UTC+08:00)","2020-09-24 MY (UTC+08:00)","9","230","1,614.13","1,000.00","-","-","24/Sep/2020 MY (UTC+08:00)","08:31 MY (UTC+08:00)","CR/CARD SALES M/N 4225140 DATED 23092020","51402309","-","445.95","011 - System","CBSX4498","2719","2981 - MERCHANT CREDIT CARD SALES","76,021.46","","-","","","","-"
"506061304070","Current Account","GENTING MALAYSIA BERHAD","MYR","2020-09-24 MY (UTC+08:00)","2020-09-24 MY (UTC+08:00)","9","230","1,614.13","1,000.00","-","-","24/Sep/2020 MY (UTC+08:00)","08:31 MY (UTC+08:00)","CR/CARD SALES M/N 1055342 DATED 23092020","53422309","-","4,016.43","011 - System","CBSX4498","2719","2981 - MERCHANT CREDIT CARD SALES","80,037.89","","-","","","","-"
"506061304070","Current Account","GENTING MALAYSIA BERHAD","MYR","2020-09-24 MY (UTC+08:00)","2020-09-24 MY (UTC+08:00)","9","230","1,614.13","1,000.00","-","-","24/Sep/2020 MY (UTC+08:00)","08:31 MY (UTC+08:00)","CR/CARD SALES M/N 4025557 DATED 23092020","55572309","-","455.07","011 - System","CBSX4498","2719","2981 - MERCHANT CREDIT CARD SALES","80,492.96","","-","","","","-"
"506061304070","Current Account","GENTING MALAYSIA BERHAD","MYR","2020-09-24 MY (UTC+08:00)","2020-09-24 MY (UTC+08:00)","9","230","1,614.13","1,000.00","-","-","24/Sep/2020 MY (UTC+08:00)","08:31 MY (UTC+08:00)","CR/CARD SALES M/N 4145744 DATED 23092020","57442309","-","285.14","011 - System","CBSX4498","2719","2981 - MERCHANT CREDIT CARD SALES","80,778.10","","-","","","","-"
"506061304070","Current Account","GENTING MALAYSIA BERHAD","MYR","2020-09-24 MY (UTC+08:00)","2020-09-24 MY (UTC+08:00)","9","230","1,614.13","1,000.00","-","-","24/Sep/2020 MY (UTC+08:00)","08:31 MY (UTC+08:00)","CR/CARD SALES M/N 4246575 DATED 23092020","65752309","-","356.11","011 - System","CBSX4498","2719","2981 - MERCHANT CREDIT CARD SALES","81,134.21","","-","","","","-"
"506061304070","Current Account","GENTING MALAYSIA BERHAD","MYR","2020-09-24 MY (UTC+08:00)","2020-09-24 MY (UTC+08:00)","9","230","1,614.13","1,000.00","-","-","24/Sep/2020 MY (UTC+08:00)","08:31 MY (UTC+08:00)","CR/CARD SALES M/N 1067732 DATED 23092020","77322309","-","8.93","011 - System","CBSX4498","2719","2981 - MERCHANT CREDIT CARD SALES","81,143.14","","-","","","","-"
"506061304070","Current Account","GENTING MALAYSIA BERHAD","MYR","2020-09-24 MY (UTC+08:00)","2020-09-24 MY (UTC+08:00)","9","230","1,614.13","1,000.00","-","-","24/Sep/2020 MY (UTC+08:00)","08:31 MY (UTC+08:00)","CR/CARD SALES M/N 7008915 DATED 23092020","89152309","-","45,636.13","011 - System","CBSX4498","2719","2981 - MERCHANT CREDIT CARD SALES","126,779.27","","-","","","","-"
"506061304070","Current Account","GENTING MALAYSIA BERHAD","MYR","2020-09-24 MY (UTC+08:00)","2020-09-24 MY (UTC+08:00)","9","230","1,614.13","1,000.00","-","-","24/Sep/2020 MY (UTC+08:00)","08:31 MY (UTC+08:00)","CR/CARD SALES M/N 4179180 DATED 23092020","91802309","-","5,697.65","011 - System","CBSX4498","2719","2981 - MERCHANT CREDIT CARD SALES","132,476.92","","-","","","","-"
"506061304070","Current Account","GENTING MALAYSIA BERHAD","MYR","2020-09-24 MY (UTC+08:00)","2020-09-24 MY (UTC+08:00)","9","230","1,614.13","1,000.00","-","-","24/Sep/2020 MY (UTC+08:00)","08:31 MY (UTC+08:00)","CR/CARD SALES M/N 4179883 DATED 23092020","98832309","-","43.89","011 - System","CBSX4498","2719","2981 - MERCHANT CREDIT CARD SALES","132,520.81","","-","","","","-"
"506061304070","Current Account","GENTING MALAYSIA BERHAD","MYR","2020-09-24 MY (UTC+08:00)","2020-09-24 MY (UTC+08:00)","9","230","1,614.13","1,000.00","-","-","24/Sep/2020 MY (UTC+08:00)","08:31 MY (UTC+08:00)","CR/CARD SALES M/N 4239893 DATED 23092020","98932309","-","109.15","011 - System","CBSX4498","2719","2981 - MERCHANT CREDIT CARD SALES","132,629.96","","-","","","","-"
"506061304070","Current Account","GENTING MALAYSIA BERHAD","MYR","2020-09-24 MY (UTC+08:00)","2020-09-24 MY (UTC+08:00)","9","230","1,614.13","1,000.00","-","-","24/Sep/2020 MY (UTC+08:00)","08:31 MY (UTC+08:00)","2009240830420315","T028542275420","-","180.00","025 - Office","FC91","2502","2860 - ","132,809.96","","-","LAU CHEE KIN","RCMS - CR FPX","","-"
"506061304070","Current Account","GENTING MALAYSIA BERHAD","MYR","2020-09-24 MY (UTC+08:00)","2020-09-24 MY (UTC+08:00)","9","230","1,614.13","1,000.00","-","-","24/Sep/2020 MY (UTC+08:00)","08:56 MY (UTC+08:00)","2009240855590321","T028546748120","-","60.00","025 - Office","FC92","2502","2860 - ","132,869.96","","-","CHAU PEI JIUN","RCMS - CR FPX","","-"
"506061304070","Current Account","GENTING MALAYSIA BERHAD","MYR","2020-09-24 MY (UTC+08:00)","2020-09-24 MY (UTC+08:00)","9","230","1,614.13","1,000.00","-","-","24/Sep/2020 MY (UTC+08:00)","09:06 MY (UTC+08:00)","2009240905020215","T028548250820","-","70.00","025 - Office","FC91","2502","2860 - ","132,939.96","","-","CHONG LEE LAIN","RCMS - CR FPX","","-"
"506061304070","Current Account","GENTING MALAYSIA BERHAD","MYR","2020-09-24 MY (UTC+08:00)","2020-09-24 MY (UTC+08:00)","9","230","1,614.13","1,000.00","-","-","24/Sep/2020 MY (UTC+08:00)","09:26 MY (UTC+08:00)","2009240925130780","T028551735320","-","80.00","025 - Office","FC90","2502","2860 - ","133,019.96","","-","MELVIN KOH KYE WAY","RCMS - CR FPX","","-"
"506061304070","Current Account","GENTING MALAYSIA BERHAD","MYR","2020-09-24 MY (UTC+08:00)","2020-09-24 MY (UTC+08:00)","9","230","1,614.13","1,000.00","-","-","24/Sep/2020 MY (UTC+08:00)","09:42 MY (UTC+08:00)","H78863","78863","-","20,738.35","018 - Teller","0000544A","0606","7100 - CASH DEPOSIT","153,758.31","","-","","","","-"
"506061304070","Current Account","GENTING MALAYSIA BERHAD","MYR","2020-09-24 MY (UTC+08:00)","2020-09-24 MY (UTC+08:00)","9","230","1,614.13","1,000.00","-","-","24/Sep/2020 MY (UTC+08:00)","09:42 MY (UTC+08:00)","2009240942010444","T028554553820","-","100.00","025 - Office","FC91","2502","2860 - ","153,858.31","","-","CHEAH KENG KEAT","RCMS - CR FPX","","-"
"506061304070","Current Account","GENTING MALAYSIA BERHAD","MYR","2020-09-24 MY (UTC+08:00)","2020-09-24 MY (UTC+08:00)","9","230","1,614.13","1,000.00","-","-","24/Sep/2020 MY (UTC+08:00)","09:44 MY (UTC+08:00)","CH78496","78496","-","5.00","018 - Teller","0000544A","0606","7100 - CASH DEPOSIT","153,863.31","","-","","","","-"
"506061304070","Current Account","GENTING MALAYSIA BERHAD","MYR","2020-09-24 MY (UTC+08:00)","2020-09-24 MY (UTC+08:00)","9","230","1,614.13","1,000.00","-","-","24/Sep/2020 MY (UTC+08:00)","09:45 MY (UTC+08:00)","H78861","78861","-","158,009.00","018 - Teller","0000544A","0606","7100 - CASH DEPOSIT","311,872.31","","-","","","","-"
"506061304070","Current Account","GENTING MALAYSIA BERHAD","MYR","2020-09-24 MY (UTC+08:00)","2020-09-24 MY (UTC+08:00)","9","230","1,614.13","1,000.00","-","-","24/Sep/2020 MY (UTC+08:00)","09:50 MY (UTC+08:00)","2009240949090164","T028555796120","-","170.00","025 - Office","FC96","2502","2860 - ","312,042.31","","-","IVAN KHOO HAW WEN","RCMS - CR FPX","","-"
"506061304070","Current Account","GENTING MALAYSIA BERHAD","MYR","2020-09-24 MY (UTC+08:00)","2020-09-24 MY (UTC+08:00)","9","230","1,614.13","1,000.00","-","-","24/Sep/2020 MY (UTC+08:00)","09:50 MY (UTC+08:00)","2009240949510333","T028555928420","-","179.00","025 - Office","FC91","2502","2860 - ","312,221.31","","-","FONG CHIA SHENG","RCMS - CR FPX","","-"
"506061304070","Current Account","GENTING MALAYSIA BERHAD","MYR","2020-09-24 MY (UTC+08:00)","2020-09-24 MY (UTC+08:00)","9","230","1,614.13","1,000.00","-","-","24/Sep/2020 MY (UTC+08:00)","09:59 MY (UTC+08:00)","2009240958190767","T028557261920","-","140.00","025 - Office","FC94","2502","2860 - ","312,361.31","","-","AZIEDA BTE ABU","RCMS - CR FPX","","-"
"506061304070","Current Account","GENTING MALAYSIA BERHAD","MYR","2020-09-24 MY (UTC+08:00)","2020-09-24 MY (UTC+08:00)","9","230","1,614.13","1,000.00","-","-","24/Sep/2020 MY (UTC+08:00)","10:04 MY (UTC+08:00)","2009241003370271","T028558154420","-","70.00","025 - Office","FC95","2502","2860 - ","312,431.31","","-","TING YEN FEI","RCMS - CR FPX","","-"
"506061304070","Current Account","GENTING MALAYSIA BERHAD","MYR","2020-09-24 MY (UTC+08:00)","2020-09-24 MY (UTC+08:00)","9","230","1,614.13","1,000.00","-","-","24/Sep/2020 MY (UTC+08:00)","10:05 MY (UTC+08:00)","2009241004570414","T028558369820","-","70.00","025 - Office","FC90","2502","2860 - ","312,501.31","","-","TING YEN FEI","RCMS - CR FPX","","-"
"506061304070","Current Account","GENTING MALAYSIA BERHAD","MYR","2020-09-24 MY (UTC+08:00)","2020-09-24 MY (UTC+08:00)","9","230","1,614.13","1,000.00","-","-","24/Sep/2020 MY (UTC+08:00)","10:11 MY (UTC+08:00)","2009241010100030","T028559123420","-","70.00","025 - Office","FC93","2502","2860 - ","312,571.31","","-","AZIEDA BTE ABU","RCMS - CR FPX","","-"
"506061304070","Current Account","GENTING MALAYSIA BERHAD","MYR","2020-09-24 MY (UTC+08:00)","2020-09-24 MY (UTC+08:00)","9","230","1,614.13","1,000.00","-","-","24/Sep/2020 MY (UTC+08:00)","10:27 MY (UTC+08:00)","2009241026100156","T028561908620","-","120.00","025 - Office","FC91","2502","2860 - ","312,691.31","","-","CHEN PAU PEI","RCMS - CR FPX","","-"
"506061304070","Current Account","GENTING MALAYSIA BERHAD","MYR","2020-09-24 MY (UTC+08:00)","2020-09-24 MY (UTC+08:00)","9","230","1,614.13","1,000.00","-","-","24/Sep/2020 MY (UTC+08:00)","10:39 MY (UTC+08:00)","2009241038270421","T028564033520","-","60.00","025 - Office","FC90","2502","2860 - ","312,751.31","","-","OH KOK KEONG","RCMS - CR FPX","","-"
"506061304070","Current Account","GENTING MALAYSIA BERHAD","MYR","2020-09-24 MY (UTC+08:00)","2020-09-24 MY (UTC+08:00)","9","230","1,614.13","1,000.00","-","-","24/Sep/2020 MY (UTC+08:00)","10:44 MY (UTC+08:00)","2009241043170870","T028564646720","-","210.00","025 - Office","FC94","2502","2860 - ","312,961.31","","-","ENCIK MUHAMMAD KHAIR","RCMS - CR FPX","","-"
"506061304070","Current Account","GENTING MALAYSIA BERHAD","MYR","2020-09-24 MY (UTC+08:00)","2020-09-24 MY (UTC+08:00)","9","230","1,614.13","1,000.00","-","-","24/Sep/2020 MY (UTC+08:00)","10:56 MY (UTC+08:00)","2009241055170468","T028566967820","-","70.00","025 - Office","FC91","2502","2860 - ","313,031.31","","-","NG QIN XIAN","RCMS - CR FPX","","-"
"506061304070","Current Account","GENTING MALAYSIA BERHAD","MYR","2020-09-24 MY (UTC+08:00)","2020-09-24 MY (UTC+08:00)","9","230","1,614.13","1,000.00","-","-","24/Sep/2020 MY (UTC+08:00)","11:02 MY (UTC+08:00)","2009241101090629","T028567993820","-","70.00","025 - Office","FC93","2502","2860 - ","313,101.31","","-","KOR MIEN CHONG","RCMS - CR FPX","","-"
"506061304070","Current Account","GENTING MALAYSIA BERHAD","MYR","2020-09-24 MY (UTC+08:00)","2020-09-24 MY (UTC+08:00)","9","230","1,614.13","1,000.00","-","-","24/Sep/2020 MY (UTC+08:00)","11:04 MY (UTC+08:00)","2009241103030020","T028568305220","-","240.00","025 - Office","FC96","2502","2860 - ","313,341.31","","-","PEARLYN KHO LI XIAN","RCMS - CR FPX","","-"
"506061304070","Current Account","GENTING MALAYSIA BERHAD","MYR","2020-09-24 MY (UTC+08:00)","2020-09-24 MY (UTC+08:00)","9","230","1,614.13","1,000.00","-","-","24/Sep/2020 MY (UTC+08:00)","11:10 MY (UTC+08:00)","2009241109260348","T028569428420","-","130.00","025 - Office","FC90","2502","2860 - ","313,471.31","","-","TAN HAN LIONG","RCMS - CR FPX","","-"
"506061304070","Current Account","GENTING MALAYSIA BERHAD","MYR","2020-09-24 MY (UTC+08:00)","2020-09-24 MY (UTC+08:00)","9","230","1,614.13","1,000.00","-","-","24/Sep/2020 MY (UTC+08:00)","11:14 MY (UTC+08:00)","2009241113080895","T028570076720","-","200.00","025 - Office","FC94","2502","2860 - ","313,671.31","","-","TAN SOON CHAI","RCMS - CR FPX","","-"
"506061304070","Current Account","GENTING MALAYSIA BERHAD","MYR","2020-09-24 MY (UTC+08:00)","2020-09-24 MY (UTC+08:00)","9","230","1,614.13","1,000.00","-","-","24/Sep/2020 MY (UTC+08:00)","11:17 MY (UTC+08:00)","2009241115410601","T028570480820","-","70.00","025 - Office","FC90","2502","2860 - ","313,741.31","","-","LOW CHEAN FEY","RCMS - CR FPX","","-"
"506061304070","Current Account","GENTING MALAYSIA BERHAD","MYR","2020-09-24 MY (UTC+08:00)","2020-09-24 MY (UTC+08:00)","9","230","1,614.13","1,000.00","-","-","24/Sep/2020 MY (UTC+08:00)","11:27 MY (UTC+08:00)","2009241126210658","T028572253820","-","250.00","025 - Office","FC91","2502","2860 - ","313,991.31","","-","SHAFARIZA BINTI AZIZ","RCMS - CR FPX","","-"
"506061304070","Current Account","GENTING MALAYSIA BERHAD","MYR","2020-09-24 MY (UTC+08:00)","2020-09-24 MY (UTC+08:00)","9","230","1,614.13","1,000.00","-","-","24/Sep/2020 MY (UTC+08:00)","11:38 MY (UTC+08:00)","2009241136420579","T028573945820","-","220.00","025 - Office","FC94","2502","2860 - ","314,211.31","","-","TIEW ENG ENG","RCMS - CR FPX","","-"
"506061304070","Current Account","GENTING MALAYSIA BERHAD","MYR","2020-09-24 MY (UTC+08:00)","2020-09-24 MY (UTC+08:00)","9","230","1,614.13","1,000.00","-","-","24/Sep/2020 MY (UTC+08:00)","11:43 MY (UTC+08:00)","2009241143180806","T028575018620","-","70.00","025 - Office","FC92","2502","2860 - ","314,281.31","","-","SOH WEE SIONG","RCMS - CR FPX","","-"
"506061304070","Current Account","GENTING MALAYSIA BERHAD","MYR","2020-09-24 MY (UTC+08:00)","2020-09-24 MY (UTC+08:00)","9","230","1,614.13","1,000.00","-","-","24/Sep/2020 MY (UTC+08:00)","11:51 MY (UTC+08:00)","2009241150190679","T028576184420","-","80.00","025 - Office","FC91","2502","2860 - ","314,361.31","","-","CHOW SUN KING","RCMS - CR FPX","","-"
"506061304070","Current Account","GENTING MALAYSIA BERHAD","MYR","2020-09-24 MY (UTC+08:00)","2020-09-24 MY (UTC+08:00)","9","230","1,614.13","1,000.00","-","-","24/Sep/2020 MY (UTC+08:00)","11:55 MY (UTC+08:00)","2009241154170079","T028576838120","-","430.00","025 - Office","FC92","2502","2860 - ","314,791.31","","-","CIK NOR FATIHA BINTI","RCMS - CR FPX","","-"
"506061304070","Current Account","GENTING MALAYSIA BERHAD","MYR","2020-09-24 MY (UTC+08:00)","2020-09-24 MY (UTC+08:00)","9","230","1,614.13","1,000.00","-","-","24/Sep/2020 MY (UTC+08:00)","11:58 MY (UTC+08:00)","2009241157320114","T028577375420","-","210.00","025 - Office","FC90","2502","2860 - ","315,001.31","","-","NOR HAFISAH BINTI HA","RCMS - CR FPX","","-"
"506061304070","Current Account","GENTING MALAYSIA BERHAD","MYR","2020-09-24 MY (UTC+08:00)","2020-09-24 MY (UTC+08:00)","9","230","1,614.13","1,000.00","-","-","24/Sep/2020 MY (UTC+08:00)","12:36 MY (UTC+08:00)","2009241235250767","T028583543120","-","60.00","025 - Office","FC92","2502","2860 - ","315,061.31","","-","WON FOOK SIANG","RCMS - CR FPX","","-"
"506061304070","Current Account","GENTING MALAYSIA BERHAD","MYR","2020-09-24 MY (UTC+08:00)","2020-09-24 MY (UTC+08:00)","9","230","1,614.13","1,000.00","-","-","24/Sep/2020 MY (UTC+08:00)","12:38 MY (UTC+08:00)","2009241237420888","T028583869520","-","455.00","025 - Office","FC90","2502","2860 - ","315,516.31","","-","MUHAMAD ALIFF EMRAN","RCMS - CR FPX","","-"
"506061304070","Current Account","GENTING MALAYSIA BERHAD","MYR","2020-09-24 MY (UTC+08:00)","2020-09-24 MY (UTC+08:00)","9","230","1,614.13","1,000.00","-","-","24/Sep/2020 MY (UTC+08:00)","12:41 MY (UTC+08:00)","2009241240140583","T028584245420","-","60.00","025 - Office","FC91","2502","2860 - ","315,576.31","","-","CHONG KAI LEONG","RCMS - CR FPX","","-"
"506061304070","Current Account","GENTING MALAYSIA BERHAD","MYR","2020-09-24 MY (UTC+08:00)","2020-09-24 MY (UTC+08:00)","9","230","1,614.13","1,000.00","-","-","24/Sep/2020 MY (UTC+08:00)","13:00 MY (UTC+08:00)","2009241259290372","T028587235520","-","160.00","025 - Office","FC93","2502","2860 - ","315,736.31","","-","LIM BOON HOOI","RCMS - CR FPX","","-"
"506061304070","Current Account","GENTING MALAYSIA BERHAD","MYR","2020-09-24 MY (UTC+08:00)","2020-09-24 MY (UTC+08:00)","9","230","1,614.13","1,000.00","-","-","24/Sep/2020 MY (UTC+08:00)","13:01 MY (UTC+08:00)","2009241300070492","T028587342620","-","70.00","025 - Office","FC91","2502","2860 - ","315,806.31","","-","TEE LAY HUN","RCMS - CR FPX","","-"
"506061304070","Current Account","GENTING MALAYSIA BERHAD","MYR","2020-09-24 MY (UTC+08:00)","2020-09-24 MY (UTC+08:00)","9","230","1,614.13","1,000.00","-","-","24/Sep/2020 MY (UTC+08:00)","13:02 MY (UTC+08:00)","2009241302090074","T028587655820","-","160.00","025 - Office","FC95","2502","2860 - ","315,966.31","","-","LIM BOON HOOI","RCMS - CR FPX","","-"
"506061304070","Current Account","GENTING MALAYSIA BERHAD","MYR","2020-09-24 MY (UTC+08:00)","2020-09-24 MY (UTC+08:00)","9","230","1,614.13","1,000.00","-","-","24/Sep/2020 MY (UTC+08:00)","13:08 MY (UTC+08:00)","2009241307520921","T028588504220","-","70.00","025 - Office","FC90","2502","2860 - ","316,036.31","","-","CHEE BOON SOON","RCMS - CR FPX","","-"
"506061304070","Current Account","GENTING MALAYSIA BERHAD","MYR","2020-09-24 MY (UTC+08:00)","2020-09-24 MY (UTC+08:00)","9","230","1,614.13","1,000.00","-","-","24/Sep/2020 MY (UTC+08:00)","13:10 MY (UTC+08:00)","2009241309550374","T028588797320","-","70.00","025 - Office","FC91","2502","2860 - ","316,106.31","","-","MABEL KHOO SHU-FEN","RCMS - CR FPX","","-"
"506061304070","Current Account","GENTING MALAYSIA BERHAD","MYR","2020-09-24 MY (UTC+08:00)","2020-09-24 MY (UTC+08:00)","9","230","1,614.13","1,000.00","-","-","24/Sep/2020 MY (UTC+08:00)","13:12 MY (UTC+08:00)","2009241311230723","T028589032820","-","70.00","025 - Office","FC91","2502","2860 - ","316,176.31","","-","NG CHER YI","RCMS - CR FPX","","-"
"506061304070","Current Account","GENTING MALAYSIA BERHAD","MYR","2020-09-24 MY (UTC+08:00)","2020-09-24 MY (UTC+08:00)","9","230","1,614.13","1,000.00","-","-","24/Sep/2020 MY (UTC+08:00)","13:13 MY (UTC+08:00)","2009241312440849","T028589212520","-","70.00","025 - Office","FC92","2502","2860 - ","316,246.31","","-","CHEE BOON SOON","RCMS - CR FPX","","-"
"506061304070","Current Account","GENTING MALAYSIA BERHAD","MYR","2020-09-24 MY (UTC+08:00)","2020-09-24 MY (UTC+08:00)","9","230","1,614.13","1,000.00","-","-","24/Sep/2020 MY (UTC+08:00)","13:13 MY (UTC+08:00)","2009241312270402","T028589172020","-","70.00","025 - Office","FC91","2502","2860 - ","316,316.31","","-","NG CHER YI","RCMS - CR FPX","","-"
"506061304070","Current Account","GENTING MALAYSIA BERHAD","MYR","2020-09-24 MY (UTC+08:00)","2020-09-24 MY (UTC+08:00)","9","230","1,614.13","1,000.00","-","-","24/Sep/2020 MY (UTC+08:00)","13:16 MY (UTC+08:00)","2009241315440667","T028589643920","-","70.00","025 - Office","FC93","2502","2860 - ","316,386.31","","-","NG CHER YI","RCMS - CR FPX","","-"
"506061304070","Current Account","GENTING MALAYSIA BERHAD","MYR","2020-09-24 MY (UTC+08:00)","2020-09-24 MY (UTC+08:00)","9","230","1,614.13","1,000.00","-","-","24/Sep/2020 MY (UTC+08:00)","13:17 MY (UTC+08:00)","2009241316420260","T028589759720","-","110.00","025 - Office","FC91","2502","2860 - ","316,496.31","","-","LEE JENG YEONG","RCMS - CR FPX","","-"
"506061304070","Current Account","GENTING MALAYSIA BERHAD","MYR","2020-09-24 MY (UTC+08:00)","2020-09-24 MY (UTC+08:00)","9","230","1,614.13","1,000.00","-","-","24/Sep/2020 MY (UTC+08:00)","13:19 MY (UTC+08:00)","2009241316320012","T028589694320","-","70.00","025 - Office","FC94","2502","2860 - ","316,566.31","","-","KAM CHONG TEK","RCMS - CR FPX","","-"
"506061304070","Current Account","GENTING MALAYSIA BERHAD","MYR","2020-09-24 MY (UTC+08:00)","2020-09-24 MY (UTC+08:00)","9","230","1,614.13","1,000.00","-","-","24/Sep/2020 MY (UTC+08:00)","13:24 MY (UTC+08:00)","2009241323030732","T028590728720","-","70.00","025 - Office","FC92","2502","2860 - ","316,636.31","","-","NG CHER YI","RCMS - CR FPX","","-"
"506061304070","Current Account","GENTING MALAYSIA BERHAD","MYR","2020-09-24 MY (UTC+08:00)","2020-09-24 MY (UTC+08:00)","9","230","1,614.13","1,000.00","-","-","24/Sep/2020 MY (UTC+08:00)","13:24 MY (UTC+08:00)","2009241322580594","T028590730220","-","60.00","025 - Office","FC91","2502","2860 - ","316,696.31","","-","KOH SOK KIAN","RCMS - CR FPX","","-"
"506061304070","Current Account","GENTING MALAYSIA BERHAD","MYR","2020-09-24 MY (UTC+08:00)","2020-09-24 MY (UTC+08:00)","9","230","1,614.13","1,000.00","-","-","24/Sep/2020 MY (UTC+08:00)","13:25 MY (UTC+08:00)","2009241325200491","T028591125920","-","70.00","025 - Office","FC91","2502","2860 - ","316,766.31","","-","NG CHER YI","RCMS - CR FPX","","-"
"506061304070","Current Account","GENTING MALAYSIA BERHAD","MYR","2020-09-24 MY (UTC+08:00)","2020-09-24 MY (UTC+08:00)","9","230","1,614.13","1,000.00","-","-","24/Sep/2020 MY (UTC+08:00)","13:31 MY (UTC+08:00)","2009241330450407","T028591852820","-","60.00","025 - Office","FC93","2502","2860 - ","316,826.31","","-","JOVITO ELIZAGA CORPU","RCMS - CR FPX","","-"
"506061304070","Current Account","GENTING MALAYSIA BERHAD","MYR","2020-09-24 MY (UTC+08:00)","2020-09-24 MY (UTC+08:00)","9","230","1,614.13","1,000.00","-","-","24/Sep/2020 MY (UTC+08:00)","13:38 MY (UTC+08:00)","2009241337390736","T028592895620","-","70.00","025 - Office","FC91","2502","2860 - ","316,896.31","","-","FAIRUZ NAFISAH BINTI","RCMS - CR FPX","","-"
"506061304070","Current Account","GENTING MALAYSIA BERHAD","MYR","2020-09-24 MY (UTC+08:00)","2020-09-24 MY (UTC+08:00)","9","230","1,614.13","1,000.00","-","-","24/Sep/2020 MY (UTC+08:00)","13:45 MY (UTC+08:00)","2009241344260550","T028593818720","-","60.00","025 - Office","FC92","2502","2860 - ","316,956.31","","-","SIEW POO YIN","RCMS - CR FPX","","-"
"506061304070","Current Account","GENTING MALAYSIA BERHAD","MYR","2020-09-24 MY (UTC+08:00)","2020-09-24 MY (UTC+08:00)","9","230","1,614.13","1,000.00","-","-","24/Sep/2020 MY (UTC+08:00)","13:57 MY (UTC+08:00)","2009241356360894","T028595664920","-","132.00","025 - Office","FC95","2502","2860 - ","317,088.31","","-","WORKONIQ SOLUTIONS E","RCMS - CR FPX","","-"
"506061304070","Current Account","GENTING MALAYSIA BERHAD","MYR","2020-09-24 MY (UTC+08:00)","2020-09-24 MY (UTC+08:00)","9","230","1,614.13","1,000.00","-","-","24/Sep/2020 MY (UTC+08:00)","14:02 MY (UTC+08:00)","2009241400420448","T028596264920","-","70.00","025 - Office","FC98","2502","2860 - ","317,158.31","","-","NG ZHAN HONG","RCMS - CR FPX","","-"
"506061304070","Current Account","GENTING MALAYSIA BERHAD","MYR","2020-09-24 MY (UTC+08:00)","2020-09-24 MY (UTC+08:00)","9","230","1,614.13","1,000.00","-","-","24/Sep/2020 MY (UTC+08:00)","14:14 MY (UTC+08:00)","2009241412390928","T028598075120","-","60.00","025 - Office","FC93","2502","2860 - ","317,218.31","","-","KOH YIN PIUL","RCMS - CR FPX","","-"
"506061304070","Current Account","GENTING MALAYSIA BERHAD","MYR","2020-09-24 MY (UTC+08:00)","2020-09-24 MY (UTC+08:00)","9","230","1,614.13","1,000.00","-","-","24/Sep/2020 MY (UTC+08:00)","14:19 MY (UTC+08:00)","2009241417560550","T028598881820","-","70.00","025 - Office","FC92","2502","2860 - ","317,288.31","","-","NG YONG KHANG","RCMS - CR FPX","","-"
"506061304070","Current Account","GENTING MALAYSIA BERHAD","MYR","2020-09-24 MY (UTC+08:00)","2020-09-24 MY (UTC+08:00)","9","230","1,614.13","1,000.00","-","-","24/Sep/2020 MY (UTC+08:00)","14:21 MY (UTC+08:00)","2009241420380916","T028599315320","-","70.00","025 - Office","FC91","2502","2860 - ","317,358.31","","-","NG YONG KHANG","RCMS - CR FPX","","-"
"506061304070","Current Account","GENTING MALAYSIA BERHAD","MYR","2020-09-24 MY (UTC+08:00)","2020-09-24 MY (UTC+08:00)","9","230","1,614.13","1,000.00","-","-","24/Sep/2020 MY (UTC+08:00)","14:26 MY (UTC+08:00)","2009241425050327","T028599875120","-","100.00","025 - Office","FC92","2502","2860 - ","317,458.31","","-","LIM CHOON WAH","RCMS - CR FPX","","-"
"506061304070","Current Account","GENTING MALAYSIA BERHAD","MYR","2020-09-24 MY (UTC+08:00)","2020-09-24 MY (UTC+08:00)","9","230","1,614.13","1,000.00","-","-","24/Sep/2020 MY (UTC+08:00)","14:36 MY (UTC+08:00)","2009241435240681","T028601340320","-","80.00","025 - Office","FC90","2502","2860 - ","317,538.31","","-","NORIDAYU BINTI KASIM","RCMS - CR FPX","","-"
"506061304070","Current Account","GENTING MALAYSIA BERHAD","MYR","2020-09-24 MY (UTC+08:00)","2020-09-24 MY (UTC+08:00)","9","230","1,614.13","1,000.00","-","-","24/Sep/2020 MY (UTC+08:00)","14:37 MY (UTC+08:00)","2009241436260329","T028601544320","-","140.00","025 - Office","FC90","2502","2860 - ","317,678.31","","-","LIM JIA YEENG","RCMS - CR FPX","","-"
"506061304070","Current Account","GENTING MALAYSIA BERHAD","MYR","2020-09-24 MY (UTC+08:00)","2020-09-24 MY (UTC+08:00)","9","230","1,614.13","1,000.00","-","-","24/Sep/2020 MY (UTC+08:00)","14:44 MY (UTC+08:00)","2009241443090965","T028602441020","-","140.00","025 - Office","FC90","2502","2860 - ","317,818.31","","-","TAY BOON PANG","RCMS - CR FPX","","-"
"506061304070","Current Account","GENTING MALAYSIA BERHAD","MYR","2020-09-24 MY (UTC+08:00)","2020-09-24 MY (UTC+08:00)","9","230","1,614.13","1,000.00","-","-","24/Sep/2020 MY (UTC+08:00)","14:47 MY (UTC+08:00)","2009241447210448","T028603009520","-","70.00","025 - Office","FC90","2502","2860 - ","317,888.31","","-","TEOH WEE MENG","RCMS - CR FPX","","-"
"506061304070","Current Account","GENTING MALAYSIA BERHAD","MYR","2020-09-24 MY (UTC+08:00)","2020-09-24 MY (UTC+08:00)","9","230","1,614.13","1,000.00","-","-","24/Sep/2020 MY (UTC+08:00)","14:55 MY (UTC+08:00)","2009241454480251","T028604103020","-","70.00","025 - Office","FC91","2502","2860 - ","317,958.31","","-","LIM SHOOK MUN","RCMS - CR FPX","","-"
"506061304070","Current Account","GENTING MALAYSIA BERHAD","MYR","2020-09-24 MY (UTC+08:00)","2020-09-24 MY (UTC+08:00)","9","230","1,614.13","1,000.00","-","-","24/Sep/2020 MY (UTC+08:00)","15:22 MY (UTC+08:00)","2009241521170052","T028637262020","-","170.00","025 - Office","FC90","2502","2860 - ","318,128.31","","-","NOORWATI BINTI ABDUL","RCMS - CR FPX","","-"
"506061304070","Current Account","GENTING MALAYSIA BERHAD","MYR","2020-09-24 MY (UTC+08:00)","2020-09-24 MY (UTC+08:00)","9","230","1,614.13","1,000.00","-","-","24/Sep/2020 MY (UTC+08:00)","15:25 MY (UTC+08:00)","2009241523350570","T028637558720","-","70.00","025 - Office","FC92","2502","2860 - ","318,198.31","","-","NUR ANNA ARIESHA BIN","RCMS - CR FPX","","-"
"506061304070","Current Account","GENTING MALAYSIA BERHAD","MYR","2020-09-24 MY (UTC+08:00)","2020-09-24 MY (UTC+08:00)","9","230","1,614.13","1,000.00","-","-","24/Sep/2020 MY (UTC+08:00)","15:30 MY (UTC+08:00)","2009241529140504","T028638403820","-","160.00","025 - Office","FC95","2502","2860 - ","318,358.31","","-","TAY ZHI WEI","RCMS - CR FPX","","-"
"506061304070","Current Account","GENTING MALAYSIA BERHAD","MYR","2020-09-24 MY (UTC+08:00)","2020-09-24 MY (UTC+08:00)","9","230","1,614.13","1,000.00","-","-","24/Sep/2020 MY (UTC+08:00)","15:36 MY (UTC+08:00)","2009241535300583","T028639240820","-","225.00","025 - Office","FC93","2502","2860 - ","318,583.31","","-","NEW FU NE CASKET SER","RCMS - CR FPX","","-"
"506061304070","Current Account","GENTING MALAYSIA BERHAD","MYR","2020-09-24 MY (UTC+08:00)","2020-09-24 MY (UTC+08:00)","9","230","1,614.13","1,000.00","-","-","24/Sep/2020 MY (UTC+08:00)","15:36 MY (UTC+08:00)","2009241535280542","T028639235120","-","100.00","025 - Office","FC90","2502","2860 - ","318,683.31","","-","NURAIN BINTI SHAFIE","RCMS - CR FPX","","-"
"506061304070","Current Account","GENTING MALAYSIA BERHAD","MYR","2020-09-24 MY (UTC+08:00)","2020-09-24 MY (UTC+08:00)","9","230","1,614.13","1,000.00","-","-","24/Sep/2020 MY (UTC+08:00)","16:06 MY (UTC+08:00)","2009241604510891","T028642994420","-","110.00","025 - Office","FC90","2502","2860 - ","318,793.31","","-","ANG WEI SENG","RCMS - CR FPX","","-"
"506061304070","Current Account","GENTING MALAYSIA BERHAD","MYR","2020-09-24 MY (UTC+08:00)","2020-09-24 MY (UTC+08:00)","9","230","1,614.13","1,000.00","-","-","24/Sep/2020 MY (UTC+08:00)","16:14 MY (UTC+08:00)","2009241613030323","T028644062120","-","70.00","025 - Office","FC90","2502","2860 - ","318,863.31","","-","BERNARD LEE THIEN TZ","RCMS - CR FPX","","-"
"506061304070","Current Account","GENTING MALAYSIA BERHAD","MYR","2020-09-24 MY (UTC+08:00)","2020-09-24 MY (UTC+08:00)","9","230","1,614.13","1,000.00","-","-","24/Sep/2020 MY (UTC+08:00)","16:16 MY (UTC+08:00)","2009241614160150","T028644208820","-","160.00","025 - Office","FC95","2502","2860 - ","319,023.31","","-","CS BINA ENTERPRISE","RCMS - CR FPX","","-"
"506061304070","Current Account","GENTING MALAYSIA BERHAD","MYR","2020-09-24 MY (UTC+08:00)","2020-09-24 MY (UTC+08:00)","9","230","1,614.13","1,000.00","-","-","24/Sep/2020 MY (UTC+08:00)","16:17 MY (UTC+08:00)","2009241616490047","T028644528020","-","140.00","025 - Office","FC93","2502","2860 - ","319,163.31","","-","LIM YEW KEAT","RCMS - CR FPX","","-"
"506061304070","Current Account","GENTING MALAYSIA BERHAD","MYR","2020-09-24 MY (UTC+08:00)","2020-09-24 MY (UTC+08:00)","9","230","1,614.13","1,000.00","-","-","24/Sep/2020 MY (UTC+08:00)","16:21 MY (UTC+08:00)","2009241620270649","T028644960620","-","140.00","025 - Office","FC93","2502","2860 - ","319,303.31","","-","LIM YEW KEAT","RCMS - CR FPX","","-"
"506061304070","Current Account","GENTING MALAYSIA BERHAD","MYR","2020-09-24 MY (UTC+08:00)","2020-09-24 MY (UTC+08:00)","9","230","1,614.13","1,000.00","-","-","24/Sep/2020 MY (UTC+08:00)","16:32 MY (UTC+08:00)","2009241630520866","T028646246420","-","70.00","025 - Office","FC90","2502","2860 - ","319,373.31","","-","ONG TEOK SENG","RCMS - CR FPX","","-"
"506061304070","Current Account","GENTING MALAYSIA BERHAD","MYR","2020-09-24 MY (UTC+08:00)","2020-09-24 MY (UTC+08:00)","9","230","1,614.13","1,000.00","-","-","24/Sep/2020 MY (UTC+08:00)","17:37 MY (UTC+08:00)","2009241735350751","T028654042520","-","80.00","025 - Office","FC90","2502","2860 - ","319,453.31","","-","HEE MEI YEE","RCMS - CR FPX","","-"
"506061304070","Current Account","GENTING MALAYSIA BERHAD","MYR","2020-09-24 MY (UTC+08:00)","2020-09-24 MY (UTC+08:00)","9","230","1,614.13","1,000.00","-","-","24/Sep/2020 MY (UTC+08:00)","17:38 MY (UTC+08:00)","2009241733380285","T028653817820","-","80.00","025 - Office","FC91","2502","2860 - ","319,533.31","","-","ONG CHO TEE","RCMS - CR FPX","","-"
"506061304070","Current Account","GENTING MALAYSIA BERHAD","MYR","2020-09-24 MY (UTC+08:00)","2020-09-24 MY (UTC+08:00)","9","230","1,614.13","1,000.00","-","-","24/Sep/2020 MY (UTC+08:00)","17:39 MY (UTC+08:00)","2009241738180455","T028654389020","-","100.00","025 - Office","FC93","2502","2860 - ","319,633.31","","-","OOI WAN XUAN","RCMS - CR FPX","","-"
"506061304070","Current Account","GENTING MALAYSIA BERHAD","MYR","2020-09-24 MY (UTC+08:00)","2020-09-24 MY (UTC+08:00)","9","230","1,614.13","1,000.00","-","-","24/Sep/2020 MY (UTC+08:00)","17:39 MY (UTC+08:00)","2009241739160808","T028654536320","-","80.00","025 - Office","FC92","2502","2860 - ","319,713.31","","-","HEE MEI YEE","RCMS - CR FPX","","-"
"506061304070","Current Account","GENTING MALAYSIA BERHAD","MYR","2020-09-24 MY (UTC+08:00)","2020-09-24 MY (UTC+08:00)","9","230","1,614.13","1,000.00","-","-","24/Sep/2020 MY (UTC+08:00)","17:49 MY (UTC+08:00)","2009241748230920","T028655564720","-","70.00","025 - Office","FC94","2502","2860 - ","319,783.31","","-","LING JIN WEI","RCMS - CR FPX","","-"
"506061304070","Current Account","GENTING MALAYSIA BERHAD","MYR","2020-09-24 MY (UTC+08:00)","2020-09-24 MY (UTC+08:00)","9","230","1,614.13","1,000.00","-","-","24/Sep/2020 MY (UTC+08:00)","17:50 MY (UTC+08:00)","2009241749590034","T028655725220","-","110.00","025 - Office","FC92","2502","2860 - ","319,893.31","","-","NATASHA BINTI RAZALI","RCMS - CR FPX","","-"
"506061304070","Current Account","GENTING MALAYSIA BERHAD","MYR","2020-09-24 MY (UTC+08:00)","2020-09-24 MY (UTC+08:00)","9","230","1,614.13","1,000.00","-","-","24/Sep/2020 MY (UTC+08:00)","17:56 MY (UTC+08:00)","2009241755340407","T028656388520","-","110.00","025 - Office","FC90","2502","2860 - ","320,003.31","","-","LIM WEI JIE","RCMS - CR FPX","","-"
"506061304070","Current Account","GENTING MALAYSIA BERHAD","MYR","2020-09-24 MY (UTC+08:00)","2020-09-24 MY (UTC+08:00)","9","230","1,614.13","1,000.00","-","-","24/Sep/2020 MY (UTC+08:00)","18:00 MY (UTC+08:00)","2009241759260550","T028656864620","-","70.00","025 - Office","FC92","2502","2860 - ","320,073.31","","-","GAN YUJEN","RCMS - CR FPX","","-"
"506061304070","Current Account","GENTING MALAYSIA BERHAD","MYR","2020-09-24 MY (UTC+08:00)","2020-09-24 MY (UTC+08:00)","9","230","1,614.13","1,000.00","-","-","24/Sep/2020 MY (UTC+08:00)","18:03 MY (UTC+08:00)","2009241802260507","T028656966920","-","70.00","025 - Office","FC91","2502","2860 - ","320,143.31","","-","GAN YUJEN","RCMS - CR FPX","","-"
"506061304070","Current Account","GENTING MALAYSIA BERHAD","MYR","2020-09-24 MY (UTC+08:00)","2020-09-24 MY (UTC+08:00)","9","230","1,614.13","1,000.00","-","-","24/Sep/2020 MY (UTC+08:00)","18:18 MY (UTC+08:00)","2009241817320230","T028658851220","-","70.00","025 - Office","FC91","2502","2860 - ","320,213.31","","-","WONG CHE HOE","RCMS - CR FPX","","-"
"506061304070","Current Account","GENTING MALAYSIA BERHAD","MYR","2020-09-24 MY (UTC+08:00)","2020-09-24 MY (UTC+08:00)","9","230","1,614.13","1,000.00","-","-","24/Sep/2020 MY (UTC+08:00)","18:23 MY (UTC+08:00)","2009241822560517","T028659483320","-","110.00","025 - Office","FC91","2502","2860 - ","320,323.31","","-","MUAZIN BIN MOHAMED S","RCMS - CR FPX","","-"
"506061304070","Current Account","GENTING MALAYSIA BERHAD","MYR","2020-09-24 MY (UTC+08:00)","2020-09-24 MY (UTC+08:00)","9","230","1,614.13","1,000.00","-","-","24/Sep/2020 MY (UTC+08:00)","18:31 MY (UTC+08:00)","2009241830460959","T028660459520","-","160.00","025 - Office","FC92","2502","2860 - ","320,483.31","","-","TEING SHU ER","RCMS - CR FPX","","-"
"506061304070","Current Account","GENTING MALAYSIA BERHAD","MYR","2020-09-24 MY (UTC+08:00)","2020-09-24 MY (UTC+08:00)","9","230","1,614.13","1,000.00","-","-","24/Sep/2020 MY (UTC+08:00)","18:33 MY (UTC+08:00)","2009241833080200","T028660708220","-","80.00","025 - Office","FC90","2502","2860 - ","320,563.31","","-","KONG CHEE YOONG","RCMS - CR FPX","","-"
"506061304070","Current Account","GENTING MALAYSIA BERHAD","MYR","2020-09-24 MY (UTC+08:00)","2020-09-24 MY (UTC+08:00)","9","230","1,614.13","1,000.00","-","-","24/Sep/2020 MY (UTC+08:00)","18:35 MY (UTC+08:00)","2009241834230943","T028660887920","-","110.00","025 - Office","FC92","2502","2860 - ","320,673.31","","-","R VICKNESH A/L RENGA","RCMS - CR FPX","","-"
"506061304070","Current Account","GENTING MALAYSIA BERHAD","MYR","2020-09-24 MY (UTC+08:00)","2020-09-24 MY (UTC+08:00)","9","230","1,614.13","1,000.00","-","-","24/Sep/2020 MY (UTC+08:00)","19:00 MY (UTC+08:00)","2009241858510292","T028663707620","-","70.00","025 - Office","FC93","2502","2860 - ","320,743.31","","-","CHU KOK KEONG","RCMS - CR FPX","","-"
"506061304070","Current Account","GENTING MALAYSIA BERHAD","MYR","2020-09-24 MY (UTC+08:00)","2020-09-24 MY (UTC+08:00)","9","230","1,614.13","1,000.00","-","-","24/Sep/2020 MY (UTC+08:00)","19:13 MY (UTC+08:00)","2009241911530188","T028665219320","-","160.00","025 - Office","FC92","2502","2860 - ","320,903.31","","-","FOREVER TWENTY THREE","RCMS - CR FPX","","-"
"506061304070","Current Account","GENTING MALAYSIA BERHAD","MYR","2020-09-24 MY (UTC+08:00)","2020-09-24 MY (UTC+08:00)","9","230","1,614.13","1,000.00","-","-","24/Sep/2020 MY (UTC+08:00)","19:21 MY (UTC+08:00)","2009241921070416","T028666272020","-","80.00","025 - Office","FC90","2502","2860 - ","320,983.31","","-","CHOONG YEEN KUENG","RCMS - CR FPX","","-"
"506061304070","Current Account","GENTING MALAYSIA BERHAD","MYR","2020-09-24 MY (UTC+08:00)","2020-09-24 MY (UTC+08:00)","9","230","1,614.13","1,000.00","-","-","24/Sep/2020 MY (UTC+08:00)","19:25 MY (UTC+08:00)","2009241923280519","T028666520120","-","80.00","025 - Office","FC90","2502","2860 - ","321,063.31","","-","CHOONG YEEN KUENG","RCMS - CR FPX","","-"
"506061304070","Current Account","GENTING MALAYSIA BERHAD","MYR","2020-09-24 MY (UTC+08:00)","2020-09-24 MY (UTC+08:00)","9","230","1,614.13","1,000.00","-","-","24/Sep/2020 MY (UTC+08:00)","19:32 MY (UTC+08:00)","2009241931160624","T028667324420","-","100.00","025 - Office","FC90","2502","2860 - ","321,163.31","","-","NG CHOON WEE","RCMS - CR FPX","","-"
"506061304070","Current Account","GENTING MALAYSIA BERHAD","MYR","2020-09-24 MY (UTC+08:00)","2020-09-24 MY (UTC+08:00)","9","230","1,614.13","1,000.00","-","-","24/Sep/2020 MY (UTC+08:00)","19:35 MY (UTC+08:00)","2009241934370019","T028667710220","-","70.00","025 - Office","FC90","2502","2860 - ","321,233.31","","-","CHEAH CHEN HUI","RCMS - CR FPX","","-"
"506061304070","Current Account","GENTING MALAYSIA BERHAD","MYR","2020-09-24 MY (UTC+08:00)","2020-09-24 MY (UTC+08:00)","9","230","1,614.13","1,000.00","-","-","24/Sep/2020 MY (UTC+08:00)","19:36 MY (UTC+08:00)","2009241935060629","T028667668220","-","70.00","025 - Office","FC90","2502","2860 - ","321,303.31","","-","NG CHOON WEE","RCMS - CR FPX","","-"
"506061304070","Current Account","GENTING MALAYSIA BERHAD","MYR","2020-09-24 MY (UTC+08:00)","2020-09-24 MY (UTC+08:00)","9","230","1,614.13","1,000.00","-","-","24/Sep/2020 MY (UTC+08:00)","19:38 MY (UTC+08:00)","2009241937220632","T028668027020","-","70.00","025 - Office","FC94","2502","2860 - ","321,373.31","","-","CHONG YOON CHUNG","RCMS - CR FPX","","-"
"506061304070","Current Account","GENTING MALAYSIA BERHAD","MYR","2020-09-24 MY (UTC+08:00)","2020-09-24 MY (UTC+08:00)","9","230","1,614.13","1,000.00","-","-","24/Sep/2020 MY (UTC+08:00)","19:39 MY (UTC+08:00)","2009241938240939","T028668145220","-","80.00","025 - Office","FC91","2502","2860 - ","321,453.31","","-","SOO MEI HUI","RCMS - CR FPX","","-"
"506061304070","Current Account","GENTING MALAYSIA BERHAD","MYR","2020-09-24 MY (UTC+08:00)","2020-09-24 MY (UTC+08:00)","9","230","1,614.13","1,000.00","-","-","24/Sep/2020 MY (UTC+08:00)","19:39 MY (UTC+08:00)","2009241939070877","T028668233720","-","180.00","025 - Office","FC92","2502","2860 - ","321,633.31","","-","JASON HAN ZHI KWANG","RCMS - CR FPX","","-"
"506061304070","Current Account","GENTING MALAYSIA BERHAD","MYR","2020-09-24 MY (UTC+08:00)","2020-09-24 MY (UTC+08:00)","9","230","1,614.13","1,000.00","-","-","24/Sep/2020 MY (UTC+08:00)","19:40 MY (UTC+08:00)","2009241939440677","T028668306620","-","70.00","025 - Office","FC90","2502","2860 - ","321,703.31","","-","CHONG YOON CHUNG","RCMS - CR FPX","","-"
"506061304070","Current Account","GENTING MALAYSIA BERHAD","MYR","2020-09-24 MY (UTC+08:00)","2020-09-24 MY (UTC+08:00)","9","230","1,614.13","1,000.00","-","-","24/Sep/2020 MY (UTC+08:00)","19:42 MY (UTC+08:00)","2009241941330124","T028668508820","-","70.00","025 - Office","FC90","2502","2860 - ","321,773.31","","-","CHONG YOON CHUNG","RCMS - CR FPX","","-"
"506061304070","Current Account","GENTING MALAYSIA BERHAD","MYR","2020-09-24 MY (UTC+08:00)","2020-09-24 MY (UTC+08:00)","9","230","1,614.13","1,000.00","-","-","24/Sep/2020 MY (UTC+08:00)","19:44 MY (UTC+08:00)","2009241943280637","T028668726920","-","70.00","025 - Office","FC90","2502","2860 - ","321,843.31","","-","CHONG YOON CHUNG","RCMS - CR FPX","","-"
"506061304070","Current Account","GENTING MALAYSIA BERHAD","MYR","2020-09-24 MY (UTC+08:00)","2020-09-24 MY (UTC+08:00)","9","230","1,614.13","1,000.00","-","-","24/Sep/2020 MY (UTC+08:00)","19:45 MY (UTC+08:00)","2009241945190137","T028668937820","-","70.00","025 - Office","FC93","2502","2860 - ","321,913.31","","-","CHONG YOON CHUNG","RCMS - CR FPX","","-"
"506061304070","Current Account","GENTING MALAYSIA BERHAD","MYR","2020-09-24 MY (UTC+08:00)","2020-09-24 MY (UTC+08:00)","9","230","1,614.13","1,000.00","-","-","24/Sep/2020 MY (UTC+08:00)","19:47 MY (UTC+08:00)","2009241947150773","T028669143920","-","70.00","025 - Office","FC90","2502","2860 - ","321,983.31","","-","CHONG YOON CHUNG","RCMS - CR FPX","","-"
"506061304070","Current Account","GENTING MALAYSIA BERHAD","MYR","2020-09-24 MY (UTC+08:00)","2020-09-24 MY (UTC+08:00)","9","230","1,614.13","1,000.00","-","-","24/Sep/2020 MY (UTC+08:00)","19:49 MY (UTC+08:00)","2009241949060214","T028669333220","-","70.00","025 - Office","FC92","2502","2860 - ","322,053.31","","-","CHONG YOON CHUNG","RCMS - CR FPX","","-"
"506061304070","Current Account","GENTING MALAYSIA BERHAD","MYR","2020-09-24 MY (UTC+08:00)","2020-09-24 MY (UTC+08:00)","9","230","1,614.13","1,000.00","-","-","24/Sep/2020 MY (UTC+08:00)","19:51 MY (UTC+08:00)","2009241949470144","T028669384820","-","70.00","025 - Office","FC90","2502","2860 - ","322,123.31","","-","WONG YUEN RUO","RCMS - CR FPX","","-"
"506061304070","Current Account","GENTING MALAYSIA BERHAD","MYR","2020-09-24 MY (UTC+08:00)","2020-09-24 MY (UTC+08:00)","9","230","1,614.13","1,000.00","-","-","24/Sep/2020 MY (UTC+08:00)","19:51 MY (UTC+08:00)","2009241951010801","T028669527920","-","210.00","025 - Office","FC90","2502","2860 - ","322,333.31","","-","CHONG YOON CHUNG","RCMS - CR FPX","","-"
"506061304070","Current Account","GENTING MALAYSIA BERHAD","MYR","2020-09-24 MY (UTC+08:00)","2020-09-24 MY (UTC+08:00)","9","230","1,614.13","1,000.00","-","-","24/Sep/2020 MY (UTC+08:00)","19:53 MY (UTC+08:00)","2009241953070650","T028669746320","-","140.00","025 - Office","FC93","2502","2860 - ","322,473.31","","-","CHONG YOON CHUNG","RCMS - CR FPX","","-"
"506061304070","Current Account","GENTING MALAYSIA BERHAD","MYR","2020-09-24 MY (UTC+08:00)","2020-09-24 MY (UTC+08:00)","9","230","1,614.13","1,000.00","-","-","24/Sep/2020 MY (UTC+08:00)","19:57 MY (UTC+08:00)","2009241955480438","T028670025620","-","70.00","025 - Office","FC92","2502","2860 - ","322,543.31","","-","WONG YUEN RUO","RCMS - CR FPX","","-"
"506061304070","Current Account","GENTING MALAYSIA BERHAD","MYR","2020-09-24 MY (UTC+08:00)","2020-09-24 MY (UTC+08:00)","9","230","1,614.13","1,000.00","-","-","24/Sep/2020 MY (UTC+08:00)","20:02 MY (UTC+08:00)","2009242001050111","T028670615120","-","70.00","025 - Office","FC92","2502","2860 - ","322,613.31","","-","CHAN SOON KEEN","RCMS - CR FPX","","-"
"506061304070","Current Account","GENTING MALAYSIA BERHAD","MYR","2020-09-24 MY (UTC+08:00)","2020-09-24 MY (UTC+08:00)","9","230","1,614.13","1,000.00","-","-","24/Sep/2020 MY (UTC+08:00)","20:07 MY (UTC+08:00)","2009242006500522","T028671225320","-","70.00","025 - Office","FC92","2502","2860 - ","322,683.31","","-","CHAN SOON KEEN","RCMS - CR FPX","","-"
"506061304070","Current Account","GENTING MALAYSIA BERHAD","MYR","2020-09-24 MY (UTC+08:00)","2020-09-24 MY (UTC+08:00)","9","230","1,614.13","1,000.00","-","-","24/Sep/2020 MY (UTC+08:00)","20:11 MY (UTC+08:00)","2009242010410273","T028671643520","-","80.00","025 - Office","FC93","2502","2860 - ","322,763.31","","-","FONG YUE YING","RCMS - CR FPX","","-"
"506061304070","Current Account","GENTING MALAYSIA BERHAD","MYR","2020-09-24 MY (UTC+08:00)","2020-09-24 MY (UTC+08:00)","9","230","1,614.13","1,000.00","-","-","24/Sep/2020 MY (UTC+08:00)","20:13 MY (UTC+08:00)","2009242012110474","T028671828020","-","307.00","025 - Office","FC95","2502","2860 - ","323,070.31","","-","DICKSON SER","RCMS - CR FPX","","-"
"506061304070","Current Account","GENTING MALAYSIA BERHAD","MYR","2020-09-24 MY (UTC+08:00)","2020-09-24 MY (UTC+08:00)","9","230","1,614.13","1,000.00","-","-","24/Sep/2020 MY (UTC+08:00)","20:20 MY (UTC+08:00)","2009242019440847","T028672863920","-","70.00","025 - Office","FC92","2502","2860 - ","323,140.31","","-","WORLD BATTERY","RCMS - CR FPX","","-"
"506061304070","Current Account","GENTING MALAYSIA BERHAD","MYR","2020-09-24 MY (UTC+08:00)","2020-09-24 MY (UTC+08:00)","9","230","1,614.13","1,000.00","-","-","24/Sep/2020 MY (UTC+08:00)","20:20 MY (UTC+08:00)","2009242020040323","T028672929920","-","70.00","025 - Office","FC92","2502","2860 - ","323,210.31","","-","CHONG YOON CHUNG","RCMS - CR FPX","","-"
"506061304070","Current Account","GENTING MALAYSIA BERHAD","MYR","2020-09-24 MY (UTC+08:00)","2020-09-24 MY (UTC+08:00)","9","230","1,614.13","1,000.00","-","-","24/Sep/2020 MY (UTC+08:00)","20:28 MY (UTC+08:00)","2009242027110566","T028673823320","-","357.00","025 - Office","FC90","2502","2860 - ","323,567.31","","-","KHOO PEI ZHEN,FIONA","RCMS - CR FPX","","-"
"506061304070","Current Account","GENTING MALAYSIA BERHAD","MYR","2020-09-24 MY (UTC+08:00)","2020-09-24 MY (UTC+08:00)","9","230","1,614.13","1,000.00","-","-","24/Sep/2020 MY (UTC+08:00)","20:34 MY (UTC+08:00)","2009242032320985","T028674505220","-","175.00","025 - Office","FC90","2502","2860 - ","323,742.31","","-","FAN L YEE  SEOW C FE","RCMS - CR FPX","","-"
"506061304070","Current Account","GENTING MALAYSIA BERHAD","MYR","2020-09-24 MY (UTC+08:00)","2020-09-24 MY (UTC+08:00)","9","230","1,614.13","1,000.00","-","-","24/Sep/2020 MY (UTC+08:00)","20:37 MY (UTC+08:00)","2009242037050023","T028675047620","-","70.00","025 - Office","FC90","2502","2860 - ","323,812.31","","-","CHONG YOON CHUNG","RCMS - CR FPX","","-"
"506061304070","Current Account","GENTING MALAYSIA BERHAD","MYR","2020-09-24 MY (UTC+08:00)","2020-09-24 MY (UTC+08:00)","9","230","1,614.13","1,000.00","-","-","24/Sep/2020 MY (UTC+08:00)","20:39 MY (UTC+08:00)","2009242039010036","T028675303520","-","70.00","025 - Office","FC91","2502","2860 - ","323,882.31","","-","CHONG YOON CHUNG","RCMS - CR FPX","","-"
"506061304070","Current Account","GENTING MALAYSIA BERHAD","MYR","2020-09-24 MY (UTC+08:00)","2020-09-24 MY (UTC+08:00)","9","230","1,614.13","1,000.00","-","-","24/Sep/2020 MY (UTC+08:00)","20:41 MY (UTC+08:00)","2009242040160875","T028675435820","-","729.00","025 - Office","FC90","2502","2860 - ","324,611.31","","-","MOHD AZLI BIN AHMAD","RCMS - CR FPX","","-"
"506061304070","Current Account","GENTING MALAYSIA BERHAD","MYR","2020-09-24 MY (UTC+08:00)","2020-09-24 MY (UTC+08:00)","9","230","1,614.13","1,000.00","-","-","24/Sep/2020 MY (UTC+08:00)","20:41 MY (UTC+08:00)","2009242040430597","T028675474520","-","160.00","025 - Office","FC93","2502","2860 - ","324,771.31","","-","BEH KE XIN","RCMS - CR FPX","","-"
"506061304070","Current Account","GENTING MALAYSIA BERHAD","MYR","2020-09-24 MY (UTC+08:00)","2020-09-24 MY (UTC+08:00)","9","230","1,614.13","1,000.00","-","-","24/Sep/2020 MY (UTC+08:00)","20:42 MY (UTC+08:00)","2009242041270680","T028675600820","-","70.00","025 - Office","FC90","2502","2860 - ","324,841.31","","-","CHONG YOON CHUNG","RCMS - CR FPX","","-"
"506061304070","Current Account","GENTING MALAYSIA BERHAD","MYR","2020-09-24 MY (UTC+08:00)","2020-09-24 MY (UTC+08:00)","9","230","1,614.13","1,000.00","-","-","24/Sep/2020 MY (UTC+08:00)","20:46 MY (UTC+08:00)","2009242045530564","T028676137820","-","60.00","025 - Office","FC92","2502","2860 - ","324,901.31","","-","MR KHAW HOCK HWA","RCMS - CR FPX","","-"
"506061304070","Current Account","GENTING MALAYSIA BERHAD","MYR","2020-09-24 MY (UTC+08:00)","2020-09-24 MY (UTC+08:00)","9","230","1,614.13","1,000.00","-","-","24/Sep/2020 MY (UTC+08:00)","20:47 MY (UTC+08:00)","2009242046530133","T028676258120","-","140.00","025 - Office","FC91","2502","2860 - ","325,041.31","","-","CHONG YOON CHUNG","RCMS - CR FPX","","-"
"506061304070","Current Account","GENTING MALAYSIA BERHAD","MYR","2020-09-24 MY (UTC+08:00)","2020-09-24 MY (UTC+08:00)","9","230","1,614.13","1,000.00","-","-","24/Sep/2020 MY (UTC+08:00)","20:49 MY (UTC+08:00)","2009242048470045","T028676493920","-","140.00","025 - Office","FC90","2502","2860 - ","325,181.31","","-","CHONG YOON CHUNG","RCMS - CR FPX","","-"
"506061304070","Current Account","GENTING MALAYSIA BERHAD","MYR","2020-09-24 MY (UTC+08:00)","2020-09-24 MY (UTC+08:00)","9","230","1,614.13","1,000.00","-","-","24/Sep/2020 MY (UTC+08:00)","20:51 MY (UTC+08:00)","2009242051030422","T028676783120","-","70.00","025 - Office","FC95","2502","2860 - ","325,251.31","","-","LING JIN WEI","RCMS - CR FPX","","-"
"506061304070","Current Account","GENTING MALAYSIA BERHAD","MYR","2020-09-24 MY (UTC+08:00)","2020-09-24 MY (UTC+08:00)","9","230","1,614.13","1,000.00","-","-","24/Sep/2020 MY (UTC+08:00)","20:52 MY (UTC+08:00)","2009242051320182","T028676767220","-","70.00","025 - Office","FC91","2502","2860 - ","325,321.31","","-","NOORZALIFAH BINTI SH","RCMS - CR FPX","","-"
"506061304070","Current Account","GENTING MALAYSIA BERHAD","MYR","2020-09-24 MY (UTC+08:00)","2020-09-24 MY (UTC+08:00)","9","230","1,614.13","1,000.00","-","-","24/Sep/2020 MY (UTC+08:00)","20:58 MY (UTC+08:00)","2009242058040178","T028677607820","-","140.00","025 - Office","FC91","2502","2860 - ","325,461.31","","-","CHONG YOON CHUNG","RCMS - CR FPX","","-"
"506061304070","Current Account","GENTING MALAYSIA BERHAD","MYR","2020-09-24 MY (UTC+08:00)","2020-09-24 MY (UTC+08:00)","9","230","1,614.13","1,000.00","-","-","24/Sep/2020 MY (UTC+08:00)","21:00 MY (UTC+08:00)","2009242059470778","T028677816320","-","70.00","025 - Office","FC93","2502","2860 - ","325,531.31","","-","CHONG YOON CHUNG","RCMS - CR FPX","","-"
"506061304070","Current Account","GENTING MALAYSIA BERHAD","MYR","2020-09-24 MY (UTC+08:00)","2020-09-24 MY (UTC+08:00)","9","230","1,614.13","1,000.00","-","-","24/Sep/2020 MY (UTC+08:00)","21:03 MY (UTC+08:00)","2009242102590806","T028678099820","-","140.00","025 - Office","FC92","2502","2860 - ","325,671.31","","-","CHONG YOON CHUNG","RCMS - CR FPX","","-"
"506061304070","Current Account","GENTING MALAYSIA BERHAD","MYR","2020-09-24 MY (UTC+08:00)","2020-09-24 MY (UTC+08:00)","9","230","1,614.13","1,000.00","-","-","24/Sep/2020 MY (UTC+08:00)","21:09 MY (UTC+08:00)","2009242108270948","T028678842620","-","70.00","025 - Office","FC94","2502","2860 - ","325,741.31","","-","CHONG YOON CHUNG","RCMS - CR FPX","","-"
"506061304070","Current Account","GENTING MALAYSIA BERHAD","MYR","2020-09-24 MY (UTC+08:00)","2020-09-24 MY (UTC+08:00)","9","230","1,614.13","1,000.00","-","-","24/Sep/2020 MY (UTC+08:00)","21:11 MY (UTC+08:00)","2009242110050502","T028679017520","-","70.00","025 - Office","FC90","2502","2860 - ","325,811.31","","-","SEAH WEE YANG","RCMS - CR FPX","","-"
"506061304070","Current Account","GENTING MALAYSIA BERHAD","MYR","2020-09-24 MY (UTC+08:00)","2020-09-24 MY (UTC+08:00)","9","230","1,614.13","1,000.00","-","-","24/Sep/2020 MY (UTC+08:00)","21:11 MY (UTC+08:00)","2009242110390387","T028679083820","-","210.00","025 - Office","FC94","2502","2860 - ","326,021.31","","-","CHONG YOON CHUNG","RCMS - CR FPX","","-"
"506061304070","Current Account","GENTING MALAYSIA BERHAD","MYR","2020-09-24 MY (UTC+08:00)","2020-09-24 MY (UTC+08:00)","9","230","1,614.13","1,000.00","-","-","24/Sep/2020 MY (UTC+08:00)","21:13 MY (UTC+08:00)","2009242112400595","T028679358320","-","140.00","025 - Office","FC93","2502","2860 - ","326,161.31","","-","CHONG YOON CHUNG","RCMS - CR FPX","","-"
"506061304070","Current Account","GENTING MALAYSIA BERHAD","MYR","2020-09-24 MY (UTC+08:00)","2020-09-24 MY (UTC+08:00)","9","230","1,614.13","1,000.00","-","-","24/Sep/2020 MY (UTC+08:00)","21:16 MY (UTC+08:00)","2009242115190830","T028679659220","-","160.00","025 - Office","FC91","2502","2860 - ","326,321.31","","-","BEH KE XIN","RCMS - CR FPX","","-"
"506061304070","Current Account","GENTING MALAYSIA BERHAD","MYR","2020-09-24 MY (UTC+08:00)","2020-09-24 MY (UTC+08:00)","9","230","1,614.13","1,000.00","-","-","24/Sep/2020 MY (UTC+08:00)","21:24 MY (UTC+08:00)","2009242123460939","T028680683720","-","80.00","025 - Office","FC90","2502","2860 - ","326,401.31","","-","JASMINE YONG HIEW MU","RCMS - CR FPX","","-"
"506061304070","Current Account","GENTING MALAYSIA BERHAD","MYR","2020-09-24 MY (UTC+08:00)","2020-09-24 MY (UTC+08:00)","9","230","1,614.13","1,000.00","-","-","24/Sep/2020 MY (UTC+08:00)","21:29 MY (UTC+08:00)","2009242128500066","T028681136120","-","931.00","025 - Office","FC90","2502","2860 - ","327,332.31","","-","HJ PRIMA RESOURCES","RCMS - CR FPX","","-"
"506061304070","Current Account","GENTING MALAYSIA BERHAD","MYR","2020-09-24 MY (UTC+08:00)","2020-09-24 MY (UTC+08:00)","9","230","1,614.13","1,000.00","-","-","24/Sep/2020 MY (UTC+08:00)","21:30 MY (UTC+08:00)","2009242129030382","T028681323920","-","833.00","025 - Office","FC92","2502","2860 - ","328,165.31","","-","KHUSNUL KOTIMAH BINT","RCMS - CR FPX","","-"
"506061304070","Current Account","GENTING MALAYSIA BERHAD","MYR","2020-09-24 MY (UTC+08:00)","2020-09-24 MY (UTC+08:00)","9","230","1,614.13","1,000.00","-","-","24/Sep/2020 MY (UTC+08:00)","21:30 MY (UTC+08:00)","2009242129160683","T028681369820","-","70.00","025 - Office","FC90","2502","2860 - ","328,235.31","","-","LEE WAI YE","RCMS - CR FPX","","-"
"506061304070","Current Account","GENTING MALAYSIA BERHAD","MYR","2020-09-24 MY (UTC+08:00)","2020-09-24 MY (UTC+08:00)","9","230","1,614.13","1,000.00","-","-","24/Sep/2020 MY (UTC+08:00)","21:31 MY (UTC+08:00)","2009242130280670","T028681512620","-","70.00","025 - Office","FC93","2502","2860 - ","328,305.31","","-","KENNETH LAU E-MING","RCMS - CR FPX","","-"
"506061304070","Current Account","GENTING MALAYSIA BERHAD","MYR","2020-09-24 MY (UTC+08:00)","2020-09-24 MY (UTC+08:00)","9","230","1,614.13","1,000.00","-","-","24/Sep/2020 MY (UTC+08:00)","21:32 MY (UTC+08:00)","2009242131020515","T028681573520","-","80.00","025 - Office","FC91","2502","2860 - ","328,385.31","","-","LEONG JUN JIE","RCMS - CR FPX","","-"
"506061304070","Current Account","GENTING MALAYSIA BERHAD","MYR","2020-09-24 MY (UTC+08:00)","2020-09-24 MY (UTC+08:00)","9","230","1,614.13","1,000.00","-","-","24/Sep/2020 MY (UTC+08:00)","21:32 MY (UTC+08:00)","2009242131260116","T028681624220","-","120.00","025 - Office","FC95","2502","2860 - ","328,505.31","","-","LIM CHEE GUAN","RCMS - CR FPX","","-"
"506061304070","Current Account","GENTING MALAYSIA BERHAD","MYR","2020-09-24 MY (UTC+08:00)","2020-09-24 MY (UTC+08:00)","9","230","1,614.13","1,000.00","-","-","24/Sep/2020 MY (UTC+08:00)","21:35 MY (UTC+08:00)","CMS - DR CORP CHG","B2CSE00037674","68.00","-","025 - Office","CBSX410N","2502","CDRCHG - CMS - DR CORP CHG","328,437.31","","-","","CMS - DR CORP CHG","","-"
"506061304070","Current Account","GENTING MALAYSIA BERHAD","MYR","2020-09-24 MY (UTC+08:00)","2020-09-24 MY (UTC+08:00)","9","230","1,614.13","1,000.00","-","-","24/Sep/2020 MY (UTC+08:00)","21:42 MY (UTC+08:00)","2009242140510535","T028682736020","-","110.00","025 - Office","FC91","2502","2860 - ","328,547.31","","-","AHMAD FARHAN BIN MOK","RCMS - CR FPX","","-"
"506061304070","Current Account","GENTING MALAYSIA BERHAD","MYR","2020-09-24 MY (UTC+08:00)","2020-09-24 MY (UTC+08:00)","9","230","1,614.13","1,000.00","-","-","24/Sep/2020 MY (UTC+08:00)","21:48 MY (UTC+08:00)","2009242147440838","T028683562220","-","70.00","025 - Office","FC92","2502","2860 - ","328,617.31","","-","NENG KWEE SIN","RCMS - CR FPX","","-"
"506061304070","Current Account","GENTING MALAYSIA BERHAD","MYR","2020-09-24 MY (UTC+08:00)","2020-09-24 MY (UTC+08:00)","9","230","1,614.13","1,000.00","-","-","24/Sep/2020 MY (UTC+08:00)","21:53 MY (UTC+08:00)","2009242152570474","T028684130720","-","70.00","025 - Office","FC90","2502","2860 - ","328,687.31","","-","CHAN KIM SIOK","RCMS - CR FPX","","-"
"506061304070","Current Account","GENTING MALAYSIA BERHAD","MYR","2020-09-24 MY (UTC+08:00)","2020-09-24 MY (UTC+08:00)","9","230","1,614.13","1,000.00","-","-","24/Sep/2020 MY (UTC+08:00)","22:04 MY (UTC+08:00)","2009242203350421","T028685278820","-","70.00","025 - Office","FC90","2502","2860 - ","328,757.31","","-","CHAN KIM SIOK","RCMS - CR FPX","","-"
"506061304070","Current Account","GENTING MALAYSIA BERHAD","MYR","2020-09-24 MY (UTC+08:00)","2020-09-24 MY (UTC+08:00)","9","230","1,614.13","1,000.00","-","-","24/Sep/2020 MY (UTC+08:00)","22:09 MY (UTC+08:00)","2009242206380826","T028685662820","-","70.00","025 - Office","FC90","2502","2860 - ","328,827.31","","-","HIRA MAJU ENTERPRISE","RCMS - CR FPX","","-"
"506061304070","Current Account","GENTING MALAYSIA BERHAD","MYR","2020-09-24 MY (UTC+08:00)","2020-09-24 MY (UTC+08:00)","9","230","1,614.13","1,000.00","-","-","24/Sep/2020 MY (UTC+08:00)","22:12 MY (UTC+08:00)","2009242210420548","T028686098420","-","160.00","025 - Office","FC90","2502","2860 - ","328,987.31","","-","LEONG CHEE YOONG","RCMS - CR FPX","","-"
"506061304070","Current Account","GENTING MALAYSIA BERHAD","MYR","2020-09-24 MY (UTC+08:00)","2020-09-24 MY (UTC+08:00)","9","230","1,614.13","1,000.00","-","-","24/Sep/2020 MY (UTC+08:00)","22:12 MY (UTC+08:00)","2009242210190963","T028686060620","-","70.00","025 - Office","FC90","2502","2860 - ","329,057.31","","-","OH KHOON MIN","RCMS - CR FPX","","-"
"506061304070","Current Account","GENTING MALAYSIA BERHAD","MYR","2020-09-24 MY (UTC+08:00)","2020-09-24 MY (UTC+08:00)","9","230","1,614.13","1,000.00","-","-","24/Sep/2020 MY (UTC+08:00)","22:12 MY (UTC+08:00)","2009242211330005","T028686224120","-","140.00","025 - Office","FC91","2502","2860 - ","329,197.31","","-","NORSYAHIDA AHMAD","RCMS - CR FPX","","-"
"506061304070","Current Account","GENTING MALAYSIA BERHAD","MYR","2020-09-24 MY (UTC+08:00)","2020-09-24 MY (UTC+08:00)","9","230","1,614.13","1,000.00","-","-","24/Sep/2020 MY (UTC+08:00)","22:16 MY (UTC+08:00)","2009242215370101","T028686659420","-","70.00","025 - Office","FC93","2502","2860 - ","329,267.31","","-","WONG KANG CHUAN","RCMS - CR FPX","","-"
"506061304070","Current Account","GENTING MALAYSIA BERHAD","MYR","2020-09-24 MY (UTC+08:00)","2020-09-24 MY (UTC+08:00)","9","230","1,614.13","1,000.00","-","-","24/Sep/2020 MY (UTC+08:00)","22:22 MY (UTC+08:00)","2009242221520575","T028687272320","-","80.00","025 - Office","FC92","2502","2860 - ","329,347.31","","-","TIU SOO THING","RCMS - CR FPX","","-"
"506061304070","Current Account","GENTING MALAYSIA BERHAD","MYR","2020-09-24 MY (UTC+08:00)","2020-09-24 MY (UTC+08:00)","9","230","1,614.13","1,000.00","-","-","24/Sep/2020 MY (UTC+08:00)","22:22 MY (UTC+08:00)","2009242221500508","T028687268720","-","80.00","025 - Office","FC92","2502","2860 - ","329,427.31","","-","CHAN MEI EE","RCMS - CR FPX","","-"
"506061304070","Current Account","GENTING MALAYSIA BERHAD","MYR","2020-09-24 MY (UTC+08:00)","2020-09-24 MY (UTC+08:00)","9","230","1,614.13","1,000.00","-","-","24/Sep/2020 MY (UTC+08:00)","22:26 MY (UTC+08:00)","2009242225530941","T028687684520","-","60.00","025 - Office","FC94","2502","2860 - ","329,487.31","","-","SOO WING HOE","RCMS - CR FPX","","-"
"506061304070","Current Account","GENTING MALAYSIA BERHAD","MYR","2020-09-24 MY (UTC+08:00)","2020-09-24 MY (UTC+08:00)","9","230","1,614.13","1,000.00","-","-","24/Sep/2020 MY (UTC+08:00)","22:27 MY (UTC+08:00)","2009242226240829","T028687743620","-","140.00","025 - Office","FC91","2502","2860 - ","329,627.31","","-","NORSYAHIDA AHMAD","RCMS - CR FPX","","-"
"506061304070","Current Account","GENTING MALAYSIA BERHAD","MYR","2020-09-24 MY (UTC+08:00)","2020-09-24 MY (UTC+08:00)","9","230","1,614.13","1,000.00","-","-","24/Sep/2020 MY (UTC+08:00)","22:28 MY (UTC+08:00)","2009242227070090","T028687825820","-","260.00","025 - Office","FC92","2502","2860 - ","329,887.31","","-","VINCENT CHEW WENG SO","RCMS - CR FPX","","-"
"506061304070","Current Account","GENTING MALAYSIA BERHAD","MYR","2020-09-24 MY (UTC+08:00)","2020-09-24 MY (UTC+08:00)","9","230","1,614.13","1,000.00","-","-","24/Sep/2020 MY (UTC+08:00)","22:34 MY (UTC+08:00)","2009242234090236","T028688553320","-","110.00","025 - Office","FC92","2502","2860 - ","329,997.31","","-","YAU PUI YEE","RCMS - CR FPX","","-"
"506061304070","Current Account","GENTING MALAYSIA BERHAD","MYR","2020-09-24 MY (UTC+08:00)","2020-09-24 MY (UTC+08:00)","9","230","1,614.13","1,000.00","-","-","24/Sep/2020 MY (UTC+08:00)","22:35 MY (UTC+08:00)","2009242234430130","T028688603120","-","70.00","025 - Office","FC90","2502","2860 - ","330,067.31","","-","HAU KHAI BOON","RCMS - CR FPX","","-"
"506061304070","Current Account","GENTING MALAYSIA BERHAD","MYR","2020-09-24 MY (UTC+08:00)","2020-09-24 MY (UTC+08:00)","9","230","1,614.13","1,000.00","-","-","24/Sep/2020 MY (UTC+08:00)","22:36 MY (UTC+08:00)","2009242235310482","T028688703620","-","70.00","025 - Office","FC92","2502","2860 - ","330,137.31","","-","GAN KEM JOO","RCMS - CR FPX","","-"
"506061304070","Current Account","GENTING MALAYSIA BERHAD","MYR","2020-09-24 MY (UTC+08:00)","2020-09-24 MY (UTC+08:00)","9","230","1,614.13","1,000.00","-","-","24/Sep/2020 MY (UTC+08:00)","22:37 MY (UTC+08:00)","2009242236140569","T028688763320","-","800.00","025 - Office","FC91","2502","2860 - ","330,937.31","","-","NG JUN KEE","RCMS - CR FPX","","-"
"506061304070","Current Account","GENTING MALAYSIA BERHAD","MYR","2020-09-24 MY (UTC+08:00)","2020-09-24 MY (UTC+08:00)","9","230","1,614.13","1,000.00","-","-","24/Sep/2020 MY (UTC+08:00)","22:41 MY (UTC+08:00)","2009242240250878","T028689155420","-","80.00","025 - Office","FC91","2502","2860 - ","331,017.31","","-","HUAN KIAN YAP","RCMS - CR FPX","","-"
"506061304070","Current Account","GENTING MALAYSIA BERHAD","MYR","2020-09-24 MY (UTC+08:00)","2020-09-24 MY (UTC+08:00)","9","230","1,614.13","1,000.00","-","-","24/Sep/2020 MY (UTC+08:00)","22:42 MY (UTC+08:00)","2009242241170108","T028689263420","-","70.00","025 - Office","FC91","2502","2860 - ","331,087.31","","-","GAN KEM JOO","RCMS - CR FPX","","-"
"506061304070","Current Account","GENTING MALAYSIA BERHAD","MYR","2020-09-24 MY (UTC+08:00)","2020-09-24 MY (UTC+08:00)","9","230","1,614.13","1,000.00","-","-","24/Sep/2020 MY (UTC+08:00)","22:45 MY (UTC+08:00)","2009242244220542","T028689536120","-","140.00","025 - Office","FC92","2502","2860 - ","331,227.31","","-","ERLY HALIM","RCMS - CR FPX","","-"
"506061304070","Current Account","GENTING MALAYSIA BERHAD","MYR","2020-09-24 MY (UTC+08:00)","2020-09-24 MY (UTC+08:00)","9","230","1,614.13","1,000.00","-","-","24/Sep/2020 MY (UTC+08:00)","22:46 MY (UTC+08:00)","2009242245300151","T028689658220","-","140.00","025 - Office","FC90","2502","2860 - ","331,367.31","","-","LEE HAN XIAN","RCMS - CR FPX","","-"
"506061304070","Current Account","GENTING MALAYSIA BERHAD","MYR","2020-09-24 MY (UTC+08:00)","2020-09-24 MY (UTC+08:00)","9","230","1,614.13","1,000.00","-","-","24/Sep/2020 MY (UTC+08:00)","22:48 MY (UTC+08:00)","2009242247150637","T028689809420","-","70.00","025 - Office","FC93","2502","2860 - ","331,437.31","","-","SELVAM A/L NADASEN","RCMS - CR FPX","","-"
"506061304070","Current Account","GENTING MALAYSIA BERHAD","MYR","2020-09-24 MY (UTC+08:00)","2020-09-24 MY (UTC+08:00)","9","230","1,614.13","1,000.00","-","-","24/Sep/2020 MY (UTC+08:00)","22:52 MY (UTC+08:00)","2009242251100863","T028690186520","-","180.00","025 - Office","FC91","2502","2860 - ","331,617.31","","-","CHIA CHEE HOW","RCMS - CR FPX","","-"
"506061304070","Current Account","GENTING MALAYSIA BERHAD","MYR","2020-09-24 MY (UTC+08:00)","2020-09-24 MY (UTC+08:00)","9","230","1,614.13","1,000.00","-","-","24/Sep/2020 MY (UTC+08:00)","22:54 MY (UTC+08:00)","2009242253420110","T028690404020","-","80.00","025 - Office","FC90","2502","2860 - ","331,697.31","","-","TAN HSUEH ER","RCMS - CR FPX","","-"
"506061304070","Current Account","GENTING MALAYSIA BERHAD","MYR","2020-09-24 MY (UTC+08:00)","2020-09-24 MY (UTC+08:00)","9","230","1,614.13","1,000.00","-","-","24/Sep/2020 MY (UTC+08:00)","22:55 MY (UTC+08:00)","2009242255130065","T028690500020","-","60.00","025 - Office","FC90","2502","2860 - ","331,757.31","","-","SOO WING HOE","RCMS - CR FPX","","-"
"506061304070","Current Account","GENTING MALAYSIA BERHAD","MYR","2020-09-24 MY (UTC+08:00)","2020-09-24 MY (UTC+08:00)","9","230","1,614.13","1,000.00","-","-","24/Sep/2020 MY (UTC+08:00)","23:02 MY (UTC+08:00)","2009242301330825","T028691083820","-","110.00","025 - Office","FC91","2502","2860 - ","331,867.31","","-","PU TSEH YOU","RCMS - CR FPX","","-"
"506061304070","Current Account","GENTING MALAYSIA BERHAD","MYR","2020-09-24 MY (UTC+08:00)","2020-09-24 MY (UTC+08:00)","9","230","1,614.13","1,000.00","-","-","24/Sep/2020 MY (UTC+08:00)","23:02 MY (UTC+08:00)","2009242301330817","T028691076020","-","110.00","025 - Office","FC90","2502","2860 - ","331,977.31","","-","SIOW YOU KEONG","RCMS - CR FPX","","-"
"506061304070","Current Account","GENTING MALAYSIA BERHAD","MYR","2020-09-24 MY (UTC+08:00)","2020-09-24 MY (UTC+08:00)","9","230","1,614.13","1,000.00","-","-","24/Sep/2020 MY (UTC+08:00)","23:10 MY (UTC+08:00)","2009242308280732","T028691574020","-","160.00","025 - Office","FC91","2502","2860 - ","332,137.31","","-","MUHAMAD AMIRUL SHAKI","RCMS - CR FPX","","-"
"506061304070","Current Account","GENTING MALAYSIA BERHAD","MYR","2020-09-24 MY (UTC+08:00)","2020-09-24 MY (UTC+08:00)","9","230","1,614.13","1,000.00","-","-","24/Sep/2020 MY (UTC+08:00)","23:16 MY (UTC+08:00)","2009242314270396","T028692142220","-","365.00","025 - Office","FC90","2502","2860 - ","332,502.31","","-","MR A CHANDRAN ANNAMA","RCMS - CR FPX","","-"
"506061304070","Current Account","GENTING MALAYSIA BERHAD","MYR","2020-09-24 MY (UTC+08:00)","2020-09-24 MY (UTC+08:00)","9","230","1,614.13","1,000.00","-","-","24/Sep/2020 MY (UTC+08:00)","23:20 MY (UTC+08:00)","2009242319510044","T028692570620","-","70.00","025 - Office","FC91","2502","2860 - ","332,572.31","","-","CHONG YOON CHUNG","RCMS - CR FPX","","-"
"506061304070","Current Account","GENTING MALAYSIA BERHAD","MYR","2020-09-24 MY (UTC+08:00)","2020-09-24 MY (UTC+08:00)","9","230","1,614.13","1,000.00","-","-","24/Sep/2020 MY (UTC+08:00)","23:22 MY (UTC+08:00)","2009242322060375","T028692736520","-","70.00","025 - Office","FC92","2502","2860 - ","332,642.31","","-","CHONG YOON CHUNG","RCMS - CR FPX","","-"
"506061304070","Current Account","GENTING MALAYSIA BERHAD","MYR","2020-09-24 MY (UTC+08:00)","2020-09-24 MY (UTC+08:00)","9","230","1,614.13","1,000.00","-","-","24/Sep/2020 MY (UTC+08:00)","23:29 MY (UTC+08:00)","2009242328540493","T028693276820","-","70.00","025 - Office","FC90","2502","2860 - ","332,712.31","","-","CHONG YOON CHUNG","RCMS - CR FPX","","-"
"506061304070","Current Account","GENTING MALAYSIA BERHAD","MYR","2020-09-24 MY (UTC+08:00)","2020-09-24 MY (UTC+08:00)","9","230","1,614.13","1,000.00","-","-","24/Sep/2020 MY (UTC+08:00)","23:32 MY (UTC+08:00)","2009242331370088","T028693470620","-","80.00","025 - Office","FC90","2502","2860 - ","332,792.31","","-","KHOONG LAI TUEN","RCMS - CR FPX","","-"
"506061304070","Current Account","GENTING MALAYSIA BERHAD","MYR","2020-09-24 MY (UTC+08:00)","2020-09-24 MY (UTC+08:00)","9","230","1,614.13","1,000.00","-","-","24/Sep/2020 MY (UTC+08:00)","23:33 MY (UTC+08:00)","2009242333120595","T028693592720","-","70.00","025 - Office","FC90","2502","2860 - ","332,862.31","","-","CHONG YOON CHUNG","RCMS - CR FPX","","-"
"506061304070","Current Account","GENTING MALAYSIA BERHAD","MYR","2020-09-24 MY (UTC+08:00)","2020-09-24 MY (UTC+08:00)","9","230","1,614.13","1,000.00","-","-","24/Sep/2020 MY (UTC+08:00)","23:34 MY (UTC+08:00)","2009242333090542","T028693594820","-","220.00","025 - Office","FC91","2502","2860 - ","333,082.31","","-","CS BINA ENTERPRISE","RCMS - CR FPX","","-"
"506061304070","Current Account","GENTING MALAYSIA BERHAD","MYR","2020-09-24 MY (UTC+08:00)","2020-09-24 MY (UTC+08:00)","9","230","1,614.13","1,000.00","-","-","24/Sep/2020 MY (UTC+08:00)","23:38 MY (UTC+08:00)","2009242337310695","T028693888220","-","70.00","025 - Office","FC90","2502","2860 - ","333,152.31","","-","CHONG YOON CHUNG","RCMS - CR FPX","","-"
"506061304070","Current Account","GENTING MALAYSIA BERHAD","MYR","2020-09-24 MY (UTC+08:00)","2020-09-24 MY (UTC+08:00)","9","230","1,614.13","1,000.00","-","-","24/Sep/2020 MY (UTC+08:00)","23:38 MY (UTC+08:00)","2009242338060243","T028693933220","-","110.00","025 - Office","FC90","2502","2860 - ","333,262.31","","-","SIK CHIN FOON OR","RCMS - CR FPX","","-"
"506061304070","Current Account","GENTING MALAYSIA BERHAD","MYR","2020-09-24 MY (UTC+08:00)","2020-09-24 MY (UTC+08:00)","9","230","1,614.13","1,000.00","-","-","24/Sep/2020 MY (UTC+08:00)","23:40 MY (UTC+08:00)","2009242339230457","T028694023520","-","70.00","025 - Office","FC91","2502","2860 - ","333,332.31","","-","CHONG YOON CHUNG","RCMS - CR FPX","","-"
"506061304070","Current Account","GENTING MALAYSIA BERHAD","MYR","2020-09-24 MY (UTC+08:00)","2020-09-24 MY (UTC+08:00)","9","230","1,614.13","1,000.00","-","-","24/Sep/2020 MY (UTC+08:00)","23:40 MY (UTC+08:00)","2009242339170363","T028693990820","-","110.00","025 - Office","FC91","2502","2860 - ","333,442.31","","-","LIM KWOK HOONG","RCMS - CR FPX","","-"
"506061304070","Current Account","GENTING MALAYSIA BERHAD","MYR","2020-09-24 MY (UTC+08:00)","2020-09-24 MY (UTC+08:00)","9","230","1,614.13","1,000.00","-","-","24/Sep/2020 MY (UTC+08:00)","23:42 MY (UTC+08:00)","2009242341061000","T028694124020","-","80.00","025 - Office","FC91","2502","2860 - ","333,522.31","","-","AUDREA OOI PEI YUN","RCMS - CR FPX","","-"
"506061304070","Current Account","GENTING MALAYSIA BERHAD","MYR","2020-09-24 MY (UTC+08:00)","2020-09-24 MY (UTC+08:00)","9","230","1,614.13","1,000.00","-","-","24/Sep/2020 MY (UTC+08:00)","23:43 MY (UTC+08:00)","2009242343120887","T028694286920","-","70.00","025 - Office","FC91","2502","2860 - ","333,592.31","","-","CHONG YOON CHUNG","RCMS - CR FPX","","-"
"506061304070","Current Account","GENTING MALAYSIA BERHAD","MYR","2020-09-24 MY (UTC+08:00)","2020-09-24 MY (UTC+08:00)","9","230","1,614.13","1,000.00","-","-","24/Sep/2020 MY (UTC+08:00)","23:45 MY (UTC+08:00)","2009242345070658","T028694419220","-","70.00","025 - Office","FC90","2502","2860 - ","333,662.31","","-","CHONG YOON CHUNG","RCMS - CR FPX","","-"
"506061304070","Current Account","GENTING MALAYSIA BERHAD","MYR","2020-09-24 MY (UTC+08:00)","2020-09-24 MY (UTC+08:00)","9","230","1,614.13","1,000.00","-","-","24/Sep/2020 MY (UTC+08:00)","23:48 MY (UTC+08:00)","2009242347550092","T028694594420","-","70.00","025 - Office","FC90","2502","2860 - ","333,732.31","","-","CHONG YOON CHUNG","RCMS - CR FPX","","-"
"506061304070","Current Account","GENTING MALAYSIA BERHAD","MYR","2020-09-24 MY (UTC+08:00)","2020-09-24 MY (UTC+08:00)","9","230","1,614.13","1,000.00","-","-","24/Sep/2020 MY (UTC+08:00)","23:50 MY (UTC+08:00)","2009242350050915","T028694720720","-","70.00","025 - Office","FC90","2502","2860 - ","333,802.31","","-","CHONG YOON CHUNG","RCMS - CR FPX","","-"
"506061304070","Current Account","GENTING MALAYSIA BERHAD","MYR","2020-09-24 MY (UTC+08:00)","2020-09-24 MY (UTC+08:00)","9","230","1,614.13","1,000.00","-","-","24/Sep/2020 MY (UTC+08:00)","23:52 MY (UTC+08:00)","2009242351170931","T028694790620","-","140.00","025 - Office","FC90","2502","2860 - ","333,942.31","","-","AYU NATASHA BINTI NO","RCMS - CR FPX","","-"
"506061304070","Current Account","GENTING MALAYSIA BERHAD","MYR","2020-09-24 MY (UTC+08:00)","2020-09-24 MY (UTC+08:00)","9","230","1,614.13","1,000.00","-","-","24/Sep/2020 MY (UTC+08:00)","00:46 MY (UTC+08:00)","QRCASA SALES M/N 0035433 DATED 24092020","","-","30.00","011 - System","CBSX425P","2988","8301 - BILLS PAYMENT CREDIT","333,972.31","","-","","","","-"
"506061304070","Current Account","GENTING MALAYSIA BERHAD","MYR","2020-09-24 MY (UTC+08:00)","2020-09-24 MY (UTC+08:00)","9","230","1,614.13","1,000.00","-","-","24/Sep/2020 MY (UTC+08:00)","00:46 MY (UTC+08:00)","QRCASA SALES M/N 0070588 DATED 24092020","","-","659.00","011 - System","CBSX425P","2988","8301 - BILLS PAYMENT CREDIT","334,631.31","","-","","","","-"
"506061304070","Current Account","GENTING MALAYSIA BERHAD","MYR","2020-09-24 MY (UTC+08:00)","2020-09-24 MY (UTC+08:00)","9","230","1,614.13","1,000.00","-","-","24/Sep/2020 MY (UTC+08:00)","00:47 MY (UTC+08:00)","S/C TRANS VIA QRPAY 000027060035433","","0.07","-","011 - System","CBSX4237","2996","PCSCDR - PAYEE CORP SERVICE CHARGE DEBIT","334,631.24","","-","","","","-"
"506061304070","Current Account","GENTING MALAYSIA BERHAD","MYR","2020-09-24 MY (UTC+08:00)","2020-09-24 MY (UTC+08:00)","9","230","1,614.13","1,000.00","-","-","24/Sep/2020 MY (UTC+08:00)","00:47 MY (UTC+08:00)","S/C TRANS VIA QRPAY 000027060070588","","1.64","-","011 - System","CBSX4237","2996","PCSCDR - PAYEE CORP SERVICE CHARGE DEBIT","334,629.60","","-","","","","-"
"506061304070","Current Account","GENTING MALAYSIA BERHAD","MYR","2020-09-24 MY (UTC+08:00)","2020-09-24 MY (UTC+08:00)","9","230","1,614.13","1,000.00","-","-","24/Sep/2020 MY (UTC+08:00)","01:25 MY (UTC+08:00)","XFR DEBIT SVC CHARGE","","2.00","-","011 - System","BTCH6587","0606","XFRDRSVC - SERVICE CHARGE","334,627.60","","-","","","","-"
"506061304070","Current Account","GENTING MALAYSIA BERHAD","MYR","2020-09-24 MY (UTC+08:00)","2020-09-24 MY (UTC+08:00)","9","230","1,614.13","1,000.00","-","-","24/Sep/2020 MY (UTC+08:00)","01:25 MY (UTC+08:00)","GENTING MALAYSIA BERHAD","514011468149","341,353.66","-","011 - System","BTCH6587","0606","XFRDR - FUND TRANSFER DEBIT","-6,726.06","","-","","","","-"
"506061304070","Current Account","GENTING MALAYSIA BERHAD","MYR","2020-09-24 MY (UTC+08:00)","2020-09-24 MY (UTC+08:00)","9","230","1,614.13","1,000.00","-","-","24/Sep/2020 MY (UTC+08:00)","02:15 MY (UTC+08:00)","DR/CARD SALES M/N 4183000 DATED 23092020","","-","32.00","006 - Pos","CBSX408R","2977","8300 - CREDIT ACCOUNT","-6,694.06","","-","","","","-"
"506061304070","Current Account","GENTING MALAYSIA BERHAD","MYR","2020-09-24 MY (UTC+08:00)","2020-09-24 MY (UTC+08:00)","9","230","1,614.13","1,000.00","-","-","24/Sep/2020 MY (UTC+08:00)","02:15 MY (UTC+08:00)","DR/CARD SALES M/N 4000006 DATED 23092020","","-","482.00","006 - Pos","CBSX408R","2977","8300 - CREDIT ACCOUNT","-6,212.06","","-","","","","-"
"506061304070","Current Account","GENTING MALAYSIA BERHAD","MYR","2020-09-24 MY (UTC+08:00)","2020-09-24 MY (UTC+08:00)","9","230","1,614.13","1,000.00","-","-","24/Sep/2020 MY (UTC+08:00)","02:15 MY (UTC+08:00)","DR/CARD SALES M/N 4183000 DATED 23092020","","0.08","-","011 - System","CBSX408R","2981","BCHARGE - ELECTRONIC TRANSACTION CHARGES","-6,212.14","","-","","","","-"
"506061304070","Current Account","GENTING MALAYSIA BERHAD","MYR","2020-09-24 MY (UTC+08:00)","2020-09-24 MY (UTC+08:00)","9","230","1,614.13","1,000.00","-","-","24/Sep/2020 MY (UTC+08:00)","02:15 MY (UTC+08:00)","DR/CARD SALES M/N 4000006 DATED 23092020","","1.21","-","011 - System","CBSX408R","2981","BCHARGE - ELECTRONIC TRANSACTION CHARGES","-6,213.35","","-","","","","-"
"506061304070","Current Account","GENTING MALAYSIA BERHAD","MYR","2020-09-24 MY (UTC+08:00)","2020-09-24 MY (UTC+08:00)","9","230","1,614.13","1,000.00","-","-","24/Sep/2020 MY (UTC+08:00)","02:17 MY (UTC+08:00)","DR/CARD SALES M/N 4183000 DATED 23092020","","-","10.00","006 - Pos","CBSX408R","3121","8300 - CREDIT ACCOUNT","-6,203.35","","-","","","","-"
"506061304070","Current Account","GENTING MALAYSIA BERHAD","MYR","2020-09-24 MY (UTC+08:00)","2020-09-24 MY (UTC+08:00)","9","230","1,614.13","1,000.00","-","-","24/Sep/2020 MY (UTC+08:00)","02:17 MY (UTC+08:00)","DR/CARD SALES M/N 4000006 DATED 23092020","","-","96.00","006 - Pos","CBSX408R","3121","8300 - CREDIT ACCOUNT","-6,107.35","","-","","","","-"
"506061304070","Current Account","GENTING MALAYSIA BERHAD","MYR","2020-09-24 MY (UTC+08:00)","2020-09-24 MY (UTC+08:00)","9","230","1,614.13","1,000.00","-","-","24/Sep/2020 MY (UTC+08:00)","02:18 MY (UTC+08:00)","DR/CARD SALES M/N 4183000 DATED 23092020","","0.03","-","011 - System","CBSX408R","2981","BCHARGE - ELECTRONIC TRANSACTION CHARGES","-6,107.38","","-","","","","-"
"506061304070","Current Account","GENTING MALAYSIA BERHAD","MYR","2020-09-24 MY (UTC+08:00)","2020-09-24 MY (UTC+08:00)","9","230","1,614.13","1,000.00","-","-","24/Sep/2020 MY (UTC+08:00)","02:18 MY (UTC+08:00)","DR/CARD SALES M/N 4000006 DATED 23092020","","0.24","-","011 - System","CBSX408R","2981","BCHARGE - ELECTRONIC TRANSACTION CHARGES","-6,107.62","","-","","","","-"
"506061304070","Current Account","GENTING MALAYSIA BERHAD","MYR","2020-09-24 MY (UTC+08:00)","2020-09-24 MY (UTC+08:00)","9","230","1,614.13","1,000.00","-","-","24/Sep/2020 MY (UTC+08:00)","04:21 MY (UTC+08:00)","2009240018260545","T028504268120","-","240.00","025 - Office","FC91","2502","2860 - ","-5,867.62","","-","LIM PEI SAN","RCMS - CR FPX","","-"
"506061304070","Current Account","GENTING MALAYSIA BERHAD","MYR","2020-09-24 MY (UTC+08:00)","2020-09-24 MY (UTC+08:00)","9","230","1,614.13","1,000.00","-","-","24/Sep/2020 MY (UTC+08:00)","04:21 MY (UTC+08:00)","2009240018590822","T028504288820","-","160.00","025 - Office","FC91","2502","2860 - ","-5,707.62","","-","NAZHATUL AFIRA BINTI","RCMS - CR FPX","","-"
"506061304070","Current Account","GENTING MALAYSIA BERHAD","MYR","2020-09-24 MY (UTC+08:00)","2020-09-24 MY (UTC+08:00)","9","230","1,614.13","1,000.00","-","-","24/Sep/2020 MY (UTC+08:00)","04:21 MY (UTC+08:00)","2009240022480583","T028504425620","-","160.00","025 - Office","FC90","2502","2860 - ","-5,547.62","","-","NAZHATUL AFIRA BINTI","RCMS - CR FPX","","-"
"506061304070","Current Account","GENTING MALAYSIA BERHAD","MYR","2020-09-24 MY (UTC+08:00)","2020-09-24 MY (UTC+08:00)","9","230","1,614.13","1,000.00","-","-","24/Sep/2020 MY (UTC+08:00)","04:21 MY (UTC+08:00)","2009240039430247","T028505392820","-","80.00","025 - Office","FC90","2502","2860 - ","-5,467.62","","-","MOH SIONG YONG","RCMS - CR FPX","","-"
"506061304070","Current Account","GENTING MALAYSIA BERHAD","MYR","2020-09-24 MY (UTC+08:00)","2020-09-24 MY (UTC+08:00)","9","230","1,614.13","1,000.00","-","-","24/Sep/2020 MY (UTC+08:00)","04:21 MY (UTC+08:00)","2009240053430743","T028505870720","-","70.00","025 - Office","FC90","2502","2860 - ","-5,397.62","","-","WONG CHOI YEN","RCMS - CR FPX","","-"
"506061304070","Current Account","GENTING MALAYSIA BERHAD","MYR","2020-09-24 MY (UTC+08:00)","2020-09-24 MY (UTC+08:00)","9","230","1,614.13","1,000.00","-","-","24/Sep/2020 MY (UTC+08:00)","04:21 MY (UTC+08:00)","2009240056190738","T028505947520","-","70.00","025 - Office","FC91","2502","2860 - ","-5,327.62","","-","TAN SHI JIE","RCMS - CR FPX","","-"
"506061304070","Current Account","GENTING MALAYSIA BERHAD","MYR","2020-09-24 MY (UTC+08:00)","2020-09-24 MY (UTC+08:00)","9","230","1,614.13","1,000.00","-","-","24/Sep/2020 MY (UTC+08:00)","04:21 MY (UTC+08:00)","2009240232470121","T028507873520","-","160.00","025 - Office","FC90","2502","2860 - ","-5,167.62","","-","TEN KIAN YEE","RCMS - CR FPX","","-"
"506061304070","Current Account","GENTING MALAYSIA BERHAD","MYR","2020-09-24 MY (UTC+08:00)","2020-09-24 MY (UTC+08:00)","9","230","1,614.13","1,000.00","-","-","24/Sep/2020 MY (UTC+08:00)","04:21 MY (UTC+08:00)","2009240247490471","T028508049920","-","1,080.00","025 - Office","FC90","2502","2860 - ","-4,087.62","","-","CHUAH YU HAO","RCMS - CR FPX","","-"
"506061304070","Current Account","GENTING MALAYSIA BERHAD","MYR","2020-09-24 MY (UTC+08:00)","2020-09-24 MY (UTC+08:00)","9","230","1,614.13","1,000.00","-","-","24/Sep/2020 MY (UTC+08:00)","04:21 MY (UTC+08:00)","2009240251290016","T028508096420","-","160.00","025 - Office","FC90","2502","2860 - ","-3,927.62","","-","PANG GUO MING","RCMS - CR FPX","","-"
"506061304070","Current Account","GENTING MALAYSIA BERHAD","MYR","2020-09-24 MY (UTC+08:00)","2020-09-24 MY (UTC+08:00)","9","230","1,614.13","1,000.00","-","-","24/Sep/2020 MY (UTC+08:00)","04:21 MY (UTC+08:00)","2009240258170917","T028508164220","-","80.00","025 - Office","FC90","2502","2860 - ","-3,847.62","","-","NUR SABRI BIN AHMAD","RCMS - CR FPX","","-"
"506061304070","Current Account","GENTING MALAYSIA BERHAD","MYR","2020-09-24 MY (UTC+08:00)","2020-09-24 MY (UTC+08:00)","9","230","1,614.13","1,000.00","-","-","24/Sep/2020 MY (UTC+08:00)","04:21 MY (UTC+08:00)","2009240348550818","T028524126920","-","160.00","025 - Office","FC90","2502","2860 - ","-3,687.62","","-","SHAMSUAL AZIZI BIN J","RCMS - CR FPX","","-"
"506061304070","Current Account","GENTING MALAYSIA BERHAD","MYR","2020-09-24 MY (UTC+08:00)","2020-09-24 MY (UTC+08:00)","9","230","1,614.13","1,000.00","-","-","24/Sep/2020 MY (UTC+08:00)","04:32 MY (UTC+08:00)","2009240431250980","T028528248020","-","70.00","025 - Office","FC90","2502","2860 - ","-3,617.62","","-","LYE CHEE HOWE","RCMS - CR FPX","","-"
"506061304070","Current Account","GENTING MALAYSIA BERHAD","MYR","2020-09-24 MY (UTC+08:00)","2020-09-24 MY (UTC+08:00)","9","230","1,614.13","1,000.00","-","-","24/Sep/2020 MY (UTC+08:00)","05:14 MY (UTC+08:00)","9207003443 CR/CARD SALES  DATED 24092020","34432409","-","2,517.76","011 - System","CBSX4498","3104","2210 - CARDS CREDIT","-1,099.86","","-","","","","-"
"506061304070","Current Account","GENTING MALAYSIA BERHAD","MYR","2020-09-24 MY (UTC+08:00)","2020-09-24 MY (UTC+08:00)","9","230","1,614.13","1,000.00","-","-","24/Sep/2020 MY (UTC+08:00)","05:14 MY (UTC+08:00)","9204453906 CR/CARD SALES  DATED 24092020","39062409","-","21.64","011 - System","CBSX4498","3104","2210 - CARDS CREDIT","-1,078.22","","-","","","","-"
"506061304070","Current Account","GENTING MALAYSIA BERHAD","MYR","2020-09-24 MY (UTC+08:00)","2020-09-24 MY (UTC+08:00)","9","230","1,614.13","1,000.00","-","-","24/Sep/2020 MY (UTC+08:00)","05:14 MY (UTC+08:00)","9204135032 CR/CARD SALES  DATED 24092020","50322409","-","450.68","011 - System","CBSX4498","3104","2210 - CARDS CREDIT","-627.54","","-","","","","-"
"506061304070","Current Account","GENTING MALAYSIA BERHAD","MYR","2020-09-24 MY (UTC+08:00)","2020-09-24 MY (UTC+08:00)","9","230","1,614.13","1,000.00","-","-","24/Sep/2020 MY (UTC+08:00)","05:14 MY (UTC+08:00)","9204106918 CR/CARD SALES  DATED 24092020","69182409","-","442.57","011 - System","CBSX4498","3104","2210 - CARDS CREDIT","-184.97","","-","","","","-"
"506061304070","Current Account","GENTING MALAYSIA BERHAD","MYR","2020-09-24 MY (UTC+08:00)","2020-09-24 MY (UTC+08:00)","9","230","1,614.13","1,000.00","-","-","24/Sep/2020 MY (UTC+08:00)","05:14 MY (UTC+08:00)","9204079313 CR/CARD SALES  DATED 24092020","93132409","-","1,074.97","011 - System","CBSX4498","3104","2210 - CARDS CREDIT","890.00","","-","","","","-"
"506061304070","Current Account","GENTING MALAYSIA BERHAD","MYR","2020-09-24 MY (UTC+08:00)","2020-09-24 MY (UTC+08:00)","9","230","1,614.13","1,000.00","-","-","24/Sep/2020 MY (UTC+08:00)","05:51 MY (UTC+08:00)","2009240550500910","T028529524820","-","110.00","025 - Office","FC90","2502","2860 - ","1,000.00","","-","GNEE SU PING","RCMS - CR FPX","","-"
