Terminal Activity Report
Generation Date:07-Sep-2020 09:03:25
Merchant Number:000001960200145
Settlement Date:05-Sep-2020
No.,Merchant Name,Merchant Id,EDC Terminal No.,Settlement Date,EDC Batch No.,Statement Batch No.,Card No./Trans. ID,Trans. Date,Trans. Time,Approval Code,Trans. Amount,MDR Rate,Disc. Amount,Nett Amount,Card Brand,Interchange Fee Code
1.,RESORTS WORLD KIJAL,000001960200145,81017247,05-Sep-2020,57,78558,4283-32xx-xxxx-1903,05-Sep-2020,15:49:06,006330,270.00,0.50,-1.35,268.65,Visa Debit/Prepaid,DB
2.,RESORTS WORLD KIJAL,000001960200145,81017247,05-Sep-2020,57,78558,4460-31xx-xxxx-6126,05-Sep-2020,16:36:11,001417,310.00,1.00,-3.10,306.90,Visa Credit,CR
3.,RESORTS WORLD KIJAL,000001960200145,84000629,05-Sep-2020,90,79486,4632-25xx-xxxx-5729,05-Sep-2020,10:22:35,007066,44.00,0.50,-0.22,43.78,Visa Debit/Prepaid,DB
4.,RESORTS WORLD KIJAL,000001960200145,84000629,05-Sep-2020,91,79487,5199-01xx-xxxx-9581,05-Sep-2020,10:24:48,557988,84.40,0.50,-0.42,83.98,Master Debit/Prepaid,DB
5.,RESORTS WORLD KIJAL,000001960200145,84004458,05-Sep-2020,512,79551,5213-95xx-xxxx-7822,05-Sep-2020,10:44:03,H45798,90.00,0.90,-0.81,89.19,Master Credit,CR
6.,RESORTS WORLD KIJAL,000001960200145,84004458,05-Sep-2020,513,79552,4632-25xx-xxxx-4871,05-Sep-2020,16:42:18,005914,270.00,0.50,-1.35,268.65,Visa Debit/Prepaid,DB
7.,RESORTS WORLD KIJAL,000001960200145,84004458,05-Sep-2020,513,79552,4632-25xx-xxxx-2386,05-Sep-2020,17:10:34,006638,386.00,0.50,-1.93,384.07,Visa Debit/Prepaid,DB
8.,RESORTS WORLD KIJAL,000001960200145,84004458,05-Sep-2020,513,79552,4966-23xx-xxxx-4195,05-Sep-2020,19:40:17,003237,232.00,1.00,-2.32,229.68,Visa Credit,CR
9.,RESORTS WORLD KIJAL,000001960200145,84009459,05-Sep-2020,462,79862,4632-25xx-xxxx-5729,05-Sep-2020,00:52:57,004324,2252.00,0.50,-11.26,2240.74,Visa Debit/Prepaid,DB
10.,RESORTS WORLD KIJAL,000001960200145,84009459,05-Sep-2020,462,79862,5213-95xx-xxxx-5554,05-Sep-2020,01:00:24,H80956,672.00,0.90,-6.05,665.95,Master Credit,CR
11.,RESORTS WORLD KIJAL,000001960200145,84009459,05-Sep-2020,463,79863,5410-60xx-xxxx-6271,05-Sep-2020,11:25:57,000002,274.00,0.50,-1.37,272.63,Master Debit/Prepaid,DB
12.,RESORTS WORLD KIJAL,000001960200145,84009459,05-Sep-2020,464,79864,4283-32xx-xxxx-9609,05-Sep-2020,13:34:06,003929,274.00,0.50,-1.37,272.63,Visa Debit/Prepaid,DB
13.,RESORTS WORLD KIJAL,000001960200145,84009459,05-Sep-2020,464,79864,5265-58xx-xxxx-2473,05-Sep-2020,15:04:38,573887,386.00,0.50,-1.93,384.07,Master Debit/Prepaid,DB
14.,RESORTS WORLD KIJAL,000001960200145,84009459,05-Sep-2020,464,79864,4363-34xx-xxxx-0079,05-Sep-2020,16:38:52,099250,386.00,0.50,-1.93,384.07,Visa Debit/Prepaid,DB
15.,RESORTS WORLD KIJAL,000001960200145,84009459,05-Sep-2020,464,79864,4617-72xx-xxxx-9650,05-Sep-2020,17:50:48,095358,454.00,1.00,-4.54,449.46,Visa Credit,CR
16.,RESORTS WORLD KIJAL,000001960200145,84009459,05-Sep-2020,464,79864,5195-98xx-xxxx-1729,05-Sep-2020,18:38:28,502226,325.00,0.50,-1.63,323.37,Master Debit/Prepaid,DB
17.,RESORTS WORLD KIJAL,000001960200145,84009459,05-Sep-2020,464,79864,4259-58xx-xxxx-6938,05-Sep-2020,20:03:28,887932,310.00,1.00,-3.10,306.90,Visa Credit,CR
18.,RESORTS WORLD KIJAL,000001960200145,84009459,05-Sep-2020,464,79864,4799-68xx-xxxx-3342,05-Sep-2020,20:43:01,719623,336.00,0.50,-1.68,334.32,Visa Debit/Prepaid,DB
 ,,,,,,,,,,TOTAL,7355.40,,-46.36,7309.04