Terminal Activity Report
Generation Date:07-Sep-2020 09:03:24
Merchant Number:000001960200145
Settlement Date:06-Sep-2020
No.,Merchant Name,Merchant Id,EDC Terminal No.,Settlement Date,EDC Batch No.,Statement Batch No.,Card No./Trans. ID,Trans. Date,Trans. Time,Approval Code,Trans. Amount,MDR Rate,Disc. Amount,Nett Amount,Card Brand,Interchange Fee Code
1.,RESORTS WORLD KIJAL,000001960200145,81017247,06-Sep-2020,58,76924,5491-86xx-xxxx-1243,06-Sep-2020,15:51:42,H22153,336.00,0.50,-1.68,334.32,Master Debit/Prepaid,DB
2.,RESORTS WORLD KIJAL,000001960200145,84004458,06-Sep-2020,514,77846,5498-54xx-xxxx-0252,06-Sep-2020,11:06:46,H90700,4047.00,1.00,-40.47,4006.53,Master Credit,CR
3.,RESORTS WORLD KIJAL,000001960200145,84004458,06-Sep-2020,514,77846,4628-88xx-xxxx-5946,06-Sep-2020,11:59:58,011718,615.00,0.90,-5.54,609.46,Visa Credit,CR
4.,RESORTS WORLD KIJAL,000001960200145,84004458,06-Sep-2020,514,77846,4628-88xx-xxxx-6357,06-Sep-2020,13:18:40,079244,60.00,0.90,-0.54,59.46,Visa Credit,CR
5.,RESORTS WORLD KIJAL,000001960200145,84004458,06-Sep-2020,514,77846,4966-23xx-xxxx-4195,06-Sep-2020,14:02:16,008688,90.00,1.00,-0.90,89.10,Visa Credit,CR
6.,RESORTS WORLD KIJAL,000001960200145,84004458,06-Sep-2020,515,77847,4632-25xx-xxxx-8877,06-Sep-2020,20:53:56,002052,115.00,0.50,-0.58,114.42,Visa Debit/Prepaid,DB
7.,RESORTS WORLD KIJAL,000001960200145,84009459,06-Sep-2020,465,78104,5523-33xx-xxxx-5432,06-Sep-2020,07:55:01,H45754,1344.00,0.90,-12.10,1331.90,Master Credit,CR
8.,RESORTS WORLD KIJAL,000001960200145,84009459,06-Sep-2020,465,78104,5521-15xx-xxxx-5622,06-Sep-2020,11:35:01,H99798,20.00,0.90,-0.18,19.82,Master Credit,CR
9.,RESORTS WORLD KIJAL,000001960200145,84009459,06-Sep-2020,466,78105,5157-14xx-xxxx-0011,06-Sep-2020,15:50:05,H94334,235.00,1.00,-2.35,232.65,Master Credit,CR
10.,RESORTS WORLD KIJAL,000001960200145,84009459,06-Sep-2020,466,78105,4460-31xx-xxxx-6919,06-Sep-2020,16:40:19,000288,310.00,1.00,-3.10,306.90,Visa Credit,CR
11.,RESORTS WORLD KIJAL,000001960200145,84009459,06-Sep-2020,466,78105,4632-25xx-xxxx-9061,06-Sep-2020,18:20:59,009884,672.00,0.50,-3.36,668.64,Visa Debit/Prepaid,DB
12.,RESORTS WORLD KIJAL,000001960200145,84009459,06-Sep-2020,466,78105,4632-25xx-xxxx-8298,06-Sep-2020,19:18:05,009256,672.00,0.50,-3.36,668.64,Visa Debit/Prepaid,DB
13.,RESORTS WORLD KIJAL,000001960200145,84009459,06-Sep-2020,466,78105,4032-65xx-xxxx-9743,06-Sep-2020,20:39:18,008234,336.00,1.00,-3.36,332.64,Visa Credit,CR
14.,RESORTS WORLD KIJAL,000001960200145,84009459,06-Sep-2020,467,78106,4460-32xx-xxxx-2652,06-Sep-2020,23:38:18,005102,274.00,1.00,-2.74,271.26,Visa Credit,CR
15.,RESORTS WORLD KIJAL,000001960200145,84009459,06-Sep-2020,467,78106,4460-32xx-xxxx-2652,06-Sep-2020,23:43:12,006017,62.00,1.00,-0.62,61.38,Visa Credit,CR
 ,,,,,,,,,,TOTAL,9188.00,,-80.88,9107.12