Company : M001272 - GENTING MALAYSIA BERHAD
Account Opening Branch : Wisma Genting
Account No. : 8000552485/FIRST WORLD HOTELS AND RESORTS SDN BHD 8000552485(MYR)
Period : 03-08-2020 - 03-08-2020
Opening Available Balance : 52137.46
Closing Available Balance : 31839.77
Account Number,Record Sequence Number,Transaction Date,Transaction Code,Transaction Code Description,Originating Branch Code,Document Reference Number,Transaction Amount,Transaction Amount Type,Balance,Balance Type,Transaction Time,Customer Reference,Filler,Record Type,Recipient Reference,Other Payment Details,Sender Name
8000552485,6,03082020,0341,"=""TR IBG""",3050,"=""05550294""",51000,D,31839.77,C,192505,"=""GENTING MALAYSIA BER""",,1,"=""8000552485""","=""PayNet Direct Debit""",
8000552485,5,03082020,0618,"=""AUTOPAY CR""",3471,"=""39902506""",90,C,82839.77,C,140841,"=""TNG STLMNT 310720 FirstWorldHo""",,1,"=""TNG STLMNT 310720 Fi""","=""Transfer From CIMB""","=""E WALLET COLLECTION"""
8000552485,4,03082020,0141,"=""AUTOPAY CR""",1000,"=""200188""",2940.94,C,82749.77,C,123115,"=""0000001000200188""",,1,"=""000001000200188""","=""MERCHANT SALES PYMT""","=""CIMB BANK CREDIT CAR"""
8000552485,3,03082020,0141,"=""AUTOPAY CR""",1010,"=""200194""",260.91,C,79808.83,C,123115,"=""0000001010200194""",,1,"=""000001010200194""","=""MERCHANT SALES PYMT""","=""CIMB BANK CREDIT CAR"""
8000552485,2,03082020,0141,"=""AUTOPAY CR""",1010,"=""200194""",4028.2,C,79547.92,C,123115,"=""0000001010200194""",,1,"=""000001010200194""","=""MERCHANT SALES PYMT""","=""CIMB BANK CREDIT CAR"""
8000552485,1,03082020,0141,"=""AUTOPAY CR""",1000,"=""200188""",23382.26,C,75519.72,C,123115,"=""0000001000200188""",,1,"=""000001000200188""","=""MERCHANT SALES PYMT""","=""CIMB BANK CREDIT CAR"""

