Company : M001272 - GENTING MALAYSIA BERHAD
Account Opening Branch : Wisma Genting
Account No. : 8000552485/FIRST WORLD HOTELS AND RESORTS SDN BHD 8000552485(MYR)
Period : 04-08-2020 - 04-08-2020
Opening Available Balance : 31839.77
Closing Available Balance : 35112.24
Account Number,Record Sequence Number,Transaction Date,Transaction Code,Transaction Code Description,Originating Branch Code,Document Reference Number,Transaction Amount,Transaction Amount Type,Balance,Balance Type,Transaction Time,Customer Reference,Filler,Record Type,Recipient Reference,Other Payment Details,Sender Name
8000552485,3,04082020,0618,"=""AUTOPAY CR""",3471,"=""40054724""",15,C,35112.24,C,133711,"=""TNG STLMNT 030820 FirstWorldHo""",,1,"=""TNG STLMNT 030820 Fi""","=""Transfer From CIMB""","=""E WALLET COLLECTION"""
8000552485,2,04082020,0141,"=""AUTOPAY CR""",1000,"=""200188""",3177.99,C,35097.24,C,123049,"=""0000001000200188""",,1,"=""000001000200188""","=""MERCHANT SALES PYMT""","=""CIMB BANK CREDIT CAR"""
8000552485,1,04082020,0141,"=""AUTOPAY CR""",1010,"=""200194""",79.48,C,31919.25,C,123049,"=""0000001010200194""",,1,"=""000001010200194""","=""MERCHANT SALES PYMT""","=""CIMB BANK CREDIT CAR"""

