Company : M001272 - GENTING MALAYSIA BERHAD
Account Opening Branch : Wisma Genting
Account No. : 8000552485/FIRST WORLD HOTELS AND RESORTS SDN BHD 8000552485(MYR)
Period : 11-08-2020 - 11-08-2020
Opening Available Balance : 74172.56
Closing Available Balance : 5125.33
Account Number,Record Sequence Number,Transaction Date,Transaction Code,Transaction Code Description,Originating Branch Code,Document Reference Number,Transaction Amount,Transaction Amount Type,Balance,Balance Type,Transaction Time,Customer Reference,Filler,Record Type,Recipient Reference,Other Payment Details,Sender Name
8000552485,5,11082020,0341,"=""TR IBG""",3050,"=""05607327""",73000,D,5125.33,C,192504,"=""GENTING MALAYSIA BER""",,1,"=""8000552485""","=""PayNet Direct Debit""",
8000552485,4,11082020,0618,"=""AUTOPAY CR""",3471,"=""41015928""",29.7,C,78125.33,C,135752,"=""ALIPAY STLMNT 100820 FirstWorl""",,1,"=""ALIPAY STLMNT 100820""","=""Transfer From CIMB""","=""E WALLET COLLECTION"""
8000552485,3,11082020,0618,"=""AUTOPAY CR""",3471,"=""41011924""",18,C,78095.63,C,133816,"=""TNG STLMNT 100820 FirstWorldHo""",,1,"=""TNG STLMNT 100820 Fi""","=""Transfer From CIMB""","=""E WALLET COLLECTION"""
8000552485,2,11082020,0141,"=""AUTOPAY CR""",1000,"=""200188""",3749.85,C,78077.63,C,123119,"=""0000001000200188""",,1,"=""000001000200188""","=""MERCHANT SALES PYMT""","=""CIMB BANK CREDIT CAR"""
8000552485,1,11082020,0141,"=""AUTOPAY CR""",1010,"=""200194""",155.22,C,74327.78,C,123119,"=""0000001010200194""",,1,"=""000001010200194""","=""MERCHANT SALES PYMT""","=""CIMB BANK CREDIT CAR"""

