Company : M001272 - GENTING MALAYSIA BERHAD
Account Opening Branch : Wisma Genting
Account No. : 8000552485/FIRST WORLD HOTELS AND RESORTS SDN BHD 8000552485(MYR)
Period : 12-08-2020 - 12-08-2020
Opening Available Balance : 5125.33
Closing Available Balance : 10619.66
Account Number,Record Sequence Number,Transaction Date,Transaction Code,Transaction Code Description,Originating Branch Code,Document Reference Number,Transaction Amount,Transaction Amount Type,Balance,Balance Type,Transaction Time,Customer Reference,Filler,Record Type,Recipient Reference,Other Payment Details,Sender Name
8000552485,3,12082020,0141,"=""AUTOPAY CR""",1000,"=""200188""",5252.6,C,10619.66,C,123057,"=""0000001000200188""",,1,"=""000001000200188""","=""MERCHANT SALES PYMT""","=""CIMB BANK CREDIT CAR"""
8000552485,2,12082020,0141,"=""AUTOPAY CR""",1010,"=""200194""",133.33,C,5367.06,C,123057,"=""0000001010200194""",,1,"=""000001010200194""","=""MERCHANT SALES PYMT""","=""CIMB BANK CREDIT CAR"""
8000552485,1,12082020,0141,"=""AUTOPAY CR""",1176,"=""600989""",108.4,C,5233.73,C,123057,"=""0000001176600989""",,1,"=""000001176600989""","=""MERCHANT SALES PYMT""","=""CIMB BANK CREDIT CAR"""

