Company : M001272 - GENTING MALAYSIA BERHAD
Account Opening Branch : Wisma Genting
Account No. : 8000552485/FIRST WORLD HOTELS AND RESORTS SDN BHD 8000552485(MYR)
Period : 14-08-2020 - 14-08-2020
Opening Available Balance : 12857.90
Closing Available Balance : 18019.24
Account Number,Record Sequence Number,Transaction Date,Transaction Code,Transaction Code Description,Originating Branch Code,Document Reference Number,Transaction Amount,Transaction Amount Type,Balance,Balance Type,Transaction Time,Customer Reference,Filler,Record Type,Recipient Reference,Other Payment Details,Sender Name
8000552485,2,14082020,0141,"=""AUTOPAY CR""",1010,"=""200194""",309.08,C,18019.24,C,123056,"=""0000001010200194""",,1,"=""000001010200194""","=""MERCHANT SALES PYMT""","=""CIMB BANK CREDIT CAR"""
8000552485,1,14082020,0141,"=""AUTOPAY CR""",1000,"=""200188""",4852.26,C,17710.16,C,123056,"=""0000001000200188""",,1,"=""000001000200188""","=""MERCHANT SALES PYMT""","=""CIMB BANK CREDIT CAR"""

