Company : M001272 - GENTING MALAYSIA BERHAD
Account Opening Branch : null
Account No. : 8000552485/FIRST WORLD HOTELS AND RESORTS SDN BHD 8000552485(MYR)
Period : 22-08-2020 - 22-08-2020
Opening Available Balance : 0
Opening Available Balance : 0
Account Number,Record Sequence Number,Transaction Date,Transaction Code,Transaction Code Description,Originating Branch Code,Document Reference Number,Transaction Amount,Transaction Amount Type,Balance,Balance Type,Transaction Time,Customer Reference,Filler,Record Type,Recipient Reference,Other Payment Details,Sender Name
No Record Found

