Company : M001272 - GENTING MALAYSIA BERHAD
Account Opening Branch : Wisma Genting
Account No. : 8000552485/FIRST WORLD HOTELS AND RESORTS SDN BHD 8000552485(MYR)
Period : 26-08-2020 - 26-08-2020
Opening Available Balance : 37861.19
Closing Available Balance : 38896.04
Account Number,Record Sequence Number,Transaction Date,Transaction Code,Transaction Code Description,Originating Branch Code,Document Reference Number,Transaction Amount,Transaction Amount Type,Balance,Balance Type,Transaction Time,Customer Reference,Filler,Record Type,Recipient Reference,Other Payment Details,Sender Name
8000552485,3,26082020,0618,"=""AUTOPAY CR""",3471,"=""43546492""",55,C,38896.04,C,133827,"=""TNG STLMNT 250820 FirstWorldHo""",,1,"=""TNG STLMNT 250820 Fi""","=""Transfer From CIMB""","=""E WALLET COLLECTION"""
8000552485,2,26082020,0141,"=""AUTOPAY CR""",1010,"=""200194""",319.9,C,38841.04,C,123056,"=""0000001010200194""",,1,"=""000001010200194""","=""MERCHANT SALES PYMT""","=""CIMB BANK CREDIT CAR"""
8000552485,1,26082020,0141,"=""AUTOPAY CR""",1000,"=""200188""",659.95,C,38521.14,C,123056,"=""0000001000200188""",,1,"=""000001000200188""","=""MERCHANT SALES PYMT""","=""CIMB BANK CREDIT CAR"""

