Company : M001272 - GENTING MALAYSIA BERHAD
Account Opening Branch : Wisma Genting
Account No. : 8000552485/FIRST WORLD HOTELS AND RESORTS SDN BHD 8000552485(MYR)
Period : 28-08-2020 - 28-08-2020
Opening Available Balance : 40364.51
Closing Available Balance : 47373.24
Account Number,Record Sequence Number,Transaction Date,Transaction Code,Transaction Code Description,Originating Branch Code,Document Reference Number,Transaction Amount,Transaction Amount Type,Balance,Balance Type,Transaction Time,Customer Reference,Filler,Record Type,Recipient Reference,Other Payment Details,Sender Name
8000552485,3,28082020,0618,"=""AUTOPAY CR""",3471,"=""44075406""",40,C,47373.24,C,133720,"=""TNG STLMNT 270820 FirstWorldHo""",,1,"=""TNG STLMNT 270820 Fi""","=""Transfer From CIMB""","=""E WALLET COLLECTION"""
8000552485,2,28082020,0141,"=""AUTOPAY CR""",1000,"=""200188""",6929.93,C,47333.24,C,123228,"=""0000001000200188""",,1,"=""000001000200188""","=""MERCHANT SALES PYMT""","=""CIMB BANK CREDIT CAR"""
8000552485,1,28082020,0141,"=""AUTOPAY CR""",1010,"=""200194""",38.8,C,40403.31,C,123228,"=""0000001010200194""",,1,"=""000001010200194""","=""MERCHANT SALES PYMT""","=""CIMB BANK CREDIT CAR"""

