﻿Account Number,Account Type,Account Name,Account Currency,Date From,Date To,Total Debit,Total Credit,Begin Balance,End Balance,Transaction Date,Transaction Time,Posting Date,Processing Time,Transaction Description,Transaction Ref,Debit,Credit,Source Code,Teller ID,Branch/Channel,Transaction Code,End Balance,Filler,Virtual Account,Transaction Description 2,Transaction Description 3,Transaction Description 4,Expiry Date
"706061000064","Foreign Current Account","GENTING MALAYSIA BERHAD","SGD","2020-09-01 MY (UTC+08:00)","2020-09-30 MY (UTC+08:00)","6","2","4,624.45","3,452.64","-","-","01/Sep/2020 MY (UTC+08:00)","03:33 MY (UTC+08:00)","C/CARD SALES MN   400700891XXX","","-","46.68","011 - System","CBSX6659","0606","CARDFCCR - ","4,671.13","","-","","","","-"
"706061000064","Foreign Current Account","GENTING MALAYSIA BERHAD","SGD","2020-09-01 MY (UTC+08:00)","2020-09-30 MY (UTC+08:00)","6","2","4,624.45","3,452.64","-","-","01/Sep/2020 MY (UTC+08:00)","03:33 MY (UTC+08:00)","C/CARD CHARGES MN 400700891XXX","","6.00","-","011 - System","CBSX6659","0606","CARDFCCH - ","4,665.13","","-","","","","-"
"706061000064","Foreign Current Account","GENTING MALAYSIA BERHAD","SGD","2020-09-01 MY (UTC+08:00)","2020-09-30 MY (UTC+08:00)","6","2","4,624.45","3,452.64","-","-","07/Sep/2020 MY (UTC+08:00)","15:30 MY (UTC+08:00)","TT B/O:GENTING MALAYSIA BERHAD","139867140900","-","10,848.00","011 - System","67140900","2601","7710 - INWARD TT CREDIT FCA SAME CURR","15,513.13","","-","","","","-"
"706061000064","Foreign Current Account","GENTING MALAYSIA BERHAD","SGD","2020-09-01 MY (UTC+08:00)","2020-09-30 MY (UTC+08:00)","6","2","4,624.45","3,452.64","-","-","08/Sep/2020 MY (UTC+08:00)","14:23 MY (UTC+08:00)","RFD DD 190820 MN 004007008915","MN004007008915","10,848.03","-","018 - Teller","000ABB1A","0606","6320 - TRANSFER FUNDS TO MYR A/C","4,665.10","","-","","","","-"
"706061000064","Foreign Current Account","GENTING MALAYSIA BERHAD","SGD","2020-09-01 MY (UTC+08:00)","2020-09-30 MY (UTC+08:00)","6","2","4,624.45","3,452.64","-","-","09/Sep/2020 MY (UTC+08:00)","13:33 MY (UTC+08:00)","RFDDD080920MN004007008915","080920SGD","109.29","-","018 - Teller","000ABB0A","0606","6320 - TRANSFER FUNDS TO MYR A/C","4,555.81","","-","","","","-"
"706061000064","Foreign Current Account","GENTING MALAYSIA BERHAD","SGD","2020-09-01 MY (UTC+08:00)","2020-09-30 MY (UTC+08:00)","6","2","4,624.45","3,452.64","-","-","09/Sep/2020 MY (UTC+08:00)","13:49 MY (UTC+08:00)","RFDDD080920MN004007008915","080920SGD","338.59","-","018 - Teller","000ABB0A","0606","6320 - TRANSFER FUNDS TO MYR A/C","4,217.22","","-","","","","-"
"706061000064","Foreign Current Account","GENTING MALAYSIA BERHAD","SGD","2020-09-01 MY (UTC+08:00)","2020-09-30 MY (UTC+08:00)","6","2","4,624.45","3,452.64","-","-","09/Sep/2020 MY (UTC+08:00)","13:57 MY (UTC+08:00)","RFDDD080920MN004007008915","080920SGD","531.59","-","018 - Teller","000ABB0A","0606","6320 - TRANSFER FUNDS TO MYR A/C","3,685.63","","-","","","","-"
"706061000064","Foreign Current Account","GENTING MALAYSIA BERHAD","SGD","2020-09-01 MY (UTC+08:00)","2020-09-30 MY (UTC+08:00)","6","2","4,624.45","3,452.64","-","-","29/Sep/2020 MY (UTC+08:00)","13:37 MY (UTC+08:00)","RFDDD290920MN004007008915","29092020 SGD","232.99","-","018 - Teller","000ABB0A","0606","6320 - TRANSFER FUNDS TO MYR A/C","3,452.64","","-","","","","-"
