Company : M001272 - GENTING MALAYSIA BERHAD
Account Opening Branch : Menara UAB
Account No. : 8000451944/GENTING MALAYSIA BERHAD 8000451944(MYR)
Period : 09-08-2020 - 09-08-2020
Opening Available Balance : 245338.21
Closing Available Balance : 245456.86
Account Number,Record Sequence Number,Transaction Date,Transaction Code,Transaction Code Description,Originating Branch Code,Document Reference Number,Transaction Amount,Transaction Amount Type,Balance,Balance Type,Transaction Time,Customer Reference,Filler,Record Type,Recipient Reference,Other Payment Details,Sender Name
8000451944,1,09082020,0148,"=""I-PAYMENT CR""",8250,"=""9688""",118.65,C,245456.86,C,115252,"=""8870:GUSS6612079200 789J5F87""",,1,,,

