Company : M001272 - GENTING MALAYSIA BERHAD
Account Opening Branch : Menara UAB
Account No. : 8000451944/GENTING MALAYSIA BERHAD 8000451944(MYR)
Period : 15-08-2020 - 15-08-2020
Opening Available Balance : 239887.03
Closing Available Balance : 242029.23
Account Number,Record Sequence Number,Transaction Date,Transaction Code,Transaction Code Description,Originating Branch Code,Document Reference Number,Transaction Amount,Transaction Amount Type,Balance,Balance Type,Transaction Time,Customer Reference,Filler,Record Type,Recipient Reference,Other Payment Details,Sender Name
8000451944,4,15082020,0148,"=""I-PAYMENT CR""",8436,"=""7800""",7.15,C,242029.23,C,115748,"=""8870:GUSS6613094180 78FDF4LW""",,1,,,
8000451944,3,15082020,0148,"=""I-PAYMENT CR""",8436,"=""7351""",260.45,C,242022.08,C,115620,"=""8870:GUSS6613094244 78FEBWRJ""",,1,,,
8000451944,2,15082020,0148,"=""I-PAYMENT CR""",8436,"=""5533""",1574.6,C,241761.63,C,115042,"=""8870:GUSS6613094186 78FM0641""",,1,,,
8000451944,1,15082020,0148,"=""I-PAYMENT CR""",8432,"=""2689""",300,C,240187.03,C,091348,"=""8870:GUSS6616044030 78FJ8N7B""",,1,,,

