Company : M001272 - GENTING MALAYSIA BERHAD
Account Opening Branch : Menara UAB
Account No. : 8000451944/GENTING MALAYSIA BERHAD 8000451944(MYR)
Period : 16-08-2020 - 16-08-2020
Opening Available Balance : 242029.23
Closing Available Balance : 242152.68
Account Number,Record Sequence Number,Transaction Date,Transaction Code,Transaction Code Description,Originating Branch Code,Document Reference Number,Transaction Amount,Transaction Amount Type,Balance,Balance Type,Transaction Time,Customer Reference,Filler,Record Type,Recipient Reference,Other Payment Details,Sender Name
8000451944,2,16082020,0148,"=""I-PAYMENT CR""",8475,"=""9208""",17.7,C,242152.68,C,193232,"=""8631:AT6617050834 78G6Y57W""",,1,,,
8000451944,1,16082020,0148,"=""I-PAYMENT CR""",8475,"=""8804""",105.75,C,242134.98,C,193106,"=""8870:GUSS6615095833 78GHRQDE""",,1,,,

