Company : M001272 - GENTING MALAYSIA BERHAD
Account Opening Branch : Menara UAB
Account No. : 8000451944/GENTING MALAYSIA BERHAD 8000451944(MYR)
Period : 23-08-2020 - 23-08-2020
Opening Available Balance : 553336.98
Closing Available Balance : 553348.18
Account Number,Record Sequence Number,Transaction Date,Transaction Code,Transaction Code Description,Originating Branch Code,Document Reference Number,Transaction Amount,Transaction Amount Type,Balance,Balance Type,Transaction Time,Customer Reference,Filler,Record Type,Recipient Reference,Other Payment Details,Sender Name
8000451944,1,23082020,0148,"=""I-PAYMENT CR""",8661,"=""0744""",11.2,C,553348.18,C,143744,"=""8870:GUSS6613093614 78N1890C""",,1,,,

