"Golf Bill No","Golf Trx No","Golf Description","Golf Amount","User ID","Trx Date","Amount 2","Status","Guest Name","Trace No","Credit Card No","AR Code"
"GF10132021","GF","GREEN FEE","0.00","88029698","2020-09-01","0.00","A",NULL,NULL,NULL,NULL
"GF10132024","GF","GREEN FEE","358.48","88029698","2020-09-01","358.48","A",NULL,NULL,NULL,NULL
"GF10132024","BG","BUGGY FEE (P)","150.96","88029698","2020-09-01","150.96","A",NULL,NULL,NULL,NULL
"GF10132024","MW","MINERAL WATER (P)","18.88","88029698","2020-09-01","18.88","A",NULL,NULL,NULL,NULL
"GF10132024","VOC","VOUCHER","-560.00","88029698","2020-09-01","560.00","A","CGP 20 / OTI401230 - 31",NULL,NULL,"JP000035"
"GF10132024","RD","ROUNDING MECHANISM","-0.02","88029698","2020-09-01","-0.02","A",NULL,NULL,NULL,NULL
"GF10132024","ST","SERVICE/GOVERNMENT TAX","31.70","88029698","2020-09-01","31.70","A",NULL,NULL,NULL,NULL
"GF10132025","GF","GREEN FEE","0.00","88029698","2020-09-01","0.00","A",NULL,NULL,NULL,NULL
"GF10132024","INS","GOLFER INSURANCE","0.00","88029698","2020-09-01","0.00","A",NULL,NULL,NULL,NULL
"GF10132025","BG","BUGGY FEE","0.00","88029698","2020-09-01","0.00","A",NULL,NULL,NULL,NULL
"GF10132025","INS","GOLFER INSURANCE","18.88","88029698","2020-09-01","18.88","A",NULL,NULL,NULL,NULL
"GF10132022","CASH","CASH","-15.00","88029698","2020-09-01","15.00","A",NULL,NULL,NULL,NULL
"GF10132023","DRC","DRIVING RANGE - CONDO","28.28","88029698","2020-09-01","28.28","A",NULL,NULL,NULL,NULL
"GF10132023","ST","SERVICE/GOVERNMENT TAX","1.70","88029698","2020-09-01","1.70","A",NULL,NULL,NULL,NULL
"GF10132021","INS","GOLFER INSURANCE","9.44","88029698","2020-09-01","9.44","A",NULL,NULL,NULL,NULL
"GF10132021","RD","ROUNDING MECHANISM","0.00","88029698","2020-09-01","0.00","A",NULL,NULL,NULL,NULL
"GF10132021","ST","SERVICE/GOVERNMENT TAX","4.53","88029698","2020-09-01","4.53","A",NULL,NULL,NULL,NULL
"GF10132021","BG","BUGGY FEE","66.03","88029698","2020-09-01","66.03","A",NULL,NULL,NULL,NULL
"GF10132021","VISA","VISA","-80.00","88029698","2020-09-01","80.00","A","RIDZUAN","093157","5195000000009458","CC000024"
"GF10132022","DRC","DRIVING RANGE - CONDO","14.14","88029698","2020-09-01","14.14","A",NULL,NULL,NULL,NULL
"GF10132022","ST","SERVICE/GOVERNMENT TAX","0.85","88029698","2020-09-01","0.85","A",NULL,NULL,NULL,NULL
"GF10132022","RD","ROUNDING MECHANISM","0.01","88029698","2020-09-01","0.01","A",NULL,NULL,NULL,NULL
"GF10132023","CASH","CASH","-30.00","88029698","2020-09-01","30.00","A",NULL,NULL,NULL,NULL
"GF10132023","RD","ROUNDING MECHANISM","0.02","88029698","2020-09-01","0.02","A",NULL,NULL,NULL,NULL
"GF10132025","CASH","CASH","-20.00","88029698","2020-09-01","20.00","A",NULL,NULL,NULL,NULL
"GF10132025","RD","ROUNDING MECHANISM","-0.01","88029698","2020-09-01","-0.01","A",NULL,NULL,NULL,NULL
"GF10132029","BG","BUGGY FEE (P)","11.79","88029698","2020-09-01","11.79","A",NULL,NULL,NULL,NULL
"GF10132028","CASH","CASH","-38.50","88029698","2020-09-01","38.50","A",NULL,NULL,NULL,NULL
"GF10132028","ST","SERVICE/GOVERNMENT TAX","2.18","88029698","2020-09-01","2.18","A",NULL,NULL,NULL,NULL
"GF10132028","RD","ROUNDING MECHANISM","0.01","88029698","2020-09-01","0.01","A",NULL,NULL,NULL,NULL
"GF10132028","GF","GREEN FEE (P)","24.52","88029698","2020-09-01","24.52","A",NULL,NULL,NULL,NULL
"GF10132028","BG","BUGGY FEE","11.79","88029698","2020-09-01","11.79","A",NULL,NULL,NULL,NULL
"GF10132027","VISA","VISA","-160.00","88029698","2020-09-01","160.00","A","LANG/ YONG KOK","004926","4842000000005132","CC000024"
"GF10132029","GF","GREEN FEE","12.26","88029698","2020-09-01","12.26","A",NULL,NULL,NULL,NULL
"GF10132029","CASH","CASH","-25.50","88029698","2020-09-01","25.50","A",NULL,NULL,NULL,NULL
"GF10132029","ST","SERVICE/GOVERNMENT TAX","1.44","88029698","2020-09-01","1.44","A",NULL,NULL,NULL,NULL
"GF10132026","MW","MINERAL WATER (P)","4.72","88029698","2020-09-01","4.72","A",NULL,NULL,NULL,NULL
"GF10132026","RD","ROUNDING MECHANISM","0.00","88029698","2020-09-01","0.00","A",NULL,NULL,NULL,NULL
"GF10132026","VISA","VISA","-180.00","88029698","2020-09-01","180.00","A","XU GANG","890320","5326000000000109","CC000024"
"GF10132026","BG","BUGGY FEE (P)","18.87","88029698","2020-09-01","18.87","A",NULL,NULL,NULL,NULL
"GF10132025","ST","SERVICE/GOVERNMENT TAX","1.13","88029698","2020-09-01","1.13","A",NULL,NULL,NULL,NULL
"GF10132026","INS","GOLFER INSURANCE (P)","4.72","88029698","2020-09-01","4.72","A",NULL,NULL,NULL,NULL
"GF10132026","GF","GREEN FEE (P)","141.50","88029698","2020-09-01","141.50","A",NULL,NULL,NULL,NULL
"GF10132026","ST","SERVICE/GOVERNMENT TAX","10.19","88029698","2020-09-01","10.19","A",NULL,NULL,NULL,NULL
"GF10132027","ST","SERVICE/GOVERNMENT TAX","9.06","88029698","2020-09-01","9.06","A",NULL,NULL,NULL,NULL
"GF10132027","RD","ROUNDING MECHANISM","0.00","88029698","2020-09-01","0.00","A",NULL,NULL,NULL,NULL
"GF10132027","BG","BUGGY FEE","132.06","88029698","2020-09-01","132.06","A",NULL,NULL,NULL,NULL
"GF10132027","INS","GOLFER INSURANCE","18.88","88029698","2020-09-01","18.88","A",NULL,NULL,NULL,NULL
"GF10132027","GF","GREEN FEE","0.00","88029698","2020-09-01","0.00","A",NULL,NULL,NULL,NULL
"GF10132029","RD","ROUNDING MECHANISM","0.01","88029698","2020-09-01","0.01","A",NULL,NULL,NULL,NULL
