"Golf Bill No","Golf Trx No","Golf Description","Golf Amount","User ID","Trx Date","Amount 2","Status","Guest Name","Trace No","Credit Card No","AR Code"
"GF10132269","ST","SERVICE/GOVERNMENT TAX","0.85","88029698","2020-09-10","0.85","A",NULL,NULL,NULL,NULL
"GF10132269","RD","ROUNDING MECHANISM","0.01","88029698","2020-09-10","0.01","A",NULL,NULL,NULL,NULL
"GF10132269","CASH","CASH","-15.00","88029698","2020-09-10","15.00","A",NULL,NULL,NULL,NULL
"GF10132269","DRC","DRIVING RANGE - CONDO","14.14","88029698","2020-09-10","14.14","A",NULL,NULL,NULL,NULL
"GF10132268","CASH","CASH","-155.00","88029698","2020-09-10","155.00","A",NULL,NULL,NULL,NULL
"GF10132268","RD","ROUNDING MECHANISM","0.01","88029698","2020-09-10","0.01","A",NULL,NULL,NULL,NULL
"GF10132268","ST","SERVICE/GOVERNMENT TAX","8.77","88029698","2020-09-10","8.77","A",NULL,NULL,NULL,NULL
"GF10132268","BG","BUGGY FEE","0.00","88029698","2020-09-10","0.00","A",NULL,NULL,NULL,NULL
"GF10132268","BG","BUGGY FEE","132.06","88029698","2020-09-10","132.06","A",NULL,NULL,NULL,NULL
"GF10132268","GF","GREEN FEE","0.00","88029698","2020-09-10","0.00","A",NULL,NULL,NULL,NULL
"GF10132268","INS","GOLFER INSURANCE","14.16","88029698","2020-09-10","14.16","A",NULL,NULL,NULL,NULL
"GF10132267","RD","ROUNDING MECHANISM","0.01","88029698","2020-09-10","0.01","A",NULL,NULL,NULL,NULL
"GF10132267","ST","SERVICE/GOVERNMENT TAX","27.17","88029698","2020-09-10","27.17","A",NULL,NULL,NULL,NULL
"GF10132267","CASH","CASH","-480.00","88029698","2020-09-10","480.00","A",NULL,NULL,NULL,NULL
"GF10132267","INS","GOLFER INSURANCE","56.64","88029698","2020-09-10","56.64","A",NULL,NULL,NULL,NULL
"GF10132267","BG","BUGGY FEE","396.18","88029698","2020-09-10","396.18","A",NULL,NULL,NULL,NULL
"GF10132267","GF","GREEN FEE","0.00","88029698","2020-09-10","0.00","A",NULL,NULL,NULL,NULL
"GF10132266","ST","SERVICE/GOVERNMENT TAX","18.11","88029698","2020-09-10","18.11","A",NULL,NULL,NULL,NULL
"GF10132266","RD","ROUNDING MECHANISM","0.01","88029698","2020-09-10","0.01","A",NULL,NULL,NULL,NULL
"GF10132266","MAST","MASTER","-320.00","88029698","2020-09-10","320.00","A","EVELYN L C KAM","019322","5522000000005596","CC000024"
"GF10132266","BG","BUGGY FEE","264.12","88029698","2020-09-10","264.12","A",NULL,NULL,NULL,NULL
"GF10132266","INS","GOLFER INSURANCE","37.76","88029698","2020-09-10","37.76","A",NULL,NULL,NULL,NULL
"GF10132266","GF","GREEN FEE","0.00","88029698","2020-09-10","0.00","A",NULL,NULL,NULL,NULL
"GF10132265","VISA","VISA","-480.00","88029698","2020-09-10","480.00","A","QUEK LEE","563027","4902000000002148","CC000024"
"GF10132265","ST","SERVICE/GOVERNMENT TAX","27.17","88029698","2020-09-10","27.17","A",NULL,NULL,NULL,NULL
"GF10132265","RD","ROUNDING MECHANISM","0.01","88029698","2020-09-10","0.01","A",NULL,NULL,NULL,NULL
"GF10132264","RD","ROUNDING MECHANISM","0.00","88029698","2020-09-10","0.00","A",NULL,NULL,NULL,NULL
"GF10132264","ST","SERVICE/GOVERNMENT TAX","4.53","88029698","2020-09-10","4.53","A",NULL,NULL,NULL,NULL
"GF10132264","CASH","CASH","-80.00","88029698","2020-09-10","80.00","A",NULL,NULL,NULL,NULL
"GF10132265","GF","GREEN FEE","0.00","88029698","2020-09-10","0.00","A",NULL,NULL,NULL,NULL
"GF10132265","INS","GOLFER INSURANCE","56.64","88029698","2020-09-10","56.64","A",NULL,NULL,NULL,NULL
"GF10132265","BG","BUGGY FEE","396.18","88029698","2020-09-10","396.18","A",NULL,NULL,NULL,NULL
"GF10132264","BG","BUGGY FEE","66.03","88029698","2020-09-10","66.03","A",NULL,NULL,NULL,NULL
"GF10132262","BG","BUGGY FEE","0.00","88029698","2020-09-10","0.00","A",NULL,NULL,NULL,NULL
"GF10132262","RD","ROUNDING MECHANISM","-0.01","88029698","2020-09-10","-0.01","A",NULL,NULL,NULL,NULL
"GF10132262","ST","SERVICE/GOVERNMENT TAX","1.13","88029698","2020-09-10","1.13","A",NULL,NULL,NULL,NULL
"GF10132262","CASH","CASH","-20.00","88029698","2020-09-10","20.00","A",NULL,NULL,NULL,NULL
"GF10132263","BG","BUGGY FEE","301.92","88029698","2020-09-10","301.92","A",NULL,NULL,NULL,NULL
"GF10132263","GF","GREEN FEE","905.60","88029698","2020-09-10","905.60","A",NULL,NULL,NULL,NULL
"GF10132263","INS","GOLFER INSURANCE","37.76","88029698","2020-09-10","37.76","A",NULL,NULL,NULL,NULL
"GF10132263","MW","MINERAL WATER","37.76","88029698","2020-09-10","37.76","A",NULL,NULL,NULL,NULL
"GF10132263","RD","ROUNDING MECHANISM","-0.02","88029698","2020-09-10","-0.02","A",NULL,NULL,NULL,NULL
"GF10132263","ST","SERVICE/GOVERNMENT TAX","76.98","88029698","2020-09-10","76.98","A",NULL,NULL,NULL,NULL
"GF10132263","VISA","VISA","-1360.00","88029698","2020-09-10","1360.00","A","KWAN SIEW DEEG","568789","4293000000001896","CC000024"
"GF10132264","GF","GREEN FEE","0.00","88029698","2020-09-10","0.00","A",NULL,NULL,NULL,NULL
"GF10132264","INS","GOLFER INSURANCE","9.44","88029698","2020-09-10","9.44","A",NULL,NULL,NULL,NULL
"GF10132262","INS","GOLFER INSURANCE","18.88","88029698","2020-09-10","18.88","A",NULL,NULL,NULL,NULL
"GF10132261","ST","SERVICE/GOVERNMENT TAX","31.70","88029698","2020-09-10","31.70","A",NULL,NULL,NULL,NULL
"GF10132262","GF","GREEN FEE","0.00","88029698","2020-09-10","0.00","A",NULL,NULL,NULL,NULL
"GF10132261","RD","ROUNDING MECHANISM","0.02","88029698","2020-09-10","0.02","A",NULL,NULL,NULL,NULL
"GF10132261","COMP","COMPLIMENTARY","-560.00","88029698","2020-09-10","560.00","A","HO CHOK CHONG",NULL,NULL,"XP000040"
"GF10132261","GF","GREEN FEE","377.32","88029698","2020-09-10","377.32","A",NULL,NULL,NULL,NULL
"GF10132261","BG","BUGGY FEE (P)","150.96","88029698","2020-09-10","150.96","A",NULL,NULL,NULL,NULL
"GF10132260","ST","SERVICE/GOVERNMENT TAX","1.13","88029698","2020-09-10","1.13","A",NULL,NULL,NULL,NULL
"GF10132260","RD","ROUNDING MECHANISM","-0.01","88029698","2020-09-10","-0.01","A",NULL,NULL,NULL,NULL
"GF10132260","CASH","CASH","-20.00","88029698","2020-09-10","20.00","A",NULL,NULL,NULL,NULL
"GF10132260","GF","GREEN FEE","0.00","88029698","2020-09-10","0.00","A",NULL,NULL,NULL,NULL
"GF10132260","INS","GOLFER INSURANCE","18.88","88029698","2020-09-10","18.88","A",NULL,NULL,NULL,NULL
"GF10132260","BG","BUGGY FEE","0.00","88029698","2020-09-10","0.00","A",NULL,NULL,NULL,NULL
"GF10132259","RD","ROUNDING MECHANISM","-0.01","88029698","2020-09-10","-0.01","A",NULL,NULL,NULL,NULL
"GF10132259","ST","SERVICE/GOVERNMENT TAX","1.13","88029698","2020-09-10","1.13","A",NULL,NULL,NULL,NULL
"GF10132259","CASH","CASH","-20.00","88029698","2020-09-10","20.00","A",NULL,NULL,NULL,NULL
"GF10132259","INS","GOLFER INSURANCE","18.88","88029698","2020-09-10","18.88","A",NULL,NULL,NULL,NULL
"GF10132259","BG","BUGGY FEE","0.00","88029698","2020-09-10","0.00","A",NULL,NULL,NULL,NULL
"GF10132258","RD","ROUNDING MECHANISM","0.00","88029698","2020-09-10","0.00","A",NULL,NULL,NULL,NULL
"GF10132258","ST","SERVICE/GOVERNMENT TAX","4.53","88029698","2020-09-10","4.53","A",NULL,NULL,NULL,NULL
"GF10132258","CASH","CASH","-80.00","88029698","2020-09-10","80.00","A",NULL,NULL,NULL,NULL
"GF10132259","GF","GREEN FEE","0.00","88029698","2020-09-10","0.00","A",NULL,NULL,NULL,NULL
"GF10132258","BG","BUGGY FEE","66.03","88029698","2020-09-10","66.03","A",NULL,NULL,NULL,NULL
"GF10132257","ST","SERVICE/GOVERNMENT TAX","31.70","88029698","2020-09-10","31.70","A",NULL,NULL,NULL,NULL
"GF10132257","VOC","VOUCHER","-560.00","88029698","2020-09-10","560.00","A","CGP20 / OTI416592 - 93",NULL,NULL,"JP000035"
"GF10132258","GF","GREEN FEE","0.00","88029698","2020-09-10","0.00","A",NULL,NULL,NULL,NULL
"GF10132258","INS","GOLFER INSURANCE","9.44","88029698","2020-09-10","9.44","A",NULL,NULL,NULL,NULL
"GF10132257","RD","ROUNDING MECHANISM","-0.02","88029698","2020-09-10","-0.02","A",NULL,NULL,NULL,NULL
"GF10132257","MW","MINERAL WATER (P)","18.88","88029698","2020-09-10","18.88","A",NULL,NULL,NULL,NULL
"GF10132257","INS","GOLFER INSURANCE","0.00","88029698","2020-09-10","0.00","A",NULL,NULL,NULL,NULL
"GF10132257","GF","GREEN FEE","358.48","88029698","2020-09-10","358.48","A",NULL,NULL,NULL,NULL
"GF10132257","BG","BUGGY FEE (P)","150.96","88029698","2020-09-10","150.96","A",NULL,NULL,NULL,NULL
"GF10132256","ST","SERVICE/GOVERNMENT TAX","31.70","88029698","2020-09-10","31.70","A",NULL,NULL,NULL,NULL
"GF10132256","RD","ROUNDING MECHANISM","-0.02","88029698","2020-09-10","-0.02","A",NULL,NULL,NULL,NULL
"GF10132256","MW","MINERAL WATER (P)","18.88","88029698","2020-09-10","18.88","A",NULL,NULL,NULL,NULL
"GF10132256","VOC","VOUCHER","-560.00","88029698","2020-09-10","560.00","A","CGP20 / OTI407428 , 414218",NULL,NULL,"JP000035"
"GF10132256","INS","GOLFER INSURANCE","0.00","88029698","2020-09-10","0.00","A",NULL,NULL,NULL,NULL
"GF10132255","ST","SERVICE/GOVERNMENT TAX","18.11","88029698","2020-09-10","18.11","A",NULL,NULL,NULL,NULL
"GF10132255","MAST","MASTER","-320.00","88029698","2020-09-10","320.00","A","MOHAMMAD HARON","H38392","5523000000007622","CC000024"
"GF10132256","BG","BUGGY FEE (P)","150.96","88029698","2020-09-10","150.96","A",NULL,NULL,NULL,NULL
"GF10132256","GF","GREEN FEE","358.48","88029698","2020-09-10","358.48","A",NULL,NULL,NULL,NULL
"GF10132255","RD","ROUNDING MECHANISM","0.01","88029698","2020-09-10","0.01","A",NULL,NULL,NULL,NULL
"GF10132255","BG","BUGGY FEE","264.12","88029698","2020-09-10","264.12","A",NULL,NULL,NULL,NULL
"GF10132254","INS","GOLFER INSURANCE","9.44","88029698","2020-09-10","9.44","A",NULL,NULL,NULL,NULL
"GF10132254","BG","BUGGY FEE","66.03","88029698","2020-09-10","66.03","A",NULL,NULL,NULL,NULL
"GF10132254","RD","ROUNDING MECHANISM","0.00","88029698","2020-09-10","0.00","A",NULL,NULL,NULL,NULL
"GF10132254","ST","SERVICE/GOVERNMENT TAX","4.53","88029698","2020-09-10","4.53","A",NULL,NULL,NULL,NULL
"GF10132254","CASH","CASH","-80.00","88029698","2020-09-10","80.00","A",NULL,NULL,NULL,NULL
"GF10132255","GF","GREEN FEE","0.00","88029698","2020-09-10","0.00","A",NULL,NULL,NULL,NULL
"GF10132255","INS","GOLFER INSURANCE","37.76","88029698","2020-09-10","37.76","A",NULL,NULL,NULL,NULL
"GF10132252","GF","GREEN FEE","660.36","88029698","2020-09-10","660.36","A",NULL,NULL,NULL,NULL
"GF10132252","INS","GOLFER INSURANCE","37.76","88029698","2020-09-10","37.76","A",NULL,NULL,NULL,NULL
"GF10132252","MW","MINERAL WATER","37.76","88029698","2020-09-10","37.76","A",NULL,NULL,NULL,NULL
"GF10132252","RD","ROUNDING MECHANISM","-0.01","88029698","2020-09-10","-0.01","A",NULL,NULL,NULL,NULL
"GF10132252","ST","SERVICE/GOVERNMENT TAX","101.89","88029698","2020-09-10","101.89","A",NULL,NULL,NULL,NULL
"GF10132252","GF","GREEN FEE","660.32","88029698","2020-09-10","660.32","A",NULL,NULL,NULL,NULL
"GF10132252","COMP","COMPLIMENTARY","-1800.00","88029698","2020-09-10","1800.00","A","MEJ. ZAHRIN   SHRGH",NULL,NULL,"ZORGCENT"
"GF10132253","GF","GREEN FEE","0.00","88029698","2020-09-10","0.00","A",NULL,NULL,NULL,NULL
"GF10132253","INS","GOLFER INSURANCE","9.44","88029698","2020-09-10","9.44","A",NULL,NULL,NULL,NULL
"GF10132253","BG","BUGGY FEE","0.00","88029698","2020-09-10","0.00","A",NULL,NULL,NULL,NULL
"GF10132253","RD","ROUNDING MECHANISM","-0.01","88029698","2020-09-10","-0.01","A",NULL,NULL,NULL,NULL
"GF10132253","ST","SERVICE/GOVERNMENT TAX","0.57","88029698","2020-09-10","0.57","A",NULL,NULL,NULL,NULL
"GF10132253","CASH","CASH","-10.00","88029698","2020-09-10","10.00","A",NULL,NULL,NULL,NULL
"GF10132254","GF","GREEN FEE","0.00","88029698","2020-09-10","0.00","A",NULL,NULL,NULL,NULL
"GF10132252","BG","BUGGY FEE","301.92","88029698","2020-09-10","301.92","A",NULL,NULL,NULL,NULL
"GF10132249","RD","ROUNDING MECHANISM","-0.01","88029698","2020-09-10","-0.01","A",NULL,NULL,NULL,NULL
"GF10132249","ST","SERVICE/GOVERNMENT TAX","28.87","88029698","2020-09-10","28.87","A",NULL,NULL,NULL,NULL
"GF10132249","VISA","VISA","-510.00","88029698","2020-09-10","510.00","A","HAN BOON","006666","4365000000009855","CC000024"
"GF10132250","GF","GREEN FEE","0.00","88029698","2020-09-10","0.00","A",NULL,NULL,NULL,NULL
"GF10132250","INS","GOLFER INSURANCE","9.44","88029698","2020-09-10","9.44","A",NULL,NULL,NULL,NULL
"GF10132250","BG","BUGGY FEE","66.03","88029698","2020-09-10","66.03","A",NULL,NULL,NULL,NULL
"GF10132250","RD","ROUNDING MECHANISM","0.00","88029698","2020-09-10","0.00","A",NULL,NULL,NULL,NULL
"GF10132250","ST","SERVICE/GOVERNMENT TAX","4.53","88029698","2020-09-10","4.53","A",NULL,NULL,NULL,NULL
"GF10132250","VISA","VISA","-80.00","88029698","2020-09-10","80.00","A","ADIBAH SOLEHAH","048693","4794000000001404","CC000024"
"GF10132251","BG","BUGGY FEE (P)","75.48","88029698","2020-09-10","75.48","A",NULL,NULL,NULL,NULL
"GF10132251","GF","GREEN FEE","179.24","88029698","2020-09-10","179.24","A",NULL,NULL,NULL,NULL
"GF10132251","INS","GOLFER INSURANCE","0.00","88029698","2020-09-10","0.00","A",NULL,NULL,NULL,NULL
"GF10132251","MW","MINERAL WATER (P)","9.44","88029698","2020-09-10","9.44","A",NULL,NULL,NULL,NULL
"GF10132251","RD","ROUNDING MECHANISM","-0.01","88029698","2020-09-10","-0.01","A",NULL,NULL,NULL,NULL
"GF10132251","ST","SERVICE/GOVERNMENT TAX","15.85","88029698","2020-09-10","15.85","A",NULL,NULL,NULL,NULL
"GF10132251","VOC","VOUCHER","-280.00","88029698","2020-09-10","280.00","A","CGP20 / OTI407427",NULL,NULL,"JP000035"
"GF10132249","BG","BUGGY FEE (P)","113.22","88029698","2020-09-10","113.22","A",NULL,NULL,NULL,NULL
"GF10132249","GF","GREEN FEE","339.60","88029698","2020-09-10","339.60","A",NULL,NULL,NULL,NULL
"GF10132249","INS","GOLFER INSURANCE (P)","14.16","88029698","2020-09-10","14.16","A",NULL,NULL,NULL,NULL
"GF10132249","MW","MINERAL WATER (P)","14.16","88029698","2020-09-10","14.16","A",NULL,NULL,NULL,NULL
"GF10132248","ST","SERVICE/GOVERNMENT TAX","31.70","88029698","2020-09-10","31.70","A",NULL,NULL,NULL,NULL
"GF10132248","RD","ROUNDING MECHANISM","-0.02","88029698","2020-09-10","-0.02","A",NULL,NULL,NULL,NULL
"GF10132248","COMP","COMPLIMENTARY","-560.00","88029698","2020-09-10","560.00","A","NG CHING HONG",NULL,NULL,"ZORGCENT"
"GF10132248","MW","MINERAL WATER (P)","18.88","88029698","2020-09-10","18.88","A",NULL,NULL,NULL,NULL
"GF10132248","GF","GREEN FEE","358.48","88029698","2020-09-10","358.48","A",NULL,NULL,NULL,NULL
"GF10132248","INS","GOLFER INSURANCE","0.00","88029698","2020-09-10","0.00","A",NULL,NULL,NULL,NULL
"GF10132248","BG","BUGGY FEE (P)","150.96","88029698","2020-09-10","150.96","A",NULL,NULL,NULL,NULL
"GF10132247","CASH","CASH","-540.00","88029698","2020-09-10","540.00","A",NULL,NULL,NULL,NULL
"GF10132247","ST","SERVICE/GOVERNMENT TAX","30.57","88029698","2020-09-10","30.57","A",NULL,NULL,NULL,NULL
"GF10132247","INS","GOLFER INSURANCE (P)","9.44","88029698","2020-09-10","9.44","A",NULL,NULL,NULL,NULL
"GF10132247","MW","MINERAL WATER (P)","9.44","88029698","2020-09-10","9.44","A",NULL,NULL,NULL,NULL
"GF10132247","RD","ROUNDING MECHANISM","-0.01","88029698","2020-09-10","-0.01","A",NULL,NULL,NULL,NULL
"GF10132247","GF","GREEN FEE (P)","415.08","88029698","2020-09-10","415.08","A",NULL,NULL,NULL,NULL
"GF10132247","BG","BUGGY FEE (P)","75.48","88029698","2020-09-10","75.48","A",NULL,NULL,NULL,NULL
"GF10132246","MAST","MASTER","-320.00","88029698","2020-09-10","320.00","A","NG MAN LIM","948227","5376000000006240","CC000024"
"GF10132246","ST","SERVICE/GOVERNMENT TAX","18.11","88029698","2020-09-10","18.11","A",NULL,NULL,NULL,NULL
"GF10132246","RD","ROUNDING MECHANISM","0.01","88029698","2020-09-10","0.01","A",NULL,NULL,NULL,NULL
"GF10132246","BG","BUGGY FEE","264.12","88029698","2020-09-10","264.12","A",NULL,NULL,NULL,NULL
"GF10132246","INS","GOLFER INSURANCE","37.76","88029698","2020-09-10","37.76","A",NULL,NULL,NULL,NULL
"GF10132245","ST","SERVICE/GOVERNMENT TAX","18.11","88029698","2020-09-10","18.11","A",NULL,NULL,NULL,NULL
"GF10132246","GF","GREEN FEE","0.00","88029698","2020-09-10","0.00","A",NULL,NULL,NULL,NULL
"GF10132245","RD","ROUNDING MECHANISM","0.01","88029698","2020-09-10","0.01","A",NULL,NULL,NULL,NULL
"GF10132245","MAST","MASTER","-320.00","88029698","2020-09-10","320.00","A","NG MAN LIM","948227","5376000000006240","CC000024"
"GF10132245","BG","BUGGY FEE","264.12","88029698","2020-09-10","264.12","A",NULL,NULL,NULL,NULL
"GF10132244","ST","SERVICE/GOVERNMENT TAX","9.06","88029698","2020-09-10","9.06","A",NULL,NULL,NULL,NULL
"GF10132245","GF","GREEN FEE","0.00","88029698","2020-09-10","0.00","A",NULL,NULL,NULL,NULL
"GF10132245","INS","GOLFER INSURANCE","37.76","88029698","2020-09-10","37.76","A",NULL,NULL,NULL,NULL
"GF10132244","RD","ROUNDING MECHANISM","0.00","88029698","2020-09-10","0.00","A",NULL,NULL,NULL,NULL
"GF10132244","VISA","VISA","-160.00","88029698","2020-09-10","160.00","A","AZLAN AZIZAN","098820","4363000000007804","CC000024"
"GF10132243","CASH","CASH","-15.00","88029698","2020-09-10","15.00","A",NULL,NULL,NULL,NULL
"GF10132244","GF","GREEN FEE","0.00","88029698","2020-09-10","0.00","A",NULL,NULL,NULL,NULL
"GF10132244","INS","GOLFER INSURANCE","18.88","88029698","2020-09-10","18.88","A",NULL,NULL,NULL,NULL
"GF10132244","BG","BUGGY FEE","132.06","88029698","2020-09-10","132.06","A",NULL,NULL,NULL,NULL
"GF10132243","ST","SERVICE/GOVERNMENT TAX","0.85","88029698","2020-09-10","0.85","A",NULL,NULL,NULL,NULL
"GF10132242","CASH","CASH","-20.00","88029698","2020-09-10","20.00","A",NULL,NULL,NULL,NULL
"GF10132243","DRC","DRIVING RANGE - CONDO","14.14","88029698","2020-09-10","14.14","A",NULL,NULL,NULL,NULL
"GF10132243","RD","ROUNDING MECHANISM","0.01","88029698","2020-09-10","0.01","A",NULL,NULL,NULL,NULL
"GF10132242","GF","GREEN FEE","0.00","88029698","2020-09-10","0.00","A",NULL,NULL,NULL,NULL
"GF10132242","INS","GOLFER INSURANCE","18.88","88029698","2020-09-10","18.88","A",NULL,NULL,NULL,NULL
"GF10132242","BG","BUGGY FEE","0.00","88029698","2020-09-10","0.00","A",NULL,NULL,NULL,NULL
"GF10132242","RD","ROUNDING MECHANISM","-0.01","88029698","2020-09-10","-0.01","A",NULL,NULL,NULL,NULL
"GF10132242","ST","SERVICE/GOVERNMENT TAX","1.13","88029698","2020-09-10","1.13","A",NULL,NULL,NULL,NULL
"GF10132241","ST","SERVICE/GOVERNMENT TAX","31.70","88029698","2020-09-10","31.70","A",NULL,NULL,NULL,NULL
"GF10132241","GF","GREEN FEE","358.48","88029698","2020-09-10","358.48","A",NULL,NULL,NULL,NULL
"GF10132241","INS","GOLFER INSURANCE","0.00","88029698","2020-09-10","0.00","A",NULL,NULL,NULL,NULL
"GF10132241","MW","MINERAL WATER (P)","18.88","88029698","2020-09-10","18.88","A",NULL,NULL,NULL,NULL
"GF10132241","RD","ROUNDING MECHANISM","-0.02","88029698","2020-09-10","-0.02","A",NULL,NULL,NULL,NULL
"GF10132241","VOC","VOUCHER","-560.00","88029698","2020-09-10","560.00","A","CGP20 / OTI408358 , 360",NULL,NULL,"JP000035"
"GF10132241","BG","BUGGY FEE (P)","150.96","88029698","2020-09-10","150.96","A",NULL,NULL,NULL,NULL
