Terminal Activity Report
Generation Date:07-Sep-2020 09:03:23
Merchant Number:000001030600290
Settlement Date:05-Sep-2020
No.,Merchant Name,Merchant Id,EDC Terminal No.,Settlement Date,EDC Batch No.,Statement Batch No.,Card No./Trans. ID,Trans. Date,Trans. Time,Approval Code,Trans. Amount,MDR Rate,Disc. Amount,Nett Amount,Card Brand,Interchange Fee Code
1.,RESORTS WORLD KIJAL,000001030600290,84000637,05-Sep-2020,236,79496,4632-25xx-xxxx-0400,05-Sep-2020,08:48:18,001949,24.50,0.50,-0.12,24.38,Visa Debit/Prepaid,DB
2.,RESORTS WORLD KIJAL,000001030600290,84000637,05-Sep-2020,237,79497,4632-25xx-xxxx-0400,05-Sep-2020,09:04:09,001074,49.00,0.50,-0.25,48.75,Visa Debit/Prepaid,DB
3.,RESORTS WORLD KIJAL,000001030600290,84000637,05-Sep-2020,238,79498,5521-15xx-xxxx-5622,05-Sep-2020,09:14:03,F50595,20.00,0.90,-0.18,19.82,Master Credit,CR
 ,,,,,,,,,,TOTAL,93.50,,-0.55,92.95