Terminal Activity Report
Generation Date:07-Sep-2020 08:25:35
Merchant Number:000001030107080
Settlement Date:05-Sep-2020
No.,Merchant Name,Merchant Id,EDC Terminal No.,Settlement Date,EDC Batch No.,Statement Batch No.,Card No./Trans. ID,Trans. Date,Trans. Time,Approval Code,Trans. Amount,MDR Rate,Disc. Amount,Nett Amount,Card Brand,Interchange Fee Code
1.,RESORTS WORLD LANGKAWI,000001030107080,64402028,05-Sep-2020,92,72455,5196-03xx-xxxx-2610,05-Sep-2020,16:53:56,R63614,69.00,0.00,0.00,69.00,Master Debit/Prepaid,DB
 ,,,,,,,,,,TOTAL,69.00,,0.00,69.00