﻿Account Number,Account Type,Account Name,Account Currency,Date From,Date To,Total Debit,Total Credit,Begin Balance,End Balance,Transaction Date,Transaction Time,Posting Date,Processing Time,Transaction Description,Transaction Ref,Debit,Credit,Source Code,Teller ID,Branch/Channel,Transaction Code,End Balance,Filler,Virtual Account,Transaction Description 2,Transaction Description 3,Transaction Description 4,Expiry Date
"506061106008","Current Account","FIRST WORLD HOTELS &RESORTS SDN BHD","MYR","2020-09-01 MY (UTC+08:00)","2020-09-01 MY (UTC+08:00)","2","12","1,000.00","1,000.00","-","-","01/Sep/2020 MY (UTC+08:00)","06:10 MY (UTC+08:00)","9870277878 CR/CARD SALES  DATED 01092020","78780109","-","3,345.37","011 - System","CBSX4498","3104","2210 - CARDS CREDIT","4,345.37","","-","","","","-"
"506061106008","Current Account","FIRST WORLD HOTELS &RESORTS SDN BHD","MYR","2020-09-01 MY (UTC+08:00)","2020-09-01 MY (UTC+08:00)","2","12","1,000.00","1,000.00","-","-","01/Sep/2020 MY (UTC+08:00)","06:10 MY (UTC+08:00)","9204418149 CR/CARD SALES  DATED 01092020","81490109","-","137.55","011 - System","CBSX4498","3104","2210 - CARDS CREDIT","4,482.92","","-","","","","-"
"506061106008","Current Account","FIRST WORLD HOTELS &RESORTS SDN BHD","MYR","2020-09-01 MY (UTC+08:00)","2020-09-01 MY (UTC+08:00)","2","12","1,000.00","1,000.00","-","-","01/Sep/2020 MY (UTC+08:00)","08:32 MY (UTC+08:00)","CR/CARD SALES M/N 1183957 DATED 29082020","39572908","-","964.79","011 - System","CBSX4498","2719","2981 - MERCHANT CREDIT CARD SALES","5,447.71","","-","","","","-"
"506061106008","Current Account","FIRST WORLD HOTELS &RESORTS SDN BHD","MYR","2020-09-01 MY (UTC+08:00)","2020-09-01 MY (UTC+08:00)","2","12","1,000.00","1,000.00","-","-","01/Sep/2020 MY (UTC+08:00)","08:32 MY (UTC+08:00)","CR/CARD SALES M/N 1183957 DATED 30082020","39573008","-","132.81","011 - System","CBSX4498","2719","2981 - MERCHANT CREDIT CARD SALES","5,580.52","","-","","","","-"
"506061106008","Current Account","FIRST WORLD HOTELS &RESORTS SDN BHD","MYR","2020-09-01 MY (UTC+08:00)","2020-09-01 MY (UTC+08:00)","2","12","1,000.00","1,000.00","-","-","01/Sep/2020 MY (UTC+08:00)","08:32 MY (UTC+08:00)","CR/CARD SALES M/N 1183957 DATED 31082020","39573108","-","992.17","011 - System","CBSX4498","2719","2981 - MERCHANT CREDIT CARD SALES","6,572.69","","-","","","","-"
"506061106008","Current Account","FIRST WORLD HOTELS &RESORTS SDN BHD","MYR","2020-09-01 MY (UTC+08:00)","2020-09-01 MY (UTC+08:00)","2","12","1,000.00","1,000.00","-","-","01/Sep/2020 MY (UTC+08:00)","08:32 MY (UTC+08:00)","CR/CARD SALES M/N 4225090 DATED 28082020","50902808","-","207.29","011 - System","CBSX4498","2719","2981 - MERCHANT CREDIT CARD SALES","6,779.98","","-","","","","-"
"506061106008","Current Account","FIRST WORLD HOTELS &RESORTS SDN BHD","MYR","2020-09-01 MY (UTC+08:00)","2020-09-01 MY (UTC+08:00)","2","12","1,000.00","1,000.00","-","-","01/Sep/2020 MY (UTC+08:00)","08:32 MY (UTC+08:00)","CR/CARD SALES M/N 4225090 DATED 29082020","50902908","-","2,726.84","011 - System","CBSX4498","2719","2981 - MERCHANT CREDIT CARD SALES","9,506.82","","-","","","","-"
"506061106008","Current Account","FIRST WORLD HOTELS &RESORTS SDN BHD","MYR","2020-09-01 MY (UTC+08:00)","2020-09-01 MY (UTC+08:00)","2","12","1,000.00","1,000.00","-","-","01/Sep/2020 MY (UTC+08:00)","08:32 MY (UTC+08:00)","CR/CARD SALES M/N 4225090 DATED 30082020","50903008","-","9,007.70","011 - System","CBSX4498","2719","2981 - MERCHANT CREDIT CARD SALES","18,514.52","","-","","","","-"
"506061106008","Current Account","FIRST WORLD HOTELS &RESORTS SDN BHD","MYR","2020-09-01 MY (UTC+08:00)","2020-09-01 MY (UTC+08:00)","2","12","1,000.00","1,000.00","-","-","01/Sep/2020 MY (UTC+08:00)","08:32 MY (UTC+08:00)","CR/CARD SALES M/N 4225090 DATED 31082020","50903108","-","4,677.13","011 - System","CBSX4498","2719","2981 - MERCHANT CREDIT CARD SALES","23,191.65","","-","","","","-"
"506061106008","Current Account","FIRST WORLD HOTELS &RESORTS SDN BHD","MYR","2020-09-01 MY (UTC+08:00)","2020-09-01 MY (UTC+08:00)","2","12","1,000.00","1,000.00","-","-","01/Sep/2020 MY (UTC+08:00)","09:57 MY (UTC+08:00)","IBG PAYMENT INTO A/C","Ventaserv55755576","-","9,152.79","011 - System","CBSX406C","2601","7991 - INTER-BANK PAYMENT INTO A/C","32,344.44","","-","VENTASERV SDN BHD","INTER-BANK PAYMENT INTO A/C","","-"
"506061106008","Current Account","FIRST WORLD HOTELS &RESORTS SDN BHD","MYR","2020-09-01 MY (UTC+08:00)","2020-09-01 MY (UTC+08:00)","2","12","1,000.00","1,000.00","-","-","01/Sep/2020 MY (UTC+08:00)","11:30 MY (UTC+08:00)","FWH78501","FWH78501","-","330.00","018 - Teller","0000540A","0606","7100 - CASH DEPOSIT","32,674.44","","-","","","","-"
"506061106008","Current Account","FIRST WORLD HOTELS &RESORTS SDN BHD","MYR","2020-09-01 MY (UTC+08:00)","2020-09-01 MY (UTC+08:00)","2","12","1,000.00","1,000.00","-","-","01/Sep/2020 MY (UTC+08:00)","21:54 MY (UTC+08:00)","IBG TRANSACTION","PMT ON BEHALF OF SIG","-","10,194.34","011 - System","CBSX406C","2601","7991 - INTER-BANK PAYMENT INTO A/C","42,868.78","","-","SIGMA ELEVATOR (M)","INTER-BANK PAYMENT INTO A/C","","-"
"506061106008","Current Account","FIRST WORLD HOTELS &RESORTS SDN BHD","MYR","2020-09-01 MY (UTC+08:00)","2020-09-01 MY (UTC+08:00)","2","12","1,000.00","1,000.00","-","-","01/Sep/2020 MY (UTC+08:00)","01:45 MY (UTC+08:00)","XFR DEBIT SVC CHARGE","","2.00","-","011 - System","BTCH6587","0606","XFRDRSVC - SERVICE CHARGE","42,866.78","","-","","","","-"
"506061106008","Current Account","FIRST WORLD HOTELS &RESORTS SDN BHD","MYR","2020-09-01 MY (UTC+08:00)","2020-09-01 MY (UTC+08:00)","2","12","1,000.00","1,000.00","-","-","01/Sep/2020 MY (UTC+08:00)","01:45 MY (UTC+08:00)","GENTING MALAYSIA BERHAD","514011468149","41,866.78","-","011 - System","BTCH6587","0606","XFRDR - FUND TRANSFER DEBIT","1,000.00","","-","","","","-"
