﻿Account Number,Account Type,Account Name,Account Currency,Date From,Date To,Total Debit,Total Credit,Begin Balance,End Balance,Transaction Date,Transaction Time,Posting Date,Processing Time,Transaction Description,Transaction Ref,Debit,Credit,Source Code,Teller ID,Branch/Channel,Transaction Code,End Balance,Filler,Virtual Account,Transaction Description 2,Transaction Description 3,Transaction Description 4,Expiry Date
"506061106008","Current Account","FIRST WORLD HOTELS &RESORTS SDN BHD","MYR","2020-09-03 MY (UTC+08:00)","2020-09-03 MY (UTC+08:00)","2","4","1,000.00","1,000.00","-","-","03/Sep/2020 MY (UTC+08:00)","08:31 MY (UTC+08:00)","CR/CARD SALES M/N 1183957 DATED 02092020","39570209","-","510.33","011 - System","CBSX4498","2719","2981 - MERCHANT CREDIT CARD SALES","1,510.33","","-","","","","-"
"506061106008","Current Account","FIRST WORLD HOTELS &RESORTS SDN BHD","MYR","2020-09-03 MY (UTC+08:00)","2020-09-03 MY (UTC+08:00)","2","4","1,000.00","1,000.00","-","-","03/Sep/2020 MY (UTC+08:00)","08:31 MY (UTC+08:00)","CR/CARD SALES M/N 4225090 DATED 02092020","50900209","-","1,261.74","011 - System","CBSX4498","2719","2981 - MERCHANT CREDIT CARD SALES","2,772.07","","-","","","","-"
"506061106008","Current Account","FIRST WORLD HOTELS &RESORTS SDN BHD","MYR","2020-09-03 MY (UTC+08:00)","2020-09-03 MY (UTC+08:00)","2","4","1,000.00","1,000.00","-","-","03/Sep/2020 MY (UTC+08:00)","01:34 MY (UTC+08:00)","XFR DEBIT SVC CHARGE","","2.00","-","011 - System","BTCH6587","0606","XFRDRSVC - SERVICE CHARGE","2,770.07","","-","","","","-"
"506061106008","Current Account","FIRST WORLD HOTELS &RESORTS SDN BHD","MYR","2020-09-03 MY (UTC+08:00)","2020-09-03 MY (UTC+08:00)","2","4","1,000.00","1,000.00","-","-","03/Sep/2020 MY (UTC+08:00)","01:34 MY (UTC+08:00)","GENTING MALAYSIA BERHAD","514011468149","2,051.95","-","011 - System","BTCH6587","0606","XFRDR - FUND TRANSFER DEBIT","718.12","","-","","","","-"
"506061106008","Current Account","FIRST WORLD HOTELS &RESORTS SDN BHD","MYR","2020-09-03 MY (UTC+08:00)","2020-09-03 MY (UTC+08:00)","2","4","1,000.00","1,000.00","-","-","03/Sep/2020 MY (UTC+08:00)","05:11 MY (UTC+08:00)","MBB HQ ACCOUNTS PAYA","325794","-","96.00","025 - Office","CBSX4618","2502","CCRBEN1 - CMS - CR PYMT MARS","814.12","","-","MAPS-PROPERTY","CMS - CR PYMT MARS","","-"
"506061106008","Current Account","FIRST WORLD HOTELS &RESORTS SDN BHD","MYR","2020-09-03 MY (UTC+08:00)","2020-09-03 MY (UTC+08:00)","2","4","1,000.00","1,000.00","-","-","03/Sep/2020 MY (UTC+08:00)","05:42 MY (UTC+08:00)","9870277878 CR/CARD SALES  DATED 03092020","78780309","-","185.88","011 - System","CBSX4498","3104","2210 - CARDS CREDIT","1,000.00","","-","","","","-"
