﻿Account Number,Account Type,Account Name,Account Currency,Date From,Date To,Total Debit,Total Credit,Begin Balance,End Balance,Transaction Date,Transaction Time,Posting Date,Processing Time,Transaction Description,Transaction Ref,Debit,Credit,Source Code,Teller ID,Branch/Channel,Transaction Code,End Balance,Filler,Virtual Account,Transaction Description 2,Transaction Description 3,Transaction Description 4,Expiry Date
"506061106008","Current Account","FIRST WORLD HOTELS &RESORTS SDN BHD","MYR","2020-09-06 MY (UTC+08:00)","2020-09-06 MY (UTC+08:00)","3","1","1,000.00","1,000.00","-","-","06/Sep/2020 MY (UTC+08:00)","00:45 MY (UTC+08:00)","QRCASA SALES M/N 0124567 DATED 06092020","","-","10.00","011 - System","CBSX425P","2988","8301 - BILLS PAYMENT CREDIT","1,010.00","","-","","","","-"
"506061106008","Current Account","FIRST WORLD HOTELS &RESORTS SDN BHD","MYR","2020-09-06 MY (UTC+08:00)","2020-09-06 MY (UTC+08:00)","3","1","1,000.00","1,000.00","-","-","06/Sep/2020 MY (UTC+08:00)","00:46 MY (UTC+08:00)","S/C TRANS VIA QRPAY 000027060124567","","0.02","-","011 - System","CBSX4237","2996","PCSCDR - PAYEE CORP SERVICE CHARGE DEBIT","1,009.98","","-","","","","-"
"506061106008","Current Account","FIRST WORLD HOTELS &RESORTS SDN BHD","MYR","2020-09-06 MY (UTC+08:00)","2020-09-06 MY (UTC+08:00)","3","1","1,000.00","1,000.00","-","-","06/Sep/2020 MY (UTC+08:00)","01:31 MY (UTC+08:00)","XFR DEBIT SVC CHARGE","","2.00","-","011 - System","BTCH6587","0606","XFRDRSVC - SERVICE CHARGE","1,007.98","","-","","","","-"
"506061106008","Current Account","FIRST WORLD HOTELS &RESORTS SDN BHD","MYR","2020-09-06 MY (UTC+08:00)","2020-09-06 MY (UTC+08:00)","3","1","1,000.00","1,000.00","-","-","06/Sep/2020 MY (UTC+08:00)","01:31 MY (UTC+08:00)","GENTING MALAYSIA BERHAD","514011468149","7.98","-","011 - System","BTCH6587","0606","XFRDR - FUND TRANSFER DEBIT","1,000.00","","-","","","","-"
