﻿Account Number,Account Type,Account Name,Account Currency,Date From,Date To,Total Debit,Total Credit,Begin Balance,End Balance,Transaction Date,Transaction Time,Posting Date,Processing Time,Transaction Description,Transaction Ref,Debit,Credit,Source Code,Teller ID,Branch/Channel,Transaction Code,End Balance,Filler,Virtual Account,Transaction Description 2,Transaction Description 3,Transaction Description 4,Expiry Date
"506061106008","Current Account","FIRST WORLD HOTELS &RESORTS SDN BHD","MYR","2020-09-09 MY (UTC+08:00)","2020-09-09 MY (UTC+08:00)","3","4","1,000.00","1,000.00","-","-","09/Sep/2020 MY (UTC+08:00)","08:31 MY (UTC+08:00)","CR/CARD SALES M/N 4225090 DATED 08092020","50900809","-","109.30","011 - System","CBSX4498","2719","2981 - MERCHANT CREDIT CARD SALES","1,109.30","","-","","","","-"
"506061106008","Current Account","FIRST WORLD HOTELS &RESORTS SDN BHD","MYR","2020-09-09 MY (UTC+08:00)","2020-09-09 MY (UTC+08:00)","3","4","1,000.00","1,000.00","-","-","09/Sep/2020 MY (UTC+08:00)","08:31 MY (UTC+08:00)","CR/CARD SALES M/N 1099404 DATED 08092020","94040809","-","4.96","011 - System","CBSX4498","2719","2981 - MERCHANT CREDIT CARD SALES","1,114.26","","-","","","","-"
"506061106008","Current Account","FIRST WORLD HOTELS &RESORTS SDN BHD","MYR","2020-09-09 MY (UTC+08:00)","2020-09-09 MY (UTC+08:00)","3","4","1,000.00","1,000.00","-","-","09/Sep/2020 MY (UTC+08:00)","00:47 MY (UTC+08:00)","QRCASA SALES M/N 0124567 DATED 09092020","","-","5.00","011 - System","CBSX425P","2988","8301 - BILLS PAYMENT CREDIT","1,119.26","","-","","","","-"
"506061106008","Current Account","FIRST WORLD HOTELS &RESORTS SDN BHD","MYR","2020-09-09 MY (UTC+08:00)","2020-09-09 MY (UTC+08:00)","3","4","1,000.00","1,000.00","-","-","09/Sep/2020 MY (UTC+08:00)","00:48 MY (UTC+08:00)","S/C TRANS VIA QRPAY 000027060124567","","0.01","-","011 - System","CBSX4237","2996","PCSCDR - PAYEE CORP SERVICE CHARGE DEBIT","1,119.25","","-","","","","-"
"506061106008","Current Account","FIRST WORLD HOTELS &RESORTS SDN BHD","MYR","2020-09-09 MY (UTC+08:00)","2020-09-09 MY (UTC+08:00)","3","4","1,000.00","1,000.00","-","-","09/Sep/2020 MY (UTC+08:00)","01:29 MY (UTC+08:00)","GENTING MALAYSIA BERHAD","514011468149","514.58","-","011 - System","BTCH6587","0606","XFRDR - FUND TRANSFER DEBIT","604.67","","-","","","","-"
"506061106008","Current Account","FIRST WORLD HOTELS &RESORTS SDN BHD","MYR","2020-09-09 MY (UTC+08:00)","2020-09-09 MY (UTC+08:00)","3","4","1,000.00","1,000.00","-","-","09/Sep/2020 MY (UTC+08:00)","01:29 MY (UTC+08:00)","XFR DEBIT SVC CHARGE","","2.00","-","011 - System","BTCH6587","0606","XFRDRSVC - SERVICE CHARGE","602.67","","-","","","","-"
"506061106008","Current Account","FIRST WORLD HOTELS &RESORTS SDN BHD","MYR","2020-09-09 MY (UTC+08:00)","2020-09-09 MY (UTC+08:00)","3","4","1,000.00","1,000.00","-","-","09/Sep/2020 MY (UTC+08:00)","05:32 MY (UTC+08:00)","9870277878 CR/CARD SALES  DATED 09092020","78780909","-","397.33","011 - System","CBSX4498","3104","2210 - CARDS CREDIT","1,000.00","","-","","","","-"
