﻿Account Number,Account Type,Account Name,Account Currency,Date From,Date To,Total Debit,Total Credit,Begin Balance,End Balance,Transaction Date,Transaction Time,Posting Date,Processing Time,Transaction Description,Transaction Ref,Debit,Credit,Source Code,Teller ID,Branch/Channel,Transaction Code,End Balance,Filler,Virtual Account,Transaction Description 2,Transaction Description 3,Transaction Description 4,Expiry Date
"506061106008","Current Account","FIRST WORLD HOTELS &RESORTS SDN BHD","MYR","2020-09-14 MY (UTC+08:00)","2020-09-14 MY (UTC+08:00)","3","9","1,000.00","1,000.00","-","-","14/Sep/2020 MY (UTC+08:00)","08:32 MY (UTC+08:00)","CR/CARD SALES M/N 1183957 DATED 11092020","39571109","-","521.11","011 - System","CBSX4498","2719","2981 - MERCHANT CREDIT CARD SALES","1,521.11","","-","","","","-"
"506061106008","Current Account","FIRST WORLD HOTELS &RESORTS SDN BHD","MYR","2020-09-14 MY (UTC+08:00)","2020-09-14 MY (UTC+08:00)","3","9","1,000.00","1,000.00","-","-","14/Sep/2020 MY (UTC+08:00)","08:32 MY (UTC+08:00)","CR/CARD SALES M/N 1183957 DATED 12092020","39571209","-","3,172.38","011 - System","CBSX4498","2719","2981 - MERCHANT CREDIT CARD SALES","4,693.49","","-","","","","-"
"506061106008","Current Account","FIRST WORLD HOTELS &RESORTS SDN BHD","MYR","2020-09-14 MY (UTC+08:00)","2020-09-14 MY (UTC+08:00)","3","9","1,000.00","1,000.00","-","-","14/Sep/2020 MY (UTC+08:00)","08:32 MY (UTC+08:00)","CR/CARD SALES M/N 1183957 DATED 13092020","39571309","-","227.21","011 - System","CBSX4498","2719","2981 - MERCHANT CREDIT CARD SALES","4,920.70","","-","","","","-"
"506061106008","Current Account","FIRST WORLD HOTELS &RESORTS SDN BHD","MYR","2020-09-14 MY (UTC+08:00)","2020-09-14 MY (UTC+08:00)","3","9","1,000.00","1,000.00","-","-","14/Sep/2020 MY (UTC+08:00)","08:32 MY (UTC+08:00)","CR/CARD SALES M/N 4225090 DATED 11092020","50901109","-","32.70","011 - System","CBSX4498","2719","2981 - MERCHANT CREDIT CARD SALES","4,953.40","","-","","","","-"
"506061106008","Current Account","FIRST WORLD HOTELS &RESORTS SDN BHD","MYR","2020-09-14 MY (UTC+08:00)","2020-09-14 MY (UTC+08:00)","3","9","1,000.00","1,000.00","-","-","14/Sep/2020 MY (UTC+08:00)","08:32 MY (UTC+08:00)","CR/CARD SALES M/N 4225090 DATED 12092020","50901209","-","176.82","011 - System","CBSX4498","2719","2981 - MERCHANT CREDIT CARD SALES","5,130.22","","-","","","","-"
"506061106008","Current Account","FIRST WORLD HOTELS &RESORTS SDN BHD","MYR","2020-09-14 MY (UTC+08:00)","2020-09-14 MY (UTC+08:00)","3","9","1,000.00","1,000.00","-","-","14/Sep/2020 MY (UTC+08:00)","08:32 MY (UTC+08:00)","CR/CARD SALES M/N 4225090 DATED 13092020","50901309","-","272.54","011 - System","CBSX4498","2719","2981 - MERCHANT CREDIT CARD SALES","5,402.76","","-","","","","-"
"506061106008","Current Account","FIRST WORLD HOTELS &RESORTS SDN BHD","MYR","2020-09-14 MY (UTC+08:00)","2020-09-14 MY (UTC+08:00)","3","9","1,000.00","1,000.00","-","-","14/Sep/2020 MY (UTC+08:00)","09:37 MY (UTC+08:00)","FIRST-EXTERNAL MEETI","FIRST-EXTERNAL MEETI","-","8,150.00","011 - System","CBSX406C","2601","7991 - INTER-BANK PAYMENT INTO A/C","13,552.76","","-","RED CONTACT SDN BHD","INTER-BANK PAYMENT INTO A/C","","-"
"506061106008","Current Account","FIRST WORLD HOTELS &RESORTS SDN BHD","MYR","2020-09-14 MY (UTC+08:00)","2020-09-14 MY (UTC+08:00)","3","9","1,000.00","1,000.00","-","-","14/Sep/2020 MY (UTC+08:00)","18:40 MY (UTC+08:00)","300000193614551","S","-","101.76","011 - System","CBSX406C","2601","7991 - INTER-BANK PAYMENT INTO A/C","13,654.52","","-","HLBB - FINANCE OPER","INTER-BANK PAYMENT INTO A/C","","-"
"506061106008","Current Account","FIRST WORLD HOTELS &RESORTS SDN BHD","MYR","2020-09-14 MY (UTC+08:00)","2020-09-14 MY (UTC+08:00)","3","9","1,000.00","1,000.00","-","-","14/Sep/2020 MY (UTC+08:00)","00:45 MY (UTC+08:00)","QRCASA SALES M/N 0124567 DATED 14092020","","-","85.00","011 - System","CBSX425P","2988","8301 - BILLS PAYMENT CREDIT","13,739.52","","-","","","","-"
"506061106008","Current Account","FIRST WORLD HOTELS &RESORTS SDN BHD","MYR","2020-09-14 MY (UTC+08:00)","2020-09-14 MY (UTC+08:00)","3","9","1,000.00","1,000.00","-","-","14/Sep/2020 MY (UTC+08:00)","00:46 MY (UTC+08:00)","S/C TRANS VIA QRPAY 000027060124567","","0.21","-","011 - System","CBSX4237","2996","PCSCDR - PAYEE CORP SERVICE CHARGE DEBIT","13,739.31","","-","","","","-"
"506061106008","Current Account","FIRST WORLD HOTELS &RESORTS SDN BHD","MYR","2020-09-14 MY (UTC+08:00)","2020-09-14 MY (UTC+08:00)","3","9","1,000.00","1,000.00","-","-","14/Sep/2020 MY (UTC+08:00)","01:28 MY (UTC+08:00)","XFR DEBIT SVC CHARGE","","2.00","-","011 - System","BTCH6587","0606","XFRDRSVC - SERVICE CHARGE","13,737.31","","-","","","","-"
"506061106008","Current Account","FIRST WORLD HOTELS &RESORTS SDN BHD","MYR","2020-09-14 MY (UTC+08:00)","2020-09-14 MY (UTC+08:00)","3","9","1,000.00","1,000.00","-","-","14/Sep/2020 MY (UTC+08:00)","01:28 MY (UTC+08:00)","GENTING MALAYSIA BERHAD","514011468149","12,737.31","-","011 - System","BTCH6587","0606","XFRDR - FUND TRANSFER DEBIT","1,000.00","","-","","","","-"
