﻿Account Number,Account Type,Account Name,Account Currency,Date From,Date To,Total Debit,Total Credit,Begin Balance,End Balance,Transaction Date,Transaction Time,Posting Date,Processing Time,Transaction Description,Transaction Ref,Debit,Credit,Source Code,Teller ID,Branch/Channel,Transaction Code,End Balance,Filler,Virtual Account,Transaction Description 2,Transaction Description 3,Transaction Description 4,Expiry Date
"506061106008","Current Account","FIRST WORLD HOTELS &RESORTS SDN BHD","MYR","2020-09-17 MY (UTC+08:00)","2020-09-17 MY (UTC+08:00)","3","8","1,000.00","1,000.00","-","-","17/Sep/2020 MY (UTC+08:00)","08:31 MY (UTC+08:00)","CR/CARD SALES M/N 1183957 DATED 15092020","39571509","-","763.94","011 - System","CBSX4498","2719","2981 - MERCHANT CREDIT CARD SALES","1,763.94","","-","","","","-"
"506061106008","Current Account","FIRST WORLD HOTELS &RESORTS SDN BHD","MYR","2020-09-17 MY (UTC+08:00)","2020-09-17 MY (UTC+08:00)","3","8","1,000.00","1,000.00","-","-","17/Sep/2020 MY (UTC+08:00)","08:31 MY (UTC+08:00)","CR/CARD SALES M/N 1183957 DATED 16092020","39571609","-","163.79","011 - System","CBSX4498","2719","2981 - MERCHANT CREDIT CARD SALES","1,927.73","","-","","","","-"
"506061106008","Current Account","FIRST WORLD HOTELS &RESORTS SDN BHD","MYR","2020-09-17 MY (UTC+08:00)","2020-09-17 MY (UTC+08:00)","3","8","1,000.00","1,000.00","-","-","17/Sep/2020 MY (UTC+08:00)","08:31 MY (UTC+08:00)","CR/CARD SALES M/N 4225090 DATED 15092020","50901509","-","78.64","011 - System","CBSX4498","2719","2981 - MERCHANT CREDIT CARD SALES","2,006.37","","-","","","","-"
"506061106008","Current Account","FIRST WORLD HOTELS &RESORTS SDN BHD","MYR","2020-09-17 MY (UTC+08:00)","2020-09-17 MY (UTC+08:00)","3","8","1,000.00","1,000.00","-","-","17/Sep/2020 MY (UTC+08:00)","08:31 MY (UTC+08:00)","CR/CARD SALES M/N 4225090 DATED 16092020","50901609","-","360.60","011 - System","CBSX4498","2719","2981 - MERCHANT CREDIT CARD SALES","2,366.97","","-","","","","-"
"506061106008","Current Account","FIRST WORLD HOTELS &RESORTS SDN BHD","MYR","2020-09-17 MY (UTC+08:00)","2020-09-17 MY (UTC+08:00)","3","8","1,000.00","1,000.00","-","-","17/Sep/2020 MY (UTC+08:00)","14:27 MY (UTC+08:00)","Balance","Q-20268-Z2Y3","-","9.00","003 - ATM","929PHONE","2988","7610 - TRANSFER TO A/C","2,375.97","","-","JASMINE TEE JIA MIN*","TRANSFER TO A/C","","-"
"506061106008","Current Account","FIRST WORLD HOTELS &RESORTS SDN BHD","MYR","2020-09-17 MY (UTC+08:00)","2020-09-17 MY (UTC+08:00)","3","8","1,000.00","1,000.00","-","-","17/Sep/2020 MY (UTC+08:00)","16:23 MY (UTC+08:00)","CELCOMRENTAL","CELCOMRENTAL","-","9,234.72","025 - Office","CBSX4618","2502","CCRBEN1 - CMS - CR PYMT MARS","11,610.69","","-","CELCOM NETWORKS SDN","CMS - CR PYMT MARS","","-"
"506061106008","Current Account","FIRST WORLD HOTELS &RESORTS SDN BHD","MYR","2020-09-17 MY (UTC+08:00)","2020-09-17 MY (UTC+08:00)","3","8","1,000.00","1,000.00","-","-","17/Sep/2020 MY (UTC+08:00)","00:46 MY (UTC+08:00)","QRCASA SALES M/N 0124567 DATED 17092020","","-","20.00","011 - System","CBSX425P","2988","8301 - BILLS PAYMENT CREDIT","11,630.69","","-","","","","-"
"506061106008","Current Account","FIRST WORLD HOTELS &RESORTS SDN BHD","MYR","2020-09-17 MY (UTC+08:00)","2020-09-17 MY (UTC+08:00)","3","8","1,000.00","1,000.00","-","-","17/Sep/2020 MY (UTC+08:00)","00:47 MY (UTC+08:00)","S/C TRANS VIA QRPAY 000027060124567","","0.05","-","011 - System","CBSX4237","2996","PCSCDR - PAYEE CORP SERVICE CHARGE DEBIT","11,630.64","","-","","","","-"
"506061106008","Current Account","FIRST WORLD HOTELS &RESORTS SDN BHD","MYR","2020-09-17 MY (UTC+08:00)","2020-09-17 MY (UTC+08:00)","3","8","1,000.00","1,000.00","-","-","17/Sep/2020 MY (UTC+08:00)","01:33 MY (UTC+08:00)","XFR DEBIT SVC CHARGE","","2.00","-","011 - System","BTCH6587","0606","XFRDRSVC - SERVICE CHARGE","11,628.64","","-","","","","-"
"506061106008","Current Account","FIRST WORLD HOTELS &RESORTS SDN BHD","MYR","2020-09-17 MY (UTC+08:00)","2020-09-17 MY (UTC+08:00)","3","8","1,000.00","1,000.00","-","-","17/Sep/2020 MY (UTC+08:00)","01:33 MY (UTC+08:00)","GENTING MALAYSIA BERHAD","514011468149","10,643.39","-","011 - System","BTCH6587","0606","XFRDR - FUND TRANSFER DEBIT","985.25","","-","","","","-"
"506061106008","Current Account","FIRST WORLD HOTELS &RESORTS SDN BHD","MYR","2020-09-17 MY (UTC+08:00)","2020-09-17 MY (UTC+08:00)","3","8","1,000.00","1,000.00","-","-","17/Sep/2020 MY (UTC+08:00)","05:33 MY (UTC+08:00)","9201752011 CR/CARD SALES  DATED 17092020","20111709","-","14.75","011 - System","CBSX4498","3104","2210 - CARDS CREDIT","1,000.00","","-","","","","-"
