﻿Account Number,Account Type,Account Name,Account Currency,Date From,Date To,Total Debit,Total Credit,Begin Balance,End Balance,Transaction Date,Transaction Time,Posting Date,Processing Time,Transaction Description,Transaction Ref,Debit,Credit,Source Code,Teller ID,Branch/Channel,Transaction Code,End Balance,Filler,Virtual Account,Transaction Description 2,Transaction Description 3,Transaction Description 4,Expiry Date
"506061106008","Current Account","FIRST WORLD HOTELS &RESORTS SDN BHD","MYR","2020-09-23 MY (UTC+08:00)","2020-09-23 MY (UTC+08:00)","2","3","1,000.00","1,000.00","-","-","23/Sep/2020 MY (UTC+08:00)","08:31 MY (UTC+08:00)","CR/CARD SALES M/N 1183957 DATED 22092020","39572209","-","227.56","011 - System","CBSX4498","2719","2981 - MERCHANT CREDIT CARD SALES","1,227.56","","-","","","","-"
"506061106008","Current Account","FIRST WORLD HOTELS &RESORTS SDN BHD","MYR","2020-09-23 MY (UTC+08:00)","2020-09-23 MY (UTC+08:00)","2","3","1,000.00","1,000.00","-","-","23/Sep/2020 MY (UTC+08:00)","08:31 MY (UTC+08:00)","CR/CARD SALES M/N 4225090 DATED 22092020","50902209","-","110.36","011 - System","CBSX4498","2719","2981 - MERCHANT CREDIT CARD SALES","1,337.92","","-","","","","-"
"506061106008","Current Account","FIRST WORLD HOTELS &RESORTS SDN BHD","MYR","2020-09-23 MY (UTC+08:00)","2020-09-23 MY (UTC+08:00)","2","3","1,000.00","1,000.00","-","-","23/Sep/2020 MY (UTC+08:00)","20:36 MY (UTC+08:00)","CDM CASH DEPOSIT","","-","2,860.00","003 - ATM","00003FBA","2630","7010 - CDM CASH DEPOSIT","4,197.92","","-","","","","-"
"506061106008","Current Account","FIRST WORLD HOTELS &RESORTS SDN BHD","MYR","2020-09-23 MY (UTC+08:00)","2020-09-23 MY (UTC+08:00)","2","3","1,000.00","1,000.00","-","-","23/Sep/2020 MY (UTC+08:00)","01:27 MY (UTC+08:00)","XFR DEBIT SVC CHARGE","","2.00","-","011 - System","BTCH6587","0606","XFRDRSVC - SERVICE CHARGE","4,195.92","","-","","","","-"
"506061106008","Current Account","FIRST WORLD HOTELS &RESORTS SDN BHD","MYR","2020-09-23 MY (UTC+08:00)","2020-09-23 MY (UTC+08:00)","2","3","1,000.00","1,000.00","-","-","23/Sep/2020 MY (UTC+08:00)","01:27 MY (UTC+08:00)","GENTING MALAYSIA BERHAD","514011468149","3,195.92","-","011 - System","BTCH6587","0606","XFRDR - FUND TRANSFER DEBIT","1,000.00","","-","","","","-"
