﻿Account Number,Account Type,Account Name,Account Currency,Date From,Date To,Total Debit,Total Credit,Begin Balance,End Balance,Transaction Date,Transaction Time,Posting Date,Processing Time,Transaction Description,Transaction Ref,Debit,Credit,Source Code,Teller ID,Branch/Channel,Transaction Code,End Balance,Filler,Virtual Account,Transaction Description 2,Transaction Description 3,Transaction Description 4,Expiry Date
"506061106008","Current Account","FIRST WORLD HOTELS &RESORTS SDN BHD","MYR","2020-09-28 MY (UTC+08:00)","2020-09-28 MY (UTC+08:00)","2","8","1,000.00","1,000.00","-","-","28/Sep/2020 MY (UTC+08:00)","08:32 MY (UTC+08:00)","CR/CARD SALES M/N 1183957 DATED 25092020","39572509","-","108.36","011 - System","CBSX4498","2719","2981 - MERCHANT CREDIT CARD SALES","1,108.36","","-","","","","-"
"506061106008","Current Account","FIRST WORLD HOTELS &RESORTS SDN BHD","MYR","2020-09-28 MY (UTC+08:00)","2020-09-28 MY (UTC+08:00)","2","8","1,000.00","1,000.00","-","-","28/Sep/2020 MY (UTC+08:00)","08:32 MY (UTC+08:00)","CR/CARD SALES M/N 1183957 DATED 26092020","39572609","-","521.51","011 - System","CBSX4498","2719","2981 - MERCHANT CREDIT CARD SALES","1,629.87","","-","","","","-"
"506061106008","Current Account","FIRST WORLD HOTELS &RESORTS SDN BHD","MYR","2020-09-28 MY (UTC+08:00)","2020-09-28 MY (UTC+08:00)","2","8","1,000.00","1,000.00","-","-","28/Sep/2020 MY (UTC+08:00)","08:32 MY (UTC+08:00)","CR/CARD SALES M/N 1183957 DATED 27092020","39572709","-","167.85","011 - System","CBSX4498","2719","2981 - MERCHANT CREDIT CARD SALES","1,797.72","","-","","","","-"
"506061106008","Current Account","FIRST WORLD HOTELS &RESORTS SDN BHD","MYR","2020-09-28 MY (UTC+08:00)","2020-09-28 MY (UTC+08:00)","2","8","1,000.00","1,000.00","-","-","28/Sep/2020 MY (UTC+08:00)","08:32 MY (UTC+08:00)","CR/CARD SALES M/N 4225090 DATED 25092020","50902509","-","406.37","011 - System","CBSX4498","2719","2981 - MERCHANT CREDIT CARD SALES","2,204.09","","-","","","","-"
"506061106008","Current Account","FIRST WORLD HOTELS &RESORTS SDN BHD","MYR","2020-09-28 MY (UTC+08:00)","2020-09-28 MY (UTC+08:00)","2","8","1,000.00","1,000.00","-","-","28/Sep/2020 MY (UTC+08:00)","08:32 MY (UTC+08:00)","CR/CARD SALES M/N 4225090 DATED 26092020","50902609","-","277.88","011 - System","CBSX4498","2719","2981 - MERCHANT CREDIT CARD SALES","2,481.97","","-","","","","-"
"506061106008","Current Account","FIRST WORLD HOTELS &RESORTS SDN BHD","MYR","2020-09-28 MY (UTC+08:00)","2020-09-28 MY (UTC+08:00)","2","8","1,000.00","1,000.00","-","-","28/Sep/2020 MY (UTC+08:00)","08:32 MY (UTC+08:00)","CR/CARD SALES M/N 4225090 DATED 27092020","50902709","-","446.88","011 - System","CBSX4498","2719","2981 - MERCHANT CREDIT CARD SALES","2,928.85","","-","","","","-"
"506061106008","Current Account","FIRST WORLD HOTELS &RESORTS SDN BHD","MYR","2020-09-28 MY (UTC+08:00)","2020-09-28 MY (UTC+08:00)","2","8","1,000.00","1,000.00","-","-","28/Sep/2020 MY (UTC+08:00)","11:51 MY (UTC+08:00)","","ionnex","-","134.00","003 - ATM","933PHONE","2988","7610 - TRANSFER TO A/C","3,062.85","","-","KHING WAI KEONG    *","TRANSFER TO A/C","","-"
"506061106008","Current Account","FIRST WORLD HOTELS &RESORTS SDN BHD","MYR","2020-09-28 MY (UTC+08:00)","2020-09-28 MY (UTC+08:00)","2","8","1,000.00","1,000.00","-","-","28/Sep/2020 MY (UTC+08:00)","21:53 MY (UTC+08:00)","Claim settlement","PV2003HQ9186630","-","60,400.00","011 - System","CBSX406C","2601","7991 - INTER-BANK PAYMENT INTO A/C","63,462.85","","-","ALLIANZ GENERAL INS","INTER-BANK PAYMENT INTO A/C","","-"
"506061106008","Current Account","FIRST WORLD HOTELS &RESORTS SDN BHD","MYR","2020-09-28 MY (UTC+08:00)","2020-09-28 MY (UTC+08:00)","2","8","1,000.00","1,000.00","-","-","28/Sep/2020 MY (UTC+08:00)","01:26 MY (UTC+08:00)","XFR DEBIT SVC CHARGE","","2.00","-","011 - System","BTCH6587","0606","XFRDRSVC - SERVICE CHARGE","63,460.85","","-","","","","-"
"506061106008","Current Account","FIRST WORLD HOTELS &RESORTS SDN BHD","MYR","2020-09-28 MY (UTC+08:00)","2020-09-28 MY (UTC+08:00)","2","8","1,000.00","1,000.00","-","-","28/Sep/2020 MY (UTC+08:00)","01:26 MY (UTC+08:00)","GENTING MALAYSIA BERHAD","514011468149","62,460.85","-","011 - System","BTCH6587","0606","XFRDR - FUND TRANSFER DEBIT","1,000.00","","-","","","","-"
