﻿Account Number,Account Type,Account Name,Account Currency,Date From,Date To,Total Debit,Total Credit,Begin Balance,End Balance,Transaction Date,Transaction Time,Posting Date,Processing Time,Transaction Description,Transaction Ref,Debit,Credit,Source Code,Teller ID,Branch/Channel,Transaction Code,End Balance,Filler,Virtual Account,Transaction Description 2,Transaction Description 3,Transaction Description 4,Expiry Date
"506061106008","Current Account","FIRST WORLD HOTELS &RESORTS SDN BHD","MYR","2020-09-29 MY (UTC+08:00)","2020-09-29 MY (UTC+08:00)","3","5","1,000.00","1,000.00","-","-","29/Sep/2020 MY (UTC+08:00)","08:31 MY (UTC+08:00)","CR/CARD SALES M/N 1183957 DATED 28092020","39572809","-","181.63","011 - System","CBSX4498","2719","2981 - MERCHANT CREDIT CARD SALES","1,181.63","","-","","","","-"
"506061106008","Current Account","FIRST WORLD HOTELS &RESORTS SDN BHD","MYR","2020-09-29 MY (UTC+08:00)","2020-09-29 MY (UTC+08:00)","3","5","1,000.00","1,000.00","-","-","29/Sep/2020 MY (UTC+08:00)","08:31 MY (UTC+08:00)","CR/CARD SALES M/N 4225090 DATED 28092020","50902809","-","151.99","011 - System","CBSX4498","2719","2981 - MERCHANT CREDIT CARD SALES","1,333.62","","-","","","","-"
"506061106008","Current Account","FIRST WORLD HOTELS &RESORTS SDN BHD","MYR","2020-09-29 MY (UTC+08:00)","2020-09-29 MY (UTC+08:00)","3","5","1,000.00","1,000.00","-","-","29/Sep/2020 MY (UTC+08:00)","01:29 MY (UTC+08:00)","XFR DEBIT SVC CHARGE","","2.00","-","011 - System","BTCH6587","0606","XFRDRSVC - SERVICE CHARGE","1,331.62","","-","","","","-"
"506061106008","Current Account","FIRST WORLD HOTELS &RESORTS SDN BHD","MYR","2020-09-29 MY (UTC+08:00)","2020-09-29 MY (UTC+08:00)","3","5","1,000.00","1,000.00","-","-","29/Sep/2020 MY (UTC+08:00)","01:29 MY (UTC+08:00)","GENTING MALAYSIA BERHAD","514011468149","1,758.47","-","011 - System","BTCH6587","0606","XFRDR - FUND TRANSFER DEBIT","-426.85","","-","","","","-"
"506061106008","Current Account","FIRST WORLD HOTELS &RESORTS SDN BHD","MYR","2020-09-29 MY (UTC+08:00)","2020-09-29 MY (UTC+08:00)","3","5","1,000.00","1,000.00","-","-","29/Sep/2020 MY (UTC+08:00)","05:37 MY (UTC+08:00)","CB  29092020","CHARGEBACK","355.68","-","011 - System","CBSX426Q","2002","CCCBACK - ","-782.53","","-","MN 027004178927","CREDIT CARD CHARGEBACK","","-"
"506061106008","Current Account","FIRST WORLD HOTELS &RESORTS SDN BHD","MYR","2020-09-29 MY (UTC+08:00)","2020-09-29 MY (UTC+08:00)","3","5","1,000.00","1,000.00","-","-","29/Sep/2020 MY (UTC+08:00)","05:38 MY (UTC+08:00)","9201752011 CR/CARD SALES  DATED 29092020","20112909","-","34.41","011 - System","CBSX4498","3104","2210 - CARDS CREDIT","-748.12","","-","","","","-"
"506061106008","Current Account","FIRST WORLD HOTELS &RESORTS SDN BHD","MYR","2020-09-29 MY (UTC+08:00)","2020-09-29 MY (UTC+08:00)","3","5","1,000.00","1,000.00","-","-","29/Sep/2020 MY (UTC+08:00)","05:38 MY (UTC+08:00)","9870277878 CR/CARD SALES  DATED 29092020","78782909","-","1,718.65","011 - System","CBSX4498","3104","2210 - CARDS CREDIT","970.53","","-","","","","-"
"506061106008","Current Account","FIRST WORLD HOTELS &RESORTS SDN BHD","MYR","2020-09-29 MY (UTC+08:00)","2020-09-29 MY (UTC+08:00)","3","5","1,000.00","1,000.00","-","-","29/Sep/2020 MY (UTC+08:00)","05:38 MY (UTC+08:00)","9204418149 CR/CARD SALES  DATED 29092020","81492909","-","29.47","011 - System","CBSX4498","3104","2210 - CARDS CREDIT","1,000.00","","-","","","","-"
