﻿Account Number,Account Type,Account Name,Account Currency,Date From,Date To,Total Debit,Total Credit,Begin Balance,End Balance,Transaction Date,Transaction Time,Posting Date,Processing Time,Transaction Description,Transaction Ref,Debit,Credit,Source Code,Teller ID,Branch/Channel,Transaction Code,End Balance,Filler,Virtual Account,Transaction Description 2,Transaction Description 3,Transaction Description 4,Expiry Date
"506061106008","Current Account","FIRST WORLD HOTELS &RESORTS SDN BHD","MYR","2020-09-30 MY (UTC+08:00)","2020-09-30 MY (UTC+08:00)","2","4","1,000.00","1,000.00","-","-","30/Sep/2020 MY (UTC+08:00)","08:31 MY (UTC+08:00)","CR/CARD SALES M/N 1183957 DATED 29092020","39572909","-","678.25","011 - System","CBSX4498","2719","2981 - MERCHANT CREDIT CARD SALES","1,678.25","","-","","","","-"
"506061106008","Current Account","FIRST WORLD HOTELS &RESORTS SDN BHD","MYR","2020-09-30 MY (UTC+08:00)","2020-09-30 MY (UTC+08:00)","2","4","1,000.00","1,000.00","-","-","30/Sep/2020 MY (UTC+08:00)","08:31 MY (UTC+08:00)","CR/CARD SALES M/N 4225090 DATED 29092020","50902909","-","167.92","011 - System","CBSX4498","2719","2981 - MERCHANT CREDIT CARD SALES","1,846.17","","-","","","","-"
"506061106008","Current Account","FIRST WORLD HOTELS &RESORTS SDN BHD","MYR","2020-09-30 MY (UTC+08:00)","2020-09-30 MY (UTC+08:00)","2","4","1,000.00","1,000.00","-","-","30/Sep/2020 MY (UTC+08:00)","14:26 MY (UTC+08:00)","0","0","-","13,139.00","018 - Teller","000F416A","1268","7541 - TT CREDIT WITHOUT FLOAT","14,985.17","","-","LOO GUIK TEIN      *","TT CREDIT WITHOUT FLOAT","","-"
"506061106008","Current Account","FIRST WORLD HOTELS &RESORTS SDN BHD","MYR","2020-09-30 MY (UTC+08:00)","2020-09-30 MY (UTC+08:00)","2","4","1,000.00","1,000.00","-","-","30/Sep/2020 MY (UTC+08:00)","01:27 MY (UTC+08:00)","XFR DEBIT SVC CHARGE","","2.00","-","011 - System","BTCH6587","0606","XFRDRSVC - SERVICE CHARGE","14,983.17","","-","","","","-"
"506061106008","Current Account","FIRST WORLD HOTELS &RESORTS SDN BHD","MYR","2020-09-30 MY (UTC+08:00)","2020-09-30 MY (UTC+08:00)","2","4","1,000.00","1,000.00","-","-","30/Sep/2020 MY (UTC+08:00)","01:27 MY (UTC+08:00)","GENTING MALAYSIA BERHAD","514011468149","14,011.69","-","011 - System","BTCH6587","0606","XFRDR - FUND TRANSFER DEBIT","971.48","","-","","","","-"
"506061106008","Current Account","FIRST WORLD HOTELS &RESORTS SDN BHD","MYR","2020-09-30 MY (UTC+08:00)","2020-09-30 MY (UTC+08:00)","2","4","1,000.00","1,000.00","-","-","30/Sep/2020 MY (UTC+08:00)","05:40 MY (UTC+08:00)","9201752011 CR/CARD SALES  DATED 30092020","20113009","-","28.52","011 - System","CBSX4498","3104","2210 - CARDS CREDIT","1,000.00","","-","","","","-"
