﻿Account Number,Account Type,Account Name,Account Currency,Date From,Date To,Total Debit,Total Credit,Begin Balance,End Balance,Transaction Date,Transaction Time,Posting Date,Processing Time,Transaction Description,Transaction Ref,Debit,Credit,Source Code,Teller ID,Branch/Channel,Transaction Code,End Balance,Filler,Virtual Account,Transaction Description 2,Transaction Description 3,Transaction Description 4,Expiry Date
"506061106008","Current Account","FIRST WORLD HOTELS &RESORTS SDN BHD","MYR","2020-09-01 MY (UTC+08:00)","2020-09-30 MY (UTC+08:00)","76","135","1,000.00","1,000.00","-","-","01/Sep/2020 MY (UTC+08:00)","06:10 MY (UTC+08:00)","9870277878 CR/CARD SALES  DATED 01092020","78780109","-","3,345.37","011 - System","CBSX4498","3104","2210 - CARDS CREDIT","4,345.37","","-","","","","-"
"506061106008","Current Account","FIRST WORLD HOTELS &RESORTS SDN BHD","MYR","2020-09-01 MY (UTC+08:00)","2020-09-30 MY (UTC+08:00)","76","135","1,000.00","1,000.00","-","-","01/Sep/2020 MY (UTC+08:00)","06:10 MY (UTC+08:00)","9204418149 CR/CARD SALES  DATED 01092020","81490109","-","137.55","011 - System","CBSX4498","3104","2210 - CARDS CREDIT","4,482.92","","-","","","","-"
"506061106008","Current Account","FIRST WORLD HOTELS &RESORTS SDN BHD","MYR","2020-09-01 MY (UTC+08:00)","2020-09-30 MY (UTC+08:00)","76","135","1,000.00","1,000.00","-","-","01/Sep/2020 MY (UTC+08:00)","08:32 MY (UTC+08:00)","CR/CARD SALES M/N 1183957 DATED 29082020","39572908","-","964.79","011 - System","CBSX4498","2719","2981 - MERCHANT CREDIT CARD SALES","5,447.71","","-","","","","-"
"506061106008","Current Account","FIRST WORLD HOTELS &RESORTS SDN BHD","MYR","2020-09-01 MY (UTC+08:00)","2020-09-30 MY (UTC+08:00)","76","135","1,000.00","1,000.00","-","-","01/Sep/2020 MY (UTC+08:00)","08:32 MY (UTC+08:00)","CR/CARD SALES M/N 1183957 DATED 30082020","39573008","-","132.81","011 - System","CBSX4498","2719","2981 - MERCHANT CREDIT CARD SALES","5,580.52","","-","","","","-"
"506061106008","Current Account","FIRST WORLD HOTELS &RESORTS SDN BHD","MYR","2020-09-01 MY (UTC+08:00)","2020-09-30 MY (UTC+08:00)","76","135","1,000.00","1,000.00","-","-","01/Sep/2020 MY (UTC+08:00)","08:32 MY (UTC+08:00)","CR/CARD SALES M/N 1183957 DATED 31082020","39573108","-","992.17","011 - System","CBSX4498","2719","2981 - MERCHANT CREDIT CARD SALES","6,572.69","","-","","","","-"
"506061106008","Current Account","FIRST WORLD HOTELS &RESORTS SDN BHD","MYR","2020-09-01 MY (UTC+08:00)","2020-09-30 MY (UTC+08:00)","76","135","1,000.00","1,000.00","-","-","01/Sep/2020 MY (UTC+08:00)","08:32 MY (UTC+08:00)","CR/CARD SALES M/N 4225090 DATED 28082020","50902808","-","207.29","011 - System","CBSX4498","2719","2981 - MERCHANT CREDIT CARD SALES","6,779.98","","-","","","","-"
"506061106008","Current Account","FIRST WORLD HOTELS &RESORTS SDN BHD","MYR","2020-09-01 MY (UTC+08:00)","2020-09-30 MY (UTC+08:00)","76","135","1,000.00","1,000.00","-","-","01/Sep/2020 MY (UTC+08:00)","08:32 MY (UTC+08:00)","CR/CARD SALES M/N 4225090 DATED 29082020","50902908","-","2,726.84","011 - System","CBSX4498","2719","2981 - MERCHANT CREDIT CARD SALES","9,506.82","","-","","","","-"
"506061106008","Current Account","FIRST WORLD HOTELS &RESORTS SDN BHD","MYR","2020-09-01 MY (UTC+08:00)","2020-09-30 MY (UTC+08:00)","76","135","1,000.00","1,000.00","-","-","01/Sep/2020 MY (UTC+08:00)","08:32 MY (UTC+08:00)","CR/CARD SALES M/N 4225090 DATED 30082020","50903008","-","9,007.70","011 - System","CBSX4498","2719","2981 - MERCHANT CREDIT CARD SALES","18,514.52","","-","","","","-"
"506061106008","Current Account","FIRST WORLD HOTELS &RESORTS SDN BHD","MYR","2020-09-01 MY (UTC+08:00)","2020-09-30 MY (UTC+08:00)","76","135","1,000.00","1,000.00","-","-","01/Sep/2020 MY (UTC+08:00)","08:32 MY (UTC+08:00)","CR/CARD SALES M/N 4225090 DATED 31082020","50903108","-","4,677.13","011 - System","CBSX4498","2719","2981 - MERCHANT CREDIT CARD SALES","23,191.65","","-","","","","-"
"506061106008","Current Account","FIRST WORLD HOTELS &RESORTS SDN BHD","MYR","2020-09-01 MY (UTC+08:00)","2020-09-30 MY (UTC+08:00)","76","135","1,000.00","1,000.00","-","-","01/Sep/2020 MY (UTC+08:00)","09:57 MY (UTC+08:00)","IBG PAYMENT INTO A/C","Ventaserv55755576","-","9,152.79","011 - System","CBSX406C","2601","7991 - INTER-BANK PAYMENT INTO A/C","32,344.44","","-","VENTASERV SDN BHD","INTER-BANK PAYMENT INTO A/C","","-"
"506061106008","Current Account","FIRST WORLD HOTELS &RESORTS SDN BHD","MYR","2020-09-01 MY (UTC+08:00)","2020-09-30 MY (UTC+08:00)","76","135","1,000.00","1,000.00","-","-","01/Sep/2020 MY (UTC+08:00)","11:30 MY (UTC+08:00)","FWH78501","FWH78501","-","330.00","018 - Teller","0000540A","0606","7100 - CASH DEPOSIT","32,674.44","","-","","","","-"
"506061106008","Current Account","FIRST WORLD HOTELS &RESORTS SDN BHD","MYR","2020-09-01 MY (UTC+08:00)","2020-09-30 MY (UTC+08:00)","76","135","1,000.00","1,000.00","-","-","01/Sep/2020 MY (UTC+08:00)","21:54 MY (UTC+08:00)","IBG TRANSACTION","PMT ON BEHALF OF SIG","-","10,194.34","011 - System","CBSX406C","2601","7991 - INTER-BANK PAYMENT INTO A/C","42,868.78","","-","SIGMA ELEVATOR (M)","INTER-BANK PAYMENT INTO A/C","","-"
"506061106008","Current Account","FIRST WORLD HOTELS &RESORTS SDN BHD","MYR","2020-09-01 MY (UTC+08:00)","2020-09-30 MY (UTC+08:00)","76","135","1,000.00","1,000.00","-","-","01/Sep/2020 MY (UTC+08:00)","01:45 MY (UTC+08:00)","XFR DEBIT SVC CHARGE","","2.00","-","011 - System","BTCH6587","0606","XFRDRSVC - SERVICE CHARGE","42,866.78","","-","","","","-"
"506061106008","Current Account","FIRST WORLD HOTELS &RESORTS SDN BHD","MYR","2020-09-01 MY (UTC+08:00)","2020-09-30 MY (UTC+08:00)","76","135","1,000.00","1,000.00","-","-","01/Sep/2020 MY (UTC+08:00)","01:45 MY (UTC+08:00)","GENTING MALAYSIA BERHAD","514011468149","41,866.78","-","011 - System","BTCH6587","0606","XFRDR - FUND TRANSFER DEBIT","1,000.00","","-","","","","-"
"506061106008","Current Account","FIRST WORLD HOTELS &RESORTS SDN BHD","MYR","2020-09-01 MY (UTC+08:00)","2020-09-30 MY (UTC+08:00)","76","135","1,000.00","1,000.00","-","-","02/Sep/2020 MY (UTC+08:00)","08:31 MY (UTC+08:00)","CR/CARD SALES M/N 1183957 DATED 01092020","39570109","-","697.61","011 - System","CBSX4498","2719","2981 - MERCHANT CREDIT CARD SALES","1,697.61","","-","","","","-"
"506061106008","Current Account","FIRST WORLD HOTELS &RESORTS SDN BHD","MYR","2020-09-01 MY (UTC+08:00)","2020-09-30 MY (UTC+08:00)","76","135","1,000.00","1,000.00","-","-","02/Sep/2020 MY (UTC+08:00)","08:31 MY (UTC+08:00)","CR/CARD SALES M/N 4225090 DATED 01092020","50900109","-","783.84","011 - System","CBSX4498","2719","2981 - MERCHANT CREDIT CARD SALES","2,481.45","","-","","","","-"
"506061106008","Current Account","FIRST WORLD HOTELS &RESORTS SDN BHD","MYR","2020-09-01 MY (UTC+08:00)","2020-09-30 MY (UTC+08:00)","76","135","1,000.00","1,000.00","-","-","02/Sep/2020 MY (UTC+08:00)","12:14 MY (UTC+08:00)","","MOF","-","188.68","003 - ATM","934PHONE","2988","7610 - TRANSFER TO A/C","2,670.13","","-","NOR ISMAIL BIN NORD*","TRANSFER TO A/C","","-"
"506061106008","Current Account","FIRST WORLD HOTELS &RESORTS SDN BHD","MYR","2020-09-01 MY (UTC+08:00)","2020-09-30 MY (UTC+08:00)","76","135","1,000.00","1,000.00","-","-","02/Sep/2020 MY (UTC+08:00)","18:52 MY (UTC+08:00)","GHS/01092020/0003 00","04805418","-","5,097.17","011 - System","CBSX406C","2601","7991 - INTER-BANK PAYMENT INTO A/C","7,767.30","","-","GENTING HIGHLANDS","INTER-BANK PAYMENT INTO A/C","","-"
"506061106008","Current Account","FIRST WORLD HOTELS &RESORTS SDN BHD","MYR","2020-09-01 MY (UTC+08:00)","2020-09-30 MY (UTC+08:00)","76","135","1,000.00","1,000.00","-","-","02/Sep/2020 MY (UTC+08:00)","18:52 MY (UTC+08:00)","IBG PAYMENT INTO A/C","102512","-","101.76","011 - System","CBSX406C","2601","7991 - INTER-BANK PAYMENT INTO A/C","7,869.06","","-","CIMB BANK BERHAD (H","INTER-BANK PAYMENT INTO A/C","","-"
"506061106008","Current Account","FIRST WORLD HOTELS &RESORTS SDN BHD","MYR","2020-09-01 MY (UTC+08:00)","2020-09-30 MY (UTC+08:00)","76","135","1,000.00","1,000.00","-","-","02/Sep/2020 MY (UTC+08:00)","01:39 MY (UTC+08:00)","XFR DEBIT SVC CHARGE","","2.00","-","011 - System","BTCH6587","0606","XFRDRSVC - SERVICE CHARGE","7,867.06","","-","","","","-"
"506061106008","Current Account","FIRST WORLD HOTELS &RESORTS SDN BHD","MYR","2020-09-01 MY (UTC+08:00)","2020-09-30 MY (UTC+08:00)","76","135","1,000.00","1,000.00","-","-","02/Sep/2020 MY (UTC+08:00)","01:39 MY (UTC+08:00)","GENTING MALAYSIA BERHAD","514011468149","7,164.77","-","011 - System","BTCH6587","0606","XFRDR - FUND TRANSFER DEBIT","702.29","","-","","","","-"
"506061106008","Current Account","FIRST WORLD HOTELS &RESORTS SDN BHD","MYR","2020-09-01 MY (UTC+08:00)","2020-09-30 MY (UTC+08:00)","76","135","1,000.00","1,000.00","-","-","02/Sep/2020 MY (UTC+08:00)","05:45 MY (UTC+08:00)","9870277878 CR/CARD SALES  DATED 02092020","78780209","-","297.71","011 - System","CBSX4498","3104","2210 - CARDS CREDIT","1,000.00","","-","","","","-"
"506061106008","Current Account","FIRST WORLD HOTELS &RESORTS SDN BHD","MYR","2020-09-01 MY (UTC+08:00)","2020-09-30 MY (UTC+08:00)","76","135","1,000.00","1,000.00","-","-","03/Sep/2020 MY (UTC+08:00)","08:31 MY (UTC+08:00)","CR/CARD SALES M/N 1183957 DATED 02092020","39570209","-","510.33","011 - System","CBSX4498","2719","2981 - MERCHANT CREDIT CARD SALES","1,510.33","","-","","","","-"
"506061106008","Current Account","FIRST WORLD HOTELS &RESORTS SDN BHD","MYR","2020-09-01 MY (UTC+08:00)","2020-09-30 MY (UTC+08:00)","76","135","1,000.00","1,000.00","-","-","03/Sep/2020 MY (UTC+08:00)","08:31 MY (UTC+08:00)","CR/CARD SALES M/N 4225090 DATED 02092020","50900209","-","1,261.74","011 - System","CBSX4498","2719","2981 - MERCHANT CREDIT CARD SALES","2,772.07","","-","","","","-"
"506061106008","Current Account","FIRST WORLD HOTELS &RESORTS SDN BHD","MYR","2020-09-01 MY (UTC+08:00)","2020-09-30 MY (UTC+08:00)","76","135","1,000.00","1,000.00","-","-","03/Sep/2020 MY (UTC+08:00)","01:34 MY (UTC+08:00)","XFR DEBIT SVC CHARGE","","2.00","-","011 - System","BTCH6587","0606","XFRDRSVC - SERVICE CHARGE","2,770.07","","-","","","","-"
"506061106008","Current Account","FIRST WORLD HOTELS &RESORTS SDN BHD","MYR","2020-09-01 MY (UTC+08:00)","2020-09-30 MY (UTC+08:00)","76","135","1,000.00","1,000.00","-","-","03/Sep/2020 MY (UTC+08:00)","01:34 MY (UTC+08:00)","GENTING MALAYSIA BERHAD","514011468149","2,051.95","-","011 - System","BTCH6587","0606","XFRDR - FUND TRANSFER DEBIT","718.12","","-","","","","-"
"506061106008","Current Account","FIRST WORLD HOTELS &RESORTS SDN BHD","MYR","2020-09-01 MY (UTC+08:00)","2020-09-30 MY (UTC+08:00)","76","135","1,000.00","1,000.00","-","-","03/Sep/2020 MY (UTC+08:00)","05:11 MY (UTC+08:00)","MBB HQ ACCOUNTS PAYA","325794","-","96.00","025 - Office","CBSX4618","2502","CCRBEN1 - CMS - CR PYMT MARS","814.12","","-","MAPS-PROPERTY","CMS - CR PYMT MARS","","-"
"506061106008","Current Account","FIRST WORLD HOTELS &RESORTS SDN BHD","MYR","2020-09-01 MY (UTC+08:00)","2020-09-30 MY (UTC+08:00)","76","135","1,000.00","1,000.00","-","-","03/Sep/2020 MY (UTC+08:00)","05:42 MY (UTC+08:00)","9870277878 CR/CARD SALES  DATED 03092020","78780309","-","185.88","011 - System","CBSX4498","3104","2210 - CARDS CREDIT","1,000.00","","-","","","","-"
"506061106008","Current Account","FIRST WORLD HOTELS &RESORTS SDN BHD","MYR","2020-09-01 MY (UTC+08:00)","2020-09-30 MY (UTC+08:00)","76","135","1,000.00","1,000.00","-","-","04/Sep/2020 MY (UTC+08:00)","08:31 MY (UTC+08:00)","CR/CARD SALES M/N 1183957 DATED 03092020","39570309","-","118.27","011 - System","CBSX4498","2719","2981 - MERCHANT CREDIT CARD SALES","1,118.27","","-","","","","-"
"506061106008","Current Account","FIRST WORLD HOTELS &RESORTS SDN BHD","MYR","2020-09-01 MY (UTC+08:00)","2020-09-30 MY (UTC+08:00)","76","135","1,000.00","1,000.00","-","-","04/Sep/2020 MY (UTC+08:00)","08:31 MY (UTC+08:00)","CR/CARD SALES M/N 4225090 DATED 03092020","50900309","-","2,136.84","011 - System","CBSX4498","2719","2981 - MERCHANT CREDIT CARD SALES","3,255.11","","-","","","","-"
"506061106008","Current Account","FIRST WORLD HOTELS &RESORTS SDN BHD","MYR","2020-09-01 MY (UTC+08:00)","2020-09-30 MY (UTC+08:00)","76","135","1,000.00","1,000.00","-","-","04/Sep/2020 MY (UTC+08:00)","00:45 MY (UTC+08:00)","QRCASA SALES M/N 0124567 DATED 04092020","","-","0.35","011 - System","CBSX425P","2988","8301 - BILLS PAYMENT CREDIT","3,255.46","","-","","","","-"
"506061106008","Current Account","FIRST WORLD HOTELS &RESORTS SDN BHD","MYR","2020-09-01 MY (UTC+08:00)","2020-09-30 MY (UTC+08:00)","76","135","1,000.00","1,000.00","-","-","04/Sep/2020 MY (UTC+08:00)","00:46 MY (UTC+08:00)","QRCASA REFUND M/N 0124567 DATED 04092020","","0.11","-","011 - System","CBSX425P","2988","6423 - ","3,255.35","","-","","","","-"
"506061106008","Current Account","FIRST WORLD HOTELS &RESORTS SDN BHD","MYR","2020-09-01 MY (UTC+08:00)","2020-09-30 MY (UTC+08:00)","76","135","1,000.00","1,000.00","-","-","04/Sep/2020 MY (UTC+08:00)","01:12 MY (UTC+08:00)","GENTING MALAYSIA BERHAD","514011468149","2,469.72","-","011 - System","BTCH6587","0606","XFRDR - FUND TRANSFER DEBIT","785.63","","-","","","","-"
"506061106008","Current Account","FIRST WORLD HOTELS &RESORTS SDN BHD","MYR","2020-09-01 MY (UTC+08:00)","2020-09-30 MY (UTC+08:00)","76","135","1,000.00","1,000.00","-","-","04/Sep/2020 MY (UTC+08:00)","01:12 MY (UTC+08:00)","XFR DEBIT SVC CHARGE","","2.00","-","011 - System","BTCH6587","0606","XFRDRSVC - SERVICE CHARGE","783.63","","-","","","","-"
"506061106008","Current Account","FIRST WORLD HOTELS &RESORTS SDN BHD","MYR","2020-09-01 MY (UTC+08:00)","2020-09-30 MY (UTC+08:00)","76","135","1,000.00","1,000.00","-","-","04/Sep/2020 MY (UTC+08:00)","05:35 MY (UTC+08:00)","9870277878 CR/CARD SALES  DATED 04092020","78780409","-","216.37","011 - System","CBSX4498","3104","2210 - CARDS CREDIT","1,000.00","","-","","","","-"
"506061106008","Current Account","FIRST WORLD HOTELS &RESORTS SDN BHD","MYR","2020-09-01 MY (UTC+08:00)","2020-09-30 MY (UTC+08:00)","76","135","1,000.00","1,000.00","-","-","05/Sep/2020 MY (UTC+08:00)","00:46 MY (UTC+08:00)","QRCASA SALES M/N 0124567 DATED 05092020","","-","5.00","011 - System","CBSX425P","2988","8301 - BILLS PAYMENT CREDIT","1,005.00","","-","","","","-"
"506061106008","Current Account","FIRST WORLD HOTELS &RESORTS SDN BHD","MYR","2020-09-01 MY (UTC+08:00)","2020-09-30 MY (UTC+08:00)","76","135","1,000.00","1,000.00","-","-","05/Sep/2020 MY (UTC+08:00)","00:47 MY (UTC+08:00)","S/C TRANS VIA QRPAY 000027060124567","","0.01","-","011 - System","CBSX4237","2996","PCSCDR - PAYEE CORP SERVICE CHARGE DEBIT","1,004.99","","-","","","","-"
"506061106008","Current Account","FIRST WORLD HOTELS &RESORTS SDN BHD","MYR","2020-09-01 MY (UTC+08:00)","2020-09-30 MY (UTC+08:00)","76","135","1,000.00","1,000.00","-","-","05/Sep/2020 MY (UTC+08:00)","01:34 MY (UTC+08:00)","XFR DEBIT SVC CHARGE","","2.00","-","011 - System","BTCH6587","0606","XFRDRSVC - SERVICE CHARGE","1,002.99","","-","","","","-"
"506061106008","Current Account","FIRST WORLD HOTELS &RESORTS SDN BHD","MYR","2020-09-01 MY (UTC+08:00)","2020-09-30 MY (UTC+08:00)","76","135","1,000.00","1,000.00","-","-","05/Sep/2020 MY (UTC+08:00)","01:34 MY (UTC+08:00)","GENTING MALAYSIA BERHAD","514011468149","2.99","-","011 - System","BTCH6587","0606","XFRDR - FUND TRANSFER DEBIT","1,000.00","","-","","","","-"
"506061106008","Current Account","FIRST WORLD HOTELS &RESORTS SDN BHD","MYR","2020-09-01 MY (UTC+08:00)","2020-09-30 MY (UTC+08:00)","76","135","1,000.00","1,000.00","-","-","06/Sep/2020 MY (UTC+08:00)","00:45 MY (UTC+08:00)","QRCASA SALES M/N 0124567 DATED 06092020","","-","10.00","011 - System","CBSX425P","2988","8301 - BILLS PAYMENT CREDIT","1,010.00","","-","","","","-"
"506061106008","Current Account","FIRST WORLD HOTELS &RESORTS SDN BHD","MYR","2020-09-01 MY (UTC+08:00)","2020-09-30 MY (UTC+08:00)","76","135","1,000.00","1,000.00","-","-","06/Sep/2020 MY (UTC+08:00)","00:46 MY (UTC+08:00)","S/C TRANS VIA QRPAY 000027060124567","","0.02","-","011 - System","CBSX4237","2996","PCSCDR - PAYEE CORP SERVICE CHARGE DEBIT","1,009.98","","-","","","","-"
"506061106008","Current Account","FIRST WORLD HOTELS &RESORTS SDN BHD","MYR","2020-09-01 MY (UTC+08:00)","2020-09-30 MY (UTC+08:00)","76","135","1,000.00","1,000.00","-","-","06/Sep/2020 MY (UTC+08:00)","01:31 MY (UTC+08:00)","XFR DEBIT SVC CHARGE","","2.00","-","011 - System","BTCH6587","0606","XFRDRSVC - SERVICE CHARGE","1,007.98","","-","","","","-"
"506061106008","Current Account","FIRST WORLD HOTELS &RESORTS SDN BHD","MYR","2020-09-01 MY (UTC+08:00)","2020-09-30 MY (UTC+08:00)","76","135","1,000.00","1,000.00","-","-","06/Sep/2020 MY (UTC+08:00)","01:31 MY (UTC+08:00)","GENTING MALAYSIA BERHAD","514011468149","7.98","-","011 - System","BTCH6587","0606","XFRDR - FUND TRANSFER DEBIT","1,000.00","","-","","","","-"
"506061106008","Current Account","FIRST WORLD HOTELS &RESORTS SDN BHD","MYR","2020-09-01 MY (UTC+08:00)","2020-09-30 MY (UTC+08:00)","76","135","1,000.00","1,000.00","-","-","07/Sep/2020 MY (UTC+08:00)","08:31 MY (UTC+08:00)","CR/CARD SALES M/N 1183957 DATED 04092020","39570409","-","9.94","011 - System","CBSX4498","2719","2981 - MERCHANT CREDIT CARD SALES","1,009.94","","-","","","","-"
"506061106008","Current Account","FIRST WORLD HOTELS &RESORTS SDN BHD","MYR","2020-09-01 MY (UTC+08:00)","2020-09-30 MY (UTC+08:00)","76","135","1,000.00","1,000.00","-","-","07/Sep/2020 MY (UTC+08:00)","08:31 MY (UTC+08:00)","CR/CARD SALES M/N 1183957 DATED 05092020","39570509","-","431.69","011 - System","CBSX4498","2719","2981 - MERCHANT CREDIT CARD SALES","1,441.63","","-","","","","-"
"506061106008","Current Account","FIRST WORLD HOTELS &RESORTS SDN BHD","MYR","2020-09-01 MY (UTC+08:00)","2020-09-30 MY (UTC+08:00)","76","135","1,000.00","1,000.00","-","-","07/Sep/2020 MY (UTC+08:00)","08:31 MY (UTC+08:00)","CR/CARD SALES M/N 1183957 DATED 06092020","39570609","-","832.26","011 - System","CBSX4498","2719","2981 - MERCHANT CREDIT CARD SALES","2,273.89","","-","","","","-"
"506061106008","Current Account","FIRST WORLD HOTELS &RESORTS SDN BHD","MYR","2020-09-01 MY (UTC+08:00)","2020-09-30 MY (UTC+08:00)","76","135","1,000.00","1,000.00","-","-","07/Sep/2020 MY (UTC+08:00)","08:31 MY (UTC+08:00)","CR/CARD SALES M/N 4225090 DATED 04092020","50900409","-","4,021.10","011 - System","CBSX4498","2719","2981 - MERCHANT CREDIT CARD SALES","6,294.99","","-","","","","-"
"506061106008","Current Account","FIRST WORLD HOTELS &RESORTS SDN BHD","MYR","2020-09-01 MY (UTC+08:00)","2020-09-30 MY (UTC+08:00)","76","135","1,000.00","1,000.00","-","-","07/Sep/2020 MY (UTC+08:00)","08:31 MY (UTC+08:00)","CR/CARD SALES M/N 4225090 DATED 05092020","50900509","-","4,812.31","011 - System","CBSX4498","2719","2981 - MERCHANT CREDIT CARD SALES","11,107.30","","-","","","","-"
"506061106008","Current Account","FIRST WORLD HOTELS &RESORTS SDN BHD","MYR","2020-09-01 MY (UTC+08:00)","2020-09-30 MY (UTC+08:00)","76","135","1,000.00","1,000.00","-","-","07/Sep/2020 MY (UTC+08:00)","08:31 MY (UTC+08:00)","CR/CARD SALES M/N 4225090 DATED 06092020","50900609","-","5,335.70","011 - System","CBSX4498","2719","2981 - MERCHANT CREDIT CARD SALES","16,443.00","","-","","","","-"
"506061106008","Current Account","FIRST WORLD HOTELS &RESORTS SDN BHD","MYR","2020-09-01 MY (UTC+08:00)","2020-09-30 MY (UTC+08:00)","76","135","1,000.00","1,000.00","-","-","07/Sep/2020 MY (UTC+08:00)","08:31 MY (UTC+08:00)","CR/CARD SALES M/N 1099404 DATED 05092020","94040509","-","0.01","011 - System","CBSX4498","2719","2981 - MERCHANT CREDIT CARD SALES","16,443.01","","-","","","","-"
"506061106008","Current Account","FIRST WORLD HOTELS &RESORTS SDN BHD","MYR","2020-09-01 MY (UTC+08:00)","2020-09-30 MY (UTC+08:00)","76","135","1,000.00","1,000.00","-","-","07/Sep/2020 MY (UTC+08:00)","08:31 MY (UTC+08:00)","CR/CARD SALES M/N 1099404 DATED 05092020","94040509","-","0.11","011 - System","CBSX4498","2719","2981 - MERCHANT CREDIT CARD SALES","16,443.12","","-","","","","-"
"506061106008","Current Account","FIRST WORLD HOTELS &RESORTS SDN BHD","MYR","2020-09-01 MY (UTC+08:00)","2020-09-30 MY (UTC+08:00)","76","135","1,000.00","1,000.00","-","-","07/Sep/2020 MY (UTC+08:00)","09:43 MY (UTC+08:00)","EO14203","Q20341G8Y2","-","3,750.00","011 - System","CBSX406C","2601","7991 - INTER-BANK PAYMENT INTO A/C","20,193.12","","-","ABH TRAVEL (M) SDN","INTER-BANK PAYMENT INTO A/C","","-"
"506061106008","Current Account","FIRST WORLD HOTELS &RESORTS SDN BHD","MYR","2020-09-01 MY (UTC+08:00)","2020-09-30 MY (UTC+08:00)","76","135","1,000.00","1,000.00","-","-","07/Sep/2020 MY (UTC+08:00)","11:25 MY (UTC+08:00)","FWH78502","78502","-","315.60","018 - Teller","0000544A","0606","7100 - CASH DEPOSIT","20,508.72","","-","","","","-"
"506061106008","Current Account","FIRST WORLD HOTELS &RESORTS SDN BHD","MYR","2020-09-01 MY (UTC+08:00)","2020-09-30 MY (UTC+08:00)","76","135","1,000.00","1,000.00","-","-","07/Sep/2020 MY (UTC+08:00)","14:22 MY (UTC+08:00)","","Q20234d","-","5,802.00","003 - ATM","961PHONE","2988","7610 - TRANSFER TO A/C","26,310.72","","-","NUR NAJWA BINTI ABD*","TRANSFER TO A/C","","-"
"506061106008","Current Account","FIRST WORLD HOTELS &RESORTS SDN BHD","MYR","2020-09-01 MY (UTC+08:00)","2020-09-30 MY (UTC+08:00)","76","135","1,000.00","1,000.00","-","-","07/Sep/2020 MY (UTC+08:00)","00:46 MY (UTC+08:00)","QRCASA SALES M/N 0124567 DATED 07092020","","-","80.00","011 - System","CBSX425P","2988","8301 - BILLS PAYMENT CREDIT","26,390.72","","-","","","","-"
"506061106008","Current Account","FIRST WORLD HOTELS &RESORTS SDN BHD","MYR","2020-09-01 MY (UTC+08:00)","2020-09-30 MY (UTC+08:00)","76","135","1,000.00","1,000.00","-","-","07/Sep/2020 MY (UTC+08:00)","00:47 MY (UTC+08:00)","S/C TRANS VIA QRPAY 000027060124567","","0.20","-","011 - System","CBSX4237","2996","PCSCDR - PAYEE CORP SERVICE CHARGE DEBIT","26,390.52","","-","","","","-"
"506061106008","Current Account","FIRST WORLD HOTELS &RESORTS SDN BHD","MYR","2020-09-01 MY (UTC+08:00)","2020-09-30 MY (UTC+08:00)","76","135","1,000.00","1,000.00","-","-","07/Sep/2020 MY (UTC+08:00)","01:39 MY (UTC+08:00)","XFR DEBIT SVC CHARGE","","2.00","-","011 - System","BTCH6587","0606","XFRDRSVC - SERVICE CHARGE","26,388.52","","-","","","","-"
"506061106008","Current Account","FIRST WORLD HOTELS &RESORTS SDN BHD","MYR","2020-09-01 MY (UTC+08:00)","2020-09-30 MY (UTC+08:00)","76","135","1,000.00","1,000.00","-","-","07/Sep/2020 MY (UTC+08:00)","01:39 MY (UTC+08:00)","GENTING MALAYSIA BERHAD","514011468149","25,444.58","-","011 - System","BTCH6587","0606","XFRDR - FUND TRANSFER DEBIT","943.94","","-","","","","-"
"506061106008","Current Account","FIRST WORLD HOTELS &RESORTS SDN BHD","MYR","2020-09-01 MY (UTC+08:00)","2020-09-30 MY (UTC+08:00)","76","135","1,000.00","1,000.00","-","-","07/Sep/2020 MY (UTC+08:00)","05:38 MY (UTC+08:00)","9201752011 CR/CARD SALES  DATED 07092020","20110709","-","4.92","011 - System","CBSX4498","3104","2210 - CARDS CREDIT","948.86","","-","","","","-"
"506061106008","Current Account","FIRST WORLD HOTELS &RESORTS SDN BHD","MYR","2020-09-01 MY (UTC+08:00)","2020-09-30 MY (UTC+08:00)","76","135","1,000.00","1,000.00","-","-","07/Sep/2020 MY (UTC+08:00)","05:38 MY (UTC+08:00)","9870277878 CR/CARD SALES  DATED 07092020","78780709","-","51.14","011 - System","CBSX4498","3104","2210 - CARDS CREDIT","1,000.00","","-","","","","-"
"506061106008","Current Account","FIRST WORLD HOTELS &RESORTS SDN BHD","MYR","2020-09-01 MY (UTC+08:00)","2020-09-30 MY (UTC+08:00)","76","135","1,000.00","1,000.00","-","-","08/Sep/2020 MY (UTC+08:00)","08:31 MY (UTC+08:00)","CR/CARD SALES M/N 1183957 DATED 07092020","39570709","-","1,013.02","011 - System","CBSX4498","2719","2981 - MERCHANT CREDIT CARD SALES","2,013.02","","-","","","","-"
"506061106008","Current Account","FIRST WORLD HOTELS &RESORTS SDN BHD","MYR","2020-09-01 MY (UTC+08:00)","2020-09-30 MY (UTC+08:00)","76","135","1,000.00","1,000.00","-","-","08/Sep/2020 MY (UTC+08:00)","08:31 MY (UTC+08:00)","CR/CARD SALES M/N 4225090 DATED 07092020","50900709","-","204.24","011 - System","CBSX4498","2719","2981 - MERCHANT CREDIT CARD SALES","2,217.26","","-","","","","-"
"506061106008","Current Account","FIRST WORLD HOTELS &RESORTS SDN BHD","MYR","2020-09-01 MY (UTC+08:00)","2020-09-30 MY (UTC+08:00)","76","135","1,000.00","1,000.00","-","-","08/Sep/2020 MY (UTC+08:00)","00:46 MY (UTC+08:00)","QRCASA SALES M/N 0124567 DATED 08092020","","-","10.00","011 - System","CBSX425P","2988","8301 - BILLS PAYMENT CREDIT","2,227.26","","-","","","","-"
"506061106008","Current Account","FIRST WORLD HOTELS &RESORTS SDN BHD","MYR","2020-09-01 MY (UTC+08:00)","2020-09-30 MY (UTC+08:00)","76","135","1,000.00","1,000.00","-","-","08/Sep/2020 MY (UTC+08:00)","00:46 MY (UTC+08:00)","S/C TRANS VIA QRPAY 000027060124567","","0.02","-","011 - System","CBSX4237","2996","PCSCDR - PAYEE CORP SERVICE CHARGE DEBIT","2,227.24","","-","","","","-"
"506061106008","Current Account","FIRST WORLD HOTELS &RESORTS SDN BHD","MYR","2020-09-01 MY (UTC+08:00)","2020-09-30 MY (UTC+08:00)","76","135","1,000.00","1,000.00","-","-","08/Sep/2020 MY (UTC+08:00)","00:56 MY (UTC+08:00)","XFR DEBIT SVC CHARGE","","2.00","-","011 - System","BTCH6587","0606","XFRDRSVC - SERVICE CHARGE","2,225.24","","-","","","","-"
"506061106008","Current Account","FIRST WORLD HOTELS &RESORTS SDN BHD","MYR","2020-09-01 MY (UTC+08:00)","2020-09-30 MY (UTC+08:00)","76","135","1,000.00","1,000.00","-","-","08/Sep/2020 MY (UTC+08:00)","00:56 MY (UTC+08:00)","GENTING MALAYSIA BERHAD","514011468149","2,982.28","-","011 - System","BTCH6587","0606","XFRDR - FUND TRANSFER DEBIT","-757.04","","-","","","","-"
"506061106008","Current Account","FIRST WORLD HOTELS &RESORTS SDN BHD","MYR","2020-09-01 MY (UTC+08:00)","2020-09-30 MY (UTC+08:00)","76","135","1,000.00","1,000.00","-","-","08/Sep/2020 MY (UTC+08:00)","05:34 MY (UTC+08:00)","9201752011 CR/CARD SALES  DATED 08092020","20110809","-","4.92","011 - System","CBSX4498","3104","2210 - CARDS CREDIT","-752.12","","-","","","","-"
"506061106008","Current Account","FIRST WORLD HOTELS &RESORTS SDN BHD","MYR","2020-09-01 MY (UTC+08:00)","2020-09-30 MY (UTC+08:00)","76","135","1,000.00","1,000.00","-","-","08/Sep/2020 MY (UTC+08:00)","05:34 MY (UTC+08:00)","9870277878 CR/CARD SALES  DATED 08092020","78780809","-","1,586.08","011 - System","CBSX4498","3104","2210 - CARDS CREDIT","833.96","","-","","","","-"
"506061106008","Current Account","FIRST WORLD HOTELS &RESORTS SDN BHD","MYR","2020-09-01 MY (UTC+08:00)","2020-09-30 MY (UTC+08:00)","76","135","1,000.00","1,000.00","-","-","08/Sep/2020 MY (UTC+08:00)","05:34 MY (UTC+08:00)","9204418149 CR/CARD SALES  DATED 08092020","81490809","-","166.04","011 - System","CBSX4498","3104","2210 - CARDS CREDIT","1,000.00","","-","","","","-"
"506061106008","Current Account","FIRST WORLD HOTELS &RESORTS SDN BHD","MYR","2020-09-01 MY (UTC+08:00)","2020-09-30 MY (UTC+08:00)","76","135","1,000.00","1,000.00","-","-","09/Sep/2020 MY (UTC+08:00)","08:31 MY (UTC+08:00)","CR/CARD SALES M/N 4225090 DATED 08092020","50900809","-","109.30","011 - System","CBSX4498","2719","2981 - MERCHANT CREDIT CARD SALES","1,109.30","","-","","","","-"
"506061106008","Current Account","FIRST WORLD HOTELS &RESORTS SDN BHD","MYR","2020-09-01 MY (UTC+08:00)","2020-09-30 MY (UTC+08:00)","76","135","1,000.00","1,000.00","-","-","09/Sep/2020 MY (UTC+08:00)","08:31 MY (UTC+08:00)","CR/CARD SALES M/N 1099404 DATED 08092020","94040809","-","4.96","011 - System","CBSX4498","2719","2981 - MERCHANT CREDIT CARD SALES","1,114.26","","-","","","","-"
"506061106008","Current Account","FIRST WORLD HOTELS &RESORTS SDN BHD","MYR","2020-09-01 MY (UTC+08:00)","2020-09-30 MY (UTC+08:00)","76","135","1,000.00","1,000.00","-","-","09/Sep/2020 MY (UTC+08:00)","00:47 MY (UTC+08:00)","QRCASA SALES M/N 0124567 DATED 09092020","","-","5.00","011 - System","CBSX425P","2988","8301 - BILLS PAYMENT CREDIT","1,119.26","","-","","","","-"
"506061106008","Current Account","FIRST WORLD HOTELS &RESORTS SDN BHD","MYR","2020-09-01 MY (UTC+08:00)","2020-09-30 MY (UTC+08:00)","76","135","1,000.00","1,000.00","-","-","09/Sep/2020 MY (UTC+08:00)","00:48 MY (UTC+08:00)","S/C TRANS VIA QRPAY 000027060124567","","0.01","-","011 - System","CBSX4237","2996","PCSCDR - PAYEE CORP SERVICE CHARGE DEBIT","1,119.25","","-","","","","-"
"506061106008","Current Account","FIRST WORLD HOTELS &RESORTS SDN BHD","MYR","2020-09-01 MY (UTC+08:00)","2020-09-30 MY (UTC+08:00)","76","135","1,000.00","1,000.00","-","-","09/Sep/2020 MY (UTC+08:00)","01:29 MY (UTC+08:00)","GENTING MALAYSIA BERHAD","514011468149","514.58","-","011 - System","BTCH6587","0606","XFRDR - FUND TRANSFER DEBIT","604.67","","-","","","","-"
"506061106008","Current Account","FIRST WORLD HOTELS &RESORTS SDN BHD","MYR","2020-09-01 MY (UTC+08:00)","2020-09-30 MY (UTC+08:00)","76","135","1,000.00","1,000.00","-","-","09/Sep/2020 MY (UTC+08:00)","01:29 MY (UTC+08:00)","XFR DEBIT SVC CHARGE","","2.00","-","011 - System","BTCH6587","0606","XFRDRSVC - SERVICE CHARGE","602.67","","-","","","","-"
"506061106008","Current Account","FIRST WORLD HOTELS &RESORTS SDN BHD","MYR","2020-09-01 MY (UTC+08:00)","2020-09-30 MY (UTC+08:00)","76","135","1,000.00","1,000.00","-","-","09/Sep/2020 MY (UTC+08:00)","05:32 MY (UTC+08:00)","9870277878 CR/CARD SALES  DATED 09092020","78780909","-","397.33","011 - System","CBSX4498","3104","2210 - CARDS CREDIT","1,000.00","","-","","","","-"
"506061106008","Current Account","FIRST WORLD HOTELS &RESORTS SDN BHD","MYR","2020-09-01 MY (UTC+08:00)","2020-09-30 MY (UTC+08:00)","76","135","1,000.00","1,000.00","-","-","10/Sep/2020 MY (UTC+08:00)","08:31 MY (UTC+08:00)","CR/CARD SALES M/N 1183957 DATED 09092020","39570909","-","829.89","011 - System","CBSX4498","2719","2981 - MERCHANT CREDIT CARD SALES","1,829.89","","-","","","","-"
"506061106008","Current Account","FIRST WORLD HOTELS &RESORTS SDN BHD","MYR","2020-09-01 MY (UTC+08:00)","2020-09-30 MY (UTC+08:00)","76","135","1,000.00","1,000.00","-","-","10/Sep/2020 MY (UTC+08:00)","20:24 MY (UTC+08:00)","50% PAYMENT-Q-20319-","50% PAYMENT-Q-20319-","-","8,000.00","011 - System","CBSX4464","1417","2882 - PAYMENT CREDIT - APS/OTHERS","9,829.89","","-","MXM INTERNATIONAL S*","PAYMENT CREDIT - APS/OTHERS","","-"
"506061106008","Current Account","FIRST WORLD HOTELS &RESORTS SDN BHD","MYR","2020-09-01 MY (UTC+08:00)","2020-09-30 MY (UTC+08:00)","76","135","1,000.00","1,000.00","-","-","10/Sep/2020 MY (UTC+08:00)","00:46 MY (UTC+08:00)","QRCASA SALES M/N 0124567 DATED 10092020","","-","5.00","011 - System","CBSX425P","2988","8301 - BILLS PAYMENT CREDIT","9,834.89","","-","","","","-"
"506061106008","Current Account","FIRST WORLD HOTELS &RESORTS SDN BHD","MYR","2020-09-01 MY (UTC+08:00)","2020-09-30 MY (UTC+08:00)","76","135","1,000.00","1,000.00","-","-","10/Sep/2020 MY (UTC+08:00)","00:47 MY (UTC+08:00)","S/C TRANS VIA QRPAY 000027060124567","","0.01","-","011 - System","CBSX4237","2996","PCSCDR - PAYEE CORP SERVICE CHARGE DEBIT","9,834.88","","-","","","","-"
"506061106008","Current Account","FIRST WORLD HOTELS &RESORTS SDN BHD","MYR","2020-09-01 MY (UTC+08:00)","2020-09-30 MY (UTC+08:00)","76","135","1,000.00","1,000.00","-","-","10/Sep/2020 MY (UTC+08:00)","01:27 MY (UTC+08:00)","XFR DEBIT SVC CHARGE","","2.00","-","011 - System","BTCH6587","0606","XFRDRSVC - SERVICE CHARGE","9,832.88","","-","","","","-"
"506061106008","Current Account","FIRST WORLD HOTELS &RESORTS SDN BHD","MYR","2020-09-01 MY (UTC+08:00)","2020-09-30 MY (UTC+08:00)","76","135","1,000.00","1,000.00","-","-","10/Sep/2020 MY (UTC+08:00)","01:27 MY (UTC+08:00)","GENTING MALAYSIA BERHAD","514011468149","8,832.88","-","011 - System","BTCH6587","0606","XFRDR - FUND TRANSFER DEBIT","1,000.00","","-","","","","-"
"506061106008","Current Account","FIRST WORLD HOTELS &RESORTS SDN BHD","MYR","2020-09-01 MY (UTC+08:00)","2020-09-30 MY (UTC+08:00)","76","135","1,000.00","1,000.00","-","-","11/Sep/2020 MY (UTC+08:00)","08:30 MY (UTC+08:00)","CR/CARD SALES M/N 1183957 DATED 10092020","39571009","-","571.85","011 - System","CBSX4498","2719","2981 - MERCHANT CREDIT CARD SALES","1,571.85","","-","","","","-"
"506061106008","Current Account","FIRST WORLD HOTELS &RESORTS SDN BHD","MYR","2020-09-01 MY (UTC+08:00)","2020-09-30 MY (UTC+08:00)","76","135","1,000.00","1,000.00","-","-","11/Sep/2020 MY (UTC+08:00)","00:45 MY (UTC+08:00)","QRCASA SALES M/N 0124567 DATED 11092020","","-","20.00","011 - System","CBSX425P","2988","8301 - BILLS PAYMENT CREDIT","1,591.85","","-","","","","-"
"506061106008","Current Account","FIRST WORLD HOTELS &RESORTS SDN BHD","MYR","2020-09-01 MY (UTC+08:00)","2020-09-30 MY (UTC+08:00)","76","135","1,000.00","1,000.00","-","-","11/Sep/2020 MY (UTC+08:00)","00:45 MY (UTC+08:00)","S/C TRANS VIA QRPAY 000027060124567","","0.05","-","011 - System","CBSX4237","2996","PCSCDR - PAYEE CORP SERVICE CHARGE DEBIT","1,591.80","","-","","","","-"
"506061106008","Current Account","FIRST WORLD HOTELS &RESORTS SDN BHD","MYR","2020-09-01 MY (UTC+08:00)","2020-09-30 MY (UTC+08:00)","76","135","1,000.00","1,000.00","-","-","11/Sep/2020 MY (UTC+08:00)","01:09 MY (UTC+08:00)","XFR DEBIT SVC CHARGE","","2.00","-","011 - System","BTCH6587","0606","XFRDRSVC - SERVICE CHARGE","1,589.80","","-","","","","-"
"506061106008","Current Account","FIRST WORLD HOTELS &RESORTS SDN BHD","MYR","2020-09-01 MY (UTC+08:00)","2020-09-30 MY (UTC+08:00)","76","135","1,000.00","1,000.00","-","-","11/Sep/2020 MY (UTC+08:00)","01:09 MY (UTC+08:00)","GENTING MALAYSIA BERHAD","514011468149","589.80","-","011 - System","BTCH6587","0606","XFRDR - FUND TRANSFER DEBIT","1,000.00","","-","","","","-"
"506061106008","Current Account","FIRST WORLD HOTELS &RESORTS SDN BHD","MYR","2020-09-01 MY (UTC+08:00)","2020-09-30 MY (UTC+08:00)","76","135","1,000.00","1,000.00","-","-","12/Sep/2020 MY (UTC+08:00)","00:46 MY (UTC+08:00)","QRCASA SALES M/N 0124567 DATED 12092020","","-","5.00","011 - System","CBSX425P","2988","8301 - BILLS PAYMENT CREDIT","1,005.00","","-","","","","-"
"506061106008","Current Account","FIRST WORLD HOTELS &RESORTS SDN BHD","MYR","2020-09-01 MY (UTC+08:00)","2020-09-30 MY (UTC+08:00)","76","135","1,000.00","1,000.00","-","-","12/Sep/2020 MY (UTC+08:00)","00:47 MY (UTC+08:00)","S/C TRANS VIA QRPAY 000027060124567","","0.01","-","011 - System","CBSX4237","2996","PCSCDR - PAYEE CORP SERVICE CHARGE DEBIT","1,004.99","","-","","","","-"
"506061106008","Current Account","FIRST WORLD HOTELS &RESORTS SDN BHD","MYR","2020-09-01 MY (UTC+08:00)","2020-09-30 MY (UTC+08:00)","76","135","1,000.00","1,000.00","-","-","12/Sep/2020 MY (UTC+08:00)","01:23 MY (UTC+08:00)","XFR DEBIT SVC CHARGE","","2.00","-","011 - System","BTCH6587","0606","XFRDRSVC - SERVICE CHARGE","1,002.99","","-","","","","-"
"506061106008","Current Account","FIRST WORLD HOTELS &RESORTS SDN BHD","MYR","2020-09-01 MY (UTC+08:00)","2020-09-30 MY (UTC+08:00)","76","135","1,000.00","1,000.00","-","-","12/Sep/2020 MY (UTC+08:00)","01:23 MY (UTC+08:00)","GENTING MALAYSIA BERHAD","514011468149","2.99","-","011 - System","BTCH6587","0606","XFRDR - FUND TRANSFER DEBIT","1,000.00","","-","","","","-"
"506061106008","Current Account","FIRST WORLD HOTELS &RESORTS SDN BHD","MYR","2020-09-01 MY (UTC+08:00)","2020-09-30 MY (UTC+08:00)","76","135","1,000.00","1,000.00","-","-","13/Sep/2020 MY (UTC+08:00)","00:46 MY (UTC+08:00)","QRCASA SALES M/N 0124567 DATED 13092020","","-","10.00","011 - System","CBSX425P","2988","8301 - BILLS PAYMENT CREDIT","1,010.00","","-","","","","-"
"506061106008","Current Account","FIRST WORLD HOTELS &RESORTS SDN BHD","MYR","2020-09-01 MY (UTC+08:00)","2020-09-30 MY (UTC+08:00)","76","135","1,000.00","1,000.00","-","-","13/Sep/2020 MY (UTC+08:00)","00:47 MY (UTC+08:00)","S/C TRANS VIA QRPAY 000027060124567","","0.02","-","011 - System","CBSX4237","2996","PCSCDR - PAYEE CORP SERVICE CHARGE DEBIT","1,009.98","","-","","","","-"
"506061106008","Current Account","FIRST WORLD HOTELS &RESORTS SDN BHD","MYR","2020-09-01 MY (UTC+08:00)","2020-09-30 MY (UTC+08:00)","76","135","1,000.00","1,000.00","-","-","13/Sep/2020 MY (UTC+08:00)","01:24 MY (UTC+08:00)","XFR DEBIT SVC CHARGE","","2.00","-","011 - System","BTCH6587","0606","XFRDRSVC - SERVICE CHARGE","1,007.98","","-","","","","-"
"506061106008","Current Account","FIRST WORLD HOTELS &RESORTS SDN BHD","MYR","2020-09-01 MY (UTC+08:00)","2020-09-30 MY (UTC+08:00)","76","135","1,000.00","1,000.00","-","-","13/Sep/2020 MY (UTC+08:00)","01:24 MY (UTC+08:00)","GENTING MALAYSIA BERHAD","514011468149","7.98","-","011 - System","BTCH6587","0606","XFRDR - FUND TRANSFER DEBIT","1,000.00","","-","","","","-"
"506061106008","Current Account","FIRST WORLD HOTELS &RESORTS SDN BHD","MYR","2020-09-01 MY (UTC+08:00)","2020-09-30 MY (UTC+08:00)","76","135","1,000.00","1,000.00","-","-","14/Sep/2020 MY (UTC+08:00)","08:32 MY (UTC+08:00)","CR/CARD SALES M/N 1183957 DATED 11092020","39571109","-","521.11","011 - System","CBSX4498","2719","2981 - MERCHANT CREDIT CARD SALES","1,521.11","","-","","","","-"
"506061106008","Current Account","FIRST WORLD HOTELS &RESORTS SDN BHD","MYR","2020-09-01 MY (UTC+08:00)","2020-09-30 MY (UTC+08:00)","76","135","1,000.00","1,000.00","-","-","14/Sep/2020 MY (UTC+08:00)","08:32 MY (UTC+08:00)","CR/CARD SALES M/N 1183957 DATED 12092020","39571209","-","3,172.38","011 - System","CBSX4498","2719","2981 - MERCHANT CREDIT CARD SALES","4,693.49","","-","","","","-"
"506061106008","Current Account","FIRST WORLD HOTELS &RESORTS SDN BHD","MYR","2020-09-01 MY (UTC+08:00)","2020-09-30 MY (UTC+08:00)","76","135","1,000.00","1,000.00","-","-","14/Sep/2020 MY (UTC+08:00)","08:32 MY (UTC+08:00)","CR/CARD SALES M/N 1183957 DATED 13092020","39571309","-","227.21","011 - System","CBSX4498","2719","2981 - MERCHANT CREDIT CARD SALES","4,920.70","","-","","","","-"
"506061106008","Current Account","FIRST WORLD HOTELS &RESORTS SDN BHD","MYR","2020-09-01 MY (UTC+08:00)","2020-09-30 MY (UTC+08:00)","76","135","1,000.00","1,000.00","-","-","14/Sep/2020 MY (UTC+08:00)","08:32 MY (UTC+08:00)","CR/CARD SALES M/N 4225090 DATED 11092020","50901109","-","32.70","011 - System","CBSX4498","2719","2981 - MERCHANT CREDIT CARD SALES","4,953.40","","-","","","","-"
"506061106008","Current Account","FIRST WORLD HOTELS &RESORTS SDN BHD","MYR","2020-09-01 MY (UTC+08:00)","2020-09-30 MY (UTC+08:00)","76","135","1,000.00","1,000.00","-","-","14/Sep/2020 MY (UTC+08:00)","08:32 MY (UTC+08:00)","CR/CARD SALES M/N 4225090 DATED 12092020","50901209","-","176.82","011 - System","CBSX4498","2719","2981 - MERCHANT CREDIT CARD SALES","5,130.22","","-","","","","-"
"506061106008","Current Account","FIRST WORLD HOTELS &RESORTS SDN BHD","MYR","2020-09-01 MY (UTC+08:00)","2020-09-30 MY (UTC+08:00)","76","135","1,000.00","1,000.00","-","-","14/Sep/2020 MY (UTC+08:00)","08:32 MY (UTC+08:00)","CR/CARD SALES M/N 4225090 DATED 13092020","50901309","-","272.54","011 - System","CBSX4498","2719","2981 - MERCHANT CREDIT CARD SALES","5,402.76","","-","","","","-"
"506061106008","Current Account","FIRST WORLD HOTELS &RESORTS SDN BHD","MYR","2020-09-01 MY (UTC+08:00)","2020-09-30 MY (UTC+08:00)","76","135","1,000.00","1,000.00","-","-","14/Sep/2020 MY (UTC+08:00)","09:37 MY (UTC+08:00)","FIRST-EXTERNAL MEETI","FIRST-EXTERNAL MEETI","-","8,150.00","011 - System","CBSX406C","2601","7991 - INTER-BANK PAYMENT INTO A/C","13,552.76","","-","RED CONTACT SDN BHD","INTER-BANK PAYMENT INTO A/C","","-"
"506061106008","Current Account","FIRST WORLD HOTELS &RESORTS SDN BHD","MYR","2020-09-01 MY (UTC+08:00)","2020-09-30 MY (UTC+08:00)","76","135","1,000.00","1,000.00","-","-","14/Sep/2020 MY (UTC+08:00)","18:40 MY (UTC+08:00)","300000193614551","S","-","101.76","011 - System","CBSX406C","2601","7991 - INTER-BANK PAYMENT INTO A/C","13,654.52","","-","HLBB - FINANCE OPER","INTER-BANK PAYMENT INTO A/C","","-"
"506061106008","Current Account","FIRST WORLD HOTELS &RESORTS SDN BHD","MYR","2020-09-01 MY (UTC+08:00)","2020-09-30 MY (UTC+08:00)","76","135","1,000.00","1,000.00","-","-","14/Sep/2020 MY (UTC+08:00)","00:45 MY (UTC+08:00)","QRCASA SALES M/N 0124567 DATED 14092020","","-","85.00","011 - System","CBSX425P","2988","8301 - BILLS PAYMENT CREDIT","13,739.52","","-","","","","-"
"506061106008","Current Account","FIRST WORLD HOTELS &RESORTS SDN BHD","MYR","2020-09-01 MY (UTC+08:00)","2020-09-30 MY (UTC+08:00)","76","135","1,000.00","1,000.00","-","-","14/Sep/2020 MY (UTC+08:00)","00:46 MY (UTC+08:00)","S/C TRANS VIA QRPAY 000027060124567","","0.21","-","011 - System","CBSX4237","2996","PCSCDR - PAYEE CORP SERVICE CHARGE DEBIT","13,739.31","","-","","","","-"
"506061106008","Current Account","FIRST WORLD HOTELS &RESORTS SDN BHD","MYR","2020-09-01 MY (UTC+08:00)","2020-09-30 MY (UTC+08:00)","76","135","1,000.00","1,000.00","-","-","14/Sep/2020 MY (UTC+08:00)","01:28 MY (UTC+08:00)","XFR DEBIT SVC CHARGE","","2.00","-","011 - System","BTCH6587","0606","XFRDRSVC - SERVICE CHARGE","13,737.31","","-","","","","-"
"506061106008","Current Account","FIRST WORLD HOTELS &RESORTS SDN BHD","MYR","2020-09-01 MY (UTC+08:00)","2020-09-30 MY (UTC+08:00)","76","135","1,000.00","1,000.00","-","-","14/Sep/2020 MY (UTC+08:00)","01:28 MY (UTC+08:00)","GENTING MALAYSIA BERHAD","514011468149","12,737.31","-","011 - System","BTCH6587","0606","XFRDR - FUND TRANSFER DEBIT","1,000.00","","-","","","","-"
"506061106008","Current Account","FIRST WORLD HOTELS &RESORTS SDN BHD","MYR","2020-09-01 MY (UTC+08:00)","2020-09-30 MY (UTC+08:00)","76","135","1,000.00","1,000.00","-","-","15/Sep/2020 MY (UTC+08:00)","08:31 MY (UTC+08:00)","CR/CARD SALES M/N 1183957 DATED 14092020","39571409","-","1,082.29","011 - System","CBSX4498","2719","2981 - MERCHANT CREDIT CARD SALES","2,082.29","","-","","","","-"
"506061106008","Current Account","FIRST WORLD HOTELS &RESORTS SDN BHD","MYR","2020-09-01 MY (UTC+08:00)","2020-09-30 MY (UTC+08:00)","76","135","1,000.00","1,000.00","-","-","15/Sep/2020 MY (UTC+08:00)","08:31 MY (UTC+08:00)","CR/CARD SALES M/N 4225090 DATED 14092020","50901409","-","382.97","011 - System","CBSX4498","2719","2981 - MERCHANT CREDIT CARD SALES","2,465.26","","-","","","","-"
"506061106008","Current Account","FIRST WORLD HOTELS &RESORTS SDN BHD","MYR","2020-09-01 MY (UTC+08:00)","2020-09-30 MY (UTC+08:00)","76","135","1,000.00","1,000.00","-","-","15/Sep/2020 MY (UTC+08:00)","14:38 MY (UTC+08:00)","","DFN20AFP3010A","-","290.00","003 - ATM","990PHONE","2988","7610 - TRANSFER TO A/C","2,755.26","","-","WSF TRAVEL & TOURS *","TRANSFER TO A/C","","-"
"506061106008","Current Account","FIRST WORLD HOTELS &RESORTS SDN BHD","MYR","2020-09-01 MY (UTC+08:00)","2020-09-30 MY (UTC+08:00)","76","135","1,000.00","1,000.00","-","-","15/Sep/2020 MY (UTC+08:00)","16:33 MY (UTC+08:00)","inx tech","inx tech","-","6,259.00","003 - ATM","994PHONE","2988","7610 - TRANSFER TO A/C","9,014.26","","-","KHING WAI KEONG    *","TRANSFER TO A/C","","-"
"506061106008","Current Account","FIRST WORLD HOTELS &RESORTS SDN BHD","MYR","2020-09-01 MY (UTC+08:00)","2020-09-30 MY (UTC+08:00)","76","135","1,000.00","1,000.00","-","-","15/Sep/2020 MY (UTC+08:00)","00:47 MY (UTC+08:00)","QRCASA SALES M/N 0124567 DATED 15092020","","-","5.00","011 - System","CBSX425P","2988","8301 - BILLS PAYMENT CREDIT","9,019.26","","-","","","","-"
"506061106008","Current Account","FIRST WORLD HOTELS &RESORTS SDN BHD","MYR","2020-09-01 MY (UTC+08:00)","2020-09-30 MY (UTC+08:00)","76","135","1,000.00","1,000.00","-","-","15/Sep/2020 MY (UTC+08:00)","00:47 MY (UTC+08:00)","S/C TRANS VIA QRPAY 000027060124567","","0.01","-","011 - System","CBSX4237","2996","PCSCDR - PAYEE CORP SERVICE CHARGE DEBIT","9,019.25","","-","","","","-"
"506061106008","Current Account","FIRST WORLD HOTELS &RESORTS SDN BHD","MYR","2020-09-01 MY (UTC+08:00)","2020-09-30 MY (UTC+08:00)","76","135","1,000.00","1,000.00","-","-","15/Sep/2020 MY (UTC+08:00)","01:36 MY (UTC+08:00)","XFR DEBIT SVC CHARGE","","2.00","-","011 - System","BTCH6587","0606","XFRDRSVC - SERVICE CHARGE","9,017.25","","-","","","","-"
"506061106008","Current Account","FIRST WORLD HOTELS &RESORTS SDN BHD","MYR","2020-09-01 MY (UTC+08:00)","2020-09-30 MY (UTC+08:00)","76","135","1,000.00","1,000.00","-","-","15/Sep/2020 MY (UTC+08:00)","01:36 MY (UTC+08:00)","GENTING MALAYSIA BERHAD","514011468149","9,831.67","-","011 - System","BTCH6587","0606","XFRDR - FUND TRANSFER DEBIT","-814.42","","-","","","","-"
"506061106008","Current Account","FIRST WORLD HOTELS &RESORTS SDN BHD","MYR","2020-09-01 MY (UTC+08:00)","2020-09-30 MY (UTC+08:00)","76","135","1,000.00","1,000.00","-","-","15/Sep/2020 MY (UTC+08:00)","05:37 MY (UTC+08:00)","9201752011 CR/CARD SALES  DATED 15092020","20111509","-","9.84","011 - System","CBSX4498","3104","2210 - CARDS CREDIT","-804.58","","-","","","","-"
"506061106008","Current Account","FIRST WORLD HOTELS &RESORTS SDN BHD","MYR","2020-09-01 MY (UTC+08:00)","2020-09-30 MY (UTC+08:00)","76","135","1,000.00","1,000.00","-","-","15/Sep/2020 MY (UTC+08:00)","05:37 MY (UTC+08:00)","9870277878 CR/CARD SALES  DATED 15092020","78781509","-","1,677.84","011 - System","CBSX4498","3104","2210 - CARDS CREDIT","873.26","","-","","","","-"
"506061106008","Current Account","FIRST WORLD HOTELS &RESORTS SDN BHD","MYR","2020-09-01 MY (UTC+08:00)","2020-09-30 MY (UTC+08:00)","76","135","1,000.00","1,000.00","-","-","15/Sep/2020 MY (UTC+08:00)","05:37 MY (UTC+08:00)","9204418149 CR/CARD SALES  DATED 15092020","81491509","-","126.74","011 - System","CBSX4498","3104","2210 - CARDS CREDIT","1,000.00","","-","","","","-"
"506061106008","Current Account","FIRST WORLD HOTELS &RESORTS SDN BHD","MYR","2020-09-01 MY (UTC+08:00)","2020-09-30 MY (UTC+08:00)","76","135","1,000.00","1,000.00","-","-","16/Sep/2020 MY (UTC+08:00)","00:46 MY (UTC+08:00)","QRCASA SALES M/N 0124567 DATED 16092020","","-","10.00","011 - System","CBSX425P","2988","8301 - BILLS PAYMENT CREDIT","1,010.00","","-","","","","-"
"506061106008","Current Account","FIRST WORLD HOTELS &RESORTS SDN BHD","MYR","2020-09-01 MY (UTC+08:00)","2020-09-30 MY (UTC+08:00)","76","135","1,000.00","1,000.00","-","-","16/Sep/2020 MY (UTC+08:00)","00:47 MY (UTC+08:00)","S/C TRANS VIA QRPAY 000027060124567","","0.02","-","011 - System","CBSX4237","2996","PCSCDR - PAYEE CORP SERVICE CHARGE DEBIT","1,009.98","","-","","","","-"
"506061106008","Current Account","FIRST WORLD HOTELS &RESORTS SDN BHD","MYR","2020-09-01 MY (UTC+08:00)","2020-09-30 MY (UTC+08:00)","76","135","1,000.00","1,000.00","-","-","16/Sep/2020 MY (UTC+08:00)","01:31 MY (UTC+08:00)","XFR DEBIT SVC CHARGE","","2.00","-","011 - System","BTCH6587","0606","XFRDRSVC - SERVICE CHARGE","1,007.98","","-","","","","-"
"506061106008","Current Account","FIRST WORLD HOTELS &RESORTS SDN BHD","MYR","2020-09-01 MY (UTC+08:00)","2020-09-30 MY (UTC+08:00)","76","135","1,000.00","1,000.00","-","-","16/Sep/2020 MY (UTC+08:00)","01:31 MY (UTC+08:00)","GENTING MALAYSIA BERHAD","514011468149","21.23","-","011 - System","BTCH6587","0606","XFRDR - FUND TRANSFER DEBIT","986.75","","-","","","","-"
"506061106008","Current Account","FIRST WORLD HOTELS &RESORTS SDN BHD","MYR","2020-09-01 MY (UTC+08:00)","2020-09-30 MY (UTC+08:00)","76","135","1,000.00","1,000.00","-","-","16/Sep/2020 MY (UTC+08:00)","05:31 MY (UTC+08:00)","9201752011 CR/CARD SALES  DATED 16092020","20111609","-","9.84","011 - System","CBSX4498","3104","2210 - CARDS CREDIT","996.59","","-","","","","-"
"506061106008","Current Account","FIRST WORLD HOTELS &RESORTS SDN BHD","MYR","2020-09-01 MY (UTC+08:00)","2020-09-30 MY (UTC+08:00)","76","135","1,000.00","1,000.00","-","-","16/Sep/2020 MY (UTC+08:00)","05:31 MY (UTC+08:00)","9870277878 CR/CARD SALES  DATED 16092020","78781609","-","72.78","011 - System","CBSX4498","3104","2210 - CARDS CREDIT","1,069.37","","-","","","","-"
"506061106008","Current Account","FIRST WORLD HOTELS &RESORTS SDN BHD","MYR","2020-09-01 MY (UTC+08:00)","2020-09-30 MY (UTC+08:00)","76","135","1,000.00","1,000.00","-","-","16/Sep/2020 MY (UTC+08:00)","05:50 MY (UTC+08:00)","RFD 16092020","DEBIT BALANCE","69.37","-","011 - System","CBSX426Q","2719","CCREFUND - ","1,000.00","","-","MN 027031183957","CREDIT CARD REFUND","","-"
"506061106008","Current Account","FIRST WORLD HOTELS &RESORTS SDN BHD","MYR","2020-09-01 MY (UTC+08:00)","2020-09-30 MY (UTC+08:00)","76","135","1,000.00","1,000.00","-","-","17/Sep/2020 MY (UTC+08:00)","08:31 MY (UTC+08:00)","CR/CARD SALES M/N 1183957 DATED 15092020","39571509","-","763.94","011 - System","CBSX4498","2719","2981 - MERCHANT CREDIT CARD SALES","1,763.94","","-","","","","-"
"506061106008","Current Account","FIRST WORLD HOTELS &RESORTS SDN BHD","MYR","2020-09-01 MY (UTC+08:00)","2020-09-30 MY (UTC+08:00)","76","135","1,000.00","1,000.00","-","-","17/Sep/2020 MY (UTC+08:00)","08:31 MY (UTC+08:00)","CR/CARD SALES M/N 1183957 DATED 16092020","39571609","-","163.79","011 - System","CBSX4498","2719","2981 - MERCHANT CREDIT CARD SALES","1,927.73","","-","","","","-"
"506061106008","Current Account","FIRST WORLD HOTELS &RESORTS SDN BHD","MYR","2020-09-01 MY (UTC+08:00)","2020-09-30 MY (UTC+08:00)","76","135","1,000.00","1,000.00","-","-","17/Sep/2020 MY (UTC+08:00)","08:31 MY (UTC+08:00)","CR/CARD SALES M/N 4225090 DATED 15092020","50901509","-","78.64","011 - System","CBSX4498","2719","2981 - MERCHANT CREDIT CARD SALES","2,006.37","","-","","","","-"
"506061106008","Current Account","FIRST WORLD HOTELS &RESORTS SDN BHD","MYR","2020-09-01 MY (UTC+08:00)","2020-09-30 MY (UTC+08:00)","76","135","1,000.00","1,000.00","-","-","17/Sep/2020 MY (UTC+08:00)","08:31 MY (UTC+08:00)","CR/CARD SALES M/N 4225090 DATED 16092020","50901609","-","360.60","011 - System","CBSX4498","2719","2981 - MERCHANT CREDIT CARD SALES","2,366.97","","-","","","","-"
"506061106008","Current Account","FIRST WORLD HOTELS &RESORTS SDN BHD","MYR","2020-09-01 MY (UTC+08:00)","2020-09-30 MY (UTC+08:00)","76","135","1,000.00","1,000.00","-","-","17/Sep/2020 MY (UTC+08:00)","14:27 MY (UTC+08:00)","Balance","Q-20268-Z2Y3","-","9.00","003 - ATM","929PHONE","2988","7610 - TRANSFER TO A/C","2,375.97","","-","JASMINE TEE JIA MIN*","TRANSFER TO A/C","","-"
"506061106008","Current Account","FIRST WORLD HOTELS &RESORTS SDN BHD","MYR","2020-09-01 MY (UTC+08:00)","2020-09-30 MY (UTC+08:00)","76","135","1,000.00","1,000.00","-","-","17/Sep/2020 MY (UTC+08:00)","16:23 MY (UTC+08:00)","CELCOMRENTAL","CELCOMRENTAL","-","9,234.72","025 - Office","CBSX4618","2502","CCRBEN1 - CMS - CR PYMT MARS","11,610.69","","-","CELCOM NETWORKS SDN","CMS - CR PYMT MARS","","-"
"506061106008","Current Account","FIRST WORLD HOTELS &RESORTS SDN BHD","MYR","2020-09-01 MY (UTC+08:00)","2020-09-30 MY (UTC+08:00)","76","135","1,000.00","1,000.00","-","-","17/Sep/2020 MY (UTC+08:00)","00:46 MY (UTC+08:00)","QRCASA SALES M/N 0124567 DATED 17092020","","-","20.00","011 - System","CBSX425P","2988","8301 - BILLS PAYMENT CREDIT","11,630.69","","-","","","","-"
"506061106008","Current Account","FIRST WORLD HOTELS &RESORTS SDN BHD","MYR","2020-09-01 MY (UTC+08:00)","2020-09-30 MY (UTC+08:00)","76","135","1,000.00","1,000.00","-","-","17/Sep/2020 MY (UTC+08:00)","00:47 MY (UTC+08:00)","S/C TRANS VIA QRPAY 000027060124567","","0.05","-","011 - System","CBSX4237","2996","PCSCDR - PAYEE CORP SERVICE CHARGE DEBIT","11,630.64","","-","","","","-"
"506061106008","Current Account","FIRST WORLD HOTELS &RESORTS SDN BHD","MYR","2020-09-01 MY (UTC+08:00)","2020-09-30 MY (UTC+08:00)","76","135","1,000.00","1,000.00","-","-","17/Sep/2020 MY (UTC+08:00)","01:33 MY (UTC+08:00)","XFR DEBIT SVC CHARGE","","2.00","-","011 - System","BTCH6587","0606","XFRDRSVC - SERVICE CHARGE","11,628.64","","-","","","","-"
"506061106008","Current Account","FIRST WORLD HOTELS &RESORTS SDN BHD","MYR","2020-09-01 MY (UTC+08:00)","2020-09-30 MY (UTC+08:00)","76","135","1,000.00","1,000.00","-","-","17/Sep/2020 MY (UTC+08:00)","01:33 MY (UTC+08:00)","GENTING MALAYSIA BERHAD","514011468149","10,643.39","-","011 - System","BTCH6587","0606","XFRDR - FUND TRANSFER DEBIT","985.25","","-","","","","-"
"506061106008","Current Account","FIRST WORLD HOTELS &RESORTS SDN BHD","MYR","2020-09-01 MY (UTC+08:00)","2020-09-30 MY (UTC+08:00)","76","135","1,000.00","1,000.00","-","-","17/Sep/2020 MY (UTC+08:00)","05:33 MY (UTC+08:00)","9201752011 CR/CARD SALES  DATED 17092020","20111709","-","14.75","011 - System","CBSX4498","3104","2210 - CARDS CREDIT","1,000.00","","-","","","","-"
"506061106008","Current Account","FIRST WORLD HOTELS &RESORTS SDN BHD","MYR","2020-09-01 MY (UTC+08:00)","2020-09-30 MY (UTC+08:00)","76","135","1,000.00","1,000.00","-","-","18/Sep/2020 MY (UTC+08:00)","08:31 MY (UTC+08:00)","CR/CARD SALES M/N 1183957 DATED 17092020","39571709","-","981.13","011 - System","CBSX4498","2719","2981 - MERCHANT CREDIT CARD SALES","1,981.13","","-","","","","-"
"506061106008","Current Account","FIRST WORLD HOTELS &RESORTS SDN BHD","MYR","2020-09-01 MY (UTC+08:00)","2020-09-30 MY (UTC+08:00)","76","135","1,000.00","1,000.00","-","-","18/Sep/2020 MY (UTC+08:00)","08:31 MY (UTC+08:00)","CR/CARD SALES M/N 4225090 DATED 17092020","50901709","-","183.24","011 - System","CBSX4498","2719","2981 - MERCHANT CREDIT CARD SALES","2,164.37","","-","","","","-"
"506061106008","Current Account","FIRST WORLD HOTELS &RESORTS SDN BHD","MYR","2020-09-01 MY (UTC+08:00)","2020-09-30 MY (UTC+08:00)","76","135","1,000.00","1,000.00","-","-","18/Sep/2020 MY (UTC+08:00)","14:45 MY (UTC+08:00)","perhebat retreat","first world ho","-","3,275.00","003 - ATM","947PHONE","2988","7610 - TRANSFER TO A/C","5,439.37","","-","NOR HALIZA BINTI OM*","TRANSFER TO A/C","","-"
"506061106008","Current Account","FIRST WORLD HOTELS &RESORTS SDN BHD","MYR","2020-09-01 MY (UTC+08:00)","2020-09-30 MY (UTC+08:00)","76","135","1,000.00","1,000.00","-","-","18/Sep/2020 MY (UTC+08:00)","15:35 MY (UTC+08:00)","0","0","-","5,045.19","018 - Teller","000A358A","1435","8000 - HOUSE CHQ DEP","10,484.56","","-","","","","-"
"506061106008","Current Account","FIRST WORLD HOTELS &RESORTS SDN BHD","MYR","2020-09-01 MY (UTC+08:00)","2020-09-30 MY (UTC+08:00)","76","135","1,000.00","1,000.00","-","-","18/Sep/2020 MY (UTC+08:00)","00:45 MY (UTC+08:00)","QRCASA SALES M/N 0124567 DATED 18092020","","-","35.00","011 - System","CBSX425P","2988","8301 - BILLS PAYMENT CREDIT","10,519.56","","-","","","","-"
"506061106008","Current Account","FIRST WORLD HOTELS &RESORTS SDN BHD","MYR","2020-09-01 MY (UTC+08:00)","2020-09-30 MY (UTC+08:00)","76","135","1,000.00","1,000.00","-","-","18/Sep/2020 MY (UTC+08:00)","00:45 MY (UTC+08:00)","S/C TRANS VIA QRPAY 000027060124567","","0.08","-","011 - System","CBSX4237","2996","PCSCDR - PAYEE CORP SERVICE CHARGE DEBIT","10,519.48","","-","","","","-"
"506061106008","Current Account","FIRST WORLD HOTELS &RESORTS SDN BHD","MYR","2020-09-01 MY (UTC+08:00)","2020-09-30 MY (UTC+08:00)","76","135","1,000.00","1,000.00","-","-","18/Sep/2020 MY (UTC+08:00)","01:16 MY (UTC+08:00)","XFR DEBIT SVC CHARGE","","2.00","-","011 - System","BTCH6587","0606","XFRDRSVC - SERVICE CHARGE","10,517.48","","-","","","","-"
"506061106008","Current Account","FIRST WORLD HOTELS &RESORTS SDN BHD","MYR","2020-09-01 MY (UTC+08:00)","2020-09-30 MY (UTC+08:00)","76","135","1,000.00","1,000.00","-","-","18/Sep/2020 MY (UTC+08:00)","01:16 MY (UTC+08:00)","GENTING MALAYSIA BERHAD","514011468149","9,896.12","-","011 - System","BTCH6587","0606","XFRDR - FUND TRANSFER DEBIT","621.36","","-","","","","-"
"506061106008","Current Account","FIRST WORLD HOTELS &RESORTS SDN BHD","MYR","2020-09-01 MY (UTC+08:00)","2020-09-30 MY (UTC+08:00)","76","135","1,000.00","1,000.00","-","-","18/Sep/2020 MY (UTC+08:00)","05:11 MY (UTC+08:00)","9870277878 CR/CARD SALES  DATED 18092020","78781809","-","378.64","011 - System","CBSX4498","3104","2210 - CARDS CREDIT","1,000.00","","-","","","","-"
"506061106008","Current Account","FIRST WORLD HOTELS &RESORTS SDN BHD","MYR","2020-09-01 MY (UTC+08:00)","2020-09-30 MY (UTC+08:00)","76","135","1,000.00","1,000.00","-","-","19/Sep/2020 MY (UTC+08:00)","00:46 MY (UTC+08:00)","QRCASA SALES M/N 0124567 DATED 19092020","","-","15.00","011 - System","CBSX425P","2988","8301 - BILLS PAYMENT CREDIT","1,015.00","","-","","","","-"
"506061106008","Current Account","FIRST WORLD HOTELS &RESORTS SDN BHD","MYR","2020-09-01 MY (UTC+08:00)","2020-09-30 MY (UTC+08:00)","76","135","1,000.00","1,000.00","-","-","19/Sep/2020 MY (UTC+08:00)","00:47 MY (UTC+08:00)","S/C TRANS VIA QRPAY 000027060124567","","0.03","-","011 - System","CBSX4237","2996","PCSCDR - PAYEE CORP SERVICE CHARGE DEBIT","1,014.97","","-","","","","-"
"506061106008","Current Account","FIRST WORLD HOTELS &RESORTS SDN BHD","MYR","2020-09-01 MY (UTC+08:00)","2020-09-30 MY (UTC+08:00)","76","135","1,000.00","1,000.00","-","-","19/Sep/2020 MY (UTC+08:00)","01:27 MY (UTC+08:00)","XFR DEBIT SVC CHARGE","","2.00","-","011 - System","BTCH6587","0606","XFRDRSVC - SERVICE CHARGE","1,012.97","","-","","","","-"
"506061106008","Current Account","FIRST WORLD HOTELS &RESORTS SDN BHD","MYR","2020-09-01 MY (UTC+08:00)","2020-09-30 MY (UTC+08:00)","76","135","1,000.00","1,000.00","-","-","19/Sep/2020 MY (UTC+08:00)","01:27 MY (UTC+08:00)","GENTING MALAYSIA BERHAD","514011468149","12.97","-","011 - System","BTCH6587","0606","XFRDR - FUND TRANSFER DEBIT","1,000.00","","-","","","","-"
"506061106008","Current Account","FIRST WORLD HOTELS &RESORTS SDN BHD","MYR","2020-09-01 MY (UTC+08:00)","2020-09-30 MY (UTC+08:00)","76","135","1,000.00","1,000.00","-","-","20/Sep/2020 MY (UTC+08:00)","00:47 MY (UTC+08:00)","QRCASA SALES M/N 0124567 DATED 20092020","","-","85.00","011 - System","CBSX425P","2988","8301 - BILLS PAYMENT CREDIT","1,085.00","","-","","","","-"
"506061106008","Current Account","FIRST WORLD HOTELS &RESORTS SDN BHD","MYR","2020-09-01 MY (UTC+08:00)","2020-09-30 MY (UTC+08:00)","76","135","1,000.00","1,000.00","-","-","20/Sep/2020 MY (UTC+08:00)","00:48 MY (UTC+08:00)","S/C TRANS VIA QRPAY 000027060124567","","0.21","-","011 - System","CBSX4237","2996","PCSCDR - PAYEE CORP SERVICE CHARGE DEBIT","1,084.79","","-","","","","-"
"506061106008","Current Account","FIRST WORLD HOTELS &RESORTS SDN BHD","MYR","2020-09-01 MY (UTC+08:00)","2020-09-30 MY (UTC+08:00)","76","135","1,000.00","1,000.00","-","-","20/Sep/2020 MY (UTC+08:00)","01:22 MY (UTC+08:00)","XFR DEBIT SVC CHARGE","","2.00","-","011 - System","BTCH6587","0606","XFRDRSVC - SERVICE CHARGE","1,082.79","","-","","","","-"
"506061106008","Current Account","FIRST WORLD HOTELS &RESORTS SDN BHD","MYR","2020-09-01 MY (UTC+08:00)","2020-09-30 MY (UTC+08:00)","76","135","1,000.00","1,000.00","-","-","20/Sep/2020 MY (UTC+08:00)","01:22 MY (UTC+08:00)","GENTING MALAYSIA BERHAD","514011468149","82.79","-","011 - System","BTCH6587","0606","XFRDR - FUND TRANSFER DEBIT","1,000.00","","-","","","","-"
"506061106008","Current Account","FIRST WORLD HOTELS &RESORTS SDN BHD","MYR","2020-09-01 MY (UTC+08:00)","2020-09-30 MY (UTC+08:00)","76","135","1,000.00","1,000.00","-","-","21/Sep/2020 MY (UTC+08:00)","08:31 MY (UTC+08:00)","CR/CARD SALES M/N 1183957 DATED 18092020","39571809","-","620.21","011 - System","CBSX4498","2719","2981 - MERCHANT CREDIT CARD SALES","1,620.21","","-","","","","-"
"506061106008","Current Account","FIRST WORLD HOTELS &RESORTS SDN BHD","MYR","2020-09-01 MY (UTC+08:00)","2020-09-30 MY (UTC+08:00)","76","135","1,000.00","1,000.00","-","-","21/Sep/2020 MY (UTC+08:00)","08:31 MY (UTC+08:00)","CR/CARD SALES M/N 1183957 DATED 19092020","39571909","-","501.60","011 - System","CBSX4498","2719","2981 - MERCHANT CREDIT CARD SALES","2,121.81","","-","","","","-"
"506061106008","Current Account","FIRST WORLD HOTELS &RESORTS SDN BHD","MYR","2020-09-01 MY (UTC+08:00)","2020-09-30 MY (UTC+08:00)","76","135","1,000.00","1,000.00","-","-","21/Sep/2020 MY (UTC+08:00)","08:31 MY (UTC+08:00)","CR/CARD SALES M/N 1183957 DATED 20092020","39572009","-","94.39","011 - System","CBSX4498","2719","2981 - MERCHANT CREDIT CARD SALES","2,216.20","","-","","","","-"
"506061106008","Current Account","FIRST WORLD HOTELS &RESORTS SDN BHD","MYR","2020-09-01 MY (UTC+08:00)","2020-09-30 MY (UTC+08:00)","76","135","1,000.00","1,000.00","-","-","21/Sep/2020 MY (UTC+08:00)","08:31 MY (UTC+08:00)","CR/CARD SALES M/N 4225090 DATED 18092020","50901809","-","135.01","011 - System","CBSX4498","2719","2981 - MERCHANT CREDIT CARD SALES","2,351.21","","-","","","","-"
"506061106008","Current Account","FIRST WORLD HOTELS &RESORTS SDN BHD","MYR","2020-09-01 MY (UTC+08:00)","2020-09-30 MY (UTC+08:00)","76","135","1,000.00","1,000.00","-","-","21/Sep/2020 MY (UTC+08:00)","08:31 MY (UTC+08:00)","CR/CARD SALES M/N 4225090 DATED 19092020","50901909","-","191.70","011 - System","CBSX4498","2719","2981 - MERCHANT CREDIT CARD SALES","2,542.91","","-","","","","-"
"506061106008","Current Account","FIRST WORLD HOTELS &RESORTS SDN BHD","MYR","2020-09-01 MY (UTC+08:00)","2020-09-30 MY (UTC+08:00)","76","135","1,000.00","1,000.00","-","-","21/Sep/2020 MY (UTC+08:00)","08:31 MY (UTC+08:00)","CR/CARD SALES M/N 4225090 DATED 20092020","50902009","-","686.77","011 - System","CBSX4498","2719","2981 - MERCHANT CREDIT CARD SALES","3,229.68","","-","","","","-"
"506061106008","Current Account","FIRST WORLD HOTELS &RESORTS SDN BHD","MYR","2020-09-01 MY (UTC+08:00)","2020-09-30 MY (UTC+08:00)","76","135","1,000.00","1,000.00","-","-","21/Sep/2020 MY (UTC+08:00)","10:54 MY (UTC+08:00)","FWH 78503","FWH78503","-","336.00","018 - Teller","0000544A","0606","7100 - CASH DEPOSIT","3,565.68","","-","","","","-"
"506061106008","Current Account","FIRST WORLD HOTELS &RESORTS SDN BHD","MYR","2020-09-01 MY (UTC+08:00)","2020-09-30 MY (UTC+08:00)","76","135","1,000.00","1,000.00","-","-","21/Sep/2020 MY (UTC+08:00)","00:46 MY (UTC+08:00)","QRCASA SALES M/N 0124567 DATED 21092020","","-","20.00","011 - System","CBSX425P","2988","8301 - BILLS PAYMENT CREDIT","3,585.68","","-","","","","-"
"506061106008","Current Account","FIRST WORLD HOTELS &RESORTS SDN BHD","MYR","2020-09-01 MY (UTC+08:00)","2020-09-30 MY (UTC+08:00)","76","135","1,000.00","1,000.00","-","-","21/Sep/2020 MY (UTC+08:00)","00:47 MY (UTC+08:00)","S/C TRANS VIA QRPAY 000027060124567","","0.05","-","011 - System","CBSX4237","2996","PCSCDR - PAYEE CORP SERVICE CHARGE DEBIT","3,585.63","","-","","","","-"
"506061106008","Current Account","FIRST WORLD HOTELS &RESORTS SDN BHD","MYR","2020-09-01 MY (UTC+08:00)","2020-09-30 MY (UTC+08:00)","76","135","1,000.00","1,000.00","-","-","21/Sep/2020 MY (UTC+08:00)","01:26 MY (UTC+08:00)","XFR DEBIT SVC CHARGE","","2.00","-","011 - System","BTCH6587","0606","XFRDRSVC - SERVICE CHARGE","3,583.63","","-","","","","-"
"506061106008","Current Account","FIRST WORLD HOTELS &RESORTS SDN BHD","MYR","2020-09-01 MY (UTC+08:00)","2020-09-30 MY (UTC+08:00)","76","135","1,000.00","1,000.00","-","-","21/Sep/2020 MY (UTC+08:00)","01:26 MY (UTC+08:00)","GENTING MALAYSIA BERHAD","514011468149","2,593.46","-","011 - System","BTCH6587","0606","XFRDR - FUND TRANSFER DEBIT","990.17","","-","","","","-"
"506061106008","Current Account","FIRST WORLD HOTELS &RESORTS SDN BHD","MYR","2020-09-01 MY (UTC+08:00)","2020-09-30 MY (UTC+08:00)","76","135","1,000.00","1,000.00","-","-","21/Sep/2020 MY (UTC+08:00)","05:03 MY (UTC+08:00)","9201752011 CR/CARD SALES  DATED 21092020","20112109","-","9.83","011 - System","CBSX4498","3104","2210 - CARDS CREDIT","1,000.00","","-","","","","-"
"506061106008","Current Account","FIRST WORLD HOTELS &RESORTS SDN BHD","MYR","2020-09-01 MY (UTC+08:00)","2020-09-30 MY (UTC+08:00)","76","135","1,000.00","1,000.00","-","-","22/Sep/2020 MY (UTC+08:00)","08:31 MY (UTC+08:00)","CR/CARD SALES M/N 1183957 DATED 21092020","39572109","-","350.96","011 - System","CBSX4498","2719","2981 - MERCHANT CREDIT CARD SALES","1,350.96","","-","","","","-"
"506061106008","Current Account","FIRST WORLD HOTELS &RESORTS SDN BHD","MYR","2020-09-01 MY (UTC+08:00)","2020-09-30 MY (UTC+08:00)","76","135","1,000.00","1,000.00","-","-","22/Sep/2020 MY (UTC+08:00)","08:31 MY (UTC+08:00)","CR/CARD SALES M/N 4225090 DATED 21092020","50902109","-","168.09","011 - System","CBSX4498","2719","2981 - MERCHANT CREDIT CARD SALES","1,519.05","","-","","","","-"
"506061106008","Current Account","FIRST WORLD HOTELS &RESORTS SDN BHD","MYR","2020-09-01 MY (UTC+08:00)","2020-09-30 MY (UTC+08:00)","76","135","1,000.00","1,000.00","-","-","22/Sep/2020 MY (UTC+08:00)","01:36 MY (UTC+08:00)","GENTING MALAYSIA BERHAD","514011468149","2,006.82","-","011 - System","BTCH6587","0606","XFRDR - FUND TRANSFER DEBIT","-487.77","","-","","","","-"
"506061106008","Current Account","FIRST WORLD HOTELS &RESORTS SDN BHD","MYR","2020-09-01 MY (UTC+08:00)","2020-09-30 MY (UTC+08:00)","76","135","1,000.00","1,000.00","-","-","22/Sep/2020 MY (UTC+08:00)","01:36 MY (UTC+08:00)","XFR DEBIT SVC CHARGE","","2.00","-","011 - System","BTCH6587","0606","XFRDRSVC - SERVICE CHARGE","-489.77","","-","","","","-"
"506061106008","Current Account","FIRST WORLD HOTELS &RESORTS SDN BHD","MYR","2020-09-01 MY (UTC+08:00)","2020-09-30 MY (UTC+08:00)","76","135","1,000.00","1,000.00","-","-","22/Sep/2020 MY (UTC+08:00)","05:35 MY (UTC+08:00)","9201752011 CR/CARD SALES  DATED 22092020","20112209","-","4.92","011 - System","CBSX4498","3104","2210 - CARDS CREDIT","-484.85","","-","","","","-"
"506061106008","Current Account","FIRST WORLD HOTELS &RESORTS SDN BHD","MYR","2020-09-01 MY (UTC+08:00)","2020-09-30 MY (UTC+08:00)","76","135","1,000.00","1,000.00","-","-","22/Sep/2020 MY (UTC+08:00)","05:35 MY (UTC+08:00)","9870277878 CR/CARD SALES  DATED 22092020","78782209","-","1,260.84","011 - System","CBSX4498","3104","2210 - CARDS CREDIT","775.99","","-","","","","-"
"506061106008","Current Account","FIRST WORLD HOTELS &RESORTS SDN BHD","MYR","2020-09-01 MY (UTC+08:00)","2020-09-30 MY (UTC+08:00)","76","135","1,000.00","1,000.00","-","-","22/Sep/2020 MY (UTC+08:00)","05:35 MY (UTC+08:00)","9204418149 CR/CARD SALES  DATED 22092020","81492209","-","224.01","011 - System","CBSX4498","3104","2210 - CARDS CREDIT","1,000.00","","-","","","","-"
"506061106008","Current Account","FIRST WORLD HOTELS &RESORTS SDN BHD","MYR","2020-09-01 MY (UTC+08:00)","2020-09-30 MY (UTC+08:00)","76","135","1,000.00","1,000.00","-","-","23/Sep/2020 MY (UTC+08:00)","08:31 MY (UTC+08:00)","CR/CARD SALES M/N 1183957 DATED 22092020","39572209","-","227.56","011 - System","CBSX4498","2719","2981 - MERCHANT CREDIT CARD SALES","1,227.56","","-","","","","-"
"506061106008","Current Account","FIRST WORLD HOTELS &RESORTS SDN BHD","MYR","2020-09-01 MY (UTC+08:00)","2020-09-30 MY (UTC+08:00)","76","135","1,000.00","1,000.00","-","-","23/Sep/2020 MY (UTC+08:00)","08:31 MY (UTC+08:00)","CR/CARD SALES M/N 4225090 DATED 22092020","50902209","-","110.36","011 - System","CBSX4498","2719","2981 - MERCHANT CREDIT CARD SALES","1,337.92","","-","","","","-"
"506061106008","Current Account","FIRST WORLD HOTELS &RESORTS SDN BHD","MYR","2020-09-01 MY (UTC+08:00)","2020-09-30 MY (UTC+08:00)","76","135","1,000.00","1,000.00","-","-","23/Sep/2020 MY (UTC+08:00)","20:36 MY (UTC+08:00)","CDM CASH DEPOSIT","","-","2,860.00","003 - ATM","00003FBA","2630","7010 - CDM CASH DEPOSIT","4,197.92","","-","","","","-"
"506061106008","Current Account","FIRST WORLD HOTELS &RESORTS SDN BHD","MYR","2020-09-01 MY (UTC+08:00)","2020-09-30 MY (UTC+08:00)","76","135","1,000.00","1,000.00","-","-","23/Sep/2020 MY (UTC+08:00)","01:27 MY (UTC+08:00)","XFR DEBIT SVC CHARGE","","2.00","-","011 - System","BTCH6587","0606","XFRDRSVC - SERVICE CHARGE","4,195.92","","-","","","","-"
"506061106008","Current Account","FIRST WORLD HOTELS &RESORTS SDN BHD","MYR","2020-09-01 MY (UTC+08:00)","2020-09-30 MY (UTC+08:00)","76","135","1,000.00","1,000.00","-","-","23/Sep/2020 MY (UTC+08:00)","01:27 MY (UTC+08:00)","GENTING MALAYSIA BERHAD","514011468149","3,195.92","-","011 - System","BTCH6587","0606","XFRDR - FUND TRANSFER DEBIT","1,000.00","","-","","","","-"
"506061106008","Current Account","FIRST WORLD HOTELS &RESORTS SDN BHD","MYR","2020-09-01 MY (UTC+08:00)","2020-09-30 MY (UTC+08:00)","76","135","1,000.00","1,000.00","-","-","24/Sep/2020 MY (UTC+08:00)","08:31 MY (UTC+08:00)","CR/CARD SALES M/N 1183957 DATED 23092020","39572309","-","122.28","011 - System","CBSX4498","2719","2981 - MERCHANT CREDIT CARD SALES","1,122.28","","-","","","","-"
"506061106008","Current Account","FIRST WORLD HOTELS &RESORTS SDN BHD","MYR","2020-09-01 MY (UTC+08:00)","2020-09-30 MY (UTC+08:00)","76","135","1,000.00","1,000.00","-","-","24/Sep/2020 MY (UTC+08:00)","01:25 MY (UTC+08:00)","XFR DEBIT SVC CHARGE","","2.00","-","011 - System","BTCH6587","0606","XFRDRSVC - SERVICE CHARGE","1,120.28","","-","","","","-"
"506061106008","Current Account","FIRST WORLD HOTELS &RESORTS SDN BHD","MYR","2020-09-01 MY (UTC+08:00)","2020-09-30 MY (UTC+08:00)","76","135","1,000.00","1,000.00","-","-","24/Sep/2020 MY (UTC+08:00)","01:25 MY (UTC+08:00)","GENTING MALAYSIA BERHAD","514011468149","135.03","-","011 - System","BTCH6587","0606","XFRDR - FUND TRANSFER DEBIT","985.25","","-","","","","-"
"506061106008","Current Account","FIRST WORLD HOTELS &RESORTS SDN BHD","MYR","2020-09-01 MY (UTC+08:00)","2020-09-30 MY (UTC+08:00)","76","135","1,000.00","1,000.00","-","-","24/Sep/2020 MY (UTC+08:00)","05:14 MY (UTC+08:00)","9201752011 CR/CARD SALES  DATED 24092020","20112409","-","14.75","011 - System","CBSX4498","3104","2210 - CARDS CREDIT","1,000.00","","-","","","","-"
"506061106008","Current Account","FIRST WORLD HOTELS &RESORTS SDN BHD","MYR","2020-09-01 MY (UTC+08:00)","2020-09-30 MY (UTC+08:00)","76","135","1,000.00","1,000.00","-","-","25/Sep/2020 MY (UTC+08:00)","08:31 MY (UTC+08:00)","CR/CARD SALES M/N 1183957 DATED 24092020","39572409","-","114.25","011 - System","CBSX4498","2719","2981 - MERCHANT CREDIT CARD SALES","1,114.25","","-","","","","-"
"506061106008","Current Account","FIRST WORLD HOTELS &RESORTS SDN BHD","MYR","2020-09-01 MY (UTC+08:00)","2020-09-30 MY (UTC+08:00)","76","135","1,000.00","1,000.00","-","-","25/Sep/2020 MY (UTC+08:00)","08:31 MY (UTC+08:00)","CR/CARD SALES M/N 4225090 DATED 24092020","50902409","-","62.84","011 - System","CBSX4498","2719","2981 - MERCHANT CREDIT CARD SALES","1,177.09","","-","","","","-"
"506061106008","Current Account","FIRST WORLD HOTELS &RESORTS SDN BHD","MYR","2020-09-01 MY (UTC+08:00)","2020-09-30 MY (UTC+08:00)","76","135","1,000.00","1,000.00","-","-","25/Sep/2020 MY (UTC+08:00)","21:52 MY (UTC+08:00)","IBG PAYMENT INTO A/C","Ventaserv55815582","-","8,212.73","011 - System","CBSX406C","2601","7991 - INTER-BANK PAYMENT INTO A/C","9,389.82","","-","VENTASERV SDN BHD","INTER-BANK PAYMENT INTO A/C","","-"
"506061106008","Current Account","FIRST WORLD HOTELS &RESORTS SDN BHD","MYR","2020-09-01 MY (UTC+08:00)","2020-09-30 MY (UTC+08:00)","76","135","1,000.00","1,000.00","-","-","25/Sep/2020 MY (UTC+08:00)","01:10 MY (UTC+08:00)","GENTING MALAYSIA BERHAD","514011468149","8,465.44","-","011 - System","BTCH6587","0606","XFRDR - FUND TRANSFER DEBIT","924.38","","-","","","","-"
"506061106008","Current Account","FIRST WORLD HOTELS &RESORTS SDN BHD","MYR","2020-09-01 MY (UTC+08:00)","2020-09-30 MY (UTC+08:00)","76","135","1,000.00","1,000.00","-","-","25/Sep/2020 MY (UTC+08:00)","01:10 MY (UTC+08:00)","XFR DEBIT SVC CHARGE","","2.00","-","011 - System","BTCH6587","0606","XFRDRSVC - SERVICE CHARGE","922.38","","-","","","","-"
"506061106008","Current Account","FIRST WORLD HOTELS &RESORTS SDN BHD","MYR","2020-09-01 MY (UTC+08:00)","2020-09-30 MY (UTC+08:00)","76","135","1,000.00","1,000.00","-","-","25/Sep/2020 MY (UTC+08:00)","05:49 MY (UTC+08:00)","9204418149 CR/CARD SALES  DATED 25092020","81492509","-","77.62","011 - System","CBSX4498","3104","2210 - CARDS CREDIT","1,000.00","","-","","","","-"
"506061106008","Current Account","FIRST WORLD HOTELS &RESORTS SDN BHD","MYR","2020-09-01 MY (UTC+08:00)","2020-09-30 MY (UTC+08:00)","76","135","1,000.00","1,000.00","-","-","28/Sep/2020 MY (UTC+08:00)","08:32 MY (UTC+08:00)","CR/CARD SALES M/N 1183957 DATED 25092020","39572509","-","108.36","011 - System","CBSX4498","2719","2981 - MERCHANT CREDIT CARD SALES","1,108.36","","-","","","","-"
"506061106008","Current Account","FIRST WORLD HOTELS &RESORTS SDN BHD","MYR","2020-09-01 MY (UTC+08:00)","2020-09-30 MY (UTC+08:00)","76","135","1,000.00","1,000.00","-","-","28/Sep/2020 MY (UTC+08:00)","08:32 MY (UTC+08:00)","CR/CARD SALES M/N 1183957 DATED 26092020","39572609","-","521.51","011 - System","CBSX4498","2719","2981 - MERCHANT CREDIT CARD SALES","1,629.87","","-","","","","-"
"506061106008","Current Account","FIRST WORLD HOTELS &RESORTS SDN BHD","MYR","2020-09-01 MY (UTC+08:00)","2020-09-30 MY (UTC+08:00)","76","135","1,000.00","1,000.00","-","-","28/Sep/2020 MY (UTC+08:00)","08:32 MY (UTC+08:00)","CR/CARD SALES M/N 1183957 DATED 27092020","39572709","-","167.85","011 - System","CBSX4498","2719","2981 - MERCHANT CREDIT CARD SALES","1,797.72","","-","","","","-"
"506061106008","Current Account","FIRST WORLD HOTELS &RESORTS SDN BHD","MYR","2020-09-01 MY (UTC+08:00)","2020-09-30 MY (UTC+08:00)","76","135","1,000.00","1,000.00","-","-","28/Sep/2020 MY (UTC+08:00)","08:32 MY (UTC+08:00)","CR/CARD SALES M/N 4225090 DATED 25092020","50902509","-","406.37","011 - System","CBSX4498","2719","2981 - MERCHANT CREDIT CARD SALES","2,204.09","","-","","","","-"
"506061106008","Current Account","FIRST WORLD HOTELS &RESORTS SDN BHD","MYR","2020-09-01 MY (UTC+08:00)","2020-09-30 MY (UTC+08:00)","76","135","1,000.00","1,000.00","-","-","28/Sep/2020 MY (UTC+08:00)","08:32 MY (UTC+08:00)","CR/CARD SALES M/N 4225090 DATED 26092020","50902609","-","277.88","011 - System","CBSX4498","2719","2981 - MERCHANT CREDIT CARD SALES","2,481.97","","-","","","","-"
"506061106008","Current Account","FIRST WORLD HOTELS &RESORTS SDN BHD","MYR","2020-09-01 MY (UTC+08:00)","2020-09-30 MY (UTC+08:00)","76","135","1,000.00","1,000.00","-","-","28/Sep/2020 MY (UTC+08:00)","08:32 MY (UTC+08:00)","CR/CARD SALES M/N 4225090 DATED 27092020","50902709","-","446.88","011 - System","CBSX4498","2719","2981 - MERCHANT CREDIT CARD SALES","2,928.85","","-","","","","-"
"506061106008","Current Account","FIRST WORLD HOTELS &RESORTS SDN BHD","MYR","2020-09-01 MY (UTC+08:00)","2020-09-30 MY (UTC+08:00)","76","135","1,000.00","1,000.00","-","-","28/Sep/2020 MY (UTC+08:00)","11:51 MY (UTC+08:00)","","ionnex","-","134.00","003 - ATM","933PHONE","2988","7610 - TRANSFER TO A/C","3,062.85","","-","KHING WAI KEONG    *","TRANSFER TO A/C","","-"
"506061106008","Current Account","FIRST WORLD HOTELS &RESORTS SDN BHD","MYR","2020-09-01 MY (UTC+08:00)","2020-09-30 MY (UTC+08:00)","76","135","1,000.00","1,000.00","-","-","28/Sep/2020 MY (UTC+08:00)","21:53 MY (UTC+08:00)","Claim settlement","PV2003HQ9186630","-","60,400.00","011 - System","CBSX406C","2601","7991 - INTER-BANK PAYMENT INTO A/C","63,462.85","","-","ALLIANZ GENERAL INS","INTER-BANK PAYMENT INTO A/C","","-"
"506061106008","Current Account","FIRST WORLD HOTELS &RESORTS SDN BHD","MYR","2020-09-01 MY (UTC+08:00)","2020-09-30 MY (UTC+08:00)","76","135","1,000.00","1,000.00","-","-","28/Sep/2020 MY (UTC+08:00)","01:26 MY (UTC+08:00)","XFR DEBIT SVC CHARGE","","2.00","-","011 - System","BTCH6587","0606","XFRDRSVC - SERVICE CHARGE","63,460.85","","-","","","","-"
"506061106008","Current Account","FIRST WORLD HOTELS &RESORTS SDN BHD","MYR","2020-09-01 MY (UTC+08:00)","2020-09-30 MY (UTC+08:00)","76","135","1,000.00","1,000.00","-","-","28/Sep/2020 MY (UTC+08:00)","01:26 MY (UTC+08:00)","GENTING MALAYSIA BERHAD","514011468149","62,460.85","-","011 - System","BTCH6587","0606","XFRDR - FUND TRANSFER DEBIT","1,000.00","","-","","","","-"
"506061106008","Current Account","FIRST WORLD HOTELS &RESORTS SDN BHD","MYR","2020-09-01 MY (UTC+08:00)","2020-09-30 MY (UTC+08:00)","76","135","1,000.00","1,000.00","-","-","29/Sep/2020 MY (UTC+08:00)","08:31 MY (UTC+08:00)","CR/CARD SALES M/N 1183957 DATED 28092020","39572809","-","181.63","011 - System","CBSX4498","2719","2981 - MERCHANT CREDIT CARD SALES","1,181.63","","-","","","","-"
"506061106008","Current Account","FIRST WORLD HOTELS &RESORTS SDN BHD","MYR","2020-09-01 MY (UTC+08:00)","2020-09-30 MY (UTC+08:00)","76","135","1,000.00","1,000.00","-","-","29/Sep/2020 MY (UTC+08:00)","08:31 MY (UTC+08:00)","CR/CARD SALES M/N 4225090 DATED 28092020","50902809","-","151.99","011 - System","CBSX4498","2719","2981 - MERCHANT CREDIT CARD SALES","1,333.62","","-","","","","-"
"506061106008","Current Account","FIRST WORLD HOTELS &RESORTS SDN BHD","MYR","2020-09-01 MY (UTC+08:00)","2020-09-30 MY (UTC+08:00)","76","135","1,000.00","1,000.00","-","-","29/Sep/2020 MY (UTC+08:00)","01:29 MY (UTC+08:00)","XFR DEBIT SVC CHARGE","","2.00","-","011 - System","BTCH6587","0606","XFRDRSVC - SERVICE CHARGE","1,331.62","","-","","","","-"
"506061106008","Current Account","FIRST WORLD HOTELS &RESORTS SDN BHD","MYR","2020-09-01 MY (UTC+08:00)","2020-09-30 MY (UTC+08:00)","76","135","1,000.00","1,000.00","-","-","29/Sep/2020 MY (UTC+08:00)","01:29 MY (UTC+08:00)","GENTING MALAYSIA BERHAD","514011468149","1,758.47","-","011 - System","BTCH6587","0606","XFRDR - FUND TRANSFER DEBIT","-426.85","","-","","","","-"
"506061106008","Current Account","FIRST WORLD HOTELS &RESORTS SDN BHD","MYR","2020-09-01 MY (UTC+08:00)","2020-09-30 MY (UTC+08:00)","76","135","1,000.00","1,000.00","-","-","29/Sep/2020 MY (UTC+08:00)","05:37 MY (UTC+08:00)","CB  29092020","CHARGEBACK","355.68","-","011 - System","CBSX426Q","2002","CCCBACK - ","-782.53","","-","MN 027004178927","CREDIT CARD CHARGEBACK","","-"
"506061106008","Current Account","FIRST WORLD HOTELS &RESORTS SDN BHD","MYR","2020-09-01 MY (UTC+08:00)","2020-09-30 MY (UTC+08:00)","76","135","1,000.00","1,000.00","-","-","29/Sep/2020 MY (UTC+08:00)","05:38 MY (UTC+08:00)","9201752011 CR/CARD SALES  DATED 29092020","20112909","-","34.41","011 - System","CBSX4498","3104","2210 - CARDS CREDIT","-748.12","","-","","","","-"
"506061106008","Current Account","FIRST WORLD HOTELS &RESORTS SDN BHD","MYR","2020-09-01 MY (UTC+08:00)","2020-09-30 MY (UTC+08:00)","76","135","1,000.00","1,000.00","-","-","29/Sep/2020 MY (UTC+08:00)","05:38 MY (UTC+08:00)","9870277878 CR/CARD SALES  DATED 29092020","78782909","-","1,718.65","011 - System","CBSX4498","3104","2210 - CARDS CREDIT","970.53","","-","","","","-"
"506061106008","Current Account","FIRST WORLD HOTELS &RESORTS SDN BHD","MYR","2020-09-01 MY (UTC+08:00)","2020-09-30 MY (UTC+08:00)","76","135","1,000.00","1,000.00","-","-","29/Sep/2020 MY (UTC+08:00)","05:38 MY (UTC+08:00)","9204418149 CR/CARD SALES  DATED 29092020","81492909","-","29.47","011 - System","CBSX4498","3104","2210 - CARDS CREDIT","1,000.00","","-","","","","-"
"506061106008","Current Account","FIRST WORLD HOTELS &RESORTS SDN BHD","MYR","2020-09-01 MY (UTC+08:00)","2020-09-30 MY (UTC+08:00)","76","135","1,000.00","1,000.00","-","-","30/Sep/2020 MY (UTC+08:00)","08:31 MY (UTC+08:00)","CR/CARD SALES M/N 1183957 DATED 29092020","39572909","-","678.25","011 - System","CBSX4498","2719","2981 - MERCHANT CREDIT CARD SALES","1,678.25","","-","","","","-"
"506061106008","Current Account","FIRST WORLD HOTELS &RESORTS SDN BHD","MYR","2020-09-01 MY (UTC+08:00)","2020-09-30 MY (UTC+08:00)","76","135","1,000.00","1,000.00","-","-","30/Sep/2020 MY (UTC+08:00)","08:31 MY (UTC+08:00)","CR/CARD SALES M/N 4225090 DATED 29092020","50902909","-","167.92","011 - System","CBSX4498","2719","2981 - MERCHANT CREDIT CARD SALES","1,846.17","","-","","","","-"
"506061106008","Current Account","FIRST WORLD HOTELS &RESORTS SDN BHD","MYR","2020-09-01 MY (UTC+08:00)","2020-09-30 MY (UTC+08:00)","76","135","1,000.00","1,000.00","-","-","30/Sep/2020 MY (UTC+08:00)","14:26 MY (UTC+08:00)","0","0","-","13,139.00","018 - Teller","000F416A","1268","7541 - TT CREDIT WITHOUT FLOAT","14,985.17","","-","LOO GUIK TEIN      *","TT CREDIT WITHOUT FLOAT","","-"
"506061106008","Current Account","FIRST WORLD HOTELS &RESORTS SDN BHD","MYR","2020-09-01 MY (UTC+08:00)","2020-09-30 MY (UTC+08:00)","76","135","1,000.00","1,000.00","-","-","30/Sep/2020 MY (UTC+08:00)","01:27 MY (UTC+08:00)","XFR DEBIT SVC CHARGE","","2.00","-","011 - System","BTCH6587","0606","XFRDRSVC - SERVICE CHARGE","14,983.17","","-","","","","-"
"506061106008","Current Account","FIRST WORLD HOTELS &RESORTS SDN BHD","MYR","2020-09-01 MY (UTC+08:00)","2020-09-30 MY (UTC+08:00)","76","135","1,000.00","1,000.00","-","-","30/Sep/2020 MY (UTC+08:00)","01:27 MY (UTC+08:00)","GENTING MALAYSIA BERHAD","514011468149","14,011.69","-","011 - System","BTCH6587","0606","XFRDR - FUND TRANSFER DEBIT","971.48","","-","","","","-"
"506061106008","Current Account","FIRST WORLD HOTELS &RESORTS SDN BHD","MYR","2020-09-01 MY (UTC+08:00)","2020-09-30 MY (UTC+08:00)","76","135","1,000.00","1,000.00","-","-","30/Sep/2020 MY (UTC+08:00)","05:40 MY (UTC+08:00)","9201752011 CR/CARD SALES  DATED 30092020","20113009","-","28.52","011 - System","CBSX4498","3104","2210 - CARDS CREDIT","1,000.00","","-","","","","-"
