Company : M001272 - GENTING MALAYSIA BERHAD,,,,,,,,,,,,,,,,,
Account Opening Branch : Menara UAB,,,,,,,,,,,,,,,,,
Account No. : 8000451944/GENTING MALAYSIA BERHAD 8000451944(MYR),,,,,,,,,,,,,,,,,
Period : 03-01-2020 - 05-01-2020,,,,,,,,,,,,,,,,,
Opening Available Balance : 1356232.45,,,,,,,,,,,,,,,,,
Closing Available Balance : 2105602.88,,,,,,,,,,,,,,,,,
Account Number,Record Sequence Number,Transaction Date,Transaction Code,Transaction Code Description,Originating Branch Code,Document Reference Number, Transaction Amount ,Transaction Amount Type, Balance ,Balance Type,Transaction Time,Customer Reference,Filler,Record Type,Recipient Reference,Other Payment Details,Sender Name
8000451944,3,4012020,148,I-PAYMENT CR,8476,0466, 70.00 ,C," 2,101,403.33 ",C,184753,8870:Guss6615080707 7149EW8L,,1,,,
8000451944,2,4012020,148,I-PAYMENT CR,8470,2936, 33.40 ,C," 2,101,333.33 ",C,142210,8870:Guss6616036176 714H4799,,1,,,
8000451944,1,4012020,148,I-PAYMENT CR,8466,0578, 100.00 ,C," 2,101,299.93 ",C,114428,7419:NY6600123595 714BFTF5,,1,,,
