Company : M001272 - GENTING MALAYSIA BERHAD,,,,,,,,,,,,,,,,,
Account Opening Branch : Menara UAB,,,,,,,,,,,,,,,,,
Account No. : 8000451944/GENTING MALAYSIA BERHAD 8000451944(MYR),,,,,,,,,,,,,,,,,
Period : 24-01-2020 - 27-01-2020,,,,,,,,,,,,,,,,,
Opening Available Balance : 269733.64,,,,,,,,,,,,,,,,,
Closing Available Balance : 545157.62,,,,,,,,,,,,,,,,,
Account Number,Record Sequence Number,Transaction Date,Transaction Code,Transaction Code Description,Originating Branch Code,Document Reference Number, Transaction Amount ,Transaction Amount Type, Balance ,Balance Type,Transaction Time,Customer Reference,Filler,Record Type,Recipient Reference,Other Payment Details,Sender Name
