﻿Account Number,Account Type,Account Name,Account Currency,Date From,Date To,Total Debit,Total Credit,Begin Balance,End Balance,Transaction Date,Transaction Time,Posting Date,Processing Time,Transaction Description,Transaction Ref,Debit,Credit,Source Code,Teller ID,Branch/Channel,Transaction Code,End Balance,Filler,Virtual Account,Transaction Description 2,Transaction Description 3,Transaction Description 4,Expiry Date
"506061304070","Current Account","GENTING MALAYSIA BERHAD","MYR","2020-08-02 MY (UTC+08:00)","2020-08-02 MY (UTC+08:00)","7","5","1,000.00","1,000.00","-","-","02/Aug/2020 MY (UTC+08:00)","00:46 MY (UTC+08:00)","QRCASA SALES M/N 0035433 DATED 02082020","","-","220.00","011 - System","CBSX425P","2988","8301 - BILLS PAYMENT CREDIT","1,220.00","","-","","","","-"
"506061304070","Current Account","GENTING MALAYSIA BERHAD","MYR","2020-08-02 MY (UTC+08:00)","2020-08-02 MY (UTC+08:00)","7","5","1,000.00","1,000.00","-","-","02/Aug/2020 MY (UTC+08:00)","00:46 MY (UTC+08:00)","S/C TRANS VIA QRPAY 000027060035433","","0.55","-","011 - System","CBSX4237","2996","PCSCDR - PAYEE CORP SERVICE CHARGE DEBIT","1,219.45","","-","","","","-"
"506061304070","Current Account","GENTING MALAYSIA BERHAD","MYR","2020-08-02 MY (UTC+08:00)","2020-08-02 MY (UTC+08:00)","7","5","1,000.00","1,000.00","-","-","02/Aug/2020 MY (UTC+08:00)","01:26 MY (UTC+08:00)","XFR DEBIT SVC CHARGE","","2.00","-","011 - System","BTCH6587","0606","XFRDRSVC - SERVICE CHARGE","1,217.45","","-","","","","-"
"506061304070","Current Account","GENTING MALAYSIA BERHAD","MYR","2020-08-02 MY (UTC+08:00)","2020-08-02 MY (UTC+08:00)","7","5","1,000.00","1,000.00","-","-","02/Aug/2020 MY (UTC+08:00)","01:26 MY (UTC+08:00)","GENTING MALAYSIA BERHAD","514011468149","2,810.75","-","011 - System","BTCH6587","0606","XFRDR - FUND TRANSFER DEBIT","-1,593.30","","-","","","","-"
"506061304070","Current Account","GENTING MALAYSIA BERHAD","MYR","2020-08-02 MY (UTC+08:00)","2020-08-02 MY (UTC+08:00)","7","5","1,000.00","1,000.00","-","-","02/Aug/2020 MY (UTC+08:00)","02:18 MY (UTC+08:00)","DR/CARD SALES M/N 4183000 DATED 01082020","","-","46.00","006 - Pos","CBSX408R","2977","8300 - CREDIT ACCOUNT","-1,547.30","","-","","","","-"
"506061304070","Current Account","GENTING MALAYSIA BERHAD","MYR","2020-08-02 MY (UTC+08:00)","2020-08-02 MY (UTC+08:00)","7","5","1,000.00","1,000.00","-","-","02/Aug/2020 MY (UTC+08:00)","02:18 MY (UTC+08:00)","DR/CARD SALES M/N 4000006 DATED 01082020","","-","388.60","006 - Pos","CBSX408R","2977","8300 - CREDIT ACCOUNT","-1,158.70","","-","","","","-"
"506061304070","Current Account","GENTING MALAYSIA BERHAD","MYR","2020-08-02 MY (UTC+08:00)","2020-08-02 MY (UTC+08:00)","7","5","1,000.00","1,000.00","-","-","02/Aug/2020 MY (UTC+08:00)","02:19 MY (UTC+08:00)","DR/CARD SALES M/N 4183000 DATED 01082020","","0.12","-","011 - System","CBSX408R","2981","BCHARGE - ELECTRONIC TRANSACTION CHARGES","-1,158.82","","-","","","","-"
"506061304070","Current Account","GENTING MALAYSIA BERHAD","MYR","2020-08-02 MY (UTC+08:00)","2020-08-02 MY (UTC+08:00)","7","5","1,000.00","1,000.00","-","-","02/Aug/2020 MY (UTC+08:00)","02:19 MY (UTC+08:00)","DR/CARD SALES M/N 4000006 DATED 01082020","","0.97","-","011 - System","CBSX408R","2981","BCHARGE - ELECTRONIC TRANSACTION CHARGES","-1,159.79","","-","","","","-"
"506061304070","Current Account","GENTING MALAYSIA BERHAD","MYR","2020-08-02 MY (UTC+08:00)","2020-08-02 MY (UTC+08:00)","7","5","1,000.00","1,000.00","-","-","02/Aug/2020 MY (UTC+08:00)","02:20 MY (UTC+08:00)","DR/CARD SALES M/N 4183000 DATED 01082020","","-","161.00","006 - Pos","CBSX408R","3121","8300 - CREDIT ACCOUNT","-998.79","","-","","","","-"
"506061304070","Current Account","GENTING MALAYSIA BERHAD","MYR","2020-08-02 MY (UTC+08:00)","2020-08-02 MY (UTC+08:00)","7","5","1,000.00","1,000.00","-","-","02/Aug/2020 MY (UTC+08:00)","02:20 MY (UTC+08:00)","DR/CARD SALES M/N 4000006 DATED 01082020","","-","2,004.20","006 - Pos","CBSX408R","3121","8300 - CREDIT ACCOUNT","1,005.41","","-","","","","-"
"506061304070","Current Account","GENTING MALAYSIA BERHAD","MYR","2020-08-02 MY (UTC+08:00)","2020-08-02 MY (UTC+08:00)","7","5","1,000.00","1,000.00","-","-","02/Aug/2020 MY (UTC+08:00)","02:21 MY (UTC+08:00)","DR/CARD SALES M/N 4183000 DATED 01082020","","0.40","-","011 - System","CBSX408R","2981","BCHARGE - ELECTRONIC TRANSACTION CHARGES","1,005.01","","-","","","","-"
"506061304070","Current Account","GENTING MALAYSIA BERHAD","MYR","2020-08-02 MY (UTC+08:00)","2020-08-02 MY (UTC+08:00)","7","5","1,000.00","1,000.00","-","-","02/Aug/2020 MY (UTC+08:00)","02:21 MY (UTC+08:00)","DR/CARD SALES M/N 4000006 DATED 01082020","","5.01","-","011 - System","CBSX408R","2981","BCHARGE - ELECTRONIC TRANSACTION CHARGES","1,000.00","","-","","","","-"
