﻿Account Number,Account Type,Account Name,Account Currency,Date From,Date To,Total Debit,Total Credit,Begin Balance,End Balance,Transaction Date,Transaction Time,Posting Date,Processing Time,Transaction Description,Transaction Ref,Debit,Credit,Source Code,Teller ID,Branch/Channel,Transaction Code,End Balance,Filler,Virtual Account,Transaction Description 2,Transaction Description 3,Transaction Description 4,Expiry Date
"506061304070","Current Account","GENTING MALAYSIA BERHAD","MYR","2020-08-03 MY (UTC+08:00)","2020-08-03 MY (UTC+08:00)","7","77","1,000.00","1,000.00","-","-","03/Aug/2020 MY (UTC+08:00)","08:32 MY (UTC+08:00)","CR/CARD SALES M/N 4000006 DATED 01082020","00060108","-","18,569.90","011 - System","CBSX4498","2719","2981 - MERCHANT CREDIT CARD SALES","19,569.90","","-","","","","-"
"506061304070","Current Account","GENTING MALAYSIA BERHAD","MYR","2020-08-03 MY (UTC+08:00)","2020-08-03 MY (UTC+08:00)","7","77","1,000.00","1,000.00","-","-","03/Aug/2020 MY (UTC+08:00)","08:32 MY (UTC+08:00)","CR/CARD SALES M/N 4000006 DATED 02082020","00060208","-","9,247.42","011 - System","CBSX4498","2719","2981 - MERCHANT CREDIT CARD SALES","28,817.32","","-","","","","-"
"506061304070","Current Account","GENTING MALAYSIA BERHAD","MYR","2020-08-03 MY (UTC+08:00)","2020-08-03 MY (UTC+08:00)","7","77","1,000.00","1,000.00","-","-","03/Aug/2020 MY (UTC+08:00)","08:32 MY (UTC+08:00)","CR/CARD SALES M/N 4000006 DATED 30072020","00063007","-","3,970.44","011 - System","CBSX4498","2719","2981 - MERCHANT CREDIT CARD SALES","32,787.76","","-","","","","-"
"506061304070","Current Account","GENTING MALAYSIA BERHAD","MYR","2020-08-03 MY (UTC+08:00)","2020-08-03 MY (UTC+08:00)","7","77","1,000.00","1,000.00","-","-","03/Aug/2020 MY (UTC+08:00)","08:32 MY (UTC+08:00)","CR/CARD SALES M/N 4000006 DATED 31072020","00063107","-","8,513.87","011 - System","CBSX4498","2719","2981 - MERCHANT CREDIT CARD SALES","41,301.63","","-","","","","-"
"506061304070","Current Account","GENTING MALAYSIA BERHAD","MYR","2020-08-03 MY (UTC+08:00)","2020-08-03 MY (UTC+08:00)","7","77","1,000.00","1,000.00","-","-","03/Aug/2020 MY (UTC+08:00)","08:32 MY (UTC+08:00)","CR/CARD SALES M/N 1021077 DATED 30072020","10773007","-","0.02","011 - System","CBSX4498","2719","2981 - MERCHANT CREDIT CARD SALES","41,301.65","","-","","","","-"
"506061304070","Current Account","GENTING MALAYSIA BERHAD","MYR","2020-08-03 MY (UTC+08:00)","2020-08-03 MY (UTC+08:00)","7","77","1,000.00","1,000.00","-","-","03/Aug/2020 MY (UTC+08:00)","08:32 MY (UTC+08:00)","CR/CARD SALES M/N 1021176 DATED 31072020","11763107","-","223.20","011 - System","CBSX4498","2719","2981 - MERCHANT CREDIT CARD SALES","41,524.85","","-","","","","-"
"506061304070","Current Account","GENTING MALAYSIA BERHAD","MYR","2020-08-03 MY (UTC+08:00)","2020-08-03 MY (UTC+08:00)","7","77","1,000.00","1,000.00","-","-","03/Aug/2020 MY (UTC+08:00)","08:32 MY (UTC+08:00)","CR/CARD SALES M/N 4221339 DATED 01082020","13390108","-","70,999.00","011 - System","CBSX4498","2719","2981 - MERCHANT CREDIT CARD SALES","112,523.85","","-","","","","-"
"506061304070","Current Account","GENTING MALAYSIA BERHAD","MYR","2020-08-03 MY (UTC+08:00)","2020-08-03 MY (UTC+08:00)","7","77","1,000.00","1,000.00","-","-","03/Aug/2020 MY (UTC+08:00)","08:32 MY (UTC+08:00)","CR/CARD SALES M/N 4221339 DATED 02082020","13390208","-","42,054.53","011 - System","CBSX4498","2719","2981 - MERCHANT CREDIT CARD SALES","154,578.38","","-","","","","-"
"506061304070","Current Account","GENTING MALAYSIA BERHAD","MYR","2020-08-03 MY (UTC+08:00)","2020-08-03 MY (UTC+08:00)","7","77","1,000.00","1,000.00","-","-","03/Aug/2020 MY (UTC+08:00)","08:32 MY (UTC+08:00)","CR/CARD SALES M/N 4221339 DATED 30072020","13393007","-","14,476.44","011 - System","CBSX4498","2719","2981 - MERCHANT CREDIT CARD SALES","169,054.82","","-","","","","-"
"506061304070","Current Account","GENTING MALAYSIA BERHAD","MYR","2020-08-03 MY (UTC+08:00)","2020-08-03 MY (UTC+08:00)","7","77","1,000.00","1,000.00","-","-","03/Aug/2020 MY (UTC+08:00)","08:32 MY (UTC+08:00)","CR/CARD SALES M/N 4221339 DATED 31072020","13393107","-","48,934.77","011 - System","CBSX4498","2719","2981 - MERCHANT CREDIT CARD SALES","217,989.59","","-","","","","-"
"506061304070","Current Account","GENTING MALAYSIA BERHAD","MYR","2020-08-03 MY (UTC+08:00)","2020-08-03 MY (UTC+08:00)","7","77","1,000.00","1,000.00","-","-","03/Aug/2020 MY (UTC+08:00)","08:32 MY (UTC+08:00)","CR/CARD SALES M/N 4221552 DATED 01082020","15520108","-","13,158.89","011 - System","CBSX4498","2719","2981 - MERCHANT CREDIT CARD SALES","231,148.48","","-","","","","-"
"506061304070","Current Account","GENTING MALAYSIA BERHAD","MYR","2020-08-03 MY (UTC+08:00)","2020-08-03 MY (UTC+08:00)","7","77","1,000.00","1,000.00","-","-","03/Aug/2020 MY (UTC+08:00)","08:32 MY (UTC+08:00)","CR/CARD SALES M/N 4221552 DATED 02082020","15520208","-","29,577.37","011 - System","CBSX4498","2719","2981 - MERCHANT CREDIT CARD SALES","260,725.85","","-","","","","-"
"506061304070","Current Account","GENTING MALAYSIA BERHAD","MYR","2020-08-03 MY (UTC+08:00)","2020-08-03 MY (UTC+08:00)","7","77","1,000.00","1,000.00","-","-","03/Aug/2020 MY (UTC+08:00)","08:32 MY (UTC+08:00)","CR/CARD SALES M/N 4221552 DATED 30072020","15523007","-","4,346.16","011 - System","CBSX4498","2719","2981 - MERCHANT CREDIT CARD SALES","265,072.01","","-","","","","-"
"506061304070","Current Account","GENTING MALAYSIA BERHAD","MYR","2020-08-03 MY (UTC+08:00)","2020-08-03 MY (UTC+08:00)","7","77","1,000.00","1,000.00","-","-","03/Aug/2020 MY (UTC+08:00)","08:32 MY (UTC+08:00)","CR/CARD SALES M/N 4221552 DATED 31072020","15523107","-","18,295.49","011 - System","CBSX4498","2719","2981 - MERCHANT CREDIT CARD SALES","283,367.50","","-","","","","-"
"506061304070","Current Account","GENTING MALAYSIA BERHAD","MYR","2020-08-03 MY (UTC+08:00)","2020-08-03 MY (UTC+08:00)","7","77","1,000.00","1,000.00","-","-","03/Aug/2020 MY (UTC+08:00)","08:32 MY (UTC+08:00)","CR/CARD SALES M/N 4183000 DATED 01082020","30000108","-","375.59","011 - System","CBSX4498","2719","2981 - MERCHANT CREDIT CARD SALES","283,743.09","","-","","","","-"
"506061304070","Current Account","GENTING MALAYSIA BERHAD","MYR","2020-08-03 MY (UTC+08:00)","2020-08-03 MY (UTC+08:00)","7","77","1,000.00","1,000.00","-","-","03/Aug/2020 MY (UTC+08:00)","08:32 MY (UTC+08:00)","CR/CARD SALES M/N 4183000 DATED 31072020","30003107","-","480.63","011 - System","CBSX4498","2719","2981 - MERCHANT CREDIT CARD SALES","284,223.72","","-","","","","-"
"506061304070","Current Account","GENTING MALAYSIA BERHAD","MYR","2020-08-03 MY (UTC+08:00)","2020-08-03 MY (UTC+08:00)","7","77","1,000.00","1,000.00","-","-","03/Aug/2020 MY (UTC+08:00)","08:32 MY (UTC+08:00)","CR/CARD SALES M/N 1813880 DATED 30072020","38803007","-","18,413.62","011 - System","CBSX4498","2719","2981 - MERCHANT CREDIT CARD SALES","302,637.34","","-","","","","-"
"506061304070","Current Account","GENTING MALAYSIA BERHAD","MYR","2020-08-03 MY (UTC+08:00)","2020-08-03 MY (UTC+08:00)","7","77","1,000.00","1,000.00","-","-","03/Aug/2020 MY (UTC+08:00)","08:32 MY (UTC+08:00)","CR/CARD SALES M/N 4185062 DATED 01082020","50620108","-","258,832.99","011 - System","CBSX4498","2719","2981 - MERCHANT CREDIT CARD SALES","561,470.33","","-","","","","-"
"506061304070","Current Account","GENTING MALAYSIA BERHAD","MYR","2020-08-03 MY (UTC+08:00)","2020-08-03 MY (UTC+08:00)","7","77","1,000.00","1,000.00","-","-","03/Aug/2020 MY (UTC+08:00)","08:32 MY (UTC+08:00)","CR/CARD SALES M/N 4185062 DATED 02082020","50620208","-","119,866.71","011 - System","CBSX4498","2719","2981 - MERCHANT CREDIT CARD SALES","681,337.04","","-","","","","-"
"506061304070","Current Account","GENTING MALAYSIA BERHAD","MYR","2020-08-03 MY (UTC+08:00)","2020-08-03 MY (UTC+08:00)","7","77","1,000.00","1,000.00","-","-","03/Aug/2020 MY (UTC+08:00)","08:32 MY (UTC+08:00)","T41HO             4185062 DATED 30072020","50623007","-","169.57","011 - System","CBSX4498","2719","2981 - MERCHANT CREDIT CARD SALES","681,506.61","","-","","","","-"
"506061304070","Current Account","GENTING MALAYSIA BERHAD","MYR","2020-08-03 MY (UTC+08:00)","2020-08-03 MY (UTC+08:00)","7","77","1,000.00","1,000.00","-","-","03/Aug/2020 MY (UTC+08:00)","08:32 MY (UTC+08:00)","CR/CARD SALES M/N 4185062 DATED 30072020","50623007","-","89,133.73","011 - System","CBSX4498","2719","2981 - MERCHANT CREDIT CARD SALES","770,640.34","","-","","","","-"
"506061304070","Current Account","GENTING MALAYSIA BERHAD","MYR","2020-08-03 MY (UTC+08:00)","2020-08-03 MY (UTC+08:00)","7","77","1,000.00","1,000.00","-","-","03/Aug/2020 MY (UTC+08:00)","08:32 MY (UTC+08:00)","CR/CARD SALES M/N 4185062 DATED 31072020","50623107","-","190,869.03","011 - System","CBSX4498","2719","2981 - MERCHANT CREDIT CARD SALES","961,509.37","","-","","","","-"
"506061304070","Current Account","GENTING MALAYSIA BERHAD","MYR","2020-08-03 MY (UTC+08:00)","2020-08-03 MY (UTC+08:00)","7","77","1,000.00","1,000.00","-","-","03/Aug/2020 MY (UTC+08:00)","08:32 MY (UTC+08:00)","CR/CARD SALES M/N 4225124 DATED 01082020","51240108","-","1,015.23","011 - System","CBSX4498","2719","2981 - MERCHANT CREDIT CARD SALES","962,524.60","","-","","","","-"
"506061304070","Current Account","GENTING MALAYSIA BERHAD","MYR","2020-08-03 MY (UTC+08:00)","2020-08-03 MY (UTC+08:00)","7","77","1,000.00","1,000.00","-","-","03/Aug/2020 MY (UTC+08:00)","08:32 MY (UTC+08:00)","CR/CARD SALES M/N 4225124 DATED 02082020","51240208","-","368.86","011 - System","CBSX4498","2719","2981 - MERCHANT CREDIT CARD SALES","962,893.46","","-","","","","-"
"506061304070","Current Account","GENTING MALAYSIA BERHAD","MYR","2020-08-03 MY (UTC+08:00)","2020-08-03 MY (UTC+08:00)","7","77","1,000.00","1,000.00","-","-","03/Aug/2020 MY (UTC+08:00)","08:32 MY (UTC+08:00)","CR/CARD SALES M/N 4225124 DATED 30072020","51243007","-","366.44","011 - System","CBSX4498","2719","2981 - MERCHANT CREDIT CARD SALES","963,259.90","","-","","","","-"
"506061304070","Current Account","GENTING MALAYSIA BERHAD","MYR","2020-08-03 MY (UTC+08:00)","2020-08-03 MY (UTC+08:00)","7","77","1,000.00","1,000.00","-","-","03/Aug/2020 MY (UTC+08:00)","08:32 MY (UTC+08:00)","CR/CARD SALES M/N 4225124 DATED 31072020","51243107","-","1,232.91","011 - System","CBSX4498","2719","2981 - MERCHANT CREDIT CARD SALES","964,492.81","","-","","","","-"
"506061304070","Current Account","GENTING MALAYSIA BERHAD","MYR","2020-08-03 MY (UTC+08:00)","2020-08-03 MY (UTC+08:00)","7","77","1,000.00","1,000.00","-","-","03/Aug/2020 MY (UTC+08:00)","08:32 MY (UTC+08:00)","CR/CARD SALES M/N 4225140 DATED 02082020","51400208","-","16,387.31","011 - System","CBSX4498","2719","2981 - MERCHANT CREDIT CARD SALES","980,880.12","","-","","","","-"
"506061304070","Current Account","GENTING MALAYSIA BERHAD","MYR","2020-08-03 MY (UTC+08:00)","2020-08-03 MY (UTC+08:00)","7","77","1,000.00","1,000.00","-","-","03/Aug/2020 MY (UTC+08:00)","08:32 MY (UTC+08:00)","CR/CARD SALES M/N 4225140 DATED 30072020","51403007","-","2,614.04","011 - System","CBSX4498","2719","2981 - MERCHANT CREDIT CARD SALES","983,494.16","","-","","","","-"
"506061304070","Current Account","GENTING MALAYSIA BERHAD","MYR","2020-08-03 MY (UTC+08:00)","2020-08-03 MY (UTC+08:00)","7","77","1,000.00","1,000.00","-","-","03/Aug/2020 MY (UTC+08:00)","08:32 MY (UTC+08:00)","CR/CARD SALES M/N 4225140 DATED 31072020","51403107","-","10,107.61","011 - System","CBSX4498","2719","2981 - MERCHANT CREDIT CARD SALES","993,601.77","","-","","","","-"
"506061304070","Current Account","GENTING MALAYSIA BERHAD","MYR","2020-08-03 MY (UTC+08:00)","2020-08-03 MY (UTC+08:00)","7","77","1,000.00","1,000.00","-","-","03/Aug/2020 MY (UTC+08:00)","08:32 MY (UTC+08:00)","CR/CARD SALES M/N 4025557 DATED 31072020","55573107","-","412.26","011 - System","CBSX4498","2719","2981 - MERCHANT CREDIT CARD SALES","994,014.03","","-","","","","-"
"506061304070","Current Account","GENTING MALAYSIA BERHAD","MYR","2020-08-03 MY (UTC+08:00)","2020-08-03 MY (UTC+08:00)","7","77","1,000.00","1,000.00","-","-","03/Aug/2020 MY (UTC+08:00)","08:32 MY (UTC+08:00)","CR/CARD SALES M/N 4145744 DATED 01082020","57440108","-","2,244.13","011 - System","CBSX4498","2719","2981 - MERCHANT CREDIT CARD SALES","996,258.16","","-","","","","-"
"506061304070","Current Account","GENTING MALAYSIA BERHAD","MYR","2020-08-03 MY (UTC+08:00)","2020-08-03 MY (UTC+08:00)","7","77","1,000.00","1,000.00","-","-","03/Aug/2020 MY (UTC+08:00)","08:32 MY (UTC+08:00)","CR/CARD SALES M/N 4145744 DATED 02082020","57440208","-","2,088.92","011 - System","CBSX4498","2719","2981 - MERCHANT CREDIT CARD SALES","998,347.08","","-","","","","-"
"506061304070","Current Account","GENTING MALAYSIA BERHAD","MYR","2020-08-03 MY (UTC+08:00)","2020-08-03 MY (UTC+08:00)","7","77","1,000.00","1,000.00","-","-","03/Aug/2020 MY (UTC+08:00)","08:32 MY (UTC+08:00)","CR/CARD SALES M/N 4145744 DATED 30072020","57443007","-","644.15","011 - System","CBSX4498","2719","2981 - MERCHANT CREDIT CARD SALES","998,991.23","","-","","","","-"
"506061304070","Current Account","GENTING MALAYSIA BERHAD","MYR","2020-08-03 MY (UTC+08:00)","2020-08-03 MY (UTC+08:00)","7","77","1,000.00","1,000.00","-","-","03/Aug/2020 MY (UTC+08:00)","08:32 MY (UTC+08:00)","CR/CARD SALES M/N 4145744 DATED 31072020","57443107","-","2,605.02","011 - System","CBSX4498","2719","2981 - MERCHANT CREDIT CARD SALES","1,001,596.25","","-","","","","-"
"506061304070","Current Account","GENTING MALAYSIA BERHAD","MYR","2020-08-03 MY (UTC+08:00)","2020-08-03 MY (UTC+08:00)","7","77","1,000.00","1,000.00","-","-","03/Aug/2020 MY (UTC+08:00)","08:32 MY (UTC+08:00)","CR/CARD SALES M/N 4246575 DATED 01082020","65750108","-","1,233.79","011 - System","CBSX4498","2719","2981 - MERCHANT CREDIT CARD SALES","1,002,830.04","","-","","","","-"
"506061304070","Current Account","GENTING MALAYSIA BERHAD","MYR","2020-08-03 MY (UTC+08:00)","2020-08-03 MY (UTC+08:00)","7","77","1,000.00","1,000.00","-","-","03/Aug/2020 MY (UTC+08:00)","08:32 MY (UTC+08:00)","CR/CARD SALES M/N 4246575 DATED 30072020","65753007","-","1,639.64","011 - System","CBSX4498","2719","2981 - MERCHANT CREDIT CARD SALES","1,004,469.68","","-","","","","-"
"506061304070","Current Account","GENTING MALAYSIA BERHAD","MYR","2020-08-03 MY (UTC+08:00)","2020-08-03 MY (UTC+08:00)","7","77","1,000.00","1,000.00","-","-","03/Aug/2020 MY (UTC+08:00)","08:32 MY (UTC+08:00)","CR/CARD SALES M/N 6037149 DATED 01082020","71490108","-","47.62","011 - System","CBSX4498","2719","2981 - MERCHANT CREDIT CARD SALES","1,004,517.30","","-","","","","-"
"506061304070","Current Account","GENTING MALAYSIA BERHAD","MYR","2020-08-03 MY (UTC+08:00)","2020-08-03 MY (UTC+08:00)","7","77","1,000.00","1,000.00","-","-","03/Aug/2020 MY (UTC+08:00)","08:32 MY (UTC+08:00)","CR/CARD SALES M/N 7008915 DATED 01082020","89150108","-","20,265.64","011 - System","CBSX4498","2719","2981 - MERCHANT CREDIT CARD SALES","1,024,782.94","","-","","","","-"
"506061304070","Current Account","GENTING MALAYSIA BERHAD","MYR","2020-08-03 MY (UTC+08:00)","2020-08-03 MY (UTC+08:00)","7","77","1,000.00","1,000.00","-","-","03/Aug/2020 MY (UTC+08:00)","08:32 MY (UTC+08:00)","CR/CARD SALES M/N 7008915 DATED 02082020","89150208","-","22,431.16","011 - System","CBSX4498","2719","2981 - MERCHANT CREDIT CARD SALES","1,047,214.10","","-","","","","-"
"506061304070","Current Account","GENTING MALAYSIA BERHAD","MYR","2020-08-03 MY (UTC+08:00)","2020-08-03 MY (UTC+08:00)","7","77","1,000.00","1,000.00","-","-","03/Aug/2020 MY (UTC+08:00)","08:32 MY (UTC+08:00)","CR/CARD SALES M/N 7008915 DATED 30072020","89153007","-","19,229.18","011 - System","CBSX4498","2719","2981 - MERCHANT CREDIT CARD SALES","1,066,443.28","","-","","","","-"
"506061304070","Current Account","GENTING MALAYSIA BERHAD","MYR","2020-08-03 MY (UTC+08:00)","2020-08-03 MY (UTC+08:00)","7","77","1,000.00","1,000.00","-","-","03/Aug/2020 MY (UTC+08:00)","08:32 MY (UTC+08:00)","CR/CARD SALES M/N 7008915 DATED 31072020","89153107","-","21,188.85","011 - System","CBSX4498","2719","2981 - MERCHANT CREDIT CARD SALES","1,087,632.13","","-","","","","-"
"506061304070","Current Account","GENTING MALAYSIA BERHAD","MYR","2020-08-03 MY (UTC+08:00)","2020-08-03 MY (UTC+08:00)","7","77","1,000.00","1,000.00","-","-","03/Aug/2020 MY (UTC+08:00)","08:32 MY (UTC+08:00)","CR/CARD SALES M/N 4179180 DATED 01082020","91800108","-","49,347.95","011 - System","CBSX4498","2719","2981 - MERCHANT CREDIT CARD SALES","1,136,980.08","","-","","","","-"
"506061304070","Current Account","GENTING MALAYSIA BERHAD","MYR","2020-08-03 MY (UTC+08:00)","2020-08-03 MY (UTC+08:00)","7","77","1,000.00","1,000.00","-","-","03/Aug/2020 MY (UTC+08:00)","08:32 MY (UTC+08:00)","CR/CARD SALES M/N 4179180 DATED 02082020","91800208","-","71,711.04","011 - System","CBSX4498","2719","2981 - MERCHANT CREDIT CARD SALES","1,208,691.12","","-","","","","-"
"506061304070","Current Account","GENTING MALAYSIA BERHAD","MYR","2020-08-03 MY (UTC+08:00)","2020-08-03 MY (UTC+08:00)","7","77","1,000.00","1,000.00","-","-","03/Aug/2020 MY (UTC+08:00)","08:32 MY (UTC+08:00)","CR/CARD SALES M/N 4179180 DATED 30072020","91803007","-","13,661.09","011 - System","CBSX4498","2719","2981 - MERCHANT CREDIT CARD SALES","1,222,352.21","","-","","","","-"
"506061304070","Current Account","GENTING MALAYSIA BERHAD","MYR","2020-08-03 MY (UTC+08:00)","2020-08-03 MY (UTC+08:00)","7","77","1,000.00","1,000.00","-","-","03/Aug/2020 MY (UTC+08:00)","08:32 MY (UTC+08:00)","CR/CARD SALES M/N 4179180 DATED 31072020","91803107","-","22,385.07","011 - System","CBSX4498","2719","2981 - MERCHANT CREDIT CARD SALES","1,244,737.28","","-","","","","-"
"506061304070","Current Account","GENTING MALAYSIA BERHAD","MYR","2020-08-03 MY (UTC+08:00)","2020-08-03 MY (UTC+08:00)","7","77","1,000.00","1,000.00","-","-","03/Aug/2020 MY (UTC+08:00)","08:32 MY (UTC+08:00)","CR/CARD SALES M/N 4179883 DATED 01082020","98830108","-","3,576.13","011 - System","CBSX4498","2719","2981 - MERCHANT CREDIT CARD SALES","1,248,313.41","","-","","","","-"
"506061304070","Current Account","GENTING MALAYSIA BERHAD","MYR","2020-08-03 MY (UTC+08:00)","2020-08-03 MY (UTC+08:00)","7","77","1,000.00","1,000.00","-","-","03/Aug/2020 MY (UTC+08:00)","08:32 MY (UTC+08:00)","CR/CARD SALES M/N 4179883 DATED 02082020","98830208","-","427.00","011 - System","CBSX4498","2719","2981 - MERCHANT CREDIT CARD SALES","1,248,740.41","","-","","","","-"
"506061304070","Current Account","GENTING MALAYSIA BERHAD","MYR","2020-08-03 MY (UTC+08:00)","2020-08-03 MY (UTC+08:00)","7","77","1,000.00","1,000.00","-","-","03/Aug/2020 MY (UTC+08:00)","08:32 MY (UTC+08:00)","CR/CARD SALES M/N 4179883 DATED 30072020","98833007","-","349.89","011 - System","CBSX4498","2719","2981 - MERCHANT CREDIT CARD SALES","1,249,090.30","","-","","","","-"
"506061304070","Current Account","GENTING MALAYSIA BERHAD","MYR","2020-08-03 MY (UTC+08:00)","2020-08-03 MY (UTC+08:00)","7","77","1,000.00","1,000.00","-","-","03/Aug/2020 MY (UTC+08:00)","08:32 MY (UTC+08:00)","CR/CARD SALES M/N 4179883 DATED 31072020","98833107","-","2,974.14","011 - System","CBSX4498","2719","2981 - MERCHANT CREDIT CARD SALES","1,252,064.44","","-","","","","-"
"506061304070","Current Account","GENTING MALAYSIA BERHAD","MYR","2020-08-03 MY (UTC+08:00)","2020-08-03 MY (UTC+08:00)","7","77","1,000.00","1,000.00","-","-","03/Aug/2020 MY (UTC+08:00)","08:32 MY (UTC+08:00)","CR/CARD SALES M/N 4239893 DATED 01082020","98930108","-","17,080.18","011 - System","CBSX4498","2719","2981 - MERCHANT CREDIT CARD SALES","1,269,144.62","","-","","","","-"
"506061304070","Current Account","GENTING MALAYSIA BERHAD","MYR","2020-08-03 MY (UTC+08:00)","2020-08-03 MY (UTC+08:00)","7","77","1,000.00","1,000.00","-","-","03/Aug/2020 MY (UTC+08:00)","08:32 MY (UTC+08:00)","CR/CARD SALES M/N 4239893 DATED 02082020","98930208","-","4,734.84","011 - System","CBSX4498","2719","2981 - MERCHANT CREDIT CARD SALES","1,273,879.46","","-","","","","-"
"506061304070","Current Account","GENTING MALAYSIA BERHAD","MYR","2020-08-03 MY (UTC+08:00)","2020-08-03 MY (UTC+08:00)","7","77","1,000.00","1,000.00","-","-","03/Aug/2020 MY (UTC+08:00)","08:32 MY (UTC+08:00)","CR/CARD SALES M/N 4239893 DATED 30072020","98933007","-","1,862.36","011 - System","CBSX4498","2719","2981 - MERCHANT CREDIT CARD SALES","1,275,741.82","","-","","","","-"
"506061304070","Current Account","GENTING MALAYSIA BERHAD","MYR","2020-08-03 MY (UTC+08:00)","2020-08-03 MY (UTC+08:00)","7","77","1,000.00","1,000.00","-","-","03/Aug/2020 MY (UTC+08:00)","08:32 MY (UTC+08:00)","CR/CARD SALES M/N 4239893 DATED 31072020","98933107","-","3,253.81","011 - System","CBSX4498","2719","2981 - MERCHANT CREDIT CARD SALES","1,278,995.63","","-","","","","-"
"506061304070","Current Account","GENTING MALAYSIA BERHAD","MYR","2020-08-03 MY (UTC+08:00)","2020-08-03 MY (UTC+08:00)","7","77","1,000.00","1,000.00","-","-","03/Aug/2020 MY (UTC+08:00)","11:58 MY (UTC+08:00)","H78717","78717","-","2,508.55","018 - Teller","0000540A","0606","7100 - CASH DEPOSIT","1,281,504.18","","-","","","","-"
"506061304070","Current Account","GENTING MALAYSIA BERHAD","MYR","2020-08-03 MY (UTC+08:00)","2020-08-03 MY (UTC+08:00)","7","77","1,000.00","1,000.00","-","-","03/Aug/2020 MY (UTC+08:00)","12:01 MY (UTC+08:00)","H78716","78716","-","149,816.00","018 - Teller","0000540A","0606","7100 - CASH DEPOSIT","1,431,320.18","","-","","","","-"
"506061304070","Current Account","GENTING MALAYSIA BERHAD","MYR","2020-08-03 MY (UTC+08:00)","2020-08-03 MY (UTC+08:00)","7","77","1,000.00","1,000.00","-","-","03/Aug/2020 MY (UTC+08:00)","12:07 MY (UTC+08:00)","H78725","78725","-","12,161.45","018 - Teller","0000540A","0606","7100 - CASH DEPOSIT","1,443,481.63","","-","","","","-"
"506061304070","Current Account","GENTING MALAYSIA BERHAD","MYR","2020-08-03 MY (UTC+08:00)","2020-08-03 MY (UTC+08:00)","7","77","1,000.00","1,000.00","-","-","03/Aug/2020 MY (UTC+08:00)","12:09 MY (UTC+08:00)","H78724","78724","-","608,043.00","018 - Teller","0000540A","0606","7100 - CASH DEPOSIT","2,051,524.63","","-","","","","-"
"506061304070","Current Account","GENTING MALAYSIA BERHAD","MYR","2020-08-03 MY (UTC+08:00)","2020-08-03 MY (UTC+08:00)","7","77","1,000.00","1,000.00","-","-","03/Aug/2020 MY (UTC+08:00)","12:13 MY (UTC+08:00)","H78728","78728","-","76,927.00","018 - Teller","0000540A","0606","7100 - CASH DEPOSIT","2,128,451.63","","-","","","","-"
"506061304070","Current Account","GENTING MALAYSIA BERHAD","MYR","2020-08-03 MY (UTC+08:00)","2020-08-03 MY (UTC+08:00)","7","77","1,000.00","1,000.00","-","-","03/Aug/2020 MY (UTC+08:00)","12:20 MY (UTC+08:00)","H78718","78718","-","16.85","018 - Teller","0000540A","0606","7100 - CASH DEPOSIT","2,128,468.48","","-","","","","-"
"506061304070","Current Account","GENTING MALAYSIA BERHAD","MYR","2020-08-03 MY (UTC+08:00)","2020-08-03 MY (UTC+08:00)","7","77","1,000.00","1,000.00","-","-","03/Aug/2020 MY (UTC+08:00)","12:22 MY (UTC+08:00)","CH78447","CH78447","-","944.00","018 - Teller","0000540A","0606","7100 - CASH DEPOSIT","2,129,412.48","","-","","","","-"
"506061304070","Current Account","GENTING MALAYSIA BERHAD","MYR","2020-08-03 MY (UTC+08:00)","2020-08-03 MY (UTC+08:00)","7","77","1,000.00","1,000.00","-","-","03/Aug/2020 MY (UTC+08:00)","12:25 MY (UTC+08:00)","H78715","78715","-","35,550.90","018 - Teller","0000540A","0606","7100 - CASH DEPOSIT","2,164,963.38","","-","","","","-"
"506061304070","Current Account","GENTING MALAYSIA BERHAD","MYR","2020-08-03 MY (UTC+08:00)","2020-08-03 MY (UTC+08:00)","7","77","1,000.00","1,000.00","-","-","03/Aug/2020 MY (UTC+08:00)","12:28 MY (UTC+08:00)","H78713","78713","-","42,332.00","018 - Teller","0000540A","0606","7100 - CASH DEPOSIT","2,207,295.38","","-","","","","-"
"506061304070","Current Account","GENTING MALAYSIA BERHAD","MYR","2020-08-03 MY (UTC+08:00)","2020-08-03 MY (UTC+08:00)","7","77","1,000.00","1,000.00","-","-","03/Aug/2020 MY (UTC+08:00)","12:29 MY (UTC+08:00)","H78714","78714","-","110,968.00","018 - Teller","0000540A","0606","7100 - CASH DEPOSIT","2,318,263.38","","-","","","","-"
"506061304070","Current Account","GENTING MALAYSIA BERHAD","MYR","2020-08-03 MY (UTC+08:00)","2020-08-03 MY (UTC+08:00)","7","77","1,000.00","1,000.00","-","-","03/Aug/2020 MY (UTC+08:00)","12:30 MY (UTC+08:00)","H78722","78722","-","8,800.50","018 - Teller","0000540A","0606","7100 - CASH DEPOSIT","2,327,063.88","","-","","","","-"
"506061304070","Current Account","GENTING MALAYSIA BERHAD","MYR","2020-08-03 MY (UTC+08:00)","2020-08-03 MY (UTC+08:00)","7","77","1,000.00","1,000.00","-","-","03/Aug/2020 MY (UTC+08:00)","13:01 MY (UTC+08:00)","H78719","78719","-","200,472.00","018 - Teller","0000540A","0606","7100 - CASH DEPOSIT","2,527,535.88","","-","","","","-"
"506061304070","Current Account","GENTING MALAYSIA BERHAD","MYR","2020-08-03 MY (UTC+08:00)","2020-08-03 MY (UTC+08:00)","7","77","1,000.00","1,000.00","-","-","03/Aug/2020 MY (UTC+08:00)","00:44 MY (UTC+08:00)","QRCASA SALES M/N 0035268 DATED 03082020","","-","0.42","011 - System","CBSX425P","2988","8301 - BILLS PAYMENT CREDIT","2,527,536.30","","-","","","","-"
"506061304070","Current Account","GENTING MALAYSIA BERHAD","MYR","2020-08-03 MY (UTC+08:00)","2020-08-03 MY (UTC+08:00)","7","77","1,000.00","1,000.00","-","-","03/Aug/2020 MY (UTC+08:00)","00:44 MY (UTC+08:00)","QRCASA SALES M/N 0035433 DATED 03082020","","-","280.00","011 - System","CBSX425P","2988","8301 - BILLS PAYMENT CREDIT","2,527,816.30","","-","","","","-"
"506061304070","Current Account","GENTING MALAYSIA BERHAD","MYR","2020-08-03 MY (UTC+08:00)","2020-08-03 MY (UTC+08:00)","7","77","1,000.00","1,000.00","-","-","03/Aug/2020 MY (UTC+08:00)","00:45 MY (UTC+08:00)","S/C TRANS VIA QRPAY 000027060035433","","0.70","-","011 - System","CBSX4237","2996","PCSCDR - PAYEE CORP SERVICE CHARGE DEBIT","2,527,815.60","","-","","","","-"
"506061304070","Current Account","GENTING MALAYSIA BERHAD","MYR","2020-08-03 MY (UTC+08:00)","2020-08-03 MY (UTC+08:00)","7","77","1,000.00","1,000.00","-","-","03/Aug/2020 MY (UTC+08:00)","01:33 MY (UTC+08:00)","GENTING MALAYSIA BERHAD","514011468149","2,535,003.09","-","011 - System","BTCH6587","0606","XFRDR - FUND TRANSFER DEBIT","-7,187.49","","-","","","","-"
"506061304070","Current Account","GENTING MALAYSIA BERHAD","MYR","2020-08-03 MY (UTC+08:00)","2020-08-03 MY (UTC+08:00)","7","77","1,000.00","1,000.00","-","-","03/Aug/2020 MY (UTC+08:00)","01:33 MY (UTC+08:00)","XFR DEBIT SVC CHARGE","","2.00","-","011 - System","BTCH6587","0606","XFRDRSVC - SERVICE CHARGE","-7,189.49","","-","","","","-"
"506061304070","Current Account","GENTING MALAYSIA BERHAD","MYR","2020-08-03 MY (UTC+08:00)","2020-08-03 MY (UTC+08:00)","7","77","1,000.00","1,000.00","-","-","03/Aug/2020 MY (UTC+08:00)","02:14 MY (UTC+08:00)","DR/CARD SALES M/N 4000006 DATED 02082020","","-","149.00","006 - Pos","CBSX408R","2977","8300 - CREDIT ACCOUNT","-7,040.49","","-","","","","-"
"506061304070","Current Account","GENTING MALAYSIA BERHAD","MYR","2020-08-03 MY (UTC+08:00)","2020-08-03 MY (UTC+08:00)","7","77","1,000.00","1,000.00","-","-","03/Aug/2020 MY (UTC+08:00)","02:15 MY (UTC+08:00)","DR/CARD SALES M/N 4000006 DATED 02082020","","0.37","-","011 - System","CBSX408R","2981","BCHARGE - ELECTRONIC TRANSACTION CHARGES","-7,040.86","","-","","","","-"
"506061304070","Current Account","GENTING MALAYSIA BERHAD","MYR","2020-08-03 MY (UTC+08:00)","2020-08-03 MY (UTC+08:00)","7","77","1,000.00","1,000.00","-","-","03/Aug/2020 MY (UTC+08:00)","02:16 MY (UTC+08:00)","DR/CARD SALES M/N 4183000 DATED 02082020","","-","46.00","006 - Pos","CBSX408R","3121","8300 - CREDIT ACCOUNT","-6,994.86","","-","","","","-"
"506061304070","Current Account","GENTING MALAYSIA BERHAD","MYR","2020-08-03 MY (UTC+08:00)","2020-08-03 MY (UTC+08:00)","7","77","1,000.00","1,000.00","-","-","03/Aug/2020 MY (UTC+08:00)","02:16 MY (UTC+08:00)","DR/CARD SALES M/N 4185062 DATED 02082020","","-","249.00","006 - Pos","CBSX408R","3121","8300 - CREDIT ACCOUNT","-6,745.86","","-","","","","-"
"506061304070","Current Account","GENTING MALAYSIA BERHAD","MYR","2020-08-03 MY (UTC+08:00)","2020-08-03 MY (UTC+08:00)","7","77","1,000.00","1,000.00","-","-","03/Aug/2020 MY (UTC+08:00)","02:16 MY (UTC+08:00)","DR/CARD SALES M/N 4000006 DATED 02082020","","-","603.40","006 - Pos","CBSX408R","3121","8300 - CREDIT ACCOUNT","-6,142.46","","-","","","","-"
"506061304070","Current Account","GENTING MALAYSIA BERHAD","MYR","2020-08-03 MY (UTC+08:00)","2020-08-03 MY (UTC+08:00)","7","77","1,000.00","1,000.00","-","-","03/Aug/2020 MY (UTC+08:00)","02:17 MY (UTC+08:00)","DR/CARD SALES M/N 4183000 DATED 02082020","","0.12","-","011 - System","CBSX408R","2981","BCHARGE - ELECTRONIC TRANSACTION CHARGES","-6,142.58","","-","","","","-"
"506061304070","Current Account","GENTING MALAYSIA BERHAD","MYR","2020-08-03 MY (UTC+08:00)","2020-08-03 MY (UTC+08:00)","7","77","1,000.00","1,000.00","-","-","03/Aug/2020 MY (UTC+08:00)","02:17 MY (UTC+08:00)","DR/CARD SALES M/N 4185062 DATED 02082020","","0.62","-","011 - System","CBSX408R","2981","BCHARGE - ELECTRONIC TRANSACTION CHARGES","-6,143.20","","-","","","","-"
"506061304070","Current Account","GENTING MALAYSIA BERHAD","MYR","2020-08-03 MY (UTC+08:00)","2020-08-03 MY (UTC+08:00)","7","77","1,000.00","1,000.00","-","-","03/Aug/2020 MY (UTC+08:00)","02:17 MY (UTC+08:00)","DR/CARD SALES M/N 4000006 DATED 02082020","","1.51","-","011 - System","CBSX408R","2981","BCHARGE - ELECTRONIC TRANSACTION CHARGES","-6,144.71","","-","","","","-"
"506061304070","Current Account","GENTING MALAYSIA BERHAD","MYR","2020-08-03 MY (UTC+08:00)","2020-08-03 MY (UTC+08:00)","7","77","1,000.00","1,000.00","-","-","03/Aug/2020 MY (UTC+08:00)","05:48 MY (UTC+08:00)","9207003443 CR/CARD SALES  DATED 03082020","34430308","-","176.05","011 - System","CBSX4498","3104","2210 - CARDS CREDIT","-5,968.66","","-","","","","-"
"506061304070","Current Account","GENTING MALAYSIA BERHAD","MYR","2020-08-03 MY (UTC+08:00)","2020-08-03 MY (UTC+08:00)","7","77","1,000.00","1,000.00","-","-","03/Aug/2020 MY (UTC+08:00)","05:48 MY (UTC+08:00)","9204453906 CR/CARD SALES  DATED 03082020","39060308","-","129.82","011 - System","CBSX4498","3104","2210 - CARDS CREDIT","-5,838.84","","-","","","","-"
"506061304070","Current Account","GENTING MALAYSIA BERHAD","MYR","2020-08-03 MY (UTC+08:00)","2020-08-03 MY (UTC+08:00)","7","77","1,000.00","1,000.00","-","-","03/Aug/2020 MY (UTC+08:00)","05:48 MY (UTC+08:00)","9204135032 CR/CARD SALES  DATED 03082020","50320308","-","924.49","011 - System","CBSX4498","3104","2210 - CARDS CREDIT","-4,914.35","","-","","","","-"
"506061304070","Current Account","GENTING MALAYSIA BERHAD","MYR","2020-08-03 MY (UTC+08:00)","2020-08-03 MY (UTC+08:00)","7","77","1,000.00","1,000.00","-","-","03/Aug/2020 MY (UTC+08:00)","05:48 MY (UTC+08:00)","9204055164 CR/CARD SALES  DATED 03082020","51640308","-","108.18","011 - System","CBSX4498","3104","2210 - CARDS CREDIT","-4,806.17","","-","","","","-"
"506061304070","Current Account","GENTING MALAYSIA BERHAD","MYR","2020-08-03 MY (UTC+08:00)","2020-08-03 MY (UTC+08:00)","7","77","1,000.00","1,000.00","-","-","03/Aug/2020 MY (UTC+08:00)","05:48 MY (UTC+08:00)","9204079313 CR/CARD SALES  DATED 03082020","93130308","-","5,711.76","011 - System","CBSX4498","3104","2210 - CARDS CREDIT","905.59","","-","","","","-"
"506061304070","Current Account","GENTING MALAYSIA BERHAD","MYR","2020-08-03 MY (UTC+08:00)","2020-08-03 MY (UTC+08:00)","7","77","1,000.00","1,000.00","-","-","03/Aug/2020 MY (UTC+08:00)","05:48 MY (UTC+08:00)","9204219414 CR/CARD SALES  DATED 03082020","94140308","-","94.41","011 - System","CBSX4498","3104","2210 - CARDS CREDIT","1,000.00","","-","","","","-"
