﻿Account Number,Account Type,Account Name,Account Currency,Date From,Date To,Total Debit,Total Credit,Begin Balance,End Balance,Transaction Date,Transaction Time,Posting Date,Processing Time,Transaction Description,Transaction Ref,Debit,Credit,Source Code,Teller ID,Branch/Channel,Transaction Code,End Balance,Filler,Virtual Account,Transaction Description 2,Transaction Description 3,Transaction Description 4,Expiry Date
"506061304070","Current Account","GENTING MALAYSIA BERHAD","MYR","2020-08-04 MY (UTC+08:00)","2020-08-04 MY (UTC+08:00)","6","37","1,000.00","1,000.00","-","-","04/Aug/2020 MY (UTC+08:00)","08:31 MY (UTC+08:00)","CR/CARD SALES M/N 4000006 DATED 03082020","00060308","-","3,791.90","011 - System","CBSX4498","2719","2981 - MERCHANT CREDIT CARD SALES","4,791.90","","-","","","","-"
"506061304070","Current Account","GENTING MALAYSIA BERHAD","MYR","2020-08-04 MY (UTC+08:00)","2020-08-04 MY (UTC+08:00)","6","37","1,000.00","1,000.00","-","-","04/Aug/2020 MY (UTC+08:00)","08:31 MY (UTC+08:00)","CR/CARD SALES M/N 4221339 DATED 03082020","13390308","-","20,466.00","011 - System","CBSX4498","2719","2981 - MERCHANT CREDIT CARD SALES","25,257.90","","-","","","","-"
"506061304070","Current Account","GENTING MALAYSIA BERHAD","MYR","2020-08-04 MY (UTC+08:00)","2020-08-04 MY (UTC+08:00)","6","37","1,000.00","1,000.00","-","-","04/Aug/2020 MY (UTC+08:00)","08:31 MY (UTC+08:00)","CR/CARD SALES M/N 4221552 DATED 03082020","15520308","-","2,371.71","011 - System","CBSX4498","2719","2981 - MERCHANT CREDIT CARD SALES","27,629.61","","-","","","","-"
"506061304070","Current Account","GENTING MALAYSIA BERHAD","MYR","2020-08-04 MY (UTC+08:00)","2020-08-04 MY (UTC+08:00)","6","37","1,000.00","1,000.00","-","-","04/Aug/2020 MY (UTC+08:00)","08:31 MY (UTC+08:00)","CR/CARD SALES M/N 4183000 DATED 03082020","30000308","-","641.18","011 - System","CBSX4498","2719","2981 - MERCHANT CREDIT CARD SALES","28,270.79","","-","","","","-"
"506061304070","Current Account","GENTING MALAYSIA BERHAD","MYR","2020-08-04 MY (UTC+08:00)","2020-08-04 MY (UTC+08:00)","6","37","1,000.00","1,000.00","-","-","04/Aug/2020 MY (UTC+08:00)","08:31 MY (UTC+08:00)","CR/CARD SALES M/N 1813880 DATED 03082020","38800308","-","9,440.55","011 - System","CBSX4498","2719","2981 - MERCHANT CREDIT CARD SALES","37,711.34","","-","","","","-"
"506061304070","Current Account","GENTING MALAYSIA BERHAD","MYR","2020-08-04 MY (UTC+08:00)","2020-08-04 MY (UTC+08:00)","6","37","1,000.00","1,000.00","-","-","04/Aug/2020 MY (UTC+08:00)","08:31 MY (UTC+08:00)","CR/CARD SALES M/N 4185062 DATED 03082020","50620308","-","50,655.11","011 - System","CBSX4498","2719","2981 - MERCHANT CREDIT CARD SALES","88,366.45","","-","","","","-"
"506061304070","Current Account","GENTING MALAYSIA BERHAD","MYR","2020-08-04 MY (UTC+08:00)","2020-08-04 MY (UTC+08:00)","6","37","1,000.00","1,000.00","-","-","04/Aug/2020 MY (UTC+08:00)","08:31 MY (UTC+08:00)","CR/CARD SALES M/N 4225124 DATED 03082020","51240308","-","241.16","011 - System","CBSX4498","2719","2981 - MERCHANT CREDIT CARD SALES","88,607.61","","-","","","","-"
"506061304070","Current Account","GENTING MALAYSIA BERHAD","MYR","2020-08-04 MY (UTC+08:00)","2020-08-04 MY (UTC+08:00)","6","37","1,000.00","1,000.00","-","-","04/Aug/2020 MY (UTC+08:00)","08:31 MY (UTC+08:00)","CR/CARD SALES M/N 4225140 DATED 03082020","51400308","-","2,381.79","011 - System","CBSX4498","2719","2981 - MERCHANT CREDIT CARD SALES","90,989.40","","-","","","","-"
"506061304070","Current Account","GENTING MALAYSIA BERHAD","MYR","2020-08-04 MY (UTC+08:00)","2020-08-04 MY (UTC+08:00)","6","37","1,000.00","1,000.00","-","-","04/Aug/2020 MY (UTC+08:00)","08:31 MY (UTC+08:00)","CR/CARD SALES M/N 4145744 DATED 03082020","57440308","-","667.17","011 - System","CBSX4498","2719","2981 - MERCHANT CREDIT CARD SALES","91,656.57","","-","","","","-"
"506061304070","Current Account","GENTING MALAYSIA BERHAD","MYR","2020-08-04 MY (UTC+08:00)","2020-08-04 MY (UTC+08:00)","6","37","1,000.00","1,000.00","-","-","04/Aug/2020 MY (UTC+08:00)","08:31 MY (UTC+08:00)","CR/CARD SALES M/N 4246575 DATED 03082020","65750308","-","139.65","011 - System","CBSX4498","2719","2981 - MERCHANT CREDIT CARD SALES","91,796.22","","-","","","","-"
"506061304070","Current Account","GENTING MALAYSIA BERHAD","MYR","2020-08-04 MY (UTC+08:00)","2020-08-04 MY (UTC+08:00)","6","37","1,000.00","1,000.00","-","-","04/Aug/2020 MY (UTC+08:00)","08:31 MY (UTC+08:00)","CR/CARD SALES M/N 4187555 DATED 03082020","75550308","-","0.11","011 - System","CBSX4498","2719","2981 - MERCHANT CREDIT CARD SALES","91,796.33","","-","","","","-"
"506061304070","Current Account","GENTING MALAYSIA BERHAD","MYR","2020-08-04 MY (UTC+08:00)","2020-08-04 MY (UTC+08:00)","6","37","1,000.00","1,000.00","-","-","04/Aug/2020 MY (UTC+08:00)","08:31 MY (UTC+08:00)","CR/CARD SALES M/N 7008915 DATED 03082020","89150308","-","29,016.72","011 - System","CBSX4498","2719","2981 - MERCHANT CREDIT CARD SALES","120,813.05","","-","","","","-"
"506061304070","Current Account","GENTING MALAYSIA BERHAD","MYR","2020-08-04 MY (UTC+08:00)","2020-08-04 MY (UTC+08:00)","6","37","1,000.00","1,000.00","-","-","04/Aug/2020 MY (UTC+08:00)","08:31 MY (UTC+08:00)","CR/CARD SALES M/N 4179180 DATED 03082020","91800308","-","17,656.68","011 - System","CBSX4498","2719","2981 - MERCHANT CREDIT CARD SALES","138,469.73","","-","","","","-"
"506061304070","Current Account","GENTING MALAYSIA BERHAD","MYR","2020-08-04 MY (UTC+08:00)","2020-08-04 MY (UTC+08:00)","6","37","1,000.00","1,000.00","-","-","04/Aug/2020 MY (UTC+08:00)","08:31 MY (UTC+08:00)","CR/CARD SALES M/N 4179883 DATED 03082020","98830308","-","404.33","011 - System","CBSX4498","2719","2981 - MERCHANT CREDIT CARD SALES","138,874.06","","-","","","","-"
"506061304070","Current Account","GENTING MALAYSIA BERHAD","MYR","2020-08-04 MY (UTC+08:00)","2020-08-04 MY (UTC+08:00)","6","37","1,000.00","1,000.00","-","-","04/Aug/2020 MY (UTC+08:00)","08:31 MY (UTC+08:00)","CR/CARD SALES M/N 4239893 DATED 03082020","98930308","-","3,435.35","011 - System","CBSX4498","2719","2981 - MERCHANT CREDIT CARD SALES","142,309.41","","-","","","","-"
"506061304070","Current Account","GENTING MALAYSIA BERHAD","MYR","2020-08-04 MY (UTC+08:00)","2020-08-04 MY (UTC+08:00)","6","37","1,000.00","1,000.00","-","-","04/Aug/2020 MY (UTC+08:00)","11:53 MY (UTC+08:00)","H78727","78727","-","399,453.00","018 - Teller","0000540A","0606","7100 - CASH DEPOSIT","541,762.41","","-","","","","-"
"506061304070","Current Account","GENTING MALAYSIA BERHAD","MYR","2020-08-04 MY (UTC+08:00)","2020-08-04 MY (UTC+08:00)","6","37","1,000.00","1,000.00","-","-","04/Aug/2020 MY (UTC+08:00)","11:54 MY (UTC+08:00)","H78726","78726","-","39,128.00","018 - Teller","0000540A","0606","7100 - CASH DEPOSIT","580,890.41","","-","","","","-"
"506061304070","Current Account","GENTING MALAYSIA BERHAD","MYR","2020-08-04 MY (UTC+08:00)","2020-08-04 MY (UTC+08:00)","6","37","1,000.00","1,000.00","-","-","04/Aug/2020 MY (UTC+08:00)","11:56 MY (UTC+08:00)","H78721","78721","-","478,195.00","018 - Teller","0000540A","0606","7100 - CASH DEPOSIT","1,059,085.41","","-","","","","-"
"506061304070","Current Account","GENTING MALAYSIA BERHAD","MYR","2020-08-04 MY (UTC+08:00)","2020-08-04 MY (UTC+08:00)","6","37","1,000.00","1,000.00","-","-","04/Aug/2020 MY (UTC+08:00)","11:58 MY (UTC+08:00)","H78720","78720","-","85,855.00","018 - Teller","0000540A","0606","7100 - CASH DEPOSIT","1,144,940.41","","-","","","","-"
"506061304070","Current Account","GENTING MALAYSIA BERHAD","MYR","2020-08-04 MY (UTC+08:00)","2020-08-04 MY (UTC+08:00)","6","37","1,000.00","1,000.00","-","-","04/Aug/2020 MY (UTC+08:00)","12:13 MY (UTC+08:00)","H78728","78728","-","34,969.10","018 - Teller","0000540A","0606","7100 - CASH DEPOSIT","1,179,909.51","","-","","","","-"
"506061304070","Current Account","GENTING MALAYSIA BERHAD","MYR","2020-08-04 MY (UTC+08:00)","2020-08-04 MY (UTC+08:00)","6","37","1,000.00","1,000.00","-","-","04/Aug/2020 MY (UTC+08:00)","21:56 MY (UTC+08:00)","CUPALI 1605-310720","Interbank GIRO","-","1,273.32","011 - System","CBSX406C","2601","7991 - INTER-BANK PAYMENT INTO A/C","1,181,182.83","","-","IPAY88 HOLDING SDN.","INTER-BANK PAYMENT INTO A/C","","-"
"506061304070","Current Account","GENTING MALAYSIA BERHAD","MYR","2020-08-04 MY (UTC+08:00)","2020-08-04 MY (UTC+08:00)","6","37","1,000.00","1,000.00","-","-","04/Aug/2020 MY (UTC+08:00)","00:44 MY (UTC+08:00)","QRCASA SALES M/N 0035433 DATED 04082020","","-","0.02","011 - System","CBSX425P","2988","8301 - BILLS PAYMENT CREDIT","1,181,182.85","","-","","","","-"
"506061304070","Current Account","GENTING MALAYSIA BERHAD","MYR","2020-08-04 MY (UTC+08:00)","2020-08-04 MY (UTC+08:00)","6","37","1,000.00","1,000.00","-","-","04/Aug/2020 MY (UTC+08:00)","00:44 MY (UTC+08:00)","QRCASA SALES M/N 0070588 DATED 04082020","","-","1.50","011 - System","CBSX425P","2988","8301 - BILLS PAYMENT CREDIT","1,181,184.35","","-","","","","-"
"506061304070","Current Account","GENTING MALAYSIA BERHAD","MYR","2020-08-04 MY (UTC+08:00)","2020-08-04 MY (UTC+08:00)","6","37","1,000.00","1,000.00","-","-","04/Aug/2020 MY (UTC+08:00)","00:45 MY (UTC+08:00)","QRCASA REFUND M/N 0070588 DATED 04082020","","1.50","-","011 - System","CBSX425P","2988","6423 - ","1,181,182.85","","-","","","","-"
"506061304070","Current Account","GENTING MALAYSIA BERHAD","MYR","2020-08-04 MY (UTC+08:00)","2020-08-04 MY (UTC+08:00)","6","37","1,000.00","1,000.00","-","-","04/Aug/2020 MY (UTC+08:00)","01:31 MY (UTC+08:00)","XFR DEBIT SVC CHARGE","","2.00","-","011 - System","BTCH6587","0606","XFRDRSVC - SERVICE CHARGE","1,181,180.85","","-","","","","-"
"506061304070","Current Account","GENTING MALAYSIA BERHAD","MYR","2020-08-04 MY (UTC+08:00)","2020-08-04 MY (UTC+08:00)","6","37","1,000.00","1,000.00","-","-","04/Aug/2020 MY (UTC+08:00)","01:31 MY (UTC+08:00)","GENTING MALAYSIA BERHAD","514011468149","1,189,532.48","-","011 - System","BTCH6587","0606","XFRDR - FUND TRANSFER DEBIT","-8,351.63","","-","","","","-"
"506061304070","Current Account","GENTING MALAYSIA BERHAD","MYR","2020-08-04 MY (UTC+08:00)","2020-08-04 MY (UTC+08:00)","6","37","1,000.00","1,000.00","-","-","04/Aug/2020 MY (UTC+08:00)","02:36 MY (UTC+08:00)","DR/CARD SALES M/N 4000006 DATED 03082020","","-","175.20","006 - Pos","CBSX408R","2977","8300 - CREDIT ACCOUNT","-8,176.43","","-","","","","-"
"506061304070","Current Account","GENTING MALAYSIA BERHAD","MYR","2020-08-04 MY (UTC+08:00)","2020-08-04 MY (UTC+08:00)","6","37","1,000.00","1,000.00","-","-","04/Aug/2020 MY (UTC+08:00)","02:37 MY (UTC+08:00)","DR/CARD SALES M/N 4000006 DATED 03082020","","0.44","-","011 - System","CBSX408R","2981","BCHARGE - ELECTRONIC TRANSACTION CHARGES","-8,176.87","","-","","","","-"
"506061304070","Current Account","GENTING MALAYSIA BERHAD","MYR","2020-08-04 MY (UTC+08:00)","2020-08-04 MY (UTC+08:00)","6","37","1,000.00","1,000.00","-","-","04/Aug/2020 MY (UTC+08:00)","02:39 MY (UTC+08:00)","DR/CARD SALES M/N 4000006 DATED 03082020","","-","26.00","006 - Pos","CBSX408R","3121","8300 - CREDIT ACCOUNT","-8,150.87","","-","","","","-"
"506061304070","Current Account","GENTING MALAYSIA BERHAD","MYR","2020-08-04 MY (UTC+08:00)","2020-08-04 MY (UTC+08:00)","6","37","1,000.00","1,000.00","-","-","04/Aug/2020 MY (UTC+08:00)","02:39 MY (UTC+08:00)","DR/CARD SALES M/N 4000006 DATED 03082020","","0.07","-","011 - System","CBSX408R","2981","BCHARGE - ELECTRONIC TRANSACTION CHARGES","-8,150.94","","-","","","","-"
"506061304070","Current Account","GENTING MALAYSIA BERHAD","MYR","2020-08-04 MY (UTC+08:00)","2020-08-04 MY (UTC+08:00)","6","37","1,000.00","1,000.00","-","-","04/Aug/2020 MY (UTC+08:00)","05:33 MY (UTC+08:00)","9204280879 CR/CARD SALES  DATED 04082020","08790408","-","2,173.54","011 - System","CBSX4498","3104","2210 - CARDS CREDIT","-5,977.40","","-","","","","-"
"506061304070","Current Account","GENTING MALAYSIA BERHAD","MYR","2020-08-04 MY (UTC+08:00)","2020-08-04 MY (UTC+08:00)","6","37","1,000.00","1,000.00","-","-","04/Aug/2020 MY (UTC+08:00)","05:33 MY (UTC+08:00)","9204232565 CR/CARD SALES  DATED 04082020","25650408","-","280.30","011 - System","CBSX4498","3104","2210 - CARDS CREDIT","-5,697.10","","-","","","","-"
"506061304070","Current Account","GENTING MALAYSIA BERHAD","MYR","2020-08-04 MY (UTC+08:00)","2020-08-04 MY (UTC+08:00)","6","37","1,000.00","1,000.00","-","-","04/Aug/2020 MY (UTC+08:00)","05:33 MY (UTC+08:00)","9207003443 CR/CARD SALES  DATED 04082020","34430408","-","3,539.62","011 - System","CBSX4498","3104","2210 - CARDS CREDIT","-2,157.48","","-","","","","-"
"506061304070","Current Account","GENTING MALAYSIA BERHAD","MYR","2020-08-04 MY (UTC+08:00)","2020-08-04 MY (UTC+08:00)","6","37","1,000.00","1,000.00","-","-","04/Aug/2020 MY (UTC+08:00)","05:33 MY (UTC+08:00)","9204453906 CR/CARD SALES  DATED 04082020","39060408","-","1,282.48","011 - System","CBSX4498","3104","2210 - CARDS CREDIT","-875.00","","-","","","","-"
"506061304070","Current Account","GENTING MALAYSIA BERHAD","MYR","2020-08-04 MY (UTC+08:00)","2020-08-04 MY (UTC+08:00)","6","37","1,000.00","1,000.00","-","-","04/Aug/2020 MY (UTC+08:00)","05:33 MY (UTC+08:00)","9204144851 CR/CARD SALES  DATED 04082020","48510408","-","259.64","011 - System","CBSX4498","3104","2210 - CARDS CREDIT","-615.36","","-","","","","-"
"506061304070","Current Account","GENTING MALAYSIA BERHAD","MYR","2020-08-04 MY (UTC+08:00)","2020-08-04 MY (UTC+08:00)","6","37","1,000.00","1,000.00","-","-","04/Aug/2020 MY (UTC+08:00)","05:33 MY (UTC+08:00)","9204135032 CR/CARD SALES  DATED 04082020","50320408","-","4,141.51","011 - System","CBSX4498","3104","2210 - CARDS CREDIT","3,526.15","","-","","","","-"
"506061304070","Current Account","GENTING MALAYSIA BERHAD","MYR","2020-08-04 MY (UTC+08:00)","2020-08-04 MY (UTC+08:00)","6","37","1,000.00","1,000.00","-","-","04/Aug/2020 MY (UTC+08:00)","05:33 MY (UTC+08:00)","9130055866 CR/CARD SALES  DATED 04082020","58660408","-","515.62","011 - System","CBSX4498","3104","2210 - CARDS CREDIT","4,041.77","","-","","","","-"
"506061304070","Current Account","GENTING MALAYSIA BERHAD","MYR","2020-08-04 MY (UTC+08:00)","2020-08-04 MY (UTC+08:00)","6","37","1,000.00","1,000.00","-","-","04/Aug/2020 MY (UTC+08:00)","05:33 MY (UTC+08:00)","9870206851 CR/CARD SALES  DATED 04082020","68510408","-","1,356.25","011 - System","CBSX4498","3104","2210 - CARDS CREDIT","5,398.02","","-","","","","-"
"506061304070","Current Account","GENTING MALAYSIA BERHAD","MYR","2020-08-04 MY (UTC+08:00)","2020-08-04 MY (UTC+08:00)","6","37","1,000.00","1,000.00","-","-","04/Aug/2020 MY (UTC+08:00)","05:33 MY (UTC+08:00)","9204106918 CR/CARD SALES  DATED 04082020","69180408","-","3,737.30","011 - System","CBSX4498","3104","2210 - CARDS CREDIT","9,135.32","","-","","","","-"
"506061304070","Current Account","GENTING MALAYSIA BERHAD","MYR","2020-08-04 MY (UTC+08:00)","2020-08-04 MY (UTC+08:00)","6","37","1,000.00","1,000.00","-","-","04/Aug/2020 MY (UTC+08:00)","05:33 MY (UTC+08:00)","9204277883 CR/CARD SALES  DATED 04082020","78830408","-","377.66","011 - System","CBSX4498","3104","2210 - CARDS CREDIT","9,512.98","","-","","","","-"
"506061304070","Current Account","GENTING MALAYSIA BERHAD","MYR","2020-08-04 MY (UTC+08:00)","2020-08-04 MY (UTC+08:00)","6","37","1,000.00","1,000.00","-","-","04/Aug/2020 MY (UTC+08:00)","05:33 MY (UTC+08:00)","9204079313 CR/CARD SALES  DATED 04082020","93130408","-","43,125.59","011 - System","CBSX4498","3104","2210 - CARDS CREDIT","52,638.57","","-","","","","-"
"506061304070","Current Account","GENTING MALAYSIA BERHAD","MYR","2020-08-04 MY (UTC+08:00)","2020-08-04 MY (UTC+08:00)","6","37","1,000.00","1,000.00","-","-","04/Aug/2020 MY (UTC+08:00)","05:33 MY (UTC+08:00)","9204219414 CR/CARD SALES  DATED 04082020","94140408","-","188.82","011 - System","CBSX4498","3104","2210 - CARDS CREDIT","52,827.39","","-","","","","-"
"506061304070","Current Account","GENTING MALAYSIA BERHAD","MYR","2020-08-04 MY (UTC+08:00)","2020-08-04 MY (UTC+08:00)","6","37","1,000.00","1,000.00","-","-","04/Aug/2020 MY (UTC+08:00)","05:56 MY (UTC+08:00)","RFD 04082020","DEBIT BALANCE","51,827.39","-","011 - System","CBSX426Q","2719","CCREFUND - ","1,000.00","","-","MN 027007008915","CREDIT CARD REFUND","","-"
