﻿Account Number,Account Type,Account Name,Account Currency,Date From,Date To,Total Debit,Total Credit,Begin Balance,End Balance,Transaction Date,Transaction Time,Posting Date,Processing Time,Transaction Description,Transaction Ref,Debit,Credit,Source Code,Teller ID,Branch/Channel,Transaction Code,End Balance,Filler,Virtual Account,Transaction Description 2,Transaction Description 3,Transaction Description 4,Expiry Date
"506061304070","Current Account","GENTING MALAYSIA BERHAD","MYR","2020-08-07 MY (UTC+08:00)","2020-08-07 MY (UTC+08:00)","5","37","1,000.00","1,000.00","-","-","07/Aug/2020 MY (UTC+08:00)","06:50 MY (UTC+08:00)","9207003443 CR/CARD SALES  DATED 07082020","34430708","-","698.28","011 - System","CBSX4498","3104","2210 - CARDS CREDIT","1,698.28","","-","","","","-"
"506061304070","Current Account","GENTING MALAYSIA BERHAD","MYR","2020-08-07 MY (UTC+08:00)","2020-08-07 MY (UTC+08:00)","5","37","1,000.00","1,000.00","-","-","07/Aug/2020 MY (UTC+08:00)","06:50 MY (UTC+08:00)","9204079313 CR/CARD SALES  DATED 07082020","93130708","-","933.64","011 - System","CBSX4498","3104","2210 - CARDS CREDIT","2,631.92","","-","","","","-"
"506061304070","Current Account","GENTING MALAYSIA BERHAD","MYR","2020-08-07 MY (UTC+08:00)","2020-08-07 MY (UTC+08:00)","5","37","1,000.00","1,000.00","-","-","07/Aug/2020 MY (UTC+08:00)","06:50 MY (UTC+08:00)","9204219414 CR/CARD SALES  DATED 07082020","94140708","-","316.69","011 - System","CBSX4498","3104","2210 - CARDS CREDIT","2,948.61","","-","","","","-"
"506061304070","Current Account","GENTING MALAYSIA BERHAD","MYR","2020-08-07 MY (UTC+08:00)","2020-08-07 MY (UTC+08:00)","5","37","1,000.00","1,000.00","-","-","07/Aug/2020 MY (UTC+08:00)","08:31 MY (UTC+08:00)","CR/CARD SALES M/N 4000006 DATED 06082020","00060608","-","3,266.34","011 - System","CBSX4498","2719","2981 - MERCHANT CREDIT CARD SALES","6,214.95","","-","","","","-"
"506061304070","Current Account","GENTING MALAYSIA BERHAD","MYR","2020-08-07 MY (UTC+08:00)","2020-08-07 MY (UTC+08:00)","5","37","1,000.00","1,000.00","-","-","07/Aug/2020 MY (UTC+08:00)","08:31 MY (UTC+08:00)","CR/CARD SALES M/N 1021077 DATED 06082020","10770608","-","193.44","011 - System","CBSX4498","2719","2981 - MERCHANT CREDIT CARD SALES","6,408.39","","-","","","","-"
"506061304070","Current Account","GENTING MALAYSIA BERHAD","MYR","2020-08-07 MY (UTC+08:00)","2020-08-07 MY (UTC+08:00)","5","37","1,000.00","1,000.00","-","-","07/Aug/2020 MY (UTC+08:00)","08:31 MY (UTC+08:00)","CR/CARD SALES M/N 4221339 DATED 06082020","13390608","-","12,807.82","011 - System","CBSX4498","2719","2981 - MERCHANT CREDIT CARD SALES","19,216.21","","-","","","","-"
"506061304070","Current Account","GENTING MALAYSIA BERHAD","MYR","2020-08-07 MY (UTC+08:00)","2020-08-07 MY (UTC+08:00)","5","37","1,000.00","1,000.00","-","-","07/Aug/2020 MY (UTC+08:00)","08:31 MY (UTC+08:00)","CR/CARD SALES M/N 4221552 DATED 06082020","15520608","-","2,846.59","011 - System","CBSX4498","2719","2981 - MERCHANT CREDIT CARD SALES","22,062.80","","-","","","","-"
"506061304070","Current Account","GENTING MALAYSIA BERHAD","MYR","2020-08-07 MY (UTC+08:00)","2020-08-07 MY (UTC+08:00)","5","37","1,000.00","1,000.00","-","-","07/Aug/2020 MY (UTC+08:00)","08:31 MY (UTC+08:00)","CR/CARD SALES M/N 4185062 DATED 06082020","50620608","-","47,191.62","011 - System","CBSX4498","2719","2981 - MERCHANT CREDIT CARD SALES","69,254.42","","-","","","","-"
"506061304070","Current Account","GENTING MALAYSIA BERHAD","MYR","2020-08-07 MY (UTC+08:00)","2020-08-07 MY (UTC+08:00)","5","37","1,000.00","1,000.00","-","-","07/Aug/2020 MY (UTC+08:00)","08:31 MY (UTC+08:00)","CR/CARD SALES M/N 4225124 DATED 06082020","51240608","-","137.78","011 - System","CBSX4498","2719","2981 - MERCHANT CREDIT CARD SALES","69,392.20","","-","","","","-"
"506061304070","Current Account","GENTING MALAYSIA BERHAD","MYR","2020-08-07 MY (UTC+08:00)","2020-08-07 MY (UTC+08:00)","5","37","1,000.00","1,000.00","-","-","07/Aug/2020 MY (UTC+08:00)","08:31 MY (UTC+08:00)","CR/CARD SALES M/N 4225140 DATED 06082020","51400608","-","596.06","011 - System","CBSX4498","2719","2981 - MERCHANT CREDIT CARD SALES","69,988.26","","-","","","","-"
"506061304070","Current Account","GENTING MALAYSIA BERHAD","MYR","2020-08-07 MY (UTC+08:00)","2020-08-07 MY (UTC+08:00)","5","37","1,000.00","1,000.00","-","-","07/Aug/2020 MY (UTC+08:00)","08:31 MY (UTC+08:00)","CR/CARD SALES M/N 4145744 DATED 06082020","57440608","-","153.46","011 - System","CBSX4498","2719","2981 - MERCHANT CREDIT CARD SALES","70,141.72","","-","","","","-"
"506061304070","Current Account","GENTING MALAYSIA BERHAD","MYR","2020-08-07 MY (UTC+08:00)","2020-08-07 MY (UTC+08:00)","5","37","1,000.00","1,000.00","-","-","07/Aug/2020 MY (UTC+08:00)","08:31 MY (UTC+08:00)","CR/CARD SALES M/N 7008915 DATED 06082020","89150608","-","35,652.67","011 - System","CBSX4498","2719","2981 - MERCHANT CREDIT CARD SALES","105,794.39","","-","","","","-"
"506061304070","Current Account","GENTING MALAYSIA BERHAD","MYR","2020-08-07 MY (UTC+08:00)","2020-08-07 MY (UTC+08:00)","5","37","1,000.00","1,000.00","-","-","07/Aug/2020 MY (UTC+08:00)","08:31 MY (UTC+08:00)","CR/CARD SALES M/N 4179180 DATED 06082020","91800608","-","7,748.77","011 - System","CBSX4498","2719","2981 - MERCHANT CREDIT CARD SALES","113,543.16","","-","","","","-"
"506061304070","Current Account","GENTING MALAYSIA BERHAD","MYR","2020-08-07 MY (UTC+08:00)","2020-08-07 MY (UTC+08:00)","5","37","1,000.00","1,000.00","-","-","07/Aug/2020 MY (UTC+08:00)","08:31 MY (UTC+08:00)","CR/CARD SALES M/N 4239893 DATED 06082020","98930608","-","1,050.27","011 - System","CBSX4498","2719","2981 - MERCHANT CREDIT CARD SALES","114,593.43","","-","","","","-"
"506061304070","Current Account","GENTING MALAYSIA BERHAD","MYR","2020-08-07 MY (UTC+08:00)","2020-08-07 MY (UTC+08:00)","5","37","1,000.00","1,000.00","-","-","07/Aug/2020 MY (UTC+08:00)","10:17 MY (UTC+08:00)","2008071016320328","T022846651520","-","110.00","025 - Office","FC89","2502","2860 - ","114,703.43","","-","CIK NURUL FAZLIANA B","RCMS - CR FPX","","-"
"506061304070","Current Account","GENTING MALAYSIA BERHAD","MYR","2020-08-07 MY (UTC+08:00)","2020-08-07 MY (UTC+08:00)","5","37","1,000.00","1,000.00","-","-","07/Aug/2020 MY (UTC+08:00)","10:47 MY (UTC+08:00)","2008071046360607","T022850578820","-","70.00","025 - Office","FC8C","2502","2860 - ","114,773.43","","-","PRATHIBAH A/P KRISHN","RCMS - CR FPX","","-"
"506061304070","Current Account","GENTING MALAYSIA BERHAD","MYR","2020-08-07 MY (UTC+08:00)","2020-08-07 MY (UTC+08:00)","5","37","1,000.00","1,000.00","-","-","07/Aug/2020 MY (UTC+08:00)","11:10 MY (UTC+08:00)","CH78452","78452","-","20.00","018 - Teller","0000544A","0606","7100 - CASH DEPOSIT","114,793.43","","-","","","","-"
"506061304070","Current Account","GENTING MALAYSIA BERHAD","MYR","2020-08-07 MY (UTC+08:00)","2020-08-07 MY (UTC+08:00)","5","37","1,000.00","1,000.00","-","-","07/Aug/2020 MY (UTC+08:00)","11:10 MY (UTC+08:00)","78738","78738","-","1,522.91","018 - Teller","0000544A","0606","7100 - CASH DEPOSIT","116,316.34","","-","","","","-"
"506061304070","Current Account","GENTING MALAYSIA BERHAD","MYR","2020-08-07 MY (UTC+08:00)","2020-08-07 MY (UTC+08:00)","5","37","1,000.00","1,000.00","-","-","07/Aug/2020 MY (UTC+08:00)","11:10 MY (UTC+08:00)","CH78450","78450","-","400.00","018 - Teller","0000544A","0606","7100 - CASH DEPOSIT","116,716.34","","-","","","","-"
"506061304070","Current Account","GENTING MALAYSIA BERHAD","MYR","2020-08-07 MY (UTC+08:00)","2020-08-07 MY (UTC+08:00)","5","37","1,000.00","1,000.00","-","-","07/Aug/2020 MY (UTC+08:00)","11:12 MY (UTC+08:00)","CH78451","78451","-","107,836.76","018 - Teller","0000544A","0606","7100 - CASH DEPOSIT","224,553.10","","-","","","","-"
"506061304070","Current Account","GENTING MALAYSIA BERHAD","MYR","2020-08-07 MY (UTC+08:00)","2020-08-07 MY (UTC+08:00)","5","37","1,000.00","1,000.00","-","-","07/Aug/2020 MY (UTC+08:00)","11:13 MY (UTC+08:00)","78736","78736","-","151,834.24","018 - Teller","0000544A","0606","7100 - CASH DEPOSIT","376,387.34","","-","","","","-"
"506061304070","Current Account","GENTING MALAYSIA BERHAD","MYR","2020-08-07 MY (UTC+08:00)","2020-08-07 MY (UTC+08:00)","5","37","1,000.00","1,000.00","-","-","07/Aug/2020 MY (UTC+08:00)","11:14 MY (UTC+08:00)","78737","78737","-","52,538.00","018 - Teller","0000544A","0606","7100 - CASH DEPOSIT","428,925.34","","-","","","","-"
"506061304070","Current Account","GENTING MALAYSIA BERHAD","MYR","2020-08-07 MY (UTC+08:00)","2020-08-07 MY (UTC+08:00)","5","37","1,000.00","1,000.00","-","-","07/Aug/2020 MY (UTC+08:00)","11:51 MY (UTC+08:00)","2008071150240938","T022858567520","-","70.00","025 - Office","FC8D","2502","2860 - ","428,995.34","","-","YAP KAI CHI","RCMS - CR FPX","","-"
"506061304070","Current Account","GENTING MALAYSIA BERHAD","MYR","2020-08-07 MY (UTC+08:00)","2020-08-07 MY (UTC+08:00)","5","37","1,000.00","1,000.00","-","-","07/Aug/2020 MY (UTC+08:00)","13:51 MY (UTC+08:00)","2008071350100464","T022873329020","-","70.00","025 - Office","FC8B","2502","2860 - ","429,065.34","","-","HENG HUI CHENG","RCMS - CR FPX","","-"
"506061304070","Current Account","GENTING MALAYSIA BERHAD","MYR","2020-08-07 MY (UTC+08:00)","2020-08-07 MY (UTC+08:00)","5","37","1,000.00","1,000.00","-","-","07/Aug/2020 MY (UTC+08:00)","14:05 MY (UTC+08:00)","2008071404510002","T022874951120","-","298.00","025 - Office","FC8C","2502","2860 - ","429,363.34","","-","LEE BING YUN","RCMS - CR FPX","","-"
"506061304070","Current Account","GENTING MALAYSIA BERHAD","MYR","2020-08-07 MY (UTC+08:00)","2020-08-07 MY (UTC+08:00)","5","37","1,000.00","1,000.00","-","-","07/Aug/2020 MY (UTC+08:00)","14:40 MY (UTC+08:00)","2008071439310835","T022879019720","-","80.00","025 - Office","FC8B","2502","2860 - ","429,443.34","","-","CHUA CHEUNG HONG","RCMS - CR FPX","","-"
"506061304070","Current Account","GENTING MALAYSIA BERHAD","MYR","2020-08-07 MY (UTC+08:00)","2020-08-07 MY (UTC+08:00)","5","37","1,000.00","1,000.00","-","-","07/Aug/2020 MY (UTC+08:00)","14:57 MY (UTC+08:00)","2008071456440199","T022881006020","-","80.00","025 - Office","FC8E","2502","2860 - ","429,523.34","","-","JONATHAN PETER","RCMS - CR FPX","","-"
"506061304070","Current Account","GENTING MALAYSIA BERHAD","MYR","2020-08-07 MY (UTC+08:00)","2020-08-07 MY (UTC+08:00)","5","37","1,000.00","1,000.00","-","-","07/Aug/2020 MY (UTC+08:00)","15:15 MY (UTC+08:00)","2008071514100474","T022883009120","-","110.00","025 - Office","FC89","2502","2860 - ","429,633.34","","-","HOO KEAN SIEW","RCMS - CR FPX","","-"
"506061304070","Current Account","GENTING MALAYSIA BERHAD","MYR","2020-08-07 MY (UTC+08:00)","2020-08-07 MY (UTC+08:00)","5","37","1,000.00","1,000.00","-","-","07/Aug/2020 MY (UTC+08:00)","15:33 MY (UTC+08:00)","2008071531190174","T022884917420","-","70.00","025 - Office","FC8E","2502","2860 - ","429,703.34","","-","CHENG SOOK HAN","RCMS - CR FPX","","-"
"506061304070","Current Account","GENTING MALAYSIA BERHAD","MYR","2020-08-07 MY (UTC+08:00)","2020-08-07 MY (UTC+08:00)","5","37","1,000.00","1,000.00","-","-","07/Aug/2020 MY (UTC+08:00)","16:06 MY (UTC+08:00)","2008071605360869","T022888902620","-","70.00","025 - Office","FC8B","2502","2860 - ","429,773.34","","-","SITI NURAZIDAH BINTI","RCMS - CR FPX","","-"
"506061304070","Current Account","GENTING MALAYSIA BERHAD","MYR","2020-08-07 MY (UTC+08:00)","2020-08-07 MY (UTC+08:00)","5","37","1,000.00","1,000.00","-","-","07/Aug/2020 MY (UTC+08:00)","16:08 MY (UTC+08:00)","2008071607240685","T022889103320","-","70.00","025 - Office","FC8A","2502","2860 - ","429,843.34","","-","TEOH SEU HONG","RCMS - CR FPX","","-"
"506061304070","Current Account","GENTING MALAYSIA BERHAD","MYR","2020-08-07 MY (UTC+08:00)","2020-08-07 MY (UTC+08:00)","5","37","1,000.00","1,000.00","-","-","07/Aug/2020 MY (UTC+08:00)","16:24 MY (UTC+08:00)","2008071623540767","T022890905420","-","80.00","025 - Office","FC8A","2502","2860 - ","429,923.34","","-","LEE SHIN MIN","RCMS - CR FPX","","-"
"506061304070","Current Account","GENTING MALAYSIA BERHAD","MYR","2020-08-07 MY (UTC+08:00)","2020-08-07 MY (UTC+08:00)","5","37","1,000.00","1,000.00","-","-","07/Aug/2020 MY (UTC+08:00)","17:14 MY (UTC+08:00)","2008071712370004","T022895859620","-","80.00","025 - Office","FC8C","2502","2860 - ","430,003.34","","-","MOHAMAD KHAIRUL BIN","RCMS - CR FPX","","-"
"506061304070","Current Account","GENTING MALAYSIA BERHAD","MYR","2020-08-07 MY (UTC+08:00)","2020-08-07 MY (UTC+08:00)","5","37","1,000.00","1,000.00","-","-","07/Aug/2020 MY (UTC+08:00)","21:35 MY (UTC+08:00)","CMS - DR CORP CHG","B2CSE00037674","5.50","-","025 - Office","CBSX410N","2502","CDRCHG - CMS - DR CORP CHG","429,997.84","","-","","CMS - DR CORP CHG","","-"
"506061304070","Current Account","GENTING MALAYSIA BERHAD","MYR","2020-08-07 MY (UTC+08:00)","2020-08-07 MY (UTC+08:00)","5","37","1,000.00","1,000.00","-","-","07/Aug/2020 MY (UTC+08:00)","00:44 MY (UTC+08:00)","QRCASA SALES M/N 0035268 DATED 07082020","","-","0.30","011 - System","CBSX425P","2988","8301 - BILLS PAYMENT CREDIT","429,998.14","","-","","","","-"
"506061304070","Current Account","GENTING MALAYSIA BERHAD","MYR","2020-08-07 MY (UTC+08:00)","2020-08-07 MY (UTC+08:00)","5","37","1,000.00","1,000.00","-","-","07/Aug/2020 MY (UTC+08:00)","00:44 MY (UTC+08:00)","QRCASA SALES M/N 0035433 DATED 07082020","","-","40.00","011 - System","CBSX425P","2988","8301 - BILLS PAYMENT CREDIT","430,038.14","","-","","","","-"
"506061304070","Current Account","GENTING MALAYSIA BERHAD","MYR","2020-08-07 MY (UTC+08:00)","2020-08-07 MY (UTC+08:00)","5","37","1,000.00","1,000.00","-","-","07/Aug/2020 MY (UTC+08:00)","00:44 MY (UTC+08:00)","S/C TRANS VIA QRPAY 000027060035433","","0.10","-","011 - System","CBSX4237","2996","PCSCDR - PAYEE CORP SERVICE CHARGE DEBIT","430,038.04","","-","","","","-"
"506061304070","Current Account","GENTING MALAYSIA BERHAD","MYR","2020-08-07 MY (UTC+08:00)","2020-08-07 MY (UTC+08:00)","5","37","1,000.00","1,000.00","-","-","07/Aug/2020 MY (UTC+08:00)","00:48 MY (UTC+08:00)","XFR DEBIT SVC CHARGE","","2.00","-","011 - System","BTCH6587","0606","XFRDRSVC - SERVICE CHARGE","430,036.04","","-","","","","-"
"506061304070","Current Account","GENTING MALAYSIA BERHAD","MYR","2020-08-07 MY (UTC+08:00)","2020-08-07 MY (UTC+08:00)","5","37","1,000.00","1,000.00","-","-","07/Aug/2020 MY (UTC+08:00)","00:48 MY (UTC+08:00)","GENTING MALAYSIA BERHAD","514011468149","429,252.67","-","011 - System","BTCH6587","0606","XFRDR - FUND TRANSFER DEBIT","783.37","","-","","","","-"
"506061304070","Current Account","GENTING MALAYSIA BERHAD","MYR","2020-08-07 MY (UTC+08:00)","2020-08-07 MY (UTC+08:00)","5","37","1,000.00","1,000.00","-","-","07/Aug/2020 MY (UTC+08:00)","03:44 MY (UTC+08:00)","DR/CARD SALES M/N 4000006 DATED 06082020","","-","147.00","006 - Pos","CBSX408R","2977","8300 - CREDIT ACCOUNT","930.37","","-","","","","-"
"506061304070","Current Account","GENTING MALAYSIA BERHAD","MYR","2020-08-07 MY (UTC+08:00)","2020-08-07 MY (UTC+08:00)","5","37","1,000.00","1,000.00","-","-","07/Aug/2020 MY (UTC+08:00)","03:45 MY (UTC+08:00)","DR/CARD SALES M/N 4000006 DATED 06082020","","0.37","-","011 - System","CBSX408R","2981","BCHARGE - ELECTRONIC TRANSACTION CHARGES","930.00","","-","","","","-"
"506061304070","Current Account","GENTING MALAYSIA BERHAD","MYR","2020-08-07 MY (UTC+08:00)","2020-08-07 MY (UTC+08:00)","5","37","1,000.00","1,000.00","-","-","07/Aug/2020 MY (UTC+08:00)","04:22 MY (UTC+08:00)","2008070014470640","T022819911620","-","70.00","025 - Office","FC8A","2502","2860 - ","1,000.00","","-","KOR SEE LEE","RCMS - CR FPX","","-"
