﻿Account Number,Account Type,Account Name,Account Currency,Date From,Date To,Total Debit,Total Credit,Begin Balance,End Balance,Transaction Date,Transaction Time,Posting Date,Processing Time,Transaction Description,Transaction Ref,Debit,Credit,Source Code,Teller ID,Branch/Channel,Transaction Code,End Balance,Filler,Virtual Account,Transaction Description 2,Transaction Description 3,Transaction Description 4,Expiry Date
"506061304070","Current Account","GENTING MALAYSIA BERHAD","MYR","2020-08-08 MY (UTC+08:00)","2020-08-08 MY (UTC+08:00)","7","4","1,000.00","1,000.00","-","-","08/Aug/2020 MY (UTC+08:00)","21:35 MY (UTC+08:00)","CMS - DR CORP CHG","B2CSE00037674","7.00","-","025 - Office","CBSX410N","2502","CDRCHG - CMS - DR CORP CHG","993.00","","-","","CMS - DR CORP CHG","","-"
"506061304070","Current Account","GENTING MALAYSIA BERHAD","MYR","2020-08-08 MY (UTC+08:00)","2020-08-08 MY (UTC+08:00)","7","4","1,000.00","1,000.00","-","-","08/Aug/2020 MY (UTC+08:00)","00:46 MY (UTC+08:00)","QRCASA SALES M/N 0000031 DATED 08082020","","-","15.00","011 - System","CBSX425P","2988","8301 - BILLS PAYMENT CREDIT","1,008.00","","-","","","","-"
"506061304070","Current Account","GENTING MALAYSIA BERHAD","MYR","2020-08-08 MY (UTC+08:00)","2020-08-08 MY (UTC+08:00)","7","4","1,000.00","1,000.00","-","-","08/Aug/2020 MY (UTC+08:00)","00:46 MY (UTC+08:00)","QRCASA SALES M/N 0035433 DATED 08082020","","-","60.00","011 - System","CBSX425P","2988","8301 - BILLS PAYMENT CREDIT","1,068.00","","-","","","","-"
"506061304070","Current Account","GENTING MALAYSIA BERHAD","MYR","2020-08-08 MY (UTC+08:00)","2020-08-08 MY (UTC+08:00)","7","4","1,000.00","1,000.00","-","-","08/Aug/2020 MY (UTC+08:00)","00:46 MY (UTC+08:00)","S/C TRANS VIA QRPAY 000027060000031","","0.03","-","011 - System","CBSX4237","2996","PCSCDR - PAYEE CORP SERVICE CHARGE DEBIT","1,067.97","","-","","","","-"
"506061304070","Current Account","GENTING MALAYSIA BERHAD","MYR","2020-08-08 MY (UTC+08:00)","2020-08-08 MY (UTC+08:00)","7","4","1,000.00","1,000.00","-","-","08/Aug/2020 MY (UTC+08:00)","00:46 MY (UTC+08:00)","S/C TRANS VIA QRPAY 000027060035433","","0.15","-","011 - System","CBSX4237","2996","PCSCDR - PAYEE CORP SERVICE CHARGE DEBIT","1,067.82","","-","","","","-"
"506061304070","Current Account","GENTING MALAYSIA BERHAD","MYR","2020-08-08 MY (UTC+08:00)","2020-08-08 MY (UTC+08:00)","7","4","1,000.00","1,000.00","-","-","08/Aug/2020 MY (UTC+08:00)","01:29 MY (UTC+08:00)","XFR DEBIT SVC CHARGE","","2.00","-","011 - System","BTCH6587","0606","XFRDRSVC - SERVICE CHARGE","1,065.82","","-","","","","-"
"506061304070","Current Account","GENTING MALAYSIA BERHAD","MYR","2020-08-08 MY (UTC+08:00)","2020-08-08 MY (UTC+08:00)","7","4","1,000.00","1,000.00","-","-","08/Aug/2020 MY (UTC+08:00)","01:29 MY (UTC+08:00)","GENTING MALAYSIA BERHAD","514011468149","366.07","-","011 - System","BTCH6587","0606","XFRDR - FUND TRANSFER DEBIT","699.75","","-","","","","-"
"506061304070","Current Account","GENTING MALAYSIA BERHAD","MYR","2020-08-08 MY (UTC+08:00)","2020-08-08 MY (UTC+08:00)","7","4","1,000.00","1,000.00","-","-","08/Aug/2020 MY (UTC+08:00)","02:04 MY (UTC+08:00)","DR/CARD SALES M/N 4000006 DATED 07082020","","-","209.00","006 - Pos","CBSX408R","2977","8300 - CREDIT ACCOUNT","908.75","","-","","","","-"
"506061304070","Current Account","GENTING MALAYSIA BERHAD","MYR","2020-08-08 MY (UTC+08:00)","2020-08-08 MY (UTC+08:00)","7","4","1,000.00","1,000.00","-","-","08/Aug/2020 MY (UTC+08:00)","02:05 MY (UTC+08:00)","DR/CARD SALES M/N 4000006 DATED 07082020","","0.52","-","011 - System","CBSX408R","2981","BCHARGE - ELECTRONIC TRANSACTION CHARGES","908.23","","-","","","","-"
"506061304070","Current Account","GENTING MALAYSIA BERHAD","MYR","2020-08-08 MY (UTC+08:00)","2020-08-08 MY (UTC+08:00)","7","4","1,000.00","1,000.00","-","-","08/Aug/2020 MY (UTC+08:00)","02:07 MY (UTC+08:00)","DR/CARD SALES M/N 4000006 DATED 07082020","","-","92.00","006 - Pos","CBSX408R","3121","8300 - CREDIT ACCOUNT","1,000.23","","-","","","","-"
"506061304070","Current Account","GENTING MALAYSIA BERHAD","MYR","2020-08-08 MY (UTC+08:00)","2020-08-08 MY (UTC+08:00)","7","4","1,000.00","1,000.00","-","-","08/Aug/2020 MY (UTC+08:00)","02:08 MY (UTC+08:00)","DR/CARD SALES M/N 4000006 DATED 07082020","","0.23","-","011 - System","CBSX408R","2981","BCHARGE - ELECTRONIC TRANSACTION CHARGES","1,000.00","","-","","","","-"
