﻿Account Number,Account Type,Account Name,Account Currency,Date From,Date To,Total Debit,Total Credit,Begin Balance,End Balance,Transaction Date,Transaction Time,Posting Date,Processing Time,Transaction Description,Transaction Ref,Debit,Credit,Source Code,Teller ID,Branch/Channel,Transaction Code,End Balance,Filler,Virtual Account,Transaction Description 2,Transaction Description 3,Transaction Description 4,Expiry Date
"506061304070","Current Account","GENTING MALAYSIA BERHAD","MYR","2020-08-09 MY (UTC+08:00)","2020-08-09 MY (UTC+08:00)","6","4","1,000.00","1,000.00","-","-","09/Aug/2020 MY (UTC+08:00)","00:45 MY (UTC+08:00)","QRCASA SALES M/N 0035433 DATED 09082020","","-","260.00","011 - System","CBSX425P","2988","8301 - BILLS PAYMENT CREDIT","1,260.00","","-","","","","-"
"506061304070","Current Account","GENTING MALAYSIA BERHAD","MYR","2020-08-09 MY (UTC+08:00)","2020-08-09 MY (UTC+08:00)","6","4","1,000.00","1,000.00","-","-","09/Aug/2020 MY (UTC+08:00)","00:45 MY (UTC+08:00)","S/C TRANS VIA QRPAY 000027060035433","","0.65","-","011 - System","CBSX4237","2996","PCSCDR - PAYEE CORP SERVICE CHARGE DEBIT","1,259.35","","-","","","","-"
"506061304070","Current Account","GENTING MALAYSIA BERHAD","MYR","2020-08-09 MY (UTC+08:00)","2020-08-09 MY (UTC+08:00)","6","4","1,000.00","1,000.00","-","-","09/Aug/2020 MY (UTC+08:00)","01:28 MY (UTC+08:00)","XFR DEBIT SVC CHARGE","","2.00","-","011 - System","BTCH6587","0606","XFRDRSVC - SERVICE CHARGE","1,257.35","","-","","","","-"
"506061304070","Current Account","GENTING MALAYSIA BERHAD","MYR","2020-08-09 MY (UTC+08:00)","2020-08-09 MY (UTC+08:00)","6","4","1,000.00","1,000.00","-","-","09/Aug/2020 MY (UTC+08:00)","01:28 MY (UTC+08:00)","GENTING MALAYSIA BERHAD","514011468149","3,489.25","-","011 - System","BTCH6587","0606","XFRDR - FUND TRANSFER DEBIT","-2,231.90","","-","","","","-"
"506061304070","Current Account","GENTING MALAYSIA BERHAD","MYR","2020-08-09 MY (UTC+08:00)","2020-08-09 MY (UTC+08:00)","6","4","1,000.00","1,000.00","-","-","09/Aug/2020 MY (UTC+08:00)","02:15 MY (UTC+08:00)","DR/CARD SALES M/N 4000006 DATED 08082020","","-","2,268.00","006 - Pos","CBSX408R","2977","8300 - CREDIT ACCOUNT","36.10","","-","","","","-"
"506061304070","Current Account","GENTING MALAYSIA BERHAD","MYR","2020-08-09 MY (UTC+08:00)","2020-08-09 MY (UTC+08:00)","6","4","1,000.00","1,000.00","-","-","09/Aug/2020 MY (UTC+08:00)","02:16 MY (UTC+08:00)","DR/CARD SALES M/N 4000006 DATED 08082020","","5.67","-","011 - System","CBSX408R","2981","BCHARGE - ELECTRONIC TRANSACTION CHARGES","30.43","","-","","","","-"
"506061304070","Current Account","GENTING MALAYSIA BERHAD","MYR","2020-08-09 MY (UTC+08:00)","2020-08-09 MY (UTC+08:00)","6","4","1,000.00","1,000.00","-","-","09/Aug/2020 MY (UTC+08:00)","02:18 MY (UTC+08:00)","DR/CARD SALES M/N 4183000 DATED 08082020","","-","8.00","006 - Pos","CBSX408R","3121","8300 - CREDIT ACCOUNT","38.43","","-","","","","-"
"506061304070","Current Account","GENTING MALAYSIA BERHAD","MYR","2020-08-09 MY (UTC+08:00)","2020-08-09 MY (UTC+08:00)","6","4","1,000.00","1,000.00","-","-","09/Aug/2020 MY (UTC+08:00)","02:18 MY (UTC+08:00)","DR/CARD SALES M/N 4000006 DATED 08082020","","-","964.00","006 - Pos","CBSX408R","3121","8300 - CREDIT ACCOUNT","1,002.43","","-","","","","-"
"506061304070","Current Account","GENTING MALAYSIA BERHAD","MYR","2020-08-09 MY (UTC+08:00)","2020-08-09 MY (UTC+08:00)","6","4","1,000.00","1,000.00","-","-","09/Aug/2020 MY (UTC+08:00)","02:19 MY (UTC+08:00)","DR/CARD SALES M/N 4183000 DATED 08082020","","0.02","-","011 - System","CBSX408R","2981","BCHARGE - ELECTRONIC TRANSACTION CHARGES","1,002.41","","-","","","","-"
"506061304070","Current Account","GENTING MALAYSIA BERHAD","MYR","2020-08-09 MY (UTC+08:00)","2020-08-09 MY (UTC+08:00)","6","4","1,000.00","1,000.00","-","-","09/Aug/2020 MY (UTC+08:00)","02:19 MY (UTC+08:00)","DR/CARD SALES M/N 4000006 DATED 08082020","","2.41","-","011 - System","CBSX408R","2981","BCHARGE - ELECTRONIC TRANSACTION CHARGES","1,000.00","","-","","","","-"
