﻿Account Number,Account Type,Account Name,Account Currency,Date From,Date To,Total Debit,Total Credit,Begin Balance,End Balance,Transaction Date,Transaction Time,Posting Date,Processing Time,Transaction Description,Transaction Ref,Debit,Credit,Source Code,Teller ID,Branch/Channel,Transaction Code,End Balance,Filler,Virtual Account,Transaction Description 2,Transaction Description 3,Transaction Description 4,Expiry Date
"506061304070","Current Account","GENTING MALAYSIA BERHAD","MYR","2020-08-10 MY (UTC+08:00)","2020-08-10 MY (UTC+08:00)","9","90","1,000.00","15,400.00","-","-","10/Aug/2020 MY (UTC+08:00)","08:32 MY (UTC+08:00)","CR/CARD SALES M/N 4000006 DATED 07082020","00060708","-","6,150.18","011 - System","CBSX4498","2719","2981 - MERCHANT CREDIT CARD SALES","7,150.18","","-","","","","-"
"506061304070","Current Account","GENTING MALAYSIA BERHAD","MYR","2020-08-10 MY (UTC+08:00)","2020-08-10 MY (UTC+08:00)","9","90","1,000.00","15,400.00","-","-","10/Aug/2020 MY (UTC+08:00)","08:32 MY (UTC+08:00)","CR/CARD SALES M/N 4000006 DATED 08082020","00060808","-","14,956.54","011 - System","CBSX4498","2719","2981 - MERCHANT CREDIT CARD SALES","22,106.72","","-","","","","-"
"506061304070","Current Account","GENTING MALAYSIA BERHAD","MYR","2020-08-10 MY (UTC+08:00)","2020-08-10 MY (UTC+08:00)","9","90","1,000.00","15,400.00","-","-","10/Aug/2020 MY (UTC+08:00)","08:32 MY (UTC+08:00)","CR/CARD SALES M/N 4000006 DATED 09082020","00060908","-","15,462.30","011 - System","CBSX4498","2719","2981 - MERCHANT CREDIT CARD SALES","37,569.02","","-","","","","-"
"506061304070","Current Account","GENTING MALAYSIA BERHAD","MYR","2020-08-10 MY (UTC+08:00)","2020-08-10 MY (UTC+08:00)","9","90","1,000.00","15,400.00","-","-","10/Aug/2020 MY (UTC+08:00)","08:32 MY (UTC+08:00)","CR/CARD SALES M/N 1021077 DATED 09082020","10770908","-","29.76","011 - System","CBSX4498","2719","2981 - MERCHANT CREDIT CARD SALES","37,598.78","","-","","","","-"
"506061304070","Current Account","GENTING MALAYSIA BERHAD","MYR","2020-08-10 MY (UTC+08:00)","2020-08-10 MY (UTC+08:00)","9","90","1,000.00","15,400.00","-","-","10/Aug/2020 MY (UTC+08:00)","08:32 MY (UTC+08:00)","CR/CARD SALES M/N 4221339 DATED 07082020","13390708","-","16,119.23","011 - System","CBSX4498","2719","2981 - MERCHANT CREDIT CARD SALES","53,718.01","","-","","","","-"
"506061304070","Current Account","GENTING MALAYSIA BERHAD","MYR","2020-08-10 MY (UTC+08:00)","2020-08-10 MY (UTC+08:00)","9","90","1,000.00","15,400.00","-","-","10/Aug/2020 MY (UTC+08:00)","08:32 MY (UTC+08:00)","CR/CARD SALES M/N 4221339 DATED 08082020","13390808","-","50,674.62","011 - System","CBSX4498","2719","2981 - MERCHANT CREDIT CARD SALES","104,392.63","","-","","","","-"
"506061304070","Current Account","GENTING MALAYSIA BERHAD","MYR","2020-08-10 MY (UTC+08:00)","2020-08-10 MY (UTC+08:00)","9","90","1,000.00","15,400.00","-","-","10/Aug/2020 MY (UTC+08:00)","08:32 MY (UTC+08:00)","CR/CARD SALES M/N 4221339 DATED 09082020","13390908","-","46,576.19","011 - System","CBSX4498","2719","2981 - MERCHANT CREDIT CARD SALES","150,968.82","","-","","","","-"
"506061304070","Current Account","GENTING MALAYSIA BERHAD","MYR","2020-08-10 MY (UTC+08:00)","2020-08-10 MY (UTC+08:00)","9","90","1,000.00","15,400.00","-","-","10/Aug/2020 MY (UTC+08:00)","08:32 MY (UTC+08:00)","CR/CARD SALES M/N 4221552 DATED 07082020","15520708","-","6,216.21","011 - System","CBSX4498","2719","2981 - MERCHANT CREDIT CARD SALES","157,185.03","","-","","","","-"
"506061304070","Current Account","GENTING MALAYSIA BERHAD","MYR","2020-08-10 MY (UTC+08:00)","2020-08-10 MY (UTC+08:00)","9","90","1,000.00","15,400.00","-","-","10/Aug/2020 MY (UTC+08:00)","08:32 MY (UTC+08:00)","CR/CARD SALES M/N 4221552 DATED 08082020","15520808","-","19,444.19","011 - System","CBSX4498","2719","2981 - MERCHANT CREDIT CARD SALES","176,629.22","","-","","","","-"
"506061304070","Current Account","GENTING MALAYSIA BERHAD","MYR","2020-08-10 MY (UTC+08:00)","2020-08-10 MY (UTC+08:00)","9","90","1,000.00","15,400.00","-","-","10/Aug/2020 MY (UTC+08:00)","08:32 MY (UTC+08:00)","CR/CARD SALES M/N 4221552 DATED 09082020","15520908","-","17,632.37","011 - System","CBSX4498","2719","2981 - MERCHANT CREDIT CARD SALES","194,261.59","","-","","","","-"
"506061304070","Current Account","GENTING MALAYSIA BERHAD","MYR","2020-08-10 MY (UTC+08:00)","2020-08-10 MY (UTC+08:00)","9","90","1,000.00","15,400.00","-","-","10/Aug/2020 MY (UTC+08:00)","08:32 MY (UTC+08:00)","CR/CARD SALES M/N 4183000 DATED 08082020","30000808","-","503.43","011 - System","CBSX4498","2719","2981 - MERCHANT CREDIT CARD SALES","194,765.02","","-","","","","-"
"506061304070","Current Account","GENTING MALAYSIA BERHAD","MYR","2020-08-10 MY (UTC+08:00)","2020-08-10 MY (UTC+08:00)","9","90","1,000.00","15,400.00","-","-","10/Aug/2020 MY (UTC+08:00)","08:32 MY (UTC+08:00)","CR/CARD SALES M/N 1813880 DATED 07082020","38800708","-","923.39","011 - System","CBSX4498","2719","2981 - MERCHANT CREDIT CARD SALES","195,688.41","","-","","","","-"
"506061304070","Current Account","GENTING MALAYSIA BERHAD","MYR","2020-08-10 MY (UTC+08:00)","2020-08-10 MY (UTC+08:00)","9","90","1,000.00","15,400.00","-","-","10/Aug/2020 MY (UTC+08:00)","08:32 MY (UTC+08:00)","CR/CARD SALES M/N 4185062 DATED 07082020","50620708","-","89,392.71","011 - System","CBSX4498","2719","2981 - MERCHANT CREDIT CARD SALES","285,081.12","","-","","","","-"
"506061304070","Current Account","GENTING MALAYSIA BERHAD","MYR","2020-08-10 MY (UTC+08:00)","2020-08-10 MY (UTC+08:00)","9","90","1,000.00","15,400.00","-","-","10/Aug/2020 MY (UTC+08:00)","08:32 MY (UTC+08:00)","CR/CARD SALES M/N 4185062 DATED 08082020","50620808","-","173,139.10","011 - System","CBSX4498","2719","2981 - MERCHANT CREDIT CARD SALES","458,220.22","","-","","","","-"
"506061304070","Current Account","GENTING MALAYSIA BERHAD","MYR","2020-08-10 MY (UTC+08:00)","2020-08-10 MY (UTC+08:00)","9","90","1,000.00","15,400.00","-","-","10/Aug/2020 MY (UTC+08:00)","08:32 MY (UTC+08:00)","CR/CARD SALES M/N 4185062 DATED 09082020","50620908","-","146,189.55","011 - System","CBSX4498","2719","2981 - MERCHANT CREDIT CARD SALES","604,409.77","","-","","","","-"
"506061304070","Current Account","GENTING MALAYSIA BERHAD","MYR","2020-08-10 MY (UTC+08:00)","2020-08-10 MY (UTC+08:00)","9","90","1,000.00","15,400.00","-","-","10/Aug/2020 MY (UTC+08:00)","08:32 MY (UTC+08:00)","CR/CARD SALES M/N 4225124 DATED 07082020","51240708","-","234.29","011 - System","CBSX4498","2719","2981 - MERCHANT CREDIT CARD SALES","604,644.06","","-","","","","-"
"506061304070","Current Account","GENTING MALAYSIA BERHAD","MYR","2020-08-10 MY (UTC+08:00)","2020-08-10 MY (UTC+08:00)","9","90","1,000.00","15,400.00","-","-","10/Aug/2020 MY (UTC+08:00)","08:32 MY (UTC+08:00)","CR/CARD SALES M/N 4225124 DATED 08082020","51240808","-","574.52","011 - System","CBSX4498","2719","2981 - MERCHANT CREDIT CARD SALES","605,218.58","","-","","","","-"
"506061304070","Current Account","GENTING MALAYSIA BERHAD","MYR","2020-08-10 MY (UTC+08:00)","2020-08-10 MY (UTC+08:00)","9","90","1,000.00","15,400.00","-","-","10/Aug/2020 MY (UTC+08:00)","08:32 MY (UTC+08:00)","CR/CARD SALES M/N 4225124 DATED 09082020","51240908","-","580.86","011 - System","CBSX4498","2719","2981 - MERCHANT CREDIT CARD SALES","605,799.44","","-","","","","-"
"506061304070","Current Account","GENTING MALAYSIA BERHAD","MYR","2020-08-10 MY (UTC+08:00)","2020-08-10 MY (UTC+08:00)","9","90","1,000.00","15,400.00","-","-","10/Aug/2020 MY (UTC+08:00)","08:32 MY (UTC+08:00)","CR/CARD SALES M/N 4225140 DATED 07082020","51400708","-","2,195.41","011 - System","CBSX4498","2719","2981 - MERCHANT CREDIT CARD SALES","607,994.85","","-","","","","-"
"506061304070","Current Account","GENTING MALAYSIA BERHAD","MYR","2020-08-10 MY (UTC+08:00)","2020-08-10 MY (UTC+08:00)","9","90","1,000.00","15,400.00","-","-","10/Aug/2020 MY (UTC+08:00)","08:32 MY (UTC+08:00)","CR/CARD SALES M/N 4225140 DATED 08082020","51400808","-","4,653.85","011 - System","CBSX4498","2719","2981 - MERCHANT CREDIT CARD SALES","612,648.70","","-","","","","-"
"506061304070","Current Account","GENTING MALAYSIA BERHAD","MYR","2020-08-10 MY (UTC+08:00)","2020-08-10 MY (UTC+08:00)","9","90","1,000.00","15,400.00","-","-","10/Aug/2020 MY (UTC+08:00)","08:32 MY (UTC+08:00)","CR/CARD SALES M/N 4225140 DATED 09082020","51400908","-","6,466.77","011 - System","CBSX4498","2719","2981 - MERCHANT CREDIT CARD SALES","619,115.47","","-","","","","-"
"506061304070","Current Account","GENTING MALAYSIA BERHAD","MYR","2020-08-10 MY (UTC+08:00)","2020-08-10 MY (UTC+08:00)","9","90","1,000.00","15,400.00","-","-","10/Aug/2020 MY (UTC+08:00)","08:32 MY (UTC+08:00)","CR/CARD SALES M/N 4025557 DATED 07082020","55570708","-","1,137.67","011 - System","CBSX4498","2719","2981 - MERCHANT CREDIT CARD SALES","620,253.14","","-","","","","-"
"506061304070","Current Account","GENTING MALAYSIA BERHAD","MYR","2020-08-10 MY (UTC+08:00)","2020-08-10 MY (UTC+08:00)","9","90","1,000.00","15,400.00","-","-","10/Aug/2020 MY (UTC+08:00)","08:32 MY (UTC+08:00)","CR/CARD SALES M/N 4025557 DATED 09082020","55570908","-","412.26","011 - System","CBSX4498","2719","2981 - MERCHANT CREDIT CARD SALES","620,665.40","","-","","","","-"
"506061304070","Current Account","GENTING MALAYSIA BERHAD","MYR","2020-08-10 MY (UTC+08:00)","2020-08-10 MY (UTC+08:00)","9","90","1,000.00","15,400.00","-","-","10/Aug/2020 MY (UTC+08:00)","08:32 MY (UTC+08:00)","CR/CARD SALES M/N 4145744 DATED 07082020","57440708","-","1,462.65","011 - System","CBSX4498","2719","2981 - MERCHANT CREDIT CARD SALES","622,128.05","","-","","","","-"
"506061304070","Current Account","GENTING MALAYSIA BERHAD","MYR","2020-08-10 MY (UTC+08:00)","2020-08-10 MY (UTC+08:00)","9","90","1,000.00","15,400.00","-","-","10/Aug/2020 MY (UTC+08:00)","08:32 MY (UTC+08:00)","CR/CARD SALES M/N 4145744 DATED 08082020","57440808","-","1,597.26","011 - System","CBSX4498","2719","2981 - MERCHANT CREDIT CARD SALES","623,725.31","","-","","","","-"
"506061304070","Current Account","GENTING MALAYSIA BERHAD","MYR","2020-08-10 MY (UTC+08:00)","2020-08-10 MY (UTC+08:00)","9","90","1,000.00","15,400.00","-","-","10/Aug/2020 MY (UTC+08:00)","08:32 MY (UTC+08:00)","CR/CARD SALES M/N 4145744 DATED 09082020","57440908","-","1,872.57","011 - System","CBSX4498","2719","2981 - MERCHANT CREDIT CARD SALES","625,597.88","","-","","","","-"
"506061304070","Current Account","GENTING MALAYSIA BERHAD","MYR","2020-08-10 MY (UTC+08:00)","2020-08-10 MY (UTC+08:00)","9","90","1,000.00","15,400.00","-","-","10/Aug/2020 MY (UTC+08:00)","08:32 MY (UTC+08:00)","CR/CARD SALES M/N 4246575 DATED 07082020","65750708","-","971.18","011 - System","CBSX4498","2719","2981 - MERCHANT CREDIT CARD SALES","626,569.06","","-","","","","-"
"506061304070","Current Account","GENTING MALAYSIA BERHAD","MYR","2020-08-10 MY (UTC+08:00)","2020-08-10 MY (UTC+08:00)","9","90","1,000.00","15,400.00","-","-","10/Aug/2020 MY (UTC+08:00)","08:32 MY (UTC+08:00)","CR/CARD SALES M/N 4246575 DATED 08082020","65750808","-","416.71","011 - System","CBSX4498","2719","2981 - MERCHANT CREDIT CARD SALES","626,985.77","","-","","","","-"
"506061304070","Current Account","GENTING MALAYSIA BERHAD","MYR","2020-08-10 MY (UTC+08:00)","2020-08-10 MY (UTC+08:00)","9","90","1,000.00","15,400.00","-","-","10/Aug/2020 MY (UTC+08:00)","08:32 MY (UTC+08:00)","CR/CARD SALES M/N 6037149 DATED 09082020","71490908","-","80.35","011 - System","CBSX4498","2719","2981 - MERCHANT CREDIT CARD SALES","627,066.12","","-","","","","-"
"506061304070","Current Account","GENTING MALAYSIA BERHAD","MYR","2020-08-10 MY (UTC+08:00)","2020-08-10 MY (UTC+08:00)","9","90","1,000.00","15,400.00","-","-","10/Aug/2020 MY (UTC+08:00)","08:32 MY (UTC+08:00)","CR/CARD SALES M/N 7008915 DATED 07082020","89150708","-","26,781.71","011 - System","CBSX4498","2719","2981 - MERCHANT CREDIT CARD SALES","653,847.83","","-","","","","-"
"506061304070","Current Account","GENTING MALAYSIA BERHAD","MYR","2020-08-10 MY (UTC+08:00)","2020-08-10 MY (UTC+08:00)","9","90","1,000.00","15,400.00","-","-","10/Aug/2020 MY (UTC+08:00)","08:32 MY (UTC+08:00)","CR/CARD SALES M/N 7008915 DATED 08082020","89150808","-","35,121.97","011 - System","CBSX4498","2719","2981 - MERCHANT CREDIT CARD SALES","688,969.80","","-","","","","-"
"506061304070","Current Account","GENTING MALAYSIA BERHAD","MYR","2020-08-10 MY (UTC+08:00)","2020-08-10 MY (UTC+08:00)","9","90","1,000.00","15,400.00","-","-","10/Aug/2020 MY (UTC+08:00)","08:32 MY (UTC+08:00)","CR/CARD SALES M/N 7008915 DATED 09082020","89150908","-","29,131.01","011 - System","CBSX4498","2719","2981 - MERCHANT CREDIT CARD SALES","718,100.81","","-","","","","-"
"506061304070","Current Account","GENTING MALAYSIA BERHAD","MYR","2020-08-10 MY (UTC+08:00)","2020-08-10 MY (UTC+08:00)","9","90","1,000.00","15,400.00","-","-","10/Aug/2020 MY (UTC+08:00)","08:32 MY (UTC+08:00)","CR/CARD SALES M/N 4179180 DATED 07082020","91800708","-","12,849.50","011 - System","CBSX4498","2719","2981 - MERCHANT CREDIT CARD SALES","730,950.31","","-","","","","-"
"506061304070","Current Account","GENTING MALAYSIA BERHAD","MYR","2020-08-10 MY (UTC+08:00)","2020-08-10 MY (UTC+08:00)","9","90","1,000.00","15,400.00","-","-","10/Aug/2020 MY (UTC+08:00)","08:32 MY (UTC+08:00)","CR/CARD SALES M/N 4179180 DATED 08082020","91800808","-","31,445.50","011 - System","CBSX4498","2719","2981 - MERCHANT CREDIT CARD SALES","762,395.81","","-","","","","-"
"506061304070","Current Account","GENTING MALAYSIA BERHAD","MYR","2020-08-10 MY (UTC+08:00)","2020-08-10 MY (UTC+08:00)","9","90","1,000.00","15,400.00","-","-","10/Aug/2020 MY (UTC+08:00)","08:32 MY (UTC+08:00)","CR/CARD SALES M/N 4179180 DATED 09082020","91800908","-","24,189.44","011 - System","CBSX4498","2719","2981 - MERCHANT CREDIT CARD SALES","786,585.25","","-","","","","-"
"506061304070","Current Account","GENTING MALAYSIA BERHAD","MYR","2020-08-10 MY (UTC+08:00)","2020-08-10 MY (UTC+08:00)","9","90","1,000.00","15,400.00","-","-","10/Aug/2020 MY (UTC+08:00)","08:32 MY (UTC+08:00)","CR/CARD SALES M/N 4179883 DATED 07082020","98830708","-","285.28","011 - System","CBSX4498","2719","2981 - MERCHANT CREDIT CARD SALES","786,870.53","","-","","","","-"
"506061304070","Current Account","GENTING MALAYSIA BERHAD","MYR","2020-08-10 MY (UTC+08:00)","2020-08-10 MY (UTC+08:00)","9","90","1,000.00","15,400.00","-","-","10/Aug/2020 MY (UTC+08:00)","08:32 MY (UTC+08:00)","CR/CARD SALES M/N 4179883 DATED 08082020","98830808","-","404.97","011 - System","CBSX4498","2719","2981 - MERCHANT CREDIT CARD SALES","787,275.50","","-","","","","-"
"506061304070","Current Account","GENTING MALAYSIA BERHAD","MYR","2020-08-10 MY (UTC+08:00)","2020-08-10 MY (UTC+08:00)","9","90","1,000.00","15,400.00","-","-","10/Aug/2020 MY (UTC+08:00)","08:32 MY (UTC+08:00)","CR/CARD SALES M/N 4179883 DATED 09082020","98830908","-","688.40","011 - System","CBSX4498","2719","2981 - MERCHANT CREDIT CARD SALES","787,963.90","","-","","","","-"
"506061304070","Current Account","GENTING MALAYSIA BERHAD","MYR","2020-08-10 MY (UTC+08:00)","2020-08-10 MY (UTC+08:00)","9","90","1,000.00","15,400.00","-","-","10/Aug/2020 MY (UTC+08:00)","08:32 MY (UTC+08:00)","CR/CARD SALES M/N 4239893 DATED 07082020","98930708","-","2,597.66","011 - System","CBSX4498","2719","2981 - MERCHANT CREDIT CARD SALES","790,561.56","","-","","","","-"
"506061304070","Current Account","GENTING MALAYSIA BERHAD","MYR","2020-08-10 MY (UTC+08:00)","2020-08-10 MY (UTC+08:00)","9","90","1,000.00","15,400.00","-","-","10/Aug/2020 MY (UTC+08:00)","08:32 MY (UTC+08:00)","CR/CARD SALES M/N 4239893 DATED 08082020","98930808","-","6,999.76","011 - System","CBSX4498","2719","2981 - MERCHANT CREDIT CARD SALES","797,561.32","","-","","","","-"
"506061304070","Current Account","GENTING MALAYSIA BERHAD","MYR","2020-08-10 MY (UTC+08:00)","2020-08-10 MY (UTC+08:00)","9","90","1,000.00","15,400.00","-","-","10/Aug/2020 MY (UTC+08:00)","08:32 MY (UTC+08:00)","CR/CARD SALES M/N 4239893 DATED 09082020","98930908","-","7,673.63","011 - System","CBSX4498","2719","2981 - MERCHANT CREDIT CARD SALES","805,234.95","","-","","","","-"
"506061304070","Current Account","GENTING MALAYSIA BERHAD","MYR","2020-08-10 MY (UTC+08:00)","2020-08-10 MY (UTC+08:00)","9","90","1,000.00","15,400.00","-","-","10/Aug/2020 MY (UTC+08:00)","10:44 MY (UTC+08:00)","H78739","78739","-","10,652.30","018 - Teller","0000544A","0606","7100 - CASH DEPOSIT","815,887.25","","-","","","","-"
"506061304070","Current Account","GENTING MALAYSIA BERHAD","MYR","2020-08-10 MY (UTC+08:00)","2020-08-10 MY (UTC+08:00)","9","90","1,000.00","15,400.00","-","-","10/Aug/2020 MY (UTC+08:00)","10:44 MY (UTC+08:00)","H78736","78736","-","4,522.60","018 - Teller","0000544A","0606","7100 - CASH DEPOSIT","820,409.85","","-","","","","-"
"506061304070","Current Account","GENTING MALAYSIA BERHAD","MYR","2020-08-10 MY (UTC+08:00)","2020-08-10 MY (UTC+08:00)","9","90","1,000.00","15,400.00","-","-","10/Aug/2020 MY (UTC+08:00)","10:44 MY (UTC+08:00)","H78734","78734","-","13,009.00","018 - Teller","0000544A","0606","7100 - CASH DEPOSIT","833,418.85","","-","","","","-"
"506061304070","Current Account","GENTING MALAYSIA BERHAD","MYR","2020-08-10 MY (UTC+08:00)","2020-08-10 MY (UTC+08:00)","9","90","1,000.00","15,400.00","-","-","10/Aug/2020 MY (UTC+08:00)","10:46 MY (UTC+08:00)","H78733","78733","-","167,592.00","018 - Teller","0000544A","0606","7100 - CASH DEPOSIT","1,001,010.85","","-","","","","-"
"506061304070","Current Account","GENTING MALAYSIA BERHAD","MYR","2020-08-10 MY (UTC+08:00)","2020-08-10 MY (UTC+08:00)","9","90","1,000.00","15,400.00","-","-","10/Aug/2020 MY (UTC+08:00)","10:47 MY (UTC+08:00)","H78735","78735","-","212,057.00","018 - Teller","0000544A","0606","7100 - CASH DEPOSIT","1,213,067.85","","-","","","","-"
"506061304070","Current Account","GENTING MALAYSIA BERHAD","MYR","2020-08-10 MY (UTC+08:00)","2020-08-10 MY (UTC+08:00)","9","90","1,000.00","15,400.00","-","-","10/Aug/2020 MY (UTC+08:00)","10:48 MY (UTC+08:00)","H78738","78738","-","39,348.00","018 - Teller","0000544A","0606","7100 - CASH DEPOSIT","1,252,415.85","","-","","","","-"
"506061304070","Current Account","GENTING MALAYSIA BERHAD","MYR","2020-08-10 MY (UTC+08:00)","2020-08-10 MY (UTC+08:00)","9","90","1,000.00","15,400.00","-","-","10/Aug/2020 MY (UTC+08:00)","10:50 MY (UTC+08:00)","H78737","78737","-","341,630.00","018 - Teller","0000544A","0606","7100 - CASH DEPOSIT","1,594,045.85","","-","","","","-"
"506061304070","Current Account","GENTING MALAYSIA BERHAD","MYR","2020-08-10 MY (UTC+08:00)","2020-08-10 MY (UTC+08:00)","9","90","1,000.00","15,400.00","-","-","10/Aug/2020 MY (UTC+08:00)","10:51 MY (UTC+08:00)","CH78453","78453","-","5.00","018 - Teller","0000544A","0606","7100 - CASH DEPOSIT","1,594,050.85","","-","","","","-"
"506061304070","Current Account","GENTING MALAYSIA BERHAD","MYR","2020-08-10 MY (UTC+08:00)","2020-08-10 MY (UTC+08:00)","9","90","1,000.00","15,400.00","-","-","10/Aug/2020 MY (UTC+08:00)","16:12 MY (UTC+08:00)","2008101612230467","T023248149920","-","220.00","025 - Office","FC8D","2502","2860 - ","1,594,270.85","","-","HANANI BNITI ABDUL A","RCMS - CR FPX","","-"
"506061304070","Current Account","GENTING MALAYSIA BERHAD","MYR","2020-08-10 MY (UTC+08:00)","2020-08-10 MY (UTC+08:00)","9","90","1,000.00","15,400.00","-","-","10/Aug/2020 MY (UTC+08:00)","16:27 MY (UTC+08:00)","2008101626480692","T023249732420","-","80.00","025 - Office","FC8A","2502","2860 - ","1,594,350.85","","-","NG WENG HONG","RCMS - CR FPX","","-"
"506061304070","Current Account","GENTING MALAYSIA BERHAD","MYR","2020-08-10 MY (UTC+08:00)","2020-08-10 MY (UTC+08:00)","9","90","1,000.00","15,400.00","-","-","10/Aug/2020 MY (UTC+08:00)","16:58 MY (UTC+08:00)","2008101657360435","T023253101720","-","110.00","025 - Office","FC8B","2502","2860 - ","1,594,460.85","","-","LOW ENG KIAT","RCMS - CR FPX","","-"
"506061304070","Current Account","GENTING MALAYSIA BERHAD","MYR","2020-08-10 MY (UTC+08:00)","2020-08-10 MY (UTC+08:00)","9","90","1,000.00","15,400.00","-","-","10/Aug/2020 MY (UTC+08:00)","17:06 MY (UTC+08:00)","2008101704530524","T023253910220","-","70.00","025 - Office","FC8D","2502","2860 - ","1,594,530.85","","-","LOW ENG KIAT","RCMS - CR FPX","","-"
"506061304070","Current Account","GENTING MALAYSIA BERHAD","MYR","2020-08-10 MY (UTC+08:00)","2020-08-10 MY (UTC+08:00)","9","90","1,000.00","15,400.00","-","-","10/Aug/2020 MY (UTC+08:00)","17:40 MY (UTC+08:00)","2008101738550095","T023257400720","-","140.00","025 - Office","FC8E","2502","2860 - ","1,594,670.85","","-","WONG SAN YEE","RCMS - CR FPX","","-"
"506061304070","Current Account","GENTING MALAYSIA BERHAD","MYR","2020-08-10 MY (UTC+08:00)","2020-08-10 MY (UTC+08:00)","9","90","1,000.00","15,400.00","-","-","10/Aug/2020 MY (UTC+08:00)","17:54 MY (UTC+08:00)","2008101752590939","T023258785520","-","70.00","025 - Office","FC8D","2502","2860 - ","1,594,740.85","","-","CHIANG SIEW LOK","RCMS - CR FPX","","-"
"506061304070","Current Account","GENTING MALAYSIA BERHAD","MYR","2020-08-10 MY (UTC+08:00)","2020-08-10 MY (UTC+08:00)","9","90","1,000.00","15,400.00","-","-","10/Aug/2020 MY (UTC+08:00)","17:57 MY (UTC+08:00)","2008101756490087","T023259196520","-","80.00","025 - Office","FC89","2502","2860 - ","1,594,820.85","","-","LIM EE MING","RCMS - CR FPX","","-"
"506061304070","Current Account","GENTING MALAYSIA BERHAD","MYR","2020-08-10 MY (UTC+08:00)","2020-08-10 MY (UTC+08:00)","9","90","1,000.00","15,400.00","-","-","10/Aug/2020 MY (UTC+08:00)","18:06 MY (UTC+08:00)","2008101805260837","T023260002020","-","140.00","025 - Office","FC8B","2502","2860 - ","1,594,960.85","","-","CHIA MENG LI","RCMS - CR FPX","","-"
"506061304070","Current Account","GENTING MALAYSIA BERHAD","MYR","2020-08-10 MY (UTC+08:00)","2020-08-10 MY (UTC+08:00)","9","90","1,000.00","15,400.00","-","-","10/Aug/2020 MY (UTC+08:00)","18:27 MY (UTC+08:00)","2008101826570825","T023262042020","-","70.00","025 - Office","FC8A","2502","2860 - ","1,595,030.85","","-","CHEE ZI YUN","RCMS - CR FPX","","-"
"506061304070","Current Account","GENTING MALAYSIA BERHAD","MYR","2020-08-10 MY (UTC+08:00)","2020-08-10 MY (UTC+08:00)","9","90","1,000.00","15,400.00","-","-","10/Aug/2020 MY (UTC+08:00)","18:48 MY (UTC+08:00)","2008101847500119","T023263934120","-","80.00","025 - Office","FC89","2502","2860 - ","1,595,110.85","","-","NG SEE MAY","RCMS - CR FPX","","-"
"506061304070","Current Account","GENTING MALAYSIA BERHAD","MYR","2020-08-10 MY (UTC+08:00)","2020-08-10 MY (UTC+08:00)","9","90","1,000.00","15,400.00","-","-","10/Aug/2020 MY (UTC+08:00)","18:52 MY (UTC+08:00)","2008101850540154","T023264214620","-","70.00","025 - Office","FC8A","2502","2860 - ","1,595,180.85","","-","LEE THIAM SIEW","RCMS - CR FPX","","-"
"506061304070","Current Account","GENTING MALAYSIA BERHAD","MYR","2020-08-10 MY (UTC+08:00)","2020-08-10 MY (UTC+08:00)","9","90","1,000.00","15,400.00","-","-","10/Aug/2020 MY (UTC+08:00)","19:12 MY (UTC+08:00)","2008101911030712","T023266017620","-","70.00","025 - Office","FC89","2502","2860 - ","1,595,250.85","","-","PANG YI FANG","RCMS - CR FPX","","-"
"506061304070","Current Account","GENTING MALAYSIA BERHAD","MYR","2020-08-10 MY (UTC+08:00)","2020-08-10 MY (UTC+08:00)","9","90","1,000.00","15,400.00","-","-","10/Aug/2020 MY (UTC+08:00)","19:47 MY (UTC+08:00)","2008101945510113","T023268882620","-","160.00","025 - Office","FC89","2502","2860 - ","1,595,410.85","","-","TING WEN JIAT","RCMS - CR FPX","","-"
"506061304070","Current Account","GENTING MALAYSIA BERHAD","MYR","2020-08-10 MY (UTC+08:00)","2020-08-10 MY (UTC+08:00)","9","90","1,000.00","15,400.00","-","-","10/Aug/2020 MY (UTC+08:00)","19:55 MY (UTC+08:00)","2008101953290901","T023269464020","-","110.00","025 - Office","FC89","2502","2860 - ","1,595,520.85","","-","KUAN CHEE MENG","RCMS - CR FPX","","-"
"506061304070","Current Account","GENTING MALAYSIA BERHAD","MYR","2020-08-10 MY (UTC+08:00)","2020-08-10 MY (UTC+08:00)","9","90","1,000.00","15,400.00","-","-","10/Aug/2020 MY (UTC+08:00)","20:52 MY (UTC+08:00)","2008102051370257","T023275027820","-","206.00","025 - Office","FC89","2502","2860 - ","1,595,726.85","","-","ONG ZI QING","RCMS - CR FPX","","-"
"506061304070","Current Account","GENTING MALAYSIA BERHAD","MYR","2020-08-10 MY (UTC+08:00)","2020-08-10 MY (UTC+08:00)","9","90","1,000.00","15,400.00","-","-","10/Aug/2020 MY (UTC+08:00)","20:55 MY (UTC+08:00)","2008102055010228","T023275357220","-","206.00","025 - Office","FC89","2502","2860 - ","1,595,932.85","","-","ONG ZI QING","RCMS - CR FPX","","-"
"506061304070","Current Account","GENTING MALAYSIA BERHAD","MYR","2020-08-10 MY (UTC+08:00)","2020-08-10 MY (UTC+08:00)","9","90","1,000.00","15,400.00","-","-","10/Aug/2020 MY (UTC+08:00)","21:01 MY (UTC+08:00)","2008102100150647","T023275859720","-","70.00","025 - Office","FC8B","2502","2860 - ","1,596,002.85","","-","MAK SIU KEI","RCMS - CR FPX","","-"
"506061304070","Current Account","GENTING MALAYSIA BERHAD","MYR","2020-08-10 MY (UTC+08:00)","2020-08-10 MY (UTC+08:00)","9","90","1,000.00","15,400.00","-","-","10/Aug/2020 MY (UTC+08:00)","21:02 MY (UTC+08:00)","2008102100220800","T023275855220","-","80.00","025 - Office","FC8A","2502","2860 - ","1,596,082.85","","-","NORSHUHAILA BINTI KA","RCMS - CR FPX","","-"
"506061304070","Current Account","GENTING MALAYSIA BERHAD","MYR","2020-08-10 MY (UTC+08:00)","2020-08-10 MY (UTC+08:00)","9","90","1,000.00","15,400.00","-","-","10/Aug/2020 MY (UTC+08:00)","21:05 MY (UTC+08:00)","0","0","-","14,400.00","011 - System","CBSX8211","2802","8100 - CLEARING CHQ DEP","1,610,482.85","","-","","","","-"
"506061304070","Current Account","GENTING MALAYSIA BERHAD","MYR","2020-08-10 MY (UTC+08:00)","2020-08-10 MY (UTC+08:00)","9","90","1,000.00","15,400.00","-","-","10/Aug/2020 MY (UTC+08:00)","21:13 MY (UTC+08:00)","2008102112050834","T023277006320","-","70.00","025 - Office","FC89","2502","2860 - ","1,610,552.85","","-","CHEONG SU SHENG","RCMS - CR FPX","","-"
"506061304070","Current Account","GENTING MALAYSIA BERHAD","MYR","2020-08-10 MY (UTC+08:00)","2020-08-10 MY (UTC+08:00)","9","90","1,000.00","15,400.00","-","-","10/Aug/2020 MY (UTC+08:00)","21:14 MY (UTC+08:00)","2008102113110435","T023277115220","-","140.00","025 - Office","FC8A","2502","2860 - ","1,610,692.85","","-","JOYCE LIM SZE HOOI","RCMS - CR FPX","","-"
"506061304070","Current Account","GENTING MALAYSIA BERHAD","MYR","2020-08-10 MY (UTC+08:00)","2020-08-10 MY (UTC+08:00)","9","90","1,000.00","15,400.00","-","-","10/Aug/2020 MY (UTC+08:00)","21:26 MY (UTC+08:00)","2008102125430692","T023278427420","-","70.00","025 - Office","FC8D","2502","2860 - ","1,610,762.85","","-","CHEONG SU SHENG","RCMS - CR FPX","","-"
"506061304070","Current Account","GENTING MALAYSIA BERHAD","MYR","2020-08-10 MY (UTC+08:00)","2020-08-10 MY (UTC+08:00)","9","90","1,000.00","15,400.00","-","-","10/Aug/2020 MY (UTC+08:00)","21:42 MY (UTC+08:00)","2008102140470107","T023279952320","-","70.00","025 - Office","FC89","2502","2860 - ","1,610,832.85","","-","RENEE LIEW HOY KEI","RCMS - CR FPX","","-"
"506061304070","Current Account","GENTING MALAYSIA BERHAD","MYR","2020-08-10 MY (UTC+08:00)","2020-08-10 MY (UTC+08:00)","9","90","1,000.00","15,400.00","-","-","10/Aug/2020 MY (UTC+08:00)","21:47 MY (UTC+08:00)","2008102147050155","T023280627020","-","80.00","025 - Office","FC8A","2502","2860 - ","1,610,912.85","","-","FOONG CHUN KIN","RCMS - CR FPX","","-"
"506061304070","Current Account","GENTING MALAYSIA BERHAD","MYR","2020-08-10 MY (UTC+08:00)","2020-08-10 MY (UTC+08:00)","9","90","1,000.00","15,400.00","-","-","10/Aug/2020 MY (UTC+08:00)","21:55 MY (UTC+08:00)","2008102153480984","T023281380320","-","80.00","025 - Office","FC8C","2502","2860 - ","1,610,992.85","","-","LOO SUE YEE","RCMS - CR FPX","","-"
"506061304070","Current Account","GENTING MALAYSIA BERHAD","MYR","2020-08-10 MY (UTC+08:00)","2020-08-10 MY (UTC+08:00)","9","90","1,000.00","15,400.00","-","-","10/Aug/2020 MY (UTC+08:00)","21:59 MY (UTC+08:00)","2008102158490181","T023281894520","-","80.00","025 - Office","FC8C","2502","2860 - ","1,611,072.85","","-","SEE CHEE WEI","RCMS - CR FPX","","-"
"506061304070","Current Account","GENTING MALAYSIA BERHAD","MYR","2020-08-10 MY (UTC+08:00)","2020-08-10 MY (UTC+08:00)","9","90","1,000.00","15,400.00","-","-","10/Aug/2020 MY (UTC+08:00)","22:37 MY (UTC+08:00)","2008102234470787","T023285332820","-","70.00","025 - Office","FC89","2502","2860 - ","1,611,142.85","","-","CHAN CHEE NI","RCMS - CR FPX","","-"
"506061304070","Current Account","GENTING MALAYSIA BERHAD","MYR","2020-08-10 MY (UTC+08:00)","2020-08-10 MY (UTC+08:00)","9","90","1,000.00","15,400.00","-","-","10/Aug/2020 MY (UTC+08:00)","22:38 MY (UTC+08:00)","2008102237050695","T023285454920","-","280.00","025 - Office","FC89","2502","2860 - ","1,611,422.85","","-","YONG KIAN BOON","RCMS - CR FPX","","-"
"506061304070","Current Account","GENTING MALAYSIA BERHAD","MYR","2020-08-10 MY (UTC+08:00)","2020-08-10 MY (UTC+08:00)","9","90","1,000.00","15,400.00","-","-","10/Aug/2020 MY (UTC+08:00)","23:09 MY (UTC+08:00)","2008102309010548","T023288229620","-","160.00","025 - Office","FC89","2502","2860 - ","1,611,582.85","","-","CHI CHOONG PEI","RCMS - CR FPX","","-"
"506061304070","Current Account","GENTING MALAYSIA BERHAD","MYR","2020-08-10 MY (UTC+08:00)","2020-08-10 MY (UTC+08:00)","9","90","1,000.00","15,400.00","-","-","10/Aug/2020 MY (UTC+08:00)","23:31 MY (UTC+08:00)","2008102331100983","T023289841220","-","140.00","025 - Office","FC89","2502","2860 - ","1,611,722.85","","-","KHOO PENG SENG","RCMS - CR FPX","","-"
"506061304070","Current Account","GENTING MALAYSIA BERHAD","MYR","2020-08-10 MY (UTC+08:00)","2020-08-10 MY (UTC+08:00)","9","90","1,000.00","15,400.00","-","-","10/Aug/2020 MY (UTC+08:00)","00:45 MY (UTC+08:00)","QRCASA SALES M/N 0070588 DATED 10082020","","-","0.30","011 - System","CBSX425P","2988","8301 - BILLS PAYMENT CREDIT","1,611,723.15","","-","","","","-"
"506061304070","Current Account","GENTING MALAYSIA BERHAD","MYR","2020-08-10 MY (UTC+08:00)","2020-08-10 MY (UTC+08:00)","9","90","1,000.00","15,400.00","-","-","10/Aug/2020 MY (UTC+08:00)","00:45 MY (UTC+08:00)","QRCASA SALES M/N 0035433 DATED 10082020","","-","195.00","011 - System","CBSX425P","2988","8301 - BILLS PAYMENT CREDIT","1,611,918.15","","-","","","","-"
"506061304070","Current Account","GENTING MALAYSIA BERHAD","MYR","2020-08-10 MY (UTC+08:00)","2020-08-10 MY (UTC+08:00)","9","90","1,000.00","15,400.00","-","-","10/Aug/2020 MY (UTC+08:00)","00:45 MY (UTC+08:00)","S/C TRANS VIA QRPAY 000027060035433","","0.48","-","011 - System","CBSX4237","2996","PCSCDR - PAYEE CORP SERVICE CHARGE DEBIT","1,611,917.67","","-","","","","-"
"506061304070","Current Account","GENTING MALAYSIA BERHAD","MYR","2020-08-10 MY (UTC+08:00)","2020-08-10 MY (UTC+08:00)","9","90","1,000.00","15,400.00","-","-","10/Aug/2020 MY (UTC+08:00)","00:46 MY (UTC+08:00)","QRCASA REFUND M/N 0070588 DATED 10082020","","0.10","-","011 - System","CBSX425P","2988","6423 - ","1,611,917.57","","-","","","","-"
"506061304070","Current Account","GENTING MALAYSIA BERHAD","MYR","2020-08-10 MY (UTC+08:00)","2020-08-10 MY (UTC+08:00)","9","90","1,000.00","15,400.00","-","-","10/Aug/2020 MY (UTC+08:00)","01:36 MY (UTC+08:00)","XFR DEBIT SVC CHARGE","","2.00","-","011 - System","BTCH6587","0606","XFRDRSVC - SERVICE CHARGE","1,611,915.57","","-","","","","-"
"506061304070","Current Account","GENTING MALAYSIA BERHAD","MYR","2020-08-10 MY (UTC+08:00)","2020-08-10 MY (UTC+08:00)","9","90","1,000.00","15,400.00","-","-","10/Aug/2020 MY (UTC+08:00)","01:36 MY (UTC+08:00)","GENTING MALAYSIA BERHAD","514011468149","1,602,082.25","-","011 - System","BTCH6587","0606","XFRDR - FUND TRANSFER DEBIT","9,833.32","","-","","","","-"
"506061304070","Current Account","GENTING MALAYSIA BERHAD","MYR","2020-08-10 MY (UTC+08:00)","2020-08-10 MY (UTC+08:00)","9","90","1,000.00","15,400.00","-","-","10/Aug/2020 MY (UTC+08:00)","02:13 MY (UTC+08:00)","DR/CARD SALES M/N 4000006 DATED 09082020","","-","496.00","006 - Pos","CBSX408R","2977","8300 - CREDIT ACCOUNT","10,329.32","","-","","","","-"
"506061304070","Current Account","GENTING MALAYSIA BERHAD","MYR","2020-08-10 MY (UTC+08:00)","2020-08-10 MY (UTC+08:00)","9","90","1,000.00","15,400.00","-","-","10/Aug/2020 MY (UTC+08:00)","02:13 MY (UTC+08:00)","DR/CARD SALES M/N 4000006 DATED 09082020","","1.24","-","011 - System","CBSX408R","2981","BCHARGE - ELECTRONIC TRANSACTION CHARGES","10,328.08","","-","","","","-"
"506061304070","Current Account","GENTING MALAYSIA BERHAD","MYR","2020-08-10 MY (UTC+08:00)","2020-08-10 MY (UTC+08:00)","9","90","1,000.00","15,400.00","-","-","10/Aug/2020 MY (UTC+08:00)","02:15 MY (UTC+08:00)","DR/CARD SALES M/N 4183000 DATED 09082020","","-","5.00","006 - Pos","CBSX408R","3121","8300 - CREDIT ACCOUNT","10,333.08","","-","","","","-"
"506061304070","Current Account","GENTING MALAYSIA BERHAD","MYR","2020-08-10 MY (UTC+08:00)","2020-08-10 MY (UTC+08:00)","9","90","1,000.00","15,400.00","-","-","10/Aug/2020 MY (UTC+08:00)","02:15 MY (UTC+08:00)","DR/CARD SALES M/N 4239893 DATED 09082020","","-","44.00","006 - Pos","CBSX408R","3121","8300 - CREDIT ACCOUNT","10,377.08","","-","","","","-"
"506061304070","Current Account","GENTING MALAYSIA BERHAD","MYR","2020-08-10 MY (UTC+08:00)","2020-08-10 MY (UTC+08:00)","9","90","1,000.00","15,400.00","-","-","10/Aug/2020 MY (UTC+08:00)","02:15 MY (UTC+08:00)","DR/CARD SALES M/N 4000006 DATED 09082020","","-","87.00","006 - Pos","CBSX408R","3121","8300 - CREDIT ACCOUNT","10,464.08","","-","","","","-"
"506061304070","Current Account","GENTING MALAYSIA BERHAD","MYR","2020-08-10 MY (UTC+08:00)","2020-08-10 MY (UTC+08:00)","9","90","1,000.00","15,400.00","-","-","10/Aug/2020 MY (UTC+08:00)","02:15 MY (UTC+08:00)","DR/CARD SALES M/N 4185062 DATED 09082020","","-","1,021.00","006 - Pos","CBSX408R","3121","8300 - CREDIT ACCOUNT","11,485.08","","-","","","","-"
"506061304070","Current Account","GENTING MALAYSIA BERHAD","MYR","2020-08-10 MY (UTC+08:00)","2020-08-10 MY (UTC+08:00)","9","90","1,000.00","15,400.00","-","-","10/Aug/2020 MY (UTC+08:00)","02:15 MY (UTC+08:00)","DR/CARD SALES M/N 4183000 DATED 09082020","","0.01","-","011 - System","CBSX408R","2981","BCHARGE - ELECTRONIC TRANSACTION CHARGES","11,485.07","","-","","","","-"
"506061304070","Current Account","GENTING MALAYSIA BERHAD","MYR","2020-08-10 MY (UTC+08:00)","2020-08-10 MY (UTC+08:00)","9","90","1,000.00","15,400.00","-","-","10/Aug/2020 MY (UTC+08:00)","02:15 MY (UTC+08:00)","DR/CARD SALES M/N 4239893 DATED 09082020","","0.11","-","011 - System","CBSX408R","2981","BCHARGE - ELECTRONIC TRANSACTION CHARGES","11,484.96","","-","","","","-"
"506061304070","Current Account","GENTING MALAYSIA BERHAD","MYR","2020-08-10 MY (UTC+08:00)","2020-08-10 MY (UTC+08:00)","9","90","1,000.00","15,400.00","-","-","10/Aug/2020 MY (UTC+08:00)","02:15 MY (UTC+08:00)","DR/CARD SALES M/N 4000006 DATED 09082020","","0.22","-","011 - System","CBSX408R","2981","BCHARGE - ELECTRONIC TRANSACTION CHARGES","11,484.74","","-","","","","-"
"506061304070","Current Account","GENTING MALAYSIA BERHAD","MYR","2020-08-10 MY (UTC+08:00)","2020-08-10 MY (UTC+08:00)","9","90","1,000.00","15,400.00","-","-","10/Aug/2020 MY (UTC+08:00)","02:15 MY (UTC+08:00)","DR/CARD SALES M/N 4185062 DATED 09082020","","2.55","-","011 - System","CBSX408R","2981","BCHARGE - ELECTRONIC TRANSACTION CHARGES","11,482.19","","-","","","","-"
"506061304070","Current Account","GENTING MALAYSIA BERHAD","MYR","2020-08-10 MY (UTC+08:00)","2020-08-10 MY (UTC+08:00)","9","90","1,000.00","15,400.00","-","-","10/Aug/2020 MY (UTC+08:00)","05:20 MY (UTC+08:00)","9207003443 CR/CARD SALES  DATED 10082020","34431008","-","868.43","011 - System","CBSX4498","3104","2210 - CARDS CREDIT","12,350.62","","-","","","","-"
"506061304070","Current Account","GENTING MALAYSIA BERHAD","MYR","2020-08-10 MY (UTC+08:00)","2020-08-10 MY (UTC+08:00)","9","90","1,000.00","15,400.00","-","-","10/Aug/2020 MY (UTC+08:00)","05:20 MY (UTC+08:00)","9204055164 CR/CARD SALES  DATED 10082020","51641008","-","75.73","011 - System","CBSX4498","3104","2210 - CARDS CREDIT","12,426.35","","-","","","","-"
"506061304070","Current Account","GENTING MALAYSIA BERHAD","MYR","2020-08-10 MY (UTC+08:00)","2020-08-10 MY (UTC+08:00)","9","90","1,000.00","15,400.00","-","-","10/Aug/2020 MY (UTC+08:00)","05:20 MY (UTC+08:00)","9204079313 CR/CARD SALES  DATED 10082020","93131008","-","2,896.01","011 - System","CBSX4498","3104","2210 - CARDS CREDIT","15,322.36","","-","","","","-"
"506061304070","Current Account","GENTING MALAYSIA BERHAD","MYR","2020-08-10 MY (UTC+08:00)","2020-08-10 MY (UTC+08:00)","9","90","1,000.00","15,400.00","-","-","10/Aug/2020 MY (UTC+08:00)","05:20 MY (UTC+08:00)","9204219414 CR/CARD SALES  DATED 10082020","94141008","-","77.64","011 - System","CBSX4498","3104","2210 - CARDS CREDIT","15,400.00","","-","","","","-"
