﻿Account Number,Account Type,Account Name,Account Currency,Date From,Date To,Total Debit,Total Credit,Begin Balance,End Balance,Transaction Date,Transaction Time,Posting Date,Processing Time,Transaction Description,Transaction Ref,Debit,Credit,Source Code,Teller ID,Branch/Channel,Transaction Code,End Balance,Filler,Virtual Account,Transaction Description 2,Transaction Description 3,Transaction Description 4,Expiry Date
"506061304070","Current Account","GENTING MALAYSIA BERHAD","MYR","2020-08-11 MY (UTC+08:00)","2020-08-11 MY (UTC+08:00)","11","94","15,400.00","1,000.00","-","-","11/Aug/2020 MY (UTC+08:00)","07:24 MY (UTC+08:00)","2008110720380551","T023301889820","-","292.00","025 - Office","FC89","2502","2860 - ","15,692.00","","-","MOHD ASYRAF BIN ABDU","RCMS - CR FPX","","-"
"506061304070","Current Account","GENTING MALAYSIA BERHAD","MYR","2020-08-11 MY (UTC+08:00)","2020-08-11 MY (UTC+08:00)","11","94","15,400.00","1,000.00","-","-","11/Aug/2020 MY (UTC+08:00)","07:53 MY (UTC+08:00)","2008110752400690","T023303984720","-","229.00","025 - Office","FC89","2502","2860 - ","15,921.00","","-","NG AH HEONG","RCMS - CR FPX","","-"
"506061304070","Current Account","GENTING MALAYSIA BERHAD","MYR","2020-08-11 MY (UTC+08:00)","2020-08-11 MY (UTC+08:00)","11","94","15,400.00","1,000.00","-","-","11/Aug/2020 MY (UTC+08:00)","08:27 MY (UTC+08:00)","2008110826570209","T023307280820","-","200.00","025 - Office","FC89","2502","2860 - ","16,121.00","","-","WONG CHOY HOONG","RCMS - CR FPX","","-"
"506061304070","Current Account","GENTING MALAYSIA BERHAD","MYR","2020-08-11 MY (UTC+08:00)","2020-08-11 MY (UTC+08:00)","11","94","15,400.00","1,000.00","-","-","11/Aug/2020 MY (UTC+08:00)","08:31 MY (UTC+08:00)","CR/CARD SALES M/N 4000006 DATED 10082020","00061008","-","1,120.82","011 - System","CBSX4498","2719","2981 - MERCHANT CREDIT CARD SALES","17,241.82","","-","","","","-"
"506061304070","Current Account","GENTING MALAYSIA BERHAD","MYR","2020-08-11 MY (UTC+08:00)","2020-08-11 MY (UTC+08:00)","11","94","15,400.00","1,000.00","-","-","11/Aug/2020 MY (UTC+08:00)","08:31 MY (UTC+08:00)","CR/CARD SALES M/N 4221339 DATED 10082020","13391008","-","17,771.47","011 - System","CBSX4498","2719","2981 - MERCHANT CREDIT CARD SALES","35,013.29","","-","","","","-"
"506061304070","Current Account","GENTING MALAYSIA BERHAD","MYR","2020-08-11 MY (UTC+08:00)","2020-08-11 MY (UTC+08:00)","11","94","15,400.00","1,000.00","-","-","11/Aug/2020 MY (UTC+08:00)","08:31 MY (UTC+08:00)","CR/CARD SALES M/N 4221552 DATED 10082020","15521008","-","855.92","011 - System","CBSX4498","2719","2981 - MERCHANT CREDIT CARD SALES","35,869.21","","-","","","","-"
"506061304070","Current Account","GENTING MALAYSIA BERHAD","MYR","2020-08-11 MY (UTC+08:00)","2020-08-11 MY (UTC+08:00)","11","94","15,400.00","1,000.00","-","-","11/Aug/2020 MY (UTC+08:00)","08:31 MY (UTC+08:00)","CR/CARD SALES M/N 1813880 DATED 10082020","38801008","-","4,152.08","011 - System","CBSX4498","2719","2981 - MERCHANT CREDIT CARD SALES","40,021.29","","-","","","","-"
"506061304070","Current Account","GENTING MALAYSIA BERHAD","MYR","2020-08-11 MY (UTC+08:00)","2020-08-11 MY (UTC+08:00)","11","94","15,400.00","1,000.00","-","-","11/Aug/2020 MY (UTC+08:00)","08:31 MY (UTC+08:00)","CR/CARD SALES M/N 4185062 DATED 10082020","50621008","-","60,691.17","011 - System","CBSX4498","2719","2981 - MERCHANT CREDIT CARD SALES","100,712.46","","-","","","","-"
"506061304070","Current Account","GENTING MALAYSIA BERHAD","MYR","2020-08-11 MY (UTC+08:00)","2020-08-11 MY (UTC+08:00)","11","94","15,400.00","1,000.00","-","-","11/Aug/2020 MY (UTC+08:00)","08:31 MY (UTC+08:00)","CR/CARD SALES M/N 4225124 DATED 10082020","51241008","-","211.89","011 - System","CBSX4498","2719","2981 - MERCHANT CREDIT CARD SALES","100,924.35","","-","","","","-"
"506061304070","Current Account","GENTING MALAYSIA BERHAD","MYR","2020-08-11 MY (UTC+08:00)","2020-08-11 MY (UTC+08:00)","11","94","15,400.00","1,000.00","-","-","11/Aug/2020 MY (UTC+08:00)","08:31 MY (UTC+08:00)","CR/CARD SALES M/N 4225140 DATED 10082020","51401008","-","1,193.10","011 - System","CBSX4498","2719","2981 - MERCHANT CREDIT CARD SALES","102,117.45","","-","","","","-"
"506061304070","Current Account","GENTING MALAYSIA BERHAD","MYR","2020-08-11 MY (UTC+08:00)","2020-08-11 MY (UTC+08:00)","11","94","15,400.00","1,000.00","-","-","11/Aug/2020 MY (UTC+08:00)","08:31 MY (UTC+08:00)","CR/CARD SALES M/N 1055342 DATED 10082020","53421008","-","8,347.57","011 - System","CBSX4498","2719","2981 - MERCHANT CREDIT CARD SALES","110,465.02","","-","","","","-"
"506061304070","Current Account","GENTING MALAYSIA BERHAD","MYR","2020-08-11 MY (UTC+08:00)","2020-08-11 MY (UTC+08:00)","11","94","15,400.00","1,000.00","-","-","11/Aug/2020 MY (UTC+08:00)","08:31 MY (UTC+08:00)","CR/CARD SALES M/N 4145744 DATED 10082020","57441008","-","425.98","011 - System","CBSX4498","2719","2981 - MERCHANT CREDIT CARD SALES","110,891.00","","-","","","","-"
"506061304070","Current Account","GENTING MALAYSIA BERHAD","MYR","2020-08-11 MY (UTC+08:00)","2020-08-11 MY (UTC+08:00)","11","94","15,400.00","1,000.00","-","-","11/Aug/2020 MY (UTC+08:00)","08:31 MY (UTC+08:00)","CR/CARD SALES M/N 4246575 DATED 10082020","65751008","-","138.74","011 - System","CBSX4498","2719","2981 - MERCHANT CREDIT CARD SALES","111,029.74","","-","","","","-"
"506061304070","Current Account","GENTING MALAYSIA BERHAD","MYR","2020-08-11 MY (UTC+08:00)","2020-08-11 MY (UTC+08:00)","11","94","15,400.00","1,000.00","-","-","11/Aug/2020 MY (UTC+08:00)","08:31 MY (UTC+08:00)","CR/CARD SALES M/N 7008915 DATED 10082020","89151008","-","39,734.43","011 - System","CBSX4498","2719","2981 - MERCHANT CREDIT CARD SALES","150,764.17","","-","","","","-"
"506061304070","Current Account","GENTING MALAYSIA BERHAD","MYR","2020-08-11 MY (UTC+08:00)","2020-08-11 MY (UTC+08:00)","11","94","15,400.00","1,000.00","-","-","11/Aug/2020 MY (UTC+08:00)","08:31 MY (UTC+08:00)","CR/CARD SALES M/N 4179180 DATED 10082020","91801008","-","11,735.52","011 - System","CBSX4498","2719","2981 - MERCHANT CREDIT CARD SALES","162,499.69","","-","","","","-"
"506061304070","Current Account","GENTING MALAYSIA BERHAD","MYR","2020-08-11 MY (UTC+08:00)","2020-08-11 MY (UTC+08:00)","11","94","15,400.00","1,000.00","-","-","11/Aug/2020 MY (UTC+08:00)","08:31 MY (UTC+08:00)","CR/CARD SALES M/N 4179883 DATED 10082020","98831008","-","240.66","011 - System","CBSX4498","2719","2981 - MERCHANT CREDIT CARD SALES","162,740.35","","-","","","","-"
"506061304070","Current Account","GENTING MALAYSIA BERHAD","MYR","2020-08-11 MY (UTC+08:00)","2020-08-11 MY (UTC+08:00)","11","94","15,400.00","1,000.00","-","-","11/Aug/2020 MY (UTC+08:00)","08:31 MY (UTC+08:00)","CR/CARD SALES M/N 4239893 DATED 10082020","98931008","-","1,422.43","011 - System","CBSX4498","2719","2981 - MERCHANT CREDIT CARD SALES","164,162.78","","-","","","","-"
"506061304070","Current Account","GENTING MALAYSIA BERHAD","MYR","2020-08-11 MY (UTC+08:00)","2020-08-11 MY (UTC+08:00)","11","94","15,400.00","1,000.00","-","-","11/Aug/2020 MY (UTC+08:00)","08:52 MY (UTC+08:00)","2008110851290670","T023310233420","-","220.00","025 - Office","FC89","2502","2860 - ","164,382.78","","-","CHONG KA YEI","RCMS - CR FPX","","-"
"506061304070","Current Account","GENTING MALAYSIA BERHAD","MYR","2020-08-11 MY (UTC+08:00)","2020-08-11 MY (UTC+08:00)","11","94","15,400.00","1,000.00","-","-","11/Aug/2020 MY (UTC+08:00)","10:03 MY (UTC+08:00)","2008111002280337","T023320190420","-","80.00","025 - Office","FC89","2502","2860 - ","164,462.78","","-","WONG HOI KEE","RCMS - CR FPX","","-"
"506061304070","Current Account","GENTING MALAYSIA BERHAD","MYR","2020-08-11 MY (UTC+08:00)","2020-08-11 MY (UTC+08:00)","11","94","15,400.00","1,000.00","-","-","11/Aug/2020 MY (UTC+08:00)","10:07 MY (UTC+08:00)","2008111006230307","T023320830320","-","132.00","025 - Office","FC89","2502","2860 - ","164,594.78","","-","ANG KOK SENG","RCMS - CR FPX","","-"
"506061304070","Current Account","GENTING MALAYSIA BERHAD","MYR","2020-08-11 MY (UTC+08:00)","2020-08-11 MY (UTC+08:00)","11","94","15,400.00","1,000.00","-","-","11/Aug/2020 MY (UTC+08:00)","11:09 MY (UTC+08:00)","2008111108460876","T023329713020","-","70.00","025 - Office","FC89","2502","2860 - ","164,664.78","","-","YOGENDRAN A/L VARUPI","RCMS - CR FPX","","-"
"506061304070","Current Account","GENTING MALAYSIA BERHAD","MYR","2020-08-11 MY (UTC+08:00)","2020-08-11 MY (UTC+08:00)","11","94","15,400.00","1,000.00","-","-","11/Aug/2020 MY (UTC+08:00)","11:17 MY (UTC+08:00)","2008111115140587","T023330622920","-","80.00","025 - Office","FC8F","2502","2860 - ","164,744.78","","-","CHAN WAI KEAT","RCMS - CR FPX","","-"
"506061304070","Current Account","GENTING MALAYSIA BERHAD","MYR","2020-08-11 MY (UTC+08:00)","2020-08-11 MY (UTC+08:00)","11","94","15,400.00","1,000.00","-","-","11/Aug/2020 MY (UTC+08:00)","11:28 MY (UTC+08:00)","H78742","78742","-","32,114.40","018 - Teller","0000544A","0606","7100 - CASH DEPOSIT","196,859.18","","-","","","","-"
"506061304070","Current Account","GENTING MALAYSIA BERHAD","MYR","2020-08-11 MY (UTC+08:00)","2020-08-11 MY (UTC+08:00)","11","94","15,400.00","1,000.00","-","-","11/Aug/2020 MY (UTC+08:00)","11:30 MY (UTC+08:00)","H78741","78741","-","54,493.00","018 - Teller","0000544A","0606","7100 - CASH DEPOSIT","251,352.18","","-","","","","-"
"506061304070","Current Account","GENTING MALAYSIA BERHAD","MYR","2020-08-11 MY (UTC+08:00)","2020-08-11 MY (UTC+08:00)","11","94","15,400.00","1,000.00","-","-","11/Aug/2020 MY (UTC+08:00)","11:31 MY (UTC+08:00)","H78740","78740","-","431,063.00","018 - Teller","0000544A","0606","7100 - CASH DEPOSIT","682,415.18","","-","","","","-"
"506061304070","Current Account","GENTING MALAYSIA BERHAD","MYR","2020-08-11 MY (UTC+08:00)","2020-08-11 MY (UTC+08:00)","11","94","15,400.00","1,000.00","-","-","11/Aug/2020 MY (UTC+08:00)","12:22 MY (UTC+08:00)","2008111221500488","T023374619420","-","70.00","025 - Office","FC8E","2502","2860 - ","682,485.18","","-","TAN TING HAN","RCMS - CR FPX","","-"
"506061304070","Current Account","GENTING MALAYSIA BERHAD","MYR","2020-08-11 MY (UTC+08:00)","2020-08-11 MY (UTC+08:00)","11","94","15,400.00","1,000.00","-","-","11/Aug/2020 MY (UTC+08:00)","12:32 MY (UTC+08:00)","2008111228590382","T023375540720","-","110.00","025 - Office","FC8A","2502","2860 - ","682,595.18","","-","SEAH SIOK KEE","RCMS - CR FPX","","-"
"506061304070","Current Account","GENTING MALAYSIA BERHAD","MYR","2020-08-11 MY (UTC+08:00)","2020-08-11 MY (UTC+08:00)","11","94","15,400.00","1,000.00","-","-","11/Aug/2020 MY (UTC+08:00)","12:46 MY (UTC+08:00)","2008111245150188","T023377638320","-","140.00","025 - Office","FC8E","2502","2860 - ","682,735.18","","-","LIZI ENTERPRISE","RCMS - CR FPX","","-"
"506061304070","Current Account","GENTING MALAYSIA BERHAD","MYR","2020-08-11 MY (UTC+08:00)","2020-08-11 MY (UTC+08:00)","11","94","15,400.00","1,000.00","-","-","11/Aug/2020 MY (UTC+08:00)","13:14 MY (UTC+08:00)","2008111312030654","T023380968320","-","140.00","025 - Office","FC8B","2502","2860 - ","682,875.18","","-","LIZI ENTERPRISE","RCMS - CR FPX","","-"
"506061304070","Current Account","GENTING MALAYSIA BERHAD","MYR","2020-08-11 MY (UTC+08:00)","2020-08-11 MY (UTC+08:00)","11","94","15,400.00","1,000.00","-","-","11/Aug/2020 MY (UTC+08:00)","13:32 MY (UTC+08:00)","2008111331420269","T023383503320","-","200.00","025 - Office","FC8C","2502","2860 - ","683,075.18","","-","LIZI ENTERPRISE","RCMS - CR FPX","","-"
"506061304070","Current Account","GENTING MALAYSIA BERHAD","MYR","2020-08-11 MY (UTC+08:00)","2020-08-11 MY (UTC+08:00)","11","94","15,400.00","1,000.00","-","-","11/Aug/2020 MY (UTC+08:00)","14:32 MY (UTC+08:00)","2008111431350838","T023390897420","-","80.00","025 - Office","FC89","2502","2860 - ","683,155.18","","-","CHEN WEI LOON","RCMS - CR FPX","","-"
"506061304070","Current Account","GENTING MALAYSIA BERHAD","MYR","2020-08-11 MY (UTC+08:00)","2020-08-11 MY (UTC+08:00)","11","94","15,400.00","1,000.00","-","-","11/Aug/2020 MY (UTC+08:00)","14:45 MY (UTC+08:00)","2008111444240930","T023392298420","-","110.00","025 - Office","FC8A","2502","2860 - ","683,265.18","","-","KAREN CHEW EE LYN","RCMS - CR FPX","","-"
"506061304070","Current Account","GENTING MALAYSIA BERHAD","MYR","2020-08-11 MY (UTC+08:00)","2020-08-11 MY (UTC+08:00)","11","94","15,400.00","1,000.00","-","-","11/Aug/2020 MY (UTC+08:00)","14:51 MY (UTC+08:00)","2008111450180130","T023392990820","-","100.00","025 - Office","FC8D","2502","2860 - ","683,365.18","","-","YAP CHIAN FATT","RCMS - CR FPX","","-"
"506061304070","Current Account","GENTING MALAYSIA BERHAD","MYR","2020-08-11 MY (UTC+08:00)","2020-08-11 MY (UTC+08:00)","11","94","15,400.00","1,000.00","-","-","11/Aug/2020 MY (UTC+08:00)","15:27 MY (UTC+08:00)","2008111527020103","T023397106220","-","70.00","025 - Office","FC8B","2502","2860 - ","683,435.18","","-","TAN HUI LIN","RCMS - CR FPX","","-"
"506061304070","Current Account","GENTING MALAYSIA BERHAD","MYR","2020-08-11 MY (UTC+08:00)","2020-08-11 MY (UTC+08:00)","11","94","15,400.00","1,000.00","-","-","11/Aug/2020 MY (UTC+08:00)","15:34 MY (UTC+08:00)","2008111533210156","T023397781520","-","140.00","025 - Office","FC8A","2502","2860 - ","683,575.18","","-","ALEXESTER PHIL A/K J","RCMS - CR FPX","","-"
"506061304070","Current Account","GENTING MALAYSIA BERHAD","MYR","2020-08-11 MY (UTC+08:00)","2020-08-11 MY (UTC+08:00)","11","94","15,400.00","1,000.00","-","-","11/Aug/2020 MY (UTC+08:00)","15:43 MY (UTC+08:00)","2008111542280629","T023398722320","-","80.00","025 - Office","FC8D","2502","2860 - ","683,655.18","","-","PATRICK MAH CHOON LI","RCMS - CR FPX","","-"
"506061304070","Current Account","GENTING MALAYSIA BERHAD","MYR","2020-08-11 MY (UTC+08:00)","2020-08-11 MY (UTC+08:00)","11","94","15,400.00","1,000.00","-","-","11/Aug/2020 MY (UTC+08:00)","16:56 MY (UTC+08:00)","2008111655220859","T023406007820","-","80.00","025 - Office","FC89","2502","2860 - ","683,735.18","","-","JENNIFER LOI SEZ YUE","RCMS - CR FPX","","-"
"506061304070","Current Account","GENTING MALAYSIA BERHAD","MYR","2020-08-11 MY (UTC+08:00)","2020-08-11 MY (UTC+08:00)","11","94","15,400.00","1,000.00","-","-","11/Aug/2020 MY (UTC+08:00)","17:08 MY (UTC+08:00)","2008111707200962","T023407075820","-","140.00","025 - Office","FC8B","2502","2860 - ","683,875.18","","-","LIM CHIA JIE","RCMS - CR FPX","","-"
"506061304070","Current Account","GENTING MALAYSIA BERHAD","MYR","2020-08-11 MY (UTC+08:00)","2020-08-11 MY (UTC+08:00)","11","94","15,400.00","1,000.00","-","-","11/Aug/2020 MY (UTC+08:00)","18:05 MY (UTC+08:00)","2008111804050491","T023411985920","-","80.00","025 - Office","FC8C","2502","2860 - ","683,955.18","","-","YAM XIN HONG","RCMS - CR FPX","","-"
"506061304070","Current Account","GENTING MALAYSIA BERHAD","MYR","2020-08-11 MY (UTC+08:00)","2020-08-11 MY (UTC+08:00)","11","94","15,400.00","1,000.00","-","-","11/Aug/2020 MY (UTC+08:00)","18:14 MY (UTC+08:00)","2008111813280882","T023412744020","-","110.00","025 - Office","FC89","2502","2860 - ","684,065.18","","-","WONG KAH FEI","RCMS - CR FPX","","-"
"506061304070","Current Account","GENTING MALAYSIA BERHAD","MYR","2020-08-11 MY (UTC+08:00)","2020-08-11 MY (UTC+08:00)","11","94","15,400.00","1,000.00","-","-","11/Aug/2020 MY (UTC+08:00)","18:16 MY (UTC+08:00)","2008111815130092","T023412873020","-","80.00","025 - Office","FC8A","2502","2860 - ","684,145.18","","-","WONG KAH FEI","RCMS - CR FPX","","-"
"506061304070","Current Account","GENTING MALAYSIA BERHAD","MYR","2020-08-11 MY (UTC+08:00)","2020-08-11 MY (UTC+08:00)","11","94","15,400.00","1,000.00","-","-","11/Aug/2020 MY (UTC+08:00)","18:51 MY (UTC+08:00)","2008111850170570","T023415888620","-","110.00","025 - Office","FC89","2502","2860 - ","684,255.18","","-","LIM YEAN FONG","RCMS - CR FPX","","-"
"506061304070","Current Account","GENTING MALAYSIA BERHAD","MYR","2020-08-11 MY (UTC+08:00)","2020-08-11 MY (UTC+08:00)","11","94","15,400.00","1,000.00","-","-","11/Aug/2020 MY (UTC+08:00)","19:04 MY (UTC+08:00)","2008111902460531","T023416918820","-","140.00","025 - Office","FC89","2502","2860 - ","684,395.18","","-","INTAN NORJANNAH BINT","RCMS - CR FPX","","-"
"506061304070","Current Account","GENTING MALAYSIA BERHAD","MYR","2020-08-11 MY (UTC+08:00)","2020-08-11 MY (UTC+08:00)","11","94","15,400.00","1,000.00","-","-","11/Aug/2020 MY (UTC+08:00)","19:17 MY (UTC+08:00)","2008111917070379","T023418078320","-","323.00","025 - Office","FC8A","2502","2860 - ","684,718.18","","-","LIM KAR WAI","RCMS - CR FPX","","-"
"506061304070","Current Account","GENTING MALAYSIA BERHAD","MYR","2020-08-11 MY (UTC+08:00)","2020-08-11 MY (UTC+08:00)","11","94","15,400.00","1,000.00","-","-","11/Aug/2020 MY (UTC+08:00)","19:23 MY (UTC+08:00)","2008111922350662","T023418512120","-","80.00","025 - Office","FC89","2502","2860 - ","684,798.18","","-","CHUA CHEE HUNG","RCMS - CR FPX","","-"
"506061304070","Current Account","GENTING MALAYSIA BERHAD","MYR","2020-08-11 MY (UTC+08:00)","2020-08-11 MY (UTC+08:00)","11","94","15,400.00","1,000.00","-","-","11/Aug/2020 MY (UTC+08:00)","19:32 MY (UTC+08:00)","2008111931160140","T023419170320","-","80.00","025 - Office","FC8A","2502","2860 - ","684,878.18","","-","LIM JIN AI","RCMS - CR FPX","","-"
"506061304070","Current Account","GENTING MALAYSIA BERHAD","MYR","2020-08-11 MY (UTC+08:00)","2020-08-11 MY (UTC+08:00)","11","94","15,400.00","1,000.00","-","-","11/Aug/2020 MY (UTC+08:00)","19:38 MY (UTC+08:00)","2008111936470976","T023419656020","-","229.00","025 - Office","FC8A","2502","2860 - ","685,107.18","","-","BONG TECK MENG","RCMS - CR FPX","","-"
"506061304070","Current Account","GENTING MALAYSIA BERHAD","MYR","2020-08-11 MY (UTC+08:00)","2020-08-11 MY (UTC+08:00)","11","94","15,400.00","1,000.00","-","-","11/Aug/2020 MY (UTC+08:00)","19:38 MY (UTC+08:00)","2008111936170364","T023419609220","-","210.00","025 - Office","FC8A","2502","2860 - ","685,317.18","","-","FONG MING WOEI","RCMS - CR FPX","","-"
"506061304070","Current Account","GENTING MALAYSIA BERHAD","MYR","2020-08-11 MY (UTC+08:00)","2020-08-11 MY (UTC+08:00)","11","94","15,400.00","1,000.00","-","-","11/Aug/2020 MY (UTC+08:00)","20:00 MY (UTC+08:00)","2008111959230699","T023421423920","-","249.00","025 - Office","FC89","2502","2860 - ","685,566.18","","-","SITI AZMA BINTI HASS","RCMS - CR FPX","","-"
"506061304070","Current Account","GENTING MALAYSIA BERHAD","MYR","2020-08-11 MY (UTC+08:00)","2020-08-11 MY (UTC+08:00)","11","94","15,400.00","1,000.00","-","-","11/Aug/2020 MY (UTC+08:00)","20:04 MY (UTC+08:00)","2008112003380148","T023421728720","-","70.00","025 - Office","FC8A","2502","2860 - ","685,636.18","","-","CHAI YI XUAN","RCMS - CR FPX","","-"
"506061304070","Current Account","GENTING MALAYSIA BERHAD","MYR","2020-08-11 MY (UTC+08:00)","2020-08-11 MY (UTC+08:00)","11","94","15,400.00","1,000.00","-","-","11/Aug/2020 MY (UTC+08:00)","20:07 MY (UTC+08:00)","2008112006490343","T023422039820","-","110.00","025 - Office","FC89","2502","2860 - ","685,746.18","","-","WONG KAH MIN","RCMS - CR FPX","","-"
"506061304070","Current Account","GENTING MALAYSIA BERHAD","MYR","2020-08-11 MY (UTC+08:00)","2020-08-11 MY (UTC+08:00)","11","94","15,400.00","1,000.00","-","-","11/Aug/2020 MY (UTC+08:00)","20:17 MY (UTC+08:00)","2008112016150796","T023422828820","-","210.00","025 - Office","FC8A","2502","2860 - ","685,956.18","","-","YAP WEI TING","RCMS - CR FPX","","-"
"506061304070","Current Account","GENTING MALAYSIA BERHAD","MYR","2020-08-11 MY (UTC+08:00)","2020-08-11 MY (UTC+08:00)","11","94","15,400.00","1,000.00","-","-","11/Aug/2020 MY (UTC+08:00)","20:50 MY (UTC+08:00)","2008112048390799","T023425938020","-","80.00","025 - Office","FC8A","2502","2860 - ","686,036.18","","-","KOH TECK BOON","RCMS - CR FPX","","-"
"506061304070","Current Account","GENTING MALAYSIA BERHAD","MYR","2020-08-11 MY (UTC+08:00)","2020-08-11 MY (UTC+08:00)","11","94","15,400.00","1,000.00","-","-","11/Aug/2020 MY (UTC+08:00)","20:55 MY (UTC+08:00)","2008112053590225","T023426440220","-","270.00","025 - Office","FC8A","2502","2860 - ","686,306.18","","-","SITI SALMIH BINTI GH","RCMS - CR FPX","","-"
"506061304070","Current Account","GENTING MALAYSIA BERHAD","MYR","2020-08-11 MY (UTC+08:00)","2020-08-11 MY (UTC+08:00)","11","94","15,400.00","1,000.00","-","-","11/Aug/2020 MY (UTC+08:00)","20:58 MY (UTC+08:00)","2008112057060622","T023426739320","-","80.00","025 - Office","FC8A","2502","2860 - ","686,386.18","","-","SITI SALMIH BINTI GH","RCMS - CR FPX","","-"
"506061304070","Current Account","GENTING MALAYSIA BERHAD","MYR","2020-08-11 MY (UTC+08:00)","2020-08-11 MY (UTC+08:00)","11","94","15,400.00","1,000.00","-","-","11/Aug/2020 MY (UTC+08:00)","21:09 MY (UTC+08:00)","2008112107460498","T023427645620","-","70.00","025 - Office","FC89","2502","2860 - ","686,456.18","","-","TAN CHEN CHEN","RCMS - CR FPX","","-"
"506061304070","Current Account","GENTING MALAYSIA BERHAD","MYR","2020-08-11 MY (UTC+08:00)","2020-08-11 MY (UTC+08:00)","11","94","15,400.00","1,000.00","-","-","11/Aug/2020 MY (UTC+08:00)","21:10 MY (UTC+08:00)","2008112109490097","T023427918920","-","202.00","025 - Office","FC8A","2502","2860 - ","686,658.18","","-","WANG YONG XIANG","RCMS - CR FPX","","-"
"506061304070","Current Account","GENTING MALAYSIA BERHAD","MYR","2020-08-11 MY (UTC+08:00)","2020-08-11 MY (UTC+08:00)","11","94","15,400.00","1,000.00","-","-","11/Aug/2020 MY (UTC+08:00)","21:12 MY (UTC+08:00)","2008112111180653","T023427983120","-","70.00","025 - Office","FC89","2502","2860 - ","686,728.18","","-","TAN SIN YEE","RCMS - CR FPX","","-"
"506061304070","Current Account","GENTING MALAYSIA BERHAD","MYR","2020-08-11 MY (UTC+08:00)","2020-08-11 MY (UTC+08:00)","11","94","15,400.00","1,000.00","-","-","11/Aug/2020 MY (UTC+08:00)","21:19 MY (UTC+08:00)","2008112118020098","T023428694420","-","80.00","025 - Office","FC8C","2502","2860 - ","686,808.18","","-","TAN NAN JIN","RCMS - CR FPX","","-"
"506061304070","Current Account","GENTING MALAYSIA BERHAD","MYR","2020-08-11 MY (UTC+08:00)","2020-08-11 MY (UTC+08:00)","11","94","15,400.00","1,000.00","-","-","11/Aug/2020 MY (UTC+08:00)","21:35 MY (UTC+08:00)","CMS - DR CORP CHG","B2CSE00037674","14.50","-","025 - Office","CBSX410N","2502","CDRCHG - CMS - DR CORP CHG","686,793.68","","-","","CMS - DR CORP CHG","","-"
"506061304070","Current Account","GENTING MALAYSIA BERHAD","MYR","2020-08-11 MY (UTC+08:00)","2020-08-11 MY (UTC+08:00)","11","94","15,400.00","1,000.00","-","-","11/Aug/2020 MY (UTC+08:00)","21:41 MY (UTC+08:00)","2008112140250759","T023430788420","-","110.00","025 - Office","FC8D","2502","2860 - ","686,903.68","","-","KULDIP KAUR A/P KUND","RCMS - CR FPX","","-"
"506061304070","Current Account","GENTING MALAYSIA BERHAD","MYR","2020-08-11 MY (UTC+08:00)","2020-08-11 MY (UTC+08:00)","11","94","15,400.00","1,000.00","-","-","11/Aug/2020 MY (UTC+08:00)","21:52 MY (UTC+08:00)","BEBK081105190422","Travelog Payout 0811","-","1,400.00","011 - System","CBSX406C","2601","7991 - INTER-BANK PAYMENT INTO A/C","688,303.68","","-","TRAVELOG MALAYSIA S","INTER-BANK PAYMENT INTO A/C","","-"
"506061304070","Current Account","GENTING MALAYSIA BERHAD","MYR","2020-08-11 MY (UTC+08:00)","2020-08-11 MY (UTC+08:00)","11","94","15,400.00","1,000.00","-","-","11/Aug/2020 MY (UTC+08:00)","22:04 MY (UTC+08:00)","2008112203120355","T023432530520","-","70.00","025 - Office","FC8A","2502","2860 - ","688,373.68","","-","TEH KIEN LONG","RCMS - CR FPX","","-"
"506061304070","Current Account","GENTING MALAYSIA BERHAD","MYR","2020-08-11 MY (UTC+08:00)","2020-08-11 MY (UTC+08:00)","11","94","15,400.00","1,000.00","-","-","11/Aug/2020 MY (UTC+08:00)","22:24 MY (UTC+08:00)","2008112222170176","T023434594520","-","77.00","025 - Office","FC8C","2502","2860 - ","688,450.68","","-","WONG JOE YEE","RCMS - CR FPX","","-"
"506061304070","Current Account","GENTING MALAYSIA BERHAD","MYR","2020-08-11 MY (UTC+08:00)","2020-08-11 MY (UTC+08:00)","11","94","15,400.00","1,000.00","-","-","11/Aug/2020 MY (UTC+08:00)","22:40 MY (UTC+08:00)","2008112238540455","T023436024620","-","160.00","025 - Office","FC8A","2502","2860 - ","688,610.68","","-","GAN CHZING MENG","RCMS - CR FPX","","-"
"506061304070","Current Account","GENTING MALAYSIA BERHAD","MYR","2020-08-11 MY (UTC+08:00)","2020-08-11 MY (UTC+08:00)","11","94","15,400.00","1,000.00","-","-","11/Aug/2020 MY (UTC+08:00)","22:45 MY (UTC+08:00)","2008112242420927","T023436319220","-","70.00","025 - Office","FC8B","2502","2860 - ","688,680.68","","-","LIEW LEE KEN","RCMS - CR FPX","","-"
"506061304070","Current Account","GENTING MALAYSIA BERHAD","MYR","2020-08-11 MY (UTC+08:00)","2020-08-11 MY (UTC+08:00)","11","94","15,400.00","1,000.00","-","-","11/Aug/2020 MY (UTC+08:00)","22:50 MY (UTC+08:00)","2008112249240648","T023436867920","-","320.00","025 - Office","FC89","2502","2860 - ","689,000.68","","-","NOR AZIELA BINTI ABD","RCMS - CR FPX","","-"
"506061304070","Current Account","GENTING MALAYSIA BERHAD","MYR","2020-08-11 MY (UTC+08:00)","2020-08-11 MY (UTC+08:00)","11","94","15,400.00","1,000.00","-","-","11/Aug/2020 MY (UTC+08:00)","23:04 MY (UTC+08:00)","2008112303390432","T023437965920","-","70.00","025 - Office","FC89","2502","2860 - ","689,070.68","","-","LIM PEI YU","RCMS - CR FPX","","-"
"506061304070","Current Account","GENTING MALAYSIA BERHAD","MYR","2020-08-11 MY (UTC+08:00)","2020-08-11 MY (UTC+08:00)","11","94","15,400.00","1,000.00","-","-","11/Aug/2020 MY (UTC+08:00)","23:04 MY (UTC+08:00)","2008112303210114","T023437939520","-","110.00","025 - Office","FC89","2502","2860 - ","689,180.68","","-","CHONG FONG WEI","RCMS - CR FPX","","-"
"506061304070","Current Account","GENTING MALAYSIA BERHAD","MYR","2020-08-11 MY (UTC+08:00)","2020-08-11 MY (UTC+08:00)","11","94","15,400.00","1,000.00","-","-","11/Aug/2020 MY (UTC+08:00)","23:07 MY (UTC+08:00)","2008112306480722","T023438179820","-","110.00","025 - Office","FC8A","2502","2860 - ","689,290.68","","-","LEE CHIA CHIA","RCMS - CR FPX","","-"
"506061304070","Current Account","GENTING MALAYSIA BERHAD","MYR","2020-08-11 MY (UTC+08:00)","2020-08-11 MY (UTC+08:00)","11","94","15,400.00","1,000.00","-","-","11/Aug/2020 MY (UTC+08:00)","23:27 MY (UTC+08:00)","2008112326170257","T023439491720","-","70.00","025 - Office","FC8A","2502","2860 - ","689,360.68","","-","WONG HUI MING","RCMS - CR FPX","","-"
"506061304070","Current Account","GENTING MALAYSIA BERHAD","MYR","2020-08-11 MY (UTC+08:00)","2020-08-11 MY (UTC+08:00)","11","94","15,400.00","1,000.00","-","-","11/Aug/2020 MY (UTC+08:00)","23:27 MY (UTC+08:00)","2008112326240358","T023439494720","-","140.00","025 - Office","FC89","2502","2860 - ","689,500.68","","-","CHIA LEE LEE","RCMS - CR FPX","","-"
"506061304070","Current Account","GENTING MALAYSIA BERHAD","MYR","2020-08-11 MY (UTC+08:00)","2020-08-11 MY (UTC+08:00)","11","94","15,400.00","1,000.00","-","-","11/Aug/2020 MY (UTC+08:00)","23:46 MY (UTC+08:00)","2008112345320590","T023440647620","-","132.00","025 - Office","FC89","2502","2860 - ","689,632.68","","-","LOW KIEN LENG","RCMS - CR FPX","","-"
"506061304070","Current Account","GENTING MALAYSIA BERHAD","MYR","2020-08-11 MY (UTC+08:00)","2020-08-11 MY (UTC+08:00)","11","94","15,400.00","1,000.00","-","-","11/Aug/2020 MY (UTC+08:00)","00:45 MY (UTC+08:00)","QRCASA SALES M/N 0035268 DATED 11082020","","-","0.30","011 - System","CBSX425P","2988","8301 - BILLS PAYMENT CREDIT","689,632.98","","-","","","","-"
"506061304070","Current Account","GENTING MALAYSIA BERHAD","MYR","2020-08-11 MY (UTC+08:00)","2020-08-11 MY (UTC+08:00)","11","94","15,400.00","1,000.00","-","-","11/Aug/2020 MY (UTC+08:00)","00:45 MY (UTC+08:00)","QRCASA SALES M/N 0070588 DATED 11082020","","-","16.10","011 - System","CBSX425P","2988","8301 - BILLS PAYMENT CREDIT","689,649.08","","-","","","","-"
"506061304070","Current Account","GENTING MALAYSIA BERHAD","MYR","2020-08-11 MY (UTC+08:00)","2020-08-11 MY (UTC+08:00)","11","94","15,400.00","1,000.00","-","-","11/Aug/2020 MY (UTC+08:00)","00:45 MY (UTC+08:00)","QRCASA SALES M/N 0000031 DATED 11082020","","-","160.00","011 - System","CBSX425P","2988","8301 - BILLS PAYMENT CREDIT","689,809.08","","-","","","","-"
"506061304070","Current Account","GENTING MALAYSIA BERHAD","MYR","2020-08-11 MY (UTC+08:00)","2020-08-11 MY (UTC+08:00)","11","94","15,400.00","1,000.00","-","-","11/Aug/2020 MY (UTC+08:00)","00:45 MY (UTC+08:00)","QRCASA SALES M/N 0035433 DATED 11082020","","-","205.00","011 - System","CBSX425P","2988","8301 - BILLS PAYMENT CREDIT","690,014.08","","-","","","","-"
"506061304070","Current Account","GENTING MALAYSIA BERHAD","MYR","2020-08-11 MY (UTC+08:00)","2020-08-11 MY (UTC+08:00)","11","94","15,400.00","1,000.00","-","-","11/Aug/2020 MY (UTC+08:00)","00:45 MY (UTC+08:00)","S/C TRANS VIA QRPAY 000027060070588","","0.04","-","011 - System","CBSX4237","2996","PCSCDR - PAYEE CORP SERVICE CHARGE DEBIT","690,014.04","","-","","","","-"
"506061304070","Current Account","GENTING MALAYSIA BERHAD","MYR","2020-08-11 MY (UTC+08:00)","2020-08-11 MY (UTC+08:00)","11","94","15,400.00","1,000.00","-","-","11/Aug/2020 MY (UTC+08:00)","00:45 MY (UTC+08:00)","S/C TRANS VIA QRPAY 000027060000031","","0.40","-","011 - System","CBSX4237","2996","PCSCDR - PAYEE CORP SERVICE CHARGE DEBIT","690,013.64","","-","","","","-"
"506061304070","Current Account","GENTING MALAYSIA BERHAD","MYR","2020-08-11 MY (UTC+08:00)","2020-08-11 MY (UTC+08:00)","11","94","15,400.00","1,000.00","-","-","11/Aug/2020 MY (UTC+08:00)","00:45 MY (UTC+08:00)","S/C TRANS VIA QRPAY 000027060035433","","0.51","-","011 - System","CBSX4237","2996","PCSCDR - PAYEE CORP SERVICE CHARGE DEBIT","690,013.13","","-","","","","-"
"506061304070","Current Account","GENTING MALAYSIA BERHAD","MYR","2020-08-11 MY (UTC+08:00)","2020-08-11 MY (UTC+08:00)","11","94","15,400.00","1,000.00","-","-","11/Aug/2020 MY (UTC+08:00)","00:46 MY (UTC+08:00)","QRCASA REFUND M/N 0070588 DATED 11082020","","16.10","-","011 - System","CBSX425P","2988","6423 - ","689,997.03","","-","","","","-"
"506061304070","Current Account","GENTING MALAYSIA BERHAD","MYR","2020-08-11 MY (UTC+08:00)","2020-08-11 MY (UTC+08:00)","11","94","15,400.00","1,000.00","-","-","11/Aug/2020 MY (UTC+08:00)","01:32 MY (UTC+08:00)","XFR DEBIT SVC CHARGE","","2.00","-","011 - System","BTCH6587","0606","XFRDRSVC - SERVICE CHARGE","689,995.03","","-","","","","-"
"506061304070","Current Account","GENTING MALAYSIA BERHAD","MYR","2020-08-11 MY (UTC+08:00)","2020-08-11 MY (UTC+08:00)","11","94","15,400.00","1,000.00","-","-","11/Aug/2020 MY (UTC+08:00)","01:32 MY (UTC+08:00)","GENTING MALAYSIA BERHAD","514011468149","722,158.14","-","011 - System","BTCH6587","0606","XFRDR - FUND TRANSFER DEBIT","-32,163.11","","-","","","","-"
"506061304070","Current Account","GENTING MALAYSIA BERHAD","MYR","2020-08-11 MY (UTC+08:00)","2020-08-11 MY (UTC+08:00)","11","94","15,400.00","1,000.00","-","-","11/Aug/2020 MY (UTC+08:00)","02:26 MY (UTC+08:00)","DR/CARD SALES M/N 4000006 DATED 10082020","","-","192.00","006 - Pos","CBSX408R","2977","8300 - CREDIT ACCOUNT","-31,971.11","","-","","","","-"
"506061304070","Current Account","GENTING MALAYSIA BERHAD","MYR","2020-08-11 MY (UTC+08:00)","2020-08-11 MY (UTC+08:00)","11","94","15,400.00","1,000.00","-","-","11/Aug/2020 MY (UTC+08:00)","02:27 MY (UTC+08:00)","DR/CARD SALES M/N 4000006 DATED 10082020","","0.48","-","011 - System","CBSX408R","2981","BCHARGE - ELECTRONIC TRANSACTION CHARGES","-31,971.59","","-","","","","-"
"506061304070","Current Account","GENTING MALAYSIA BERHAD","MYR","2020-08-11 MY (UTC+08:00)","2020-08-11 MY (UTC+08:00)","11","94","15,400.00","1,000.00","-","-","11/Aug/2020 MY (UTC+08:00)","02:29 MY (UTC+08:00)","DR/CARD SALES M/N 4000006 DATED 10082020","","-","13.00","006 - Pos","CBSX408R","3121","8300 - CREDIT ACCOUNT","-31,958.59","","-","","","","-"
"506061304070","Current Account","GENTING MALAYSIA BERHAD","MYR","2020-08-11 MY (UTC+08:00)","2020-08-11 MY (UTC+08:00)","11","94","15,400.00","1,000.00","-","-","11/Aug/2020 MY (UTC+08:00)","02:29 MY (UTC+08:00)","DR/CARD SALES M/N 4185062 DATED 10082020","","-","199.00","006 - Pos","CBSX408R","3121","8300 - CREDIT ACCOUNT","-31,759.59","","-","","","","-"
"506061304070","Current Account","GENTING MALAYSIA BERHAD","MYR","2020-08-11 MY (UTC+08:00)","2020-08-11 MY (UTC+08:00)","11","94","15,400.00","1,000.00","-","-","11/Aug/2020 MY (UTC+08:00)","02:29 MY (UTC+08:00)","DR/CARD SALES M/N 4000006 DATED 10082020","","0.03","-","011 - System","CBSX408R","2981","BCHARGE - ELECTRONIC TRANSACTION CHARGES","-31,759.62","","-","","","","-"
"506061304070","Current Account","GENTING MALAYSIA BERHAD","MYR","2020-08-11 MY (UTC+08:00)","2020-08-11 MY (UTC+08:00)","11","94","15,400.00","1,000.00","-","-","11/Aug/2020 MY (UTC+08:00)","02:29 MY (UTC+08:00)","DR/CARD SALES M/N 4185062 DATED 10082020","","0.50","-","011 - System","CBSX408R","2981","BCHARGE - ELECTRONIC TRANSACTION CHARGES","-31,760.12","","-","","","","-"
"506061304070","Current Account","GENTING MALAYSIA BERHAD","MYR","2020-08-11 MY (UTC+08:00)","2020-08-11 MY (UTC+08:00)","11","94","15,400.00","1,000.00","-","-","11/Aug/2020 MY (UTC+08:00)","04:22 MY (UTC+08:00)","2008110037490846","T023293396520","-","253.00","025 - Office","FC89","2502","2860 - ","-31,507.12","","-","YIP CHOI LING","RCMS - CR FPX","","-"
"506061304070","Current Account","GENTING MALAYSIA BERHAD","MYR","2020-08-11 MY (UTC+08:00)","2020-08-11 MY (UTC+08:00)","11","94","15,400.00","1,000.00","-","-","11/Aug/2020 MY (UTC+08:00)","04:22 MY (UTC+08:00)","2008110103420291","T023294235320","-","70.00","025 - Office","FC8A","2502","2860 - ","-31,437.12","","-","TAM YIE WAI","RCMS - CR FPX","","-"
"506061304070","Current Account","GENTING MALAYSIA BERHAD","MYR","2020-08-11 MY (UTC+08:00)","2020-08-11 MY (UTC+08:00)","11","94","15,400.00","1,000.00","-","-","11/Aug/2020 MY (UTC+08:00)","04:22 MY (UTC+08:00)","2008110221170108","T023296012220","-","110.00","025 - Office","FC89","2502","2860 - ","-31,327.12","","-","TEO JUN WEI","RCMS - CR FPX","","-"
"506061304070","Current Account","GENTING MALAYSIA BERHAD","MYR","2020-08-11 MY (UTC+08:00)","2020-08-11 MY (UTC+08:00)","11","94","15,400.00","1,000.00","-","-","11/Aug/2020 MY (UTC+08:00)","04:22 MY (UTC+08:00)","2008110324570640","T023296951220","-","80.00","025 - Office","FC89","2502","2860 - ","-31,247.12","","-","CHEONG JIA WEI","RCMS - CR FPX","","-"
"506061304070","Current Account","GENTING MALAYSIA BERHAD","MYR","2020-08-11 MY (UTC+08:00)","2020-08-11 MY (UTC+08:00)","11","94","15,400.00","1,000.00","-","-","11/Aug/2020 MY (UTC+08:00)","05:35 MY (UTC+08:00)","9204280879 CR/CARD SALES  DATED 11082020","08791108","-","1,003.16","011 - System","CBSX4498","3104","2210 - CARDS CREDIT","-30,243.96","","-","","","","-"
"506061304070","Current Account","GENTING MALAYSIA BERHAD","MYR","2020-08-11 MY (UTC+08:00)","2020-08-11 MY (UTC+08:00)","11","94","15,400.00","1,000.00","-","-","11/Aug/2020 MY (UTC+08:00)","05:35 MY (UTC+08:00)","9204232565 CR/CARD SALES  DATED 11082020","25651108","-","270.46","011 - System","CBSX4498","3104","2210 - CARDS CREDIT","-29,973.50","","-","","","","-"
"506061304070","Current Account","GENTING MALAYSIA BERHAD","MYR","2020-08-11 MY (UTC+08:00)","2020-08-11 MY (UTC+08:00)","11","94","15,400.00","1,000.00","-","-","11/Aug/2020 MY (UTC+08:00)","05:35 MY (UTC+08:00)","9207003443 CR/CARD SALES  DATED 11082020","34431108","-","5,971.81","011 - System","CBSX4498","3104","2210 - CARDS CREDIT","-24,001.69","","-","","","","-"
"506061304070","Current Account","GENTING MALAYSIA BERHAD","MYR","2020-08-11 MY (UTC+08:00)","2020-08-11 MY (UTC+08:00)","11","94","15,400.00","1,000.00","-","-","11/Aug/2020 MY (UTC+08:00)","05:35 MY (UTC+08:00)","9204453906 CR/CARD SALES  DATED 11082020","39061108","-","1,169.38","011 - System","CBSX4498","3104","2210 - CARDS CREDIT","-22,832.31","","-","","","","-"
"506061304070","Current Account","GENTING MALAYSIA BERHAD","MYR","2020-08-11 MY (UTC+08:00)","2020-08-11 MY (UTC+08:00)","11","94","15,400.00","1,000.00","-","-","11/Aug/2020 MY (UTC+08:00)","05:35 MY (UTC+08:00)","9204144851 CR/CARD SALES  DATED 11082020","48511108","-","140.64","011 - System","CBSX4498","3104","2210 - CARDS CREDIT","-22,691.67","","-","","","","-"
"506061304070","Current Account","GENTING MALAYSIA BERHAD","MYR","2020-08-11 MY (UTC+08:00)","2020-08-11 MY (UTC+08:00)","11","94","15,400.00","1,000.00","-","-","11/Aug/2020 MY (UTC+08:00)","05:35 MY (UTC+08:00)","9204135032 CR/CARD SALES  DATED 11082020","50321108","-","1,847.99","011 - System","CBSX4498","3104","2210 - CARDS CREDIT","-20,843.68","","-","","","","-"
"506061304070","Current Account","GENTING MALAYSIA BERHAD","MYR","2020-08-11 MY (UTC+08:00)","2020-08-11 MY (UTC+08:00)","11","94","15,400.00","1,000.00","-","-","11/Aug/2020 MY (UTC+08:00)","05:35 MY (UTC+08:00)","9870206851 CR/CARD SALES  DATED 11082020","68511108","-","602.29","011 - System","CBSX4498","3104","2210 - CARDS CREDIT","-20,241.39","","-","","","","-"
"506061304070","Current Account","GENTING MALAYSIA BERHAD","MYR","2020-08-11 MY (UTC+08:00)","2020-08-11 MY (UTC+08:00)","11","94","15,400.00","1,000.00","-","-","11/Aug/2020 MY (UTC+08:00)","05:35 MY (UTC+08:00)","9204277883 CR/CARD SALES  DATED 11082020","78831108","-","92.45","011 - System","CBSX4498","3104","2210 - CARDS CREDIT","-20,148.94","","-","","","","-"
"506061304070","Current Account","GENTING MALAYSIA BERHAD","MYR","2020-08-11 MY (UTC+08:00)","2020-08-11 MY (UTC+08:00)","11","94","15,400.00","1,000.00","-","-","11/Aug/2020 MY (UTC+08:00)","05:35 MY (UTC+08:00)","9204079313 CR/CARD SALES  DATED 11082020","93131108","-","21,190.76","011 - System","CBSX4498","3104","2210 - CARDS CREDIT","1,041.82","","-","","","","-"
"506061304070","Current Account","GENTING MALAYSIA BERHAD","MYR","2020-08-11 MY (UTC+08:00)","2020-08-11 MY (UTC+08:00)","11","94","15,400.00","1,000.00","-","-","11/Aug/2020 MY (UTC+08:00)","05:35 MY (UTC+08:00)","9204219414 CR/CARD SALES  DATED 11082020","94141108","-","47.21","011 - System","CBSX4498","3104","2210 - CARDS CREDIT","1,089.03","","-","","","","-"
"506061304070","Current Account","GENTING MALAYSIA BERHAD","MYR","2020-08-11 MY (UTC+08:00)","2020-08-11 MY (UTC+08:00)","11","94","15,400.00","1,000.00","-","-","11/Aug/2020 MY (UTC+08:00)","05:35 MY (UTC+08:00)","9204519946 CR/CARD SALES  DATED 11082020","99461108","-","109.17","011 - System","CBSX4498","3104","2210 - CARDS CREDIT","1,198.20","","-","","","","-"
"506061304070","Current Account","GENTING MALAYSIA BERHAD","MYR","2020-08-11 MY (UTC+08:00)","2020-08-11 MY (UTC+08:00)","11","94","15,400.00","1,000.00","-","-","11/Aug/2020 MY (UTC+08:00)","05:42 MY (UTC+08:00)","RFD 11082020","DEBIT BALANCE","198.20","-","011 - System","CBSX426Q","2719","CCREFUND - ","1,000.00","","-","MN 027004000006","CREDIT CARD REFUND","","-"
