﻿Account Number,Account Type,Account Name,Account Currency,Date From,Date To,Total Debit,Total Credit,Begin Balance,End Balance,Transaction Date,Transaction Time,Posting Date,Processing Time,Transaction Description,Transaction Ref,Debit,Credit,Source Code,Teller ID,Branch/Channel,Transaction Code,End Balance,Filler,Virtual Account,Transaction Description 2,Transaction Description 3,Transaction Description 4,Expiry Date
"506061304070","Current Account","GENTING MALAYSIA BERHAD","MYR","2020-08-21 MY (UTC+08:00)","2020-08-21 MY (UTC+08:00)","7","97","1,690.00","1,000.00","-","-","21/Aug/2020 MY (UTC+08:00)","08:31 MY (UTC+08:00)","CR/CARD SALES M/N 4000006 DATED 19082020","00061908","-","11,161.38","011 - System","CBSX4498","2719","2981 - MERCHANT CREDIT CARD SALES","12,851.38","","-","","","","-"
"506061304070","Current Account","GENTING MALAYSIA BERHAD","MYR","2020-08-21 MY (UTC+08:00)","2020-08-21 MY (UTC+08:00)","7","97","1,690.00","1,000.00","-","-","21/Aug/2020 MY (UTC+08:00)","08:31 MY (UTC+08:00)","CR/CARD SALES M/N 4000006 DATED 20082020","00062008","-","40,220.66","011 - System","CBSX4498","2719","2981 - MERCHANT CREDIT CARD SALES","53,072.04","","-","","","","-"
"506061304070","Current Account","GENTING MALAYSIA BERHAD","MYR","2020-08-21 MY (UTC+08:00)","2020-08-21 MY (UTC+08:00)","7","97","1,690.00","1,000.00","-","-","21/Aug/2020 MY (UTC+08:00)","08:31 MY (UTC+08:00)","CR/CARD SALES M/N 1021077 DATED 19082020","10771908","-","193.44","011 - System","CBSX4498","2719","2981 - MERCHANT CREDIT CARD SALES","53,265.48","","-","","","","-"
"506061304070","Current Account","GENTING MALAYSIA BERHAD","MYR","2020-08-21 MY (UTC+08:00)","2020-08-21 MY (UTC+08:00)","7","97","1,690.00","1,000.00","-","-","21/Aug/2020 MY (UTC+08:00)","08:31 MY (UTC+08:00)","CR/CARD SALES M/N 1021176 DATED 20082020","11762008","-","193.44","011 - System","CBSX4498","2719","2981 - MERCHANT CREDIT CARD SALES","53,458.92","","-","","","","-"
"506061304070","Current Account","GENTING MALAYSIA BERHAD","MYR","2020-08-21 MY (UTC+08:00)","2020-08-21 MY (UTC+08:00)","7","97","1,690.00","1,000.00","-","-","21/Aug/2020 MY (UTC+08:00)","08:31 MY (UTC+08:00)","CR/CARD SALES M/N 4221339 DATED 19082020","13391908","-","15,456.70","011 - System","CBSX4498","2719","2981 - MERCHANT CREDIT CARD SALES","68,915.62","","-","","","","-"
"506061304070","Current Account","GENTING MALAYSIA BERHAD","MYR","2020-08-21 MY (UTC+08:00)","2020-08-21 MY (UTC+08:00)","7","97","1,690.00","1,000.00","-","-","21/Aug/2020 MY (UTC+08:00)","08:31 MY (UTC+08:00)","CR/CARD SALES M/N 4221339 DATED 20082020","13392008","-","54,782.11","011 - System","CBSX4498","2719","2981 - MERCHANT CREDIT CARD SALES","123,697.73","","-","","","","-"
"506061304070","Current Account","GENTING MALAYSIA BERHAD","MYR","2020-08-21 MY (UTC+08:00)","2020-08-21 MY (UTC+08:00)","7","97","1,690.00","1,000.00","-","-","21/Aug/2020 MY (UTC+08:00)","08:31 MY (UTC+08:00)","CR/CARD SALES M/N 4221552 DATED 19082020","15521908","-","1,379.39","011 - System","CBSX4498","2719","2981 - MERCHANT CREDIT CARD SALES","125,077.12","","-","","","","-"
"506061304070","Current Account","GENTING MALAYSIA BERHAD","MYR","2020-08-21 MY (UTC+08:00)","2020-08-21 MY (UTC+08:00)","7","97","1,690.00","1,000.00","-","-","21/Aug/2020 MY (UTC+08:00)","08:31 MY (UTC+08:00)","CR/CARD SALES M/N 4221552 DATED 20082020","15522008","-","29,837.86","011 - System","CBSX4498","2719","2981 - MERCHANT CREDIT CARD SALES","154,914.98","","-","","","","-"
"506061304070","Current Account","GENTING MALAYSIA BERHAD","MYR","2020-08-21 MY (UTC+08:00)","2020-08-21 MY (UTC+08:00)","7","97","1,690.00","1,000.00","-","-","21/Aug/2020 MY (UTC+08:00)","08:31 MY (UTC+08:00)","CR/CARD SALES M/N 1813880 DATED 19082020","38801908","-","4,888.24","011 - System","CBSX4498","2719","2981 - MERCHANT CREDIT CARD SALES","159,803.22","","-","","","","-"
"506061304070","Current Account","GENTING MALAYSIA BERHAD","MYR","2020-08-21 MY (UTC+08:00)","2020-08-21 MY (UTC+08:00)","7","97","1,690.00","1,000.00","-","-","21/Aug/2020 MY (UTC+08:00)","08:31 MY (UTC+08:00)","CR/CARD SALES M/N 1813880 DATED 20082020","38802008","-","318.41","011 - System","CBSX4498","2719","2981 - MERCHANT CREDIT CARD SALES","160,121.63","","-","","","","-"
"506061304070","Current Account","GENTING MALAYSIA BERHAD","MYR","2020-08-21 MY (UTC+08:00)","2020-08-21 MY (UTC+08:00)","7","97","1,690.00","1,000.00","-","-","21/Aug/2020 MY (UTC+08:00)","08:31 MY (UTC+08:00)","CR/CARD SALES M/N 0035052 DATED 20082020","50522008","-","4.99","011 - System","CBSX4498","2719","2981 - MERCHANT CREDIT CARD SALES","160,126.62","","-","","","","-"
"506061304070","Current Account","GENTING MALAYSIA BERHAD","MYR","2020-08-21 MY (UTC+08:00)","2020-08-21 MY (UTC+08:00)","7","97","1,690.00","1,000.00","-","-","21/Aug/2020 MY (UTC+08:00)","08:31 MY (UTC+08:00)","CR/CARD SALES M/N 4185062 DATED 19082020","50621908","-","65,585.05","011 - System","CBSX4498","2719","2981 - MERCHANT CREDIT CARD SALES","225,711.67","","-","","","","-"
"506061304070","Current Account","GENTING MALAYSIA BERHAD","MYR","2020-08-21 MY (UTC+08:00)","2020-08-21 MY (UTC+08:00)","7","97","1,690.00","1,000.00","-","-","21/Aug/2020 MY (UTC+08:00)","08:31 MY (UTC+08:00)","CR/CARD SALES M/N 4185062 DATED 20082020","50622008","-","162,329.35","011 - System","CBSX4498","2719","2981 - MERCHANT CREDIT CARD SALES","388,041.02","","-","","","","-"
"506061304070","Current Account","GENTING MALAYSIA BERHAD","MYR","2020-08-21 MY (UTC+08:00)","2020-08-21 MY (UTC+08:00)","7","97","1,690.00","1,000.00","-","-","21/Aug/2020 MY (UTC+08:00)","08:31 MY (UTC+08:00)","CR/CARD SALES M/N 4225124 DATED 19082020","51241908","-","567.09","011 - System","CBSX4498","2719","2981 - MERCHANT CREDIT CARD SALES","388,608.11","","-","","","","-"
"506061304070","Current Account","GENTING MALAYSIA BERHAD","MYR","2020-08-21 MY (UTC+08:00)","2020-08-21 MY (UTC+08:00)","7","97","1,690.00","1,000.00","-","-","21/Aug/2020 MY (UTC+08:00)","08:31 MY (UTC+08:00)","CR/CARD SALES M/N 4225124 DATED 20082020","51242008","-","1,451.39","011 - System","CBSX4498","2719","2981 - MERCHANT CREDIT CARD SALES","390,059.50","","-","","","","-"
"506061304070","Current Account","GENTING MALAYSIA BERHAD","MYR","2020-08-21 MY (UTC+08:00)","2020-08-21 MY (UTC+08:00)","7","97","1,690.00","1,000.00","-","-","21/Aug/2020 MY (UTC+08:00)","08:31 MY (UTC+08:00)","CR/CARD SALES M/N 4225140 DATED 19082020","51401908","-","2,161.75","011 - System","CBSX4498","2719","2981 - MERCHANT CREDIT CARD SALES","392,221.25","","-","","","","-"
"506061304070","Current Account","GENTING MALAYSIA BERHAD","MYR","2020-08-21 MY (UTC+08:00)","2020-08-21 MY (UTC+08:00)","7","97","1,690.00","1,000.00","-","-","21/Aug/2020 MY (UTC+08:00)","08:31 MY (UTC+08:00)","CR/CARD SALES M/N 4225140 DATED 20082020","51402008","-","7,435.97","011 - System","CBSX4498","2719","2981 - MERCHANT CREDIT CARD SALES","399,657.22","","-","","","","-"
"506061304070","Current Account","GENTING MALAYSIA BERHAD","MYR","2020-08-21 MY (UTC+08:00)","2020-08-21 MY (UTC+08:00)","7","97","1,690.00","1,000.00","-","-","21/Aug/2020 MY (UTC+08:00)","08:31 MY (UTC+08:00)","CR/CARD SALES M/N 1055342 DATED 19082020","53421908","-","1,811.00","011 - System","CBSX4498","2719","2981 - MERCHANT CREDIT CARD SALES","401,468.22","","-","","","","-"
"506061304070","Current Account","GENTING MALAYSIA BERHAD","MYR","2020-08-21 MY (UTC+08:00)","2020-08-21 MY (UTC+08:00)","7","97","1,690.00","1,000.00","-","-","21/Aug/2020 MY (UTC+08:00)","08:31 MY (UTC+08:00)","CR/CARD SALES M/N 1055342 DATED 20082020","53422008","-","2,511.41","011 - System","CBSX4498","2719","2981 - MERCHANT CREDIT CARD SALES","403,979.63","","-","","","","-"
"506061304070","Current Account","GENTING MALAYSIA BERHAD","MYR","2020-08-21 MY (UTC+08:00)","2020-08-21 MY (UTC+08:00)","7","97","1,690.00","1,000.00","-","-","21/Aug/2020 MY (UTC+08:00)","08:31 MY (UTC+08:00)","CR/CARD SALES M/N 4145744 DATED 19082020","57441908","-","350.75","011 - System","CBSX4498","2719","2981 - MERCHANT CREDIT CARD SALES","404,330.38","","-","","","","-"
"506061304070","Current Account","GENTING MALAYSIA BERHAD","MYR","2020-08-21 MY (UTC+08:00)","2020-08-21 MY (UTC+08:00)","7","97","1,690.00","1,000.00","-","-","21/Aug/2020 MY (UTC+08:00)","08:31 MY (UTC+08:00)","CR/CARD SALES M/N 4145744 DATED 20082020","57442008","-","3,065.08","011 - System","CBSX4498","2719","2981 - MERCHANT CREDIT CARD SALES","407,395.46","","-","","","","-"
"506061304070","Current Account","GENTING MALAYSIA BERHAD","MYR","2020-08-21 MY (UTC+08:00)","2020-08-21 MY (UTC+08:00)","7","97","1,690.00","1,000.00","-","-","21/Aug/2020 MY (UTC+08:00)","08:31 MY (UTC+08:00)","CR/CARD SALES M/N 6037149 DATED 19082020","71491908","-","80.35","011 - System","CBSX4498","2719","2981 - MERCHANT CREDIT CARD SALES","407,475.81","","-","","","","-"
"506061304070","Current Account","GENTING MALAYSIA BERHAD","MYR","2020-08-21 MY (UTC+08:00)","2020-08-21 MY (UTC+08:00)","7","97","1,690.00","1,000.00","-","-","21/Aug/2020 MY (UTC+08:00)","08:31 MY (UTC+08:00)","CR/CARD SALES M/N 7008915 DATED 19082020","89151908","-","26,841.52","011 - System","CBSX4498","2719","2981 - MERCHANT CREDIT CARD SALES","434,317.33","","-","","","","-"
"506061304070","Current Account","GENTING MALAYSIA BERHAD","MYR","2020-08-21 MY (UTC+08:00)","2020-08-21 MY (UTC+08:00)","7","97","1,690.00","1,000.00","-","-","21/Aug/2020 MY (UTC+08:00)","08:31 MY (UTC+08:00)","CR/CARD SALES M/N 7008915 DATED 20082020","89152008","-","23,298.13","011 - System","CBSX4498","2719","2981 - MERCHANT CREDIT CARD SALES","457,615.46","","-","","","","-"
"506061304070","Current Account","GENTING MALAYSIA BERHAD","MYR","2020-08-21 MY (UTC+08:00)","2020-08-21 MY (UTC+08:00)","7","97","1,690.00","1,000.00","-","-","21/Aug/2020 MY (UTC+08:00)","08:31 MY (UTC+08:00)","CR/CARD SALES M/N 4179180 DATED 19082020","91801908","-","9,801.22","011 - System","CBSX4498","2719","2981 - MERCHANT CREDIT CARD SALES","467,416.68","","-","","","","-"
"506061304070","Current Account","GENTING MALAYSIA BERHAD","MYR","2020-08-21 MY (UTC+08:00)","2020-08-21 MY (UTC+08:00)","7","97","1,690.00","1,000.00","-","-","21/Aug/2020 MY (UTC+08:00)","08:31 MY (UTC+08:00)","CR/CARD SALES M/N 4179180 DATED 20082020","91802008","-","39,601.89","011 - System","CBSX4498","2719","2981 - MERCHANT CREDIT CARD SALES","507,018.57","","-","","","","-"
"506061304070","Current Account","GENTING MALAYSIA BERHAD","MYR","2020-08-21 MY (UTC+08:00)","2020-08-21 MY (UTC+08:00)","7","97","1,690.00","1,000.00","-","-","21/Aug/2020 MY (UTC+08:00)","08:31 MY (UTC+08:00)","CR/CARD SALES M/N 4179883 DATED 19082020","98831908","-","219.09","011 - System","CBSX4498","2719","2981 - MERCHANT CREDIT CARD SALES","507,237.66","","-","","","","-"
"506061304070","Current Account","GENTING MALAYSIA BERHAD","MYR","2020-08-21 MY (UTC+08:00)","2020-08-21 MY (UTC+08:00)","7","97","1,690.00","1,000.00","-","-","21/Aug/2020 MY (UTC+08:00)","08:31 MY (UTC+08:00)","CR/CARD SALES M/N 4179883 DATED 20082020","98832008","-","2,098.42","011 - System","CBSX4498","2719","2981 - MERCHANT CREDIT CARD SALES","509,336.08","","-","","","","-"
"506061304070","Current Account","GENTING MALAYSIA BERHAD","MYR","2020-08-21 MY (UTC+08:00)","2020-08-21 MY (UTC+08:00)","7","97","1,690.00","1,000.00","-","-","21/Aug/2020 MY (UTC+08:00)","08:31 MY (UTC+08:00)","CR/CARD SALES M/N 4239893 DATED 19082020","98931908","-","2,044.78","011 - System","CBSX4498","2719","2981 - MERCHANT CREDIT CARD SALES","511,380.86","","-","","","","-"
"506061304070","Current Account","GENTING MALAYSIA BERHAD","MYR","2020-08-21 MY (UTC+08:00)","2020-08-21 MY (UTC+08:00)","7","97","1,690.00","1,000.00","-","-","21/Aug/2020 MY (UTC+08:00)","08:31 MY (UTC+08:00)","CR/CARD SALES M/N 4239893 DATED 20082020","98932008","-","8,019.79","011 - System","CBSX4498","2719","2981 - MERCHANT CREDIT CARD SALES","519,400.65","","-","","","","-"
"506061304070","Current Account","GENTING MALAYSIA BERHAD","MYR","2020-08-21 MY (UTC+08:00)","2020-08-21 MY (UTC+08:00)","7","97","1,690.00","1,000.00","-","-","21/Aug/2020 MY (UTC+08:00)","09:49 MY (UTC+08:00)","2008210948550542","T024390013520","-","100.00","025 - Office","FC8C","2502","2860 - ","519,500.65","","-","MUHAMMAD SHARIFF BIN","RCMS - CR FPX","","-"
"506061304070","Current Account","GENTING MALAYSIA BERHAD","MYR","2020-08-21 MY (UTC+08:00)","2020-08-21 MY (UTC+08:00)","7","97","1,690.00","1,000.00","-","-","21/Aug/2020 MY (UTC+08:00)","09:55 MY (UTC+08:00)","2008210954510401","T024390636920","-","199.00","025 - Office","FC89","2502","2860 - ","519,699.65","","-","UMI HIDDAYATHUL HAYY","RCMS - CR FPX","","-"
"506061304070","Current Account","GENTING MALAYSIA BERHAD","MYR","2020-08-21 MY (UTC+08:00)","2020-08-21 MY (UTC+08:00)","7","97","1,690.00","1,000.00","-","-","21/Aug/2020 MY (UTC+08:00)","10:07 MY (UTC+08:00)","H78765","78765","-","46,140.00","018 - Teller","0000540A","0606","7100 - CASH DEPOSIT","565,839.65","","-","","","","-"
"506061304070","Current Account","GENTING MALAYSIA BERHAD","MYR","2020-08-21 MY (UTC+08:00)","2020-08-21 MY (UTC+08:00)","7","97","1,690.00","1,000.00","-","-","21/Aug/2020 MY (UTC+08:00)","10:08 MY (UTC+08:00)","CH78466","CH78466","-","1,854.00","018 - Teller","0000540A","0606","7100 - CASH DEPOSIT","567,693.65","","-","","","","-"
"506061304070","Current Account","GENTING MALAYSIA BERHAD","MYR","2020-08-21 MY (UTC+08:00)","2020-08-21 MY (UTC+08:00)","7","97","1,690.00","1,000.00","-","-","21/Aug/2020 MY (UTC+08:00)","10:09 MY (UTC+08:00)","CH78467","78467","-","25.00","018 - Teller","0000540A","0606","7100 - CASH DEPOSIT","567,718.65","","-","","","","-"
"506061304070","Current Account","GENTING MALAYSIA BERHAD","MYR","2020-08-21 MY (UTC+08:00)","2020-08-21 MY (UTC+08:00)","7","97","1,690.00","1,000.00","-","-","21/Aug/2020 MY (UTC+08:00)","10:12 MY (UTC+08:00)","H78766","78766","-","229,929.00","018 - Teller","0000540A","0606","7100 - CASH DEPOSIT","797,647.65","","-","","","","-"
"506061304070","Current Account","GENTING MALAYSIA BERHAD","MYR","2020-08-21 MY (UTC+08:00)","2020-08-21 MY (UTC+08:00)","7","97","1,690.00","1,000.00","-","-","21/Aug/2020 MY (UTC+08:00)","10:13 MY (UTC+08:00)","H78767","78767","-","19.55","018 - Teller","0000540A","0606","7100 - CASH DEPOSIT","797,667.20","","-","","","","-"
"506061304070","Current Account","GENTING MALAYSIA BERHAD","MYR","2020-08-21 MY (UTC+08:00)","2020-08-21 MY (UTC+08:00)","7","97","1,690.00","1,000.00","-","-","21/Aug/2020 MY (UTC+08:00)","10:13 MY (UTC+08:00)","CH78465","CH78465","-","25.00","018 - Teller","0000540A","0606","7100 - CASH DEPOSIT","797,692.20","","-","","","","-"
"506061304070","Current Account","GENTING MALAYSIA BERHAD","MYR","2020-08-21 MY (UTC+08:00)","2020-08-21 MY (UTC+08:00)","7","97","1,690.00","1,000.00","-","-","21/Aug/2020 MY (UTC+08:00)","10:15 MY (UTC+08:00)","H78764","78764","-","22,328.45","018 - Teller","0000540A","0606","7100 - CASH DEPOSIT","820,020.65","","-","","","","-"
"506061304070","Current Account","GENTING MALAYSIA BERHAD","MYR","2020-08-21 MY (UTC+08:00)","2020-08-21 MY (UTC+08:00)","7","97","1,690.00","1,000.00","-","-","21/Aug/2020 MY (UTC+08:00)","10:16 MY (UTC+08:00)","H78763","78763","-","173,014.00","018 - Teller","0000540A","0606","7100 - CASH DEPOSIT","993,034.65","","-","","","","-"
"506061304070","Current Account","GENTING MALAYSIA BERHAD","MYR","2020-08-21 MY (UTC+08:00)","2020-08-21 MY (UTC+08:00)","7","97","1,690.00","1,000.00","-","-","21/Aug/2020 MY (UTC+08:00)","12:03 MY (UTC+08:00)","2008211202060381","T024405451520","-","160.00","025 - Office","FC90","2502","2860 - ","993,194.65","","-","NUR AZURA BINTI YAHA","RCMS - CR FPX","","-"
"506061304070","Current Account","GENTING MALAYSIA BERHAD","MYR","2020-08-21 MY (UTC+08:00)","2020-08-21 MY (UTC+08:00)","7","97","1,690.00","1,000.00","-","-","21/Aug/2020 MY (UTC+08:00)","12:06 MY (UTC+08:00)","2008211205220885","T024405819320","-","240.00","025 - Office","FC89","2502","2860 - ","993,434.65","","-","NUR AZURA BINTI YAHA","RCMS - CR FPX","","-"
"506061304070","Current Account","GENTING MALAYSIA BERHAD","MYR","2020-08-21 MY (UTC+08:00)","2020-08-21 MY (UTC+08:00)","7","97","1,690.00","1,000.00","-","-","21/Aug/2020 MY (UTC+08:00)","12:15 MY (UTC+08:00)","2008211213440355","T024406842920","-","240.00","025 - Office","FC8B","2502","2860 - ","993,674.65","","-","NUR AZURA BINTI YAHA","RCMS - CR FPX","","-"
"506061304070","Current Account","GENTING MALAYSIA BERHAD","MYR","2020-08-21 MY (UTC+08:00)","2020-08-21 MY (UTC+08:00)","7","97","1,690.00","1,000.00","-","-","21/Aug/2020 MY (UTC+08:00)","12:17 MY (UTC+08:00)","2008211216590836","T024407210720","-","240.00","025 - Office","FC8A","2502","2860 - ","993,914.65","","-","NUR AZURA BINTI YAHA","RCMS - CR FPX","","-"
"506061304070","Current Account","GENTING MALAYSIA BERHAD","MYR","2020-08-21 MY (UTC+08:00)","2020-08-21 MY (UTC+08:00)","7","97","1,690.00","1,000.00","-","-","21/Aug/2020 MY (UTC+08:00)","12:24 MY (UTC+08:00)","2008211223250360","T024407975120","-","240.00","025 - Office","FC8A","2502","2860 - ","994,154.65","","-","NUR AZURA BINTI YAHA","RCMS - CR FPX","","-"
"506061304070","Current Account","GENTING MALAYSIA BERHAD","MYR","2020-08-21 MY (UTC+08:00)","2020-08-21 MY (UTC+08:00)","7","97","1,690.00","1,000.00","-","-","21/Aug/2020 MY (UTC+08:00)","12:30 MY (UTC+08:00)","2008211229180801","T024408645020","-","160.00","025 - Office","FC8A","2502","2860 - ","994,314.65","","-","NUR AZURA BINTI YAHA","RCMS - CR FPX","","-"
"506061304070","Current Account","GENTING MALAYSIA BERHAD","MYR","2020-08-21 MY (UTC+08:00)","2020-08-21 MY (UTC+08:00)","7","97","1,690.00","1,000.00","-","-","21/Aug/2020 MY (UTC+08:00)","13:06 MY (UTC+08:00)","2008211305420834","T024412869920","-","80.00","025 - Office","FC89","2502","2860 - ","994,394.65","","-","YONG SEE MEN","RCMS - CR FPX","","-"
"506061304070","Current Account","GENTING MALAYSIA BERHAD","MYR","2020-08-21 MY (UTC+08:00)","2020-08-21 MY (UTC+08:00)","7","97","1,690.00","1,000.00","-","-","21/Aug/2020 MY (UTC+08:00)","13:06 MY (UTC+08:00)","2008211305320627","T024412829720","-","90.00","025 - Office","FC8B","2502","2860 - ","994,484.65","","-","CHU KAI YENBETTY DIA","RCMS - CR FPX","","-"
"506061304070","Current Account","GENTING MALAYSIA BERHAD","MYR","2020-08-21 MY (UTC+08:00)","2020-08-21 MY (UTC+08:00)","7","97","1,690.00","1,000.00","-","-","21/Aug/2020 MY (UTC+08:00)","13:37 MY (UTC+08:00)","2008211337040638","T024416452520","-","80.00","025 - Office","FC89","2502","2860 - ","994,564.65","","-","KONG YII TING","RCMS - CR FPX","","-"
"506061304070","Current Account","GENTING MALAYSIA BERHAD","MYR","2020-08-21 MY (UTC+08:00)","2020-08-21 MY (UTC+08:00)","7","97","1,690.00","1,000.00","-","-","21/Aug/2020 MY (UTC+08:00)","14:11 MY (UTC+08:00)","2008211410220978","T024419979320","-","100.00","025 - Office","FC8A","2502","2860 - ","994,664.65","","-","KOR TIAN HENG","RCMS - CR FPX","","-"
"506061304070","Current Account","GENTING MALAYSIA BERHAD","MYR","2020-08-21 MY (UTC+08:00)","2020-08-21 MY (UTC+08:00)","7","97","1,690.00","1,000.00","-","-","21/Aug/2020 MY (UTC+08:00)","14:17 MY (UTC+08:00)","2008211416570721","T024420692420","-","100.00","025 - Office","FC89","2502","2860 - ","994,764.65","","-","KOR TIAN HENG","RCMS - CR FPX","","-"
"506061304070","Current Account","GENTING MALAYSIA BERHAD","MYR","2020-08-21 MY (UTC+08:00)","2020-08-21 MY (UTC+08:00)","7","97","1,690.00","1,000.00","-","-","21/Aug/2020 MY (UTC+08:00)","14:40 MY (UTC+08:00)","2008211439370526","T024423098420","-","240.00","025 - Office","FC8A","2502","2860 - ","995,004.65","","-","CHAN LIAN SEE","RCMS - CR FPX","","-"
"506061304070","Current Account","GENTING MALAYSIA BERHAD","MYR","2020-08-21 MY (UTC+08:00)","2020-08-21 MY (UTC+08:00)","7","97","1,690.00","1,000.00","-","-","21/Aug/2020 MY (UTC+08:00)","14:52 MY (UTC+08:00)","2008211451560497","T024424413920","-","110.00","025 - Office","FC8A","2502","2860 - ","995,114.65","","-","VICTOR TAN QING LUN","RCMS - CR FPX","","-"
"506061304070","Current Account","GENTING MALAYSIA BERHAD","MYR","2020-08-21 MY (UTC+08:00)","2020-08-21 MY (UTC+08:00)","7","97","1,690.00","1,000.00","-","-","21/Aug/2020 MY (UTC+08:00)","14:58 MY (UTC+08:00)","PV20-08-083","1","-","2,100.00","003 - ATM","961PHONE","2988","7610 - TRANSFER TO A/C","997,214.65","","-","WONDERFLY HOLDINGS *","TRANSFER TO A/C","","-"
"506061304070","Current Account","GENTING MALAYSIA BERHAD","MYR","2020-08-21 MY (UTC+08:00)","2020-08-21 MY (UTC+08:00)","7","97","1,690.00","1,000.00","-","-","21/Aug/2020 MY (UTC+08:00)","14:59 MY (UTC+08:00)","PV20-08-084","1","-","18,000.00","003 - ATM","968PHONE","2988","7610 - TRANSFER TO A/C","1,015,214.65","","-","WONDERFLY HOLDINGS *","TRANSFER TO A/C","","-"
"506061304070","Current Account","GENTING MALAYSIA BERHAD","MYR","2020-08-21 MY (UTC+08:00)","2020-08-21 MY (UTC+08:00)","7","97","1,690.00","1,000.00","-","-","21/Aug/2020 MY (UTC+08:00)","15:27 MY (UTC+08:00)","REFUND AMEX","0","5,714.13","-","018 - Teller","0003158A","2601","6500 - MISC NON CASH DEBIT","1,009,500.52","","-","14005474           *","MISC NON CASH DEBIT","","-"
"506061304070","Current Account","GENTING MALAYSIA BERHAD","MYR","2020-08-21 MY (UTC+08:00)","2020-08-21 MY (UTC+08:00)","7","97","1,690.00","1,000.00","-","-","21/Aug/2020 MY (UTC+08:00)","16:04 MY (UTC+08:00)","2008211602440291","T024431715620","-","140.00","025 - Office","FC8A","2502","2860 - ","1,009,640.52","","-","LOKE NAM HENG","RCMS - CR FPX","","-"
"506061304070","Current Account","GENTING MALAYSIA BERHAD","MYR","2020-08-21 MY (UTC+08:00)","2020-08-21 MY (UTC+08:00)","7","97","1,690.00","1,000.00","-","-","21/Aug/2020 MY (UTC+08:00)","16:32 MY (UTC+08:00)","2008211630420310","T024434350820","-","140.00","025 - Office","FC8B","2502","2860 - ","1,009,780.52","","-","OOI HAI CHUN","RCMS - CR FPX","","-"
"506061304070","Current Account","GENTING MALAYSIA BERHAD","MYR","2020-08-21 MY (UTC+08:00)","2020-08-21 MY (UTC+08:00)","7","97","1,690.00","1,000.00","-","-","21/Aug/2020 MY (UTC+08:00)","16:59 MY (UTC+08:00)","2008211658250718","T024436865720","-","70.00","025 - Office","FC8C","2502","2860 - ","1,009,850.52","","-","CHIA LEE LEE","RCMS - CR FPX","","-"
"506061304070","Current Account","GENTING MALAYSIA BERHAD","MYR","2020-08-21 MY (UTC+08:00)","2020-08-21 MY (UTC+08:00)","7","97","1,690.00","1,000.00","-","-","21/Aug/2020 MY (UTC+08:00)","17:06 MY (UTC+08:00)","2008211706060373","T024437436320","-","110.00","025 - Office","FC89","2502","2860 - ","1,009,960.52","","-","LEE KIAM TAT","RCMS - CR FPX","","-"
"506061304070","Current Account","GENTING MALAYSIA BERHAD","MYR","2020-08-21 MY (UTC+08:00)","2020-08-21 MY (UTC+08:00)","7","97","1,690.00","1,000.00","-","-","21/Aug/2020 MY (UTC+08:00)","17:22 MY (UTC+08:00)","2008211720530800","T024438764420","-","140.00","025 - Office","FC89","2502","2860 - ","1,010,100.52","","-","BOON WAI JIE","RCMS - CR FPX","","-"
"506061304070","Current Account","GENTING MALAYSIA BERHAD","MYR","2020-08-21 MY (UTC+08:00)","2020-08-21 MY (UTC+08:00)","7","97","1,690.00","1,000.00","-","-","21/Aug/2020 MY (UTC+08:00)","18:26 MY (UTC+08:00)","2008211825260538","T024444298220","-","450.00","025 - Office","FC8B","2502","2860 - ","1,010,550.52","","-","CIK NURUL NAJWA BINT","RCMS - CR FPX","","-"
"506061304070","Current Account","GENTING MALAYSIA BERHAD","MYR","2020-08-21 MY (UTC+08:00)","2020-08-21 MY (UTC+08:00)","7","97","1,690.00","1,000.00","-","-","21/Aug/2020 MY (UTC+08:00)","19:11 MY (UTC+08:00)","2008211910470453","T024447980120","-","70.00","025 - Office","FC8B","2502","2860 - ","1,010,620.52","","-","FONG CHOE FAH","RCMS - CR FPX","","-"
"506061304070","Current Account","GENTING MALAYSIA BERHAD","MYR","2020-08-21 MY (UTC+08:00)","2020-08-21 MY (UTC+08:00)","7","97","1,690.00","1,000.00","-","-","21/Aug/2020 MY (UTC+08:00)","19:20 MY (UTC+08:00)","2008211919420043","T024448670420","-","160.00","025 - Office","FC8B","2502","2860 - ","1,010,780.52","","-","TIANG WAI PING","RCMS - CR FPX","","-"
"506061304070","Current Account","GENTING MALAYSIA BERHAD","MYR","2020-08-21 MY (UTC+08:00)","2020-08-21 MY (UTC+08:00)","7","97","1,690.00","1,000.00","-","-","21/Aug/2020 MY (UTC+08:00)","20:04 MY (UTC+08:00)","2008212003310849","T024452151020","-","190.00","025 - Office","FC8B","2502","2860 - ","1,010,970.52","","-","LOW HUAT MENG","RCMS - CR FPX","","-"
"506061304070","Current Account","GENTING MALAYSIA BERHAD","MYR","2020-08-21 MY (UTC+08:00)","2020-08-21 MY (UTC+08:00)","7","97","1,690.00","1,000.00","-","-","21/Aug/2020 MY (UTC+08:00)","20:15 MY (UTC+08:00)","2008212014320190","T024453099620","-","110.00","025 - Office","FC8D","2502","2860 - ","1,011,080.52","","-","PANG HAI KEN","RCMS - CR FPX","","-"
"506061304070","Current Account","GENTING MALAYSIA BERHAD","MYR","2020-08-21 MY (UTC+08:00)","2020-08-21 MY (UTC+08:00)","7","97","1,690.00","1,000.00","-","-","21/Aug/2020 MY (UTC+08:00)","20:59 MY (UTC+08:00)","2008212058270704","T024456995420","-","249.00","025 - Office","FC89","2502","2860 - ","1,011,329.52","","-","SHIKH ALIF FIRDAUS B","RCMS - CR FPX","","-"
"506061304070","Current Account","GENTING MALAYSIA BERHAD","MYR","2020-08-21 MY (UTC+08:00)","2020-08-21 MY (UTC+08:00)","7","97","1,690.00","1,000.00","-","-","21/Aug/2020 MY (UTC+08:00)","21:02 MY (UTC+08:00)","2008212100480521","T024457221320","-","70.00","025 - Office","FC8B","2502","2860 - ","1,011,399.52","","-","TYO CHIN SIONG","RCMS - CR FPX","","-"
"506061304070","Current Account","GENTING MALAYSIA BERHAD","MYR","2020-08-21 MY (UTC+08:00)","2020-08-21 MY (UTC+08:00)","7","97","1,690.00","1,000.00","-","-","21/Aug/2020 MY (UTC+08:00)","21:13 MY (UTC+08:00)","2008212112130945","T024458192120","-","270.00","025 - Office","FC89","2502","2860 - ","1,011,669.52","","-","LEE WAI SEONG","RCMS - CR FPX","","-"
"506061304070","Current Account","GENTING MALAYSIA BERHAD","MYR","2020-08-21 MY (UTC+08:00)","2020-08-21 MY (UTC+08:00)","7","97","1,690.00","1,000.00","-","-","21/Aug/2020 MY (UTC+08:00)","21:28 MY (UTC+08:00)","2008212127430200","T024459558920","-","200.00","025 - Office","FC8A","2502","2860 - ","1,011,869.52","","-","PUNG ZHEI JIN","RCMS - CR FPX","","-"
"506061304070","Current Account","GENTING MALAYSIA BERHAD","MYR","2020-08-21 MY (UTC+08:00)","2020-08-21 MY (UTC+08:00)","7","97","1,690.00","1,000.00","-","-","21/Aug/2020 MY (UTC+08:00)","21:31 MY (UTC+08:00)","2008212130420657","T024459796520","-","229.00","025 - Office","FC89","2502","2860 - ","1,012,098.52","","-","TAN CHUI KEM","RCMS - CR FPX","","-"
"506061304070","Current Account","GENTING MALAYSIA BERHAD","MYR","2020-08-21 MY (UTC+08:00)","2020-08-21 MY (UTC+08:00)","7","97","1,690.00","1,000.00","-","-","21/Aug/2020 MY (UTC+08:00)","21:35 MY (UTC+08:00)","CMS - DR CORP CHG","B2CSE00037674","16.50","-","025 - Office","CBSX410N","2502","CDRCHG - CMS - DR CORP CHG","1,012,082.02","","-","","CMS - DR CORP CHG","","-"
"506061304070","Current Account","GENTING MALAYSIA BERHAD","MYR","2020-08-21 MY (UTC+08:00)","2020-08-21 MY (UTC+08:00)","7","97","1,690.00","1,000.00","-","-","21/Aug/2020 MY (UTC+08:00)","21:38 MY (UTC+08:00)","2008212137040913","T024460372520","-","160.00","025 - Office","FC89","2502","2860 - ","1,012,242.02","","-","BABY SASHA N MOM","RCMS - CR FPX","","-"
"506061304070","Current Account","GENTING MALAYSIA BERHAD","MYR","2020-08-21 MY (UTC+08:00)","2020-08-21 MY (UTC+08:00)","7","97","1,690.00","1,000.00","-","-","21/Aug/2020 MY (UTC+08:00)","21:46 MY (UTC+08:00)","2008212144180876","T024460968620","-","300.00","025 - Office","FC8B","2502","2860 - ","1,012,542.02","","-","MS NORLIZA HAYATI","RCMS - CR FPX","","-"
"506061304070","Current Account","GENTING MALAYSIA BERHAD","MYR","2020-08-21 MY (UTC+08:00)","2020-08-21 MY (UTC+08:00)","7","97","1,690.00","1,000.00","-","-","21/Aug/2020 MY (UTC+08:00)","21:47 MY (UTC+08:00)","2008212145310243","T024461076320","-","240.00","025 - Office","FC8A","2502","2860 - ","1,012,782.02","","-","CHONG LOK HONG","RCMS - CR FPX","","-"
"506061304070","Current Account","GENTING MALAYSIA BERHAD","MYR","2020-08-21 MY (UTC+08:00)","2020-08-21 MY (UTC+08:00)","7","97","1,690.00","1,000.00","-","-","21/Aug/2020 MY (UTC+08:00)","21:48 MY (UTC+08:00)","2008212147240369","T024461250320","-","70.00","025 - Office","FC89","2502","2860 - ","1,012,852.02","","-","THONG TECK SING","RCMS - CR FPX","","-"
"506061304070","Current Account","GENTING MALAYSIA BERHAD","MYR","2020-08-21 MY (UTC+08:00)","2020-08-21 MY (UTC+08:00)","7","97","1,690.00","1,000.00","-","-","21/Aug/2020 MY (UTC+08:00)","22:02 MY (UTC+08:00)","2008212201200463","T024462385220","-","80.00","025 - Office","FC89","2502","2860 - ","1,012,932.02","","-","BRIDGET GREGORY JOIT","RCMS - CR FPX","","-"
"506061304070","Current Account","GENTING MALAYSIA BERHAD","MYR","2020-08-21 MY (UTC+08:00)","2020-08-21 MY (UTC+08:00)","7","97","1,690.00","1,000.00","-","-","21/Aug/2020 MY (UTC+08:00)","22:04 MY (UTC+08:00)","2008212203360918","T024462611420","-","800.00","025 - Office","FC8A","2502","2860 - ","1,013,732.02","","-","LIM CHEE HWA","RCMS - CR FPX","","-"
"506061304070","Current Account","GENTING MALAYSIA BERHAD","MYR","2020-08-21 MY (UTC+08:00)","2020-08-21 MY (UTC+08:00)","7","97","1,690.00","1,000.00","-","-","21/Aug/2020 MY (UTC+08:00)","22:07 MY (UTC+08:00)","2008212205420175","T024462779420","-","140.00","025 - Office","FC8A","2502","2860 - ","1,013,872.02","","-","TAN LIH UEI","RCMS - CR FPX","","-"
"506061304070","Current Account","GENTING MALAYSIA BERHAD","MYR","2020-08-21 MY (UTC+08:00)","2020-08-21 MY (UTC+08:00)","7","97","1,690.00","1,000.00","-","-","21/Aug/2020 MY (UTC+08:00)","22:09 MY (UTC+08:00)","2008212208160776","T024462988520","-","80.00","025 - Office","FC8A","2502","2860 - ","1,013,952.02","","-","SIAW KOK THYE","RCMS - CR FPX","","-"
"506061304070","Current Account","GENTING MALAYSIA BERHAD","MYR","2020-08-21 MY (UTC+08:00)","2020-08-21 MY (UTC+08:00)","7","97","1,690.00","1,000.00","-","-","21/Aug/2020 MY (UTC+08:00)","22:13 MY (UTC+08:00)","2008212211290099","T024463257020","-","140.00","025 - Office","FC89","2502","2860 - ","1,014,092.02","","-","TAN LIH UEI","RCMS - CR FPX","","-"
"506061304070","Current Account","GENTING MALAYSIA BERHAD","MYR","2020-08-21 MY (UTC+08:00)","2020-08-21 MY (UTC+08:00)","7","97","1,690.00","1,000.00","-","-","21/Aug/2020 MY (UTC+08:00)","22:17 MY (UTC+08:00)","2008212216440312","T024463644320","-","140.00","025 - Office","FC89","2502","2860 - ","1,014,232.02","","-","CHIA YONG CHOW","RCMS - CR FPX","","-"
"506061304070","Current Account","GENTING MALAYSIA BERHAD","MYR","2020-08-21 MY (UTC+08:00)","2020-08-21 MY (UTC+08:00)","7","97","1,690.00","1,000.00","-","-","21/Aug/2020 MY (UTC+08:00)","22:23 MY (UTC+08:00)","2008212222360302","T024464107820","-","300.00","025 - Office","FC8A","2502","2860 - ","1,014,532.02","","-","NAJWA BINTI AZHAR","RCMS - CR FPX","","-"
"506061304070","Current Account","GENTING MALAYSIA BERHAD","MYR","2020-08-21 MY (UTC+08:00)","2020-08-21 MY (UTC+08:00)","7","97","1,690.00","1,000.00","-","-","21/Aug/2020 MY (UTC+08:00)","23:05 MY (UTC+08:00)","2008212304190522","T024467061020","-","80.00","025 - Office","FC89","2502","2860 - ","1,014,612.02","","-","SIA KIAN SHYANG","RCMS - CR FPX","","-"
"506061304070","Current Account","GENTING MALAYSIA BERHAD","MYR","2020-08-21 MY (UTC+08:00)","2020-08-21 MY (UTC+08:00)","7","97","1,690.00","1,000.00","-","-","21/Aug/2020 MY (UTC+08:00)","23:06 MY (UTC+08:00)","2008212305130301","T024467124320","-","70.00","025 - Office","FC89","2502","2860 - ","1,014,682.02","","-","HUI ZHI WEI","RCMS - CR FPX","","-"
"506061304070","Current Account","GENTING MALAYSIA BERHAD","MYR","2020-08-21 MY (UTC+08:00)","2020-08-21 MY (UTC+08:00)","7","97","1,690.00","1,000.00","-","-","21/Aug/2020 MY (UTC+08:00)","23:22 MY (UTC+08:00)","2008212322010241","T024468162920","-","160.00","025 - Office","FC89","2502","2860 - ","1,014,842.02","","-","AHMED JUNAID KHAN","RCMS - CR FPX","","-"
"506061304070","Current Account","GENTING MALAYSIA BERHAD","MYR","2020-08-21 MY (UTC+08:00)","2020-08-21 MY (UTC+08:00)","7","97","1,690.00","1,000.00","-","-","21/Aug/2020 MY (UTC+08:00)","23:27 MY (UTC+08:00)","2008212326400830","T024468412520","-","110.00","025 - Office","FC8D","2502","2860 - ","1,014,952.02","","-","TEE WINNE","RCMS - CR FPX","","-"
"506061304070","Current Account","GENTING MALAYSIA BERHAD","MYR","2020-08-21 MY (UTC+08:00)","2020-08-21 MY (UTC+08:00)","7","97","1,690.00","1,000.00","-","-","21/Aug/2020 MY (UTC+08:00)","00:44 MY (UTC+08:00)","QRCASA SALES M/N 0035268 DATED 21082020","","-","0.10","011 - System","CBSX425P","2988","8301 - BILLS PAYMENT CREDIT","1,014,952.12","","-","","","","-"
"506061304070","Current Account","GENTING MALAYSIA BERHAD","MYR","2020-08-21 MY (UTC+08:00)","2020-08-21 MY (UTC+08:00)","7","97","1,690.00","1,000.00","-","-","21/Aug/2020 MY (UTC+08:00)","00:44 MY (UTC+08:00)","QRCASA SALES M/N 0035433 DATED 21082020","","-","525.00","011 - System","CBSX425P","2988","8301 - BILLS PAYMENT CREDIT","1,015,477.12","","-","","","","-"
"506061304070","Current Account","GENTING MALAYSIA BERHAD","MYR","2020-08-21 MY (UTC+08:00)","2020-08-21 MY (UTC+08:00)","7","97","1,690.00","1,000.00","-","-","21/Aug/2020 MY (UTC+08:00)","00:44 MY (UTC+08:00)","S/C TRANS VIA QRPAY 000027060035433","","1.31","-","011 - System","CBSX4237","2996","PCSCDR - PAYEE CORP SERVICE CHARGE DEBIT","1,015,475.81","","-","","","","-"
"506061304070","Current Account","GENTING MALAYSIA BERHAD","MYR","2020-08-21 MY (UTC+08:00)","2020-08-21 MY (UTC+08:00)","7","97","1,690.00","1,000.00","-","-","21/Aug/2020 MY (UTC+08:00)","01:15 MY (UTC+08:00)","XFR DEBIT SVC CHARGE","","2.00","-","011 - System","BTCH6587","0606","XFRDRSVC - SERVICE CHARGE","1,015,473.81","","-","","","","-"
"506061304070","Current Account","GENTING MALAYSIA BERHAD","MYR","2020-08-21 MY (UTC+08:00)","2020-08-21 MY (UTC+08:00)","7","97","1,690.00","1,000.00","-","-","21/Aug/2020 MY (UTC+08:00)","01:15 MY (UTC+08:00)","GENTING MALAYSIA BERHAD","514011468149","1,023,402.26","-","011 - System","BTCH6587","0606","XFRDR - FUND TRANSFER DEBIT","-7,928.45","","-","","","","-"
"506061304070","Current Account","GENTING MALAYSIA BERHAD","MYR","2020-08-21 MY (UTC+08:00)","2020-08-21 MY (UTC+08:00)","7","97","1,690.00","1,000.00","-","-","21/Aug/2020 MY (UTC+08:00)","02:07 MY (UTC+08:00)","DR/CARD SALES M/N 4000006 DATED 20082020","","-","166.00","006 - Pos","CBSX408R","2977","8300 - CREDIT ACCOUNT","-7,762.45","","-","","","","-"
"506061304070","Current Account","GENTING MALAYSIA BERHAD","MYR","2020-08-21 MY (UTC+08:00)","2020-08-21 MY (UTC+08:00)","7","97","1,690.00","1,000.00","-","-","21/Aug/2020 MY (UTC+08:00)","02:08 MY (UTC+08:00)","DR/CARD SALES M/N 4000006 DATED 20082020","","0.42","-","011 - System","CBSX408R","2981","BCHARGE - ELECTRONIC TRANSACTION CHARGES","-7,762.87","","-","","","","-"
"506061304070","Current Account","GENTING MALAYSIA BERHAD","MYR","2020-08-21 MY (UTC+08:00)","2020-08-21 MY (UTC+08:00)","7","97","1,690.00","1,000.00","-","-","21/Aug/2020 MY (UTC+08:00)","02:10 MY (UTC+08:00)","DR/CARD SALES M/N 4000006 DATED 20082020","","-","370.00","006 - Pos","CBSX408R","3121","8300 - CREDIT ACCOUNT","-7,392.87","","-","","","","-"
"506061304070","Current Account","GENTING MALAYSIA BERHAD","MYR","2020-08-21 MY (UTC+08:00)","2020-08-21 MY (UTC+08:00)","7","97","1,690.00","1,000.00","-","-","21/Aug/2020 MY (UTC+08:00)","02:10 MY (UTC+08:00)","DR/CARD SALES M/N 4000006 DATED 20082020","","0.93","-","011 - System","CBSX408R","2981","BCHARGE - ELECTRONIC TRANSACTION CHARGES","-7,393.80","","-","","","","-"
"506061304070","Current Account","GENTING MALAYSIA BERHAD","MYR","2020-08-21 MY (UTC+08:00)","2020-08-21 MY (UTC+08:00)","7","97","1,690.00","1,000.00","-","-","21/Aug/2020 MY (UTC+08:00)","04:01 MY (UTC+08:00)","2008210400270064","T024375726020","-","395.00","025 - Office","FC89","2502","2860 - ","-6,998.80","","-","YEW YANG CHEE","RCMS - CR FPX","","-"
"506061304070","Current Account","GENTING MALAYSIA BERHAD","MYR","2020-08-21 MY (UTC+08:00)","2020-08-21 MY (UTC+08:00)","7","97","1,690.00","1,000.00","-","-","21/Aug/2020 MY (UTC+08:00)","05:21 MY (UTC+08:00)","9207003443 CR/CARD SALES  DATED 21082020","34432108","-","2,815.76","011 - System","CBSX4498","3104","2210 - CARDS CREDIT","-4,183.04","","-","","","","-"
"506061304070","Current Account","GENTING MALAYSIA BERHAD","MYR","2020-08-21 MY (UTC+08:00)","2020-08-21 MY (UTC+08:00)","7","97","1,690.00","1,000.00","-","-","21/Aug/2020 MY (UTC+08:00)","05:21 MY (UTC+08:00)","9204453906 CR/CARD SALES  DATED 21082020","39062108","-","21.64","011 - System","CBSX4498","3104","2210 - CARDS CREDIT","-4,161.40","","-","","","","-"
"506061304070","Current Account","GENTING MALAYSIA BERHAD","MYR","2020-08-21 MY (UTC+08:00)","2020-08-21 MY (UTC+08:00)","7","97","1,690.00","1,000.00","-","-","21/Aug/2020 MY (UTC+08:00)","05:21 MY (UTC+08:00)","9204144851 CR/CARD SALES  DATED 21082020","48512108","-","108.18","011 - System","CBSX4498","3104","2210 - CARDS CREDIT","-4,053.22","","-","","","","-"
"506061304070","Current Account","GENTING MALAYSIA BERHAD","MYR","2020-08-21 MY (UTC+08:00)","2020-08-21 MY (UTC+08:00)","7","97","1,690.00","1,000.00","-","-","21/Aug/2020 MY (UTC+08:00)","05:21 MY (UTC+08:00)","9204135032 CR/CARD SALES  DATED 21082020","50322108","-","177.03","011 - System","CBSX4498","3104","2210 - CARDS CREDIT","-3,876.19","","-","","","","-"
"506061304070","Current Account","GENTING MALAYSIA BERHAD","MYR","2020-08-21 MY (UTC+08:00)","2020-08-21 MY (UTC+08:00)","7","97","1,690.00","1,000.00","-","-","21/Aug/2020 MY (UTC+08:00)","05:21 MY (UTC+08:00)","9204106918 CR/CARD SALES  DATED 21082020","69182108","-","147.52","011 - System","CBSX4498","3104","2210 - CARDS CREDIT","-3,728.67","","-","","","","-"
"506061304070","Current Account","GENTING MALAYSIA BERHAD","MYR","2020-08-21 MY (UTC+08:00)","2020-08-21 MY (UTC+08:00)","7","97","1,690.00","1,000.00","-","-","21/Aug/2020 MY (UTC+08:00)","05:21 MY (UTC+08:00)","9204079313 CR/CARD SALES  DATED 21082020","93132108","-","4,533.94","011 - System","CBSX4498","3104","2210 - CARDS CREDIT","805.27","","-","","","","-"
"506061304070","Current Account","GENTING MALAYSIA BERHAD","MYR","2020-08-21 MY (UTC+08:00)","2020-08-21 MY (UTC+08:00)","7","97","1,690.00","1,000.00","-","-","21/Aug/2020 MY (UTC+08:00)","05:21 MY (UTC+08:00)","9204219414 CR/CARD SALES  DATED 21082020","94142108","-","194.73","011 - System","CBSX4498","3104","2210 - CARDS CREDIT","1,000.00","","-","","","","-"
