﻿Account Number,Account Type,Account Name,Account Currency,Date From,Date To,Total Debit,Total Credit,Begin Balance,End Balance,Transaction Date,Transaction Time,Posting Date,Processing Time,Transaction Description,Transaction Ref,Debit,Credit,Source Code,Teller ID,Branch/Channel,Transaction Code,End Balance,Filler,Virtual Account,Transaction Description 2,Transaction Description 3,Transaction Description 4,Expiry Date
"506061304070","Current Account","GENTING MALAYSIA BERHAD","MYR","2020-08-27 MY (UTC+08:00)","2020-08-27 MY (UTC+08:00)","7","122","1,000.00","1,000.00","-","-","27/Aug/2020 MY (UTC+08:00)","07:02 MY (UTC+08:00)","2008270700040027","T025111513520","-","70.00","025 - Office","FC8B","2502","2860 - ","1,070.00","","-","LIM JIAN FU","RCMS - CR FPX","","-"
"506061304070","Current Account","GENTING MALAYSIA BERHAD","MYR","2020-08-27 MY (UTC+08:00)","2020-08-27 MY (UTC+08:00)","7","122","1,000.00","1,000.00","-","-","27/Aug/2020 MY (UTC+08:00)","07:27 MY (UTC+08:00)","2008270726200994","T025112680820","-","80.00","025 - Office","FC8B","2502","2860 - ","1,150.00","","-","ONG SOO PENG","RCMS - CR FPX","","-"
"506061304070","Current Account","GENTING MALAYSIA BERHAD","MYR","2020-08-27 MY (UTC+08:00)","2020-08-27 MY (UTC+08:00)","7","122","1,000.00","1,000.00","-","-","27/Aug/2020 MY (UTC+08:00)","07:52 MY (UTC+08:00)","2008270751480337","T025114209620","-","180.00","025 - Office","FC8A","2502","2860 - ","1,330.00","","-","CHAN HUI SHAN","RCMS - CR FPX","","-"
"506061304070","Current Account","GENTING MALAYSIA BERHAD","MYR","2020-08-27 MY (UTC+08:00)","2020-08-27 MY (UTC+08:00)","7","122","1,000.00","1,000.00","-","-","27/Aug/2020 MY (UTC+08:00)","08:05 MY (UTC+08:00)","2008270804240986","T025115240120","-","160.00","025 - Office","FC8A","2502","2860 - ","1,490.00","","-","TAN SHAO WEI","RCMS - CR FPX","","-"
"506061304070","Current Account","GENTING MALAYSIA BERHAD","MYR","2020-08-27 MY (UTC+08:00)","2020-08-27 MY (UTC+08:00)","7","122","1,000.00","1,000.00","-","-","27/Aug/2020 MY (UTC+08:00)","08:18 MY (UTC+08:00)","2008270817250636","T025116414020","-","70.00","025 - Office","FC8A","2502","2860 - ","1,560.00","","-","CIK ROKIAH BINTI MOH","RCMS - CR FPX","","-"
"506061304070","Current Account","GENTING MALAYSIA BERHAD","MYR","2020-08-27 MY (UTC+08:00)","2020-08-27 MY (UTC+08:00)","7","122","1,000.00","1,000.00","-","-","27/Aug/2020 MY (UTC+08:00)","08:31 MY (UTC+08:00)","CR/CARD SALES M/N 4000006 DATED 26082020","00062608","-","3,466.28","011 - System","CBSX4498","2719","2981 - MERCHANT CREDIT CARD SALES","5,026.28","","-","","","","-"
"506061304070","Current Account","GENTING MALAYSIA BERHAD","MYR","2020-08-27 MY (UTC+08:00)","2020-08-27 MY (UTC+08:00)","7","122","1,000.00","1,000.00","-","-","27/Aug/2020 MY (UTC+08:00)","08:31 MY (UTC+08:00)","CR/CARD SALES M/N 4221339 DATED 26082020","13392608","-","13,787.20","011 - System","CBSX4498","2719","2981 - MERCHANT CREDIT CARD SALES","18,813.48","","-","","","","-"
"506061304070","Current Account","GENTING MALAYSIA BERHAD","MYR","2020-08-27 MY (UTC+08:00)","2020-08-27 MY (UTC+08:00)","7","122","1,000.00","1,000.00","-","-","27/Aug/2020 MY (UTC+08:00)","08:31 MY (UTC+08:00)","CR/CARD SALES M/N 4221552 DATED 26082020","15522608","-","3,527.45","011 - System","CBSX4498","2719","2981 - MERCHANT CREDIT CARD SALES","22,340.93","","-","","","","-"
"506061304070","Current Account","GENTING MALAYSIA BERHAD","MYR","2020-08-27 MY (UTC+08:00)","2020-08-27 MY (UTC+08:00)","7","122","1,000.00","1,000.00","-","-","27/Aug/2020 MY (UTC+08:00)","08:31 MY (UTC+08:00)","CR/CARD SALES M/N 1813880 DATED 26082020","38802608","-","3,161.57","011 - System","CBSX4498","2719","2981 - MERCHANT CREDIT CARD SALES","25,502.50","","-","","","","-"
"506061304070","Current Account","GENTING MALAYSIA BERHAD","MYR","2020-08-27 MY (UTC+08:00)","2020-08-27 MY (UTC+08:00)","7","122","1,000.00","1,000.00","-","-","27/Aug/2020 MY (UTC+08:00)","08:31 MY (UTC+08:00)","CR/CARD SALES M/N 4185062 DATED 26082020","50622608","-","44,625.45","011 - System","CBSX4498","2719","2981 - MERCHANT CREDIT CARD SALES","70,127.95","","-","","","","-"
"506061304070","Current Account","GENTING MALAYSIA BERHAD","MYR","2020-08-27 MY (UTC+08:00)","2020-08-27 MY (UTC+08:00)","7","122","1,000.00","1,000.00","-","-","27/Aug/2020 MY (UTC+08:00)","08:31 MY (UTC+08:00)","CR/CARD SALES M/N 4225124 DATED 26082020","51242608","-","382.20","011 - System","CBSX4498","2719","2981 - MERCHANT CREDIT CARD SALES","70,510.15","","-","","","","-"
"506061304070","Current Account","GENTING MALAYSIA BERHAD","MYR","2020-08-27 MY (UTC+08:00)","2020-08-27 MY (UTC+08:00)","7","122","1,000.00","1,000.00","-","-","27/Aug/2020 MY (UTC+08:00)","08:31 MY (UTC+08:00)","CR/CARD SALES M/N 4225140 DATED 26082020","51402608","-","3,050.75","011 - System","CBSX4498","2719","2981 - MERCHANT CREDIT CARD SALES","73,560.90","","-","","","","-"
"506061304070","Current Account","GENTING MALAYSIA BERHAD","MYR","2020-08-27 MY (UTC+08:00)","2020-08-27 MY (UTC+08:00)","7","122","1,000.00","1,000.00","-","-","27/Aug/2020 MY (UTC+08:00)","08:31 MY (UTC+08:00)","CR/CARD SALES M/N 1055342 DATED 26082020","53422608","-","9,137.59","011 - System","CBSX4498","2719","2981 - MERCHANT CREDIT CARD SALES","82,698.49","","-","","","","-"
"506061304070","Current Account","GENTING MALAYSIA BERHAD","MYR","2020-08-27 MY (UTC+08:00)","2020-08-27 MY (UTC+08:00)","7","122","1,000.00","1,000.00","-","-","27/Aug/2020 MY (UTC+08:00)","08:31 MY (UTC+08:00)","CR/CARD SALES M/N 4145744 DATED 26082020","57442608","-","142.49","011 - System","CBSX4498","2719","2981 - MERCHANT CREDIT CARD SALES","82,840.98","","-","","","","-"
"506061304070","Current Account","GENTING MALAYSIA BERHAD","MYR","2020-08-27 MY (UTC+08:00)","2020-08-27 MY (UTC+08:00)","7","122","1,000.00","1,000.00","-","-","27/Aug/2020 MY (UTC+08:00)","08:31 MY (UTC+08:00)","CR/CARD SALES M/N 7008915 DATED 26082020","89152608","-","26,976.91","011 - System","CBSX4498","2719","2981 - MERCHANT CREDIT CARD SALES","109,817.89","","-","","","","-"
"506061304070","Current Account","GENTING MALAYSIA BERHAD","MYR","2020-08-27 MY (UTC+08:00)","2020-08-27 MY (UTC+08:00)","7","122","1,000.00","1,000.00","-","-","27/Aug/2020 MY (UTC+08:00)","08:31 MY (UTC+08:00)","CR/CARD SALES M/N 4179180 DATED 26082020","91802608","-","8,271.41","011 - System","CBSX4498","2719","2981 - MERCHANT CREDIT CARD SALES","118,089.30","","-","","","","-"
"506061304070","Current Account","GENTING MALAYSIA BERHAD","MYR","2020-08-27 MY (UTC+08:00)","2020-08-27 MY (UTC+08:00)","7","122","1,000.00","1,000.00","-","-","27/Aug/2020 MY (UTC+08:00)","08:31 MY (UTC+08:00)","CR/CARD SALES M/N 4179883 DATED 26082020","98832608","-","240.88","011 - System","CBSX4498","2719","2981 - MERCHANT CREDIT CARD SALES","118,330.18","","-","","","","-"
"506061304070","Current Account","GENTING MALAYSIA BERHAD","MYR","2020-08-27 MY (UTC+08:00)","2020-08-27 MY (UTC+08:00)","7","122","1,000.00","1,000.00","-","-","27/Aug/2020 MY (UTC+08:00)","08:31 MY (UTC+08:00)","CR/CARD SALES M/N 4239893 DATED 26082020","98932608","-","1,578.75","011 - System","CBSX4498","2719","2981 - MERCHANT CREDIT CARD SALES","119,908.93","","-","","","","-"
"506061304070","Current Account","GENTING MALAYSIA BERHAD","MYR","2020-08-27 MY (UTC+08:00)","2020-08-27 MY (UTC+08:00)","7","122","1,000.00","1,000.00","-","-","27/Aug/2020 MY (UTC+08:00)","08:43 MY (UTC+08:00)","2008270842130257","T025118759420","-","360.00","025 - Office","FC8A","2502","2860 - ","120,268.93","","-","MUHAMMAD ANIS BIN MO","RCMS - CR FPX","","-"
"506061304070","Current Account","GENTING MALAYSIA BERHAD","MYR","2020-08-27 MY (UTC+08:00)","2020-08-27 MY (UTC+08:00)","7","122","1,000.00","1,000.00","-","-","27/Aug/2020 MY (UTC+08:00)","09:01 MY (UTC+08:00)","2008270900370376","T025120781120","-","80.00","025 - Office","FC8D","2502","2860 - ","120,348.93","","-","BRYAN TAN SOON KIAN","RCMS - CR FPX","","-"
"506061304070","Current Account","GENTING MALAYSIA BERHAD","MYR","2020-08-27 MY (UTC+08:00)","2020-08-27 MY (UTC+08:00)","7","122","1,000.00","1,000.00","-","-","27/Aug/2020 MY (UTC+08:00)","09:06 MY (UTC+08:00)","2008270904110922","T025121195720","-","210.00","025 - Office","FC93","2502","2860 - ","120,558.93","","-","LEONG MUK SANG","RCMS - CR FPX","","-"
"506061304070","Current Account","GENTING MALAYSIA BERHAD","MYR","2020-08-27 MY (UTC+08:00)","2020-08-27 MY (UTC+08:00)","7","122","1,000.00","1,000.00","-","-","27/Aug/2020 MY (UTC+08:00)","09:31 MY (UTC+08:00)","2008270931140312","T025124454620","-","170.00","025 - Office","FC8A","2502","2860 - ","120,728.93","","-","NG HWEE SUEN","RCMS - CR FPX","","-"
"506061304070","Current Account","GENTING MALAYSIA BERHAD","MYR","2020-08-27 MY (UTC+08:00)","2020-08-27 MY (UTC+08:00)","7","122","1,000.00","1,000.00","-","-","27/Aug/2020 MY (UTC+08:00)","09:33 MY (UTC+08:00)","2008270932200861","T025124589320","-","170.00","025 - Office","FC8D","2502","2860 - ","120,898.93","","-","LIEW YEW HUNG","RCMS - CR FPX","","-"
"506061304070","Current Account","GENTING MALAYSIA BERHAD","MYR","2020-08-27 MY (UTC+08:00)","2020-08-27 MY (UTC+08:00)","7","122","1,000.00","1,000.00","-","-","27/Aug/2020 MY (UTC+08:00)","09:37 MY (UTC+08:00)","2008270936110219","T025125097220","-","70.00","025 - Office","FC8D","2502","2860 - ","120,968.93","","-","CIK ROKIAH BINTI MOH","RCMS - CR FPX","","-"
"506061304070","Current Account","GENTING MALAYSIA BERHAD","MYR","2020-08-27 MY (UTC+08:00)","2020-08-27 MY (UTC+08:00)","7","122","1,000.00","1,000.00","-","-","27/Aug/2020 MY (UTC+08:00)","09:38 MY (UTC+08:00)","2008270937070608","T025125264020","-","70.00","025 - Office","FC8B","2502","2860 - ","121,038.93","","-","LIN YEW SENG","RCMS - CR FPX","","-"
"506061304070","Current Account","GENTING MALAYSIA BERHAD","MYR","2020-08-27 MY (UTC+08:00)","2020-08-27 MY (UTC+08:00)","7","122","1,000.00","1,000.00","-","-","27/Aug/2020 MY (UTC+08:00)","10:03 MY (UTC+08:00)","2008271002400507","T025128473120","-","80.00","025 - Office","FC8A","2502","2860 - ","121,118.93","","-","CHUI ZHER YANG","RCMS - CR FPX","","-"
"506061304070","Current Account","GENTING MALAYSIA BERHAD","MYR","2020-08-27 MY (UTC+08:00)","2020-08-27 MY (UTC+08:00)","7","122","1,000.00","1,000.00","-","-","27/Aug/2020 MY (UTC+08:00)","10:13 MY (UTC+08:00)","2008271012250987","T025129687820","-","70.00","025 - Office","FC8C","2502","2860 - ","121,188.93","","-","NG LEE YUEN","RCMS - CR FPX","","-"
"506061304070","Current Account","GENTING MALAYSIA BERHAD","MYR","2020-08-27 MY (UTC+08:00)","2020-08-27 MY (UTC+08:00)","7","122","1,000.00","1,000.00","-","-","27/Aug/2020 MY (UTC+08:00)","10:26 MY (UTC+08:00)","2008271025560012","T025131402920","-","80.00","025 - Office","FC8A","2502","2860 - ","121,268.93","","-","LIM YAN TZUAN","RCMS - CR FPX","","-"
"506061304070","Current Account","GENTING MALAYSIA BERHAD","MYR","2020-08-27 MY (UTC+08:00)","2020-08-27 MY (UTC+08:00)","7","122","1,000.00","1,000.00","-","-","27/Aug/2020 MY (UTC+08:00)","10:47 MY (UTC+08:00)","2008271045590393","T025134081320","-","80.00","025 - Office","FC8C","2502","2860 - ","121,348.93","","-","NG YU WERN","RCMS - CR FPX","","-"
"506061304070","Current Account","GENTING MALAYSIA BERHAD","MYR","2020-08-27 MY (UTC+08:00)","2020-08-27 MY (UTC+08:00)","7","122","1,000.00","1,000.00","-","-","27/Aug/2020 MY (UTC+08:00)","10:53 MY (UTC+08:00)","H78785","78785","-","3,214.65","018 - Teller","0000544A","0606","7100 - CASH DEPOSIT","124,563.58","","-","","","","-"
"506061304070","Current Account","GENTING MALAYSIA BERHAD","MYR","2020-08-27 MY (UTC+08:00)","2020-08-27 MY (UTC+08:00)","7","122","1,000.00","1,000.00","-","-","27/Aug/2020 MY (UTC+08:00)","10:54 MY (UTC+08:00)","H78783","78783","-","35,661.00","018 - Teller","0000544A","0606","7100 - CASH DEPOSIT","160,224.58","","-","","","","-"
"506061304070","Current Account","GENTING MALAYSIA BERHAD","MYR","2020-08-27 MY (UTC+08:00)","2020-08-27 MY (UTC+08:00)","7","122","1,000.00","1,000.00","-","-","27/Aug/2020 MY (UTC+08:00)","10:55 MY (UTC+08:00)","H78784","78784","-","168,789.00","018 - Teller","0000544A","0606","7100 - CASH DEPOSIT","329,013.58","","-","","","","-"
"506061304070","Current Account","GENTING MALAYSIA BERHAD","MYR","2020-08-27 MY (UTC+08:00)","2020-08-27 MY (UTC+08:00)","7","122","1,000.00","1,000.00","-","-","27/Aug/2020 MY (UTC+08:00)","10:57 MY (UTC+08:00)","2008271056470958","T025135468820","-","70.00","025 - Office","FC8D","2502","2860 - ","329,083.58","","-","KERK HIAN HONG","RCMS - CR FPX","","-"
"506061304070","Current Account","GENTING MALAYSIA BERHAD","MYR","2020-08-27 MY (UTC+08:00)","2020-08-27 MY (UTC+08:00)","7","122","1,000.00","1,000.00","-","-","27/Aug/2020 MY (UTC+08:00)","11:15 MY (UTC+08:00)","2008271113190868","T025137978320","-","220.00","025 - Office","FC8B","2502","2860 - ","329,303.58","","-","SYARIFAH BT ZAKARIA","RCMS - CR FPX","","-"
"506061304070","Current Account","GENTING MALAYSIA BERHAD","MYR","2020-08-27 MY (UTC+08:00)","2020-08-27 MY (UTC+08:00)","7","122","1,000.00","1,000.00","-","-","27/Aug/2020 MY (UTC+08:00)","11:24 MY (UTC+08:00)","2008271123530437","T025139395820","-","70.00","025 - Office","FC8B","2502","2860 - ","329,373.58","","-","LEE KE QIN","RCMS - CR FPX","","-"
"506061304070","Current Account","GENTING MALAYSIA BERHAD","MYR","2020-08-27 MY (UTC+08:00)","2020-08-27 MY (UTC+08:00)","7","122","1,000.00","1,000.00","-","-","27/Aug/2020 MY (UTC+08:00)","11:44 MY (UTC+08:00)","2008271143560169","T025142051120","-","70.00","025 - Office","FC8B","2502","2860 - ","329,443.58","","-","MUHAMAD NOOR AMINUDI","RCMS - CR FPX","","-"
"506061304070","Current Account","GENTING MALAYSIA BERHAD","MYR","2020-08-27 MY (UTC+08:00)","2020-08-27 MY (UTC+08:00)","7","122","1,000.00","1,000.00","-","-","27/Aug/2020 MY (UTC+08:00)","11:49 MY (UTC+08:00)","2008271148210086","T025142632220","-","80.00","025 - Office","FC90","2502","2860 - ","329,523.58","","-","CHUAH WEI KHENG","RCMS - CR FPX","","-"
"506061304070","Current Account","GENTING MALAYSIA BERHAD","MYR","2020-08-27 MY (UTC+08:00)","2020-08-27 MY (UTC+08:00)","7","122","1,000.00","1,000.00","-","-","27/Aug/2020 MY (UTC+08:00)","12:04 MY (UTC+08:00)","2008271202570989","T025144715720","-","70.00","025 - Office","FC8E","2502","2860 - ","329,593.58","","-","GOH JER FOONG","RCMS - CR FPX","","-"
"506061304070","Current Account","GENTING MALAYSIA BERHAD","MYR","2020-08-27 MY (UTC+08:00)","2020-08-27 MY (UTC+08:00)","7","122","1,000.00","1,000.00","-","-","27/Aug/2020 MY (UTC+08:00)","12:07 MY (UTC+08:00)","2008271206210315","T025145198120","-","70.00","025 - Office","FC8A","2502","2860 - ","329,663.58","","-","TI KOK CHING","RCMS - CR FPX","","-"
"506061304070","Current Account","GENTING MALAYSIA BERHAD","MYR","2020-08-27 MY (UTC+08:00)","2020-08-27 MY (UTC+08:00)","7","122","1,000.00","1,000.00","-","-","27/Aug/2020 MY (UTC+08:00)","12:08 MY (UTC+08:00)","2008271207110880","T025145229020","-","325.00","025 - Office","FC8B","2502","2860 - ","329,988.58","","-","NURULJANNAH BINTI MO","RCMS - CR FPX","","-"
"506061304070","Current Account","GENTING MALAYSIA BERHAD","MYR","2020-08-27 MY (UTC+08:00)","2020-08-27 MY (UTC+08:00)","7","122","1,000.00","1,000.00","-","-","27/Aug/2020 MY (UTC+08:00)","12:25 MY (UTC+08:00)","2008271224520891","T025147719020","-","220.00","025 - Office","FC8B","2502","2860 - ","330,208.58","","-","CHEE CHEE KIAT","RCMS - CR FPX","","-"
"506061304070","Current Account","GENTING MALAYSIA BERHAD","MYR","2020-08-27 MY (UTC+08:00)","2020-08-27 MY (UTC+08:00)","7","122","1,000.00","1,000.00","-","-","27/Aug/2020 MY (UTC+08:00)","13:12 MY (UTC+08:00)","2008271311460722","T025153995620","-","160.00","025 - Office","FC8B","2502","2860 - ","330,368.58","","-","NG YONG KWAN","RCMS - CR FPX","","-"
"506061304070","Current Account","GENTING MALAYSIA BERHAD","MYR","2020-08-27 MY (UTC+08:00)","2020-08-27 MY (UTC+08:00)","7","122","1,000.00","1,000.00","-","-","27/Aug/2020 MY (UTC+08:00)","13:13 MY (UTC+08:00)","2008271312590838","T025154186720","-","110.00","025 - Office","FC8D","2502","2860 - ","330,478.58","","-","THAYANANTHA A/L GANA","RCMS - CR FPX","","-"
"506061304070","Current Account","GENTING MALAYSIA BERHAD","MYR","2020-08-27 MY (UTC+08:00)","2020-08-27 MY (UTC+08:00)","7","122","1,000.00","1,000.00","-","-","27/Aug/2020 MY (UTC+08:00)","13:16 MY (UTC+08:00)","2008271315020265","T025154490920","-","220.00","025 - Office","FC8B","2502","2860 - ","330,698.58","","-","CHOO TIAM LOY","RCMS - CR FPX","","-"
"506061304070","Current Account","GENTING MALAYSIA BERHAD","MYR","2020-08-27 MY (UTC+08:00)","2020-08-27 MY (UTC+08:00)","7","122","1,000.00","1,000.00","-","-","27/Aug/2020 MY (UTC+08:00)","13:32 MY (UTC+08:00)","2008271331240953","T025156466420","-","100.00","025 - Office","FC8F","2502","2860 - ","330,798.58","","-","MARSYA NURULAIDA BIN","RCMS - CR FPX","","-"
"506061304070","Current Account","GENTING MALAYSIA BERHAD","MYR","2020-08-27 MY (UTC+08:00)","2020-08-27 MY (UTC+08:00)","7","122","1,000.00","1,000.00","-","-","27/Aug/2020 MY (UTC+08:00)","13:45 MY (UTC+08:00)","2008271343360141","T025157965520","-","140.00","025 - Office","FC8C","2502","2860 - ","330,938.58","","-","CHAN YUEN WEI","RCMS - CR FPX","","-"
"506061304070","Current Account","GENTING MALAYSIA BERHAD","MYR","2020-08-27 MY (UTC+08:00)","2020-08-27 MY (UTC+08:00)","7","122","1,000.00","1,000.00","-","-","27/Aug/2020 MY (UTC+08:00)","13:49 MY (UTC+08:00)","2008271348170670","T025158516020","-","70.00","025 - Office","FC8D","2502","2860 - ","331,008.58","","-","AARNOLD A/L DAVID","RCMS - CR FPX","","-"
"506061304070","Current Account","GENTING MALAYSIA BERHAD","MYR","2020-08-27 MY (UTC+08:00)","2020-08-27 MY (UTC+08:00)","7","122","1,000.00","1,000.00","-","-","27/Aug/2020 MY (UTC+08:00)","13:51 MY (UTC+08:00)","2008260003220070","T024943345520","-","70.00","025 - Office","FC92","2502","2860 - ","331,078.58","","-","LIM HUI XUAN","RCMS - CR FPX","","-"
"506061304070","Current Account","GENTING MALAYSIA BERHAD","MYR","2020-08-27 MY (UTC+08:00)","2020-08-27 MY (UTC+08:00)","7","122","1,000.00","1,000.00","-","-","27/Aug/2020 MY (UTC+08:00)","13:53 MY (UTC+08:00)","2008271352280311","T025159033220","-","70.00","025 - Office","FC8C","2502","2860 - ","331,148.58","","-","SIAW NYUK CHOI","RCMS - CR FPX","","-"
"506061304070","Current Account","GENTING MALAYSIA BERHAD","MYR","2020-08-27 MY (UTC+08:00)","2020-08-27 MY (UTC+08:00)","7","122","1,000.00","1,000.00","-","-","27/Aug/2020 MY (UTC+08:00)","13:55 MY (UTC+08:00)","2008271352380556","T025158734120","-","386.00","025 - Office","FC8B","2502","2860 - ","331,534.58","","-","RAHMAT FIRST ENGIRNE","RCMS - CR FPX","","-"
"506061304070","Current Account","GENTING MALAYSIA BERHAD","MYR","2020-08-27 MY (UTC+08:00)","2020-08-27 MY (UTC+08:00)","7","122","1,000.00","1,000.00","-","-","27/Aug/2020 MY (UTC+08:00)","14:04 MY (UTC+08:00)","2008271403270215","T025160359820","-","140.00","025 - Office","FC8F","2502","2860 - ","331,674.58","","-","CHAN SIEW MUI","RCMS - CR FPX","","-"
"506061304070","Current Account","GENTING MALAYSIA BERHAD","MYR","2020-08-27 MY (UTC+08:00)","2020-08-27 MY (UTC+08:00)","7","122","1,000.00","1,000.00","-","-","27/Aug/2020 MY (UTC+08:00)","14:08 MY (UTC+08:00)","2008271407590328","T025160934320","-","200.00","025 - Office","FC8E","2502","2860 - ","331,874.58","","-","CHUNG TIAM KEN","RCMS - CR FPX","","-"
"506061304070","Current Account","GENTING MALAYSIA BERHAD","MYR","2020-08-27 MY (UTC+08:00)","2020-08-27 MY (UTC+08:00)","7","122","1,000.00","1,000.00","-","-","27/Aug/2020 MY (UTC+08:00)","14:29 MY (UTC+08:00)","2008271427500205","T025163330420","-","486.00","025 - Office","FC8A","2502","2860 - ","332,360.58","","-","NISWANI BINTI JAHARU","RCMS - CR FPX","","-"
"506061304070","Current Account","GENTING MALAYSIA BERHAD","MYR","2020-08-27 MY (UTC+08:00)","2020-08-27 MY (UTC+08:00)","7","122","1,000.00","1,000.00","-","-","27/Aug/2020 MY (UTC+08:00)","14:39 MY (UTC+08:00)","2008271437520555","T025164475220","-","80.00","025 - Office","FC8A","2502","2860 - ","332,440.58","","-","TEY RUOXI","RCMS - CR FPX","","-"
"506061304070","Current Account","GENTING MALAYSIA BERHAD","MYR","2020-08-27 MY (UTC+08:00)","2020-08-27 MY (UTC+08:00)","7","122","1,000.00","1,000.00","-","-","27/Aug/2020 MY (UTC+08:00)","14:55 MY (UTC+08:00)","2008271454430465","T025166420420","-","70.00","025 - Office","FC8C","2502","2860 - ","332,510.58","","-","WEE VUI SENG","RCMS - CR FPX","","-"
"506061304070","Current Account","GENTING MALAYSIA BERHAD","MYR","2020-08-27 MY (UTC+08:00)","2020-08-27 MY (UTC+08:00)","7","122","1,000.00","1,000.00","-","-","27/Aug/2020 MY (UTC+08:00)","15:00 MY (UTC+08:00)","2008271459480557","T025166996420","-","70.00","025 - Office","FC8E","2502","2860 - ","332,580.58","","-","WEE VUI SENG","RCMS - CR FPX","","-"
"506061304070","Current Account","GENTING MALAYSIA BERHAD","MYR","2020-08-27 MY (UTC+08:00)","2020-08-27 MY (UTC+08:00)","7","122","1,000.00","1,000.00","-","-","27/Aug/2020 MY (UTC+08:00)","15:06 MY (UTC+08:00)","2008271506020088","T025167675620","-","180.00","025 - Office","FC8B","2502","2860 - ","332,760.58","","-","WAN MUHAMMAD 'ATIFF","RCMS - CR FPX","","-"
"506061304070","Current Account","GENTING MALAYSIA BERHAD","MYR","2020-08-27 MY (UTC+08:00)","2020-08-27 MY (UTC+08:00)","7","122","1,000.00","1,000.00","-","-","27/Aug/2020 MY (UTC+08:00)","15:11 MY (UTC+08:00)","2008271510080603","T025168154420","-","360.00","025 - Office","FC8F","2502","2860 - ","333,120.58","","-","KHOR CHANG WENG","RCMS - CR FPX","","-"
"506061304070","Current Account","GENTING MALAYSIA BERHAD","MYR","2020-08-27 MY (UTC+08:00)","2020-08-27 MY (UTC+08:00)","7","122","1,000.00","1,000.00","-","-","27/Aug/2020 MY (UTC+08:00)","15:14 MY (UTC+08:00)","2008271513430160","T025168583120","-","110.00","025 - Office","FC8B","2502","2860 - ","333,230.58","","-","MADELINE HENRY LUYAN","RCMS - CR FPX","","-"
"506061304070","Current Account","GENTING MALAYSIA BERHAD","MYR","2020-08-27 MY (UTC+08:00)","2020-08-27 MY (UTC+08:00)","7","122","1,000.00","1,000.00","-","-","27/Aug/2020 MY (UTC+08:00)","15:19 MY (UTC+08:00)","2008271518160205","T025169050520","-","160.00","025 - Office","FC8A","2502","2860 - ","333,390.58","","-","GOH CHOY WAN","RCMS - CR FPX","","-"
"506061304070","Current Account","GENTING MALAYSIA BERHAD","MYR","2020-08-27 MY (UTC+08:00)","2020-08-27 MY (UTC+08:00)","7","122","1,000.00","1,000.00","-","-","27/Aug/2020 MY (UTC+08:00)","15:19 MY (UTC+08:00)","2008271519030453","T025169191520","-","70.00","025 - Office","FC8D","2502","2860 - ","333,460.58","","-","CHAN YOON CHUAN","RCMS - CR FPX","","-"
"506061304070","Current Account","GENTING MALAYSIA BERHAD","MYR","2020-08-27 MY (UTC+08:00)","2020-08-27 MY (UTC+08:00)","7","122","1,000.00","1,000.00","-","-","27/Aug/2020 MY (UTC+08:00)","15:23 MY (UTC+08:00)","2008271522240595","T025169555120","-","1,268.00","025 - Office","FC8E","2502","2860 - ","334,728.58","","-","NURRASHID RESOURCES","RCMS - CR FPX","","-"
"506061304070","Current Account","GENTING MALAYSIA BERHAD","MYR","2020-08-27 MY (UTC+08:00)","2020-08-27 MY (UTC+08:00)","7","122","1,000.00","1,000.00","-","-","27/Aug/2020 MY (UTC+08:00)","15:37 MY (UTC+08:00)","2008271536520073","T025171252520","-","70.00","025 - Office","FC8E","2502","2860 - ","334,798.58","","-","TIONG SIEW YIN","RCMS - CR FPX","","-"
"506061304070","Current Account","GENTING MALAYSIA BERHAD","MYR","2020-08-27 MY (UTC+08:00)","2020-08-27 MY (UTC+08:00)","7","122","1,000.00","1,000.00","-","-","27/Aug/2020 MY (UTC+08:00)","15:58 MY (UTC+08:00)","2008271557180368","T025173594620","-","110.00","025 - Office","FC8B","2502","2860 - ","334,908.58","","-","SHEE KAH WENG","RCMS - CR FPX","","-"
"506061304070","Current Account","GENTING MALAYSIA BERHAD","MYR","2020-08-27 MY (UTC+08:00)","2020-08-27 MY (UTC+08:00)","7","122","1,000.00","1,000.00","-","-","27/Aug/2020 MY (UTC+08:00)","16:29 MY (UTC+08:00)","2008271627450598","T025176999320","-","160.00","025 - Office","FC8D","2502","2860 - ","335,068.58","","-","YEO LI YIN","RCMS - CR FPX","","-"
"506061304070","Current Account","GENTING MALAYSIA BERHAD","MYR","2020-08-27 MY (UTC+08:00)","2020-08-27 MY (UTC+08:00)","7","122","1,000.00","1,000.00","-","-","27/Aug/2020 MY (UTC+08:00)","16:33 MY (UTC+08:00)","2008271633030407","T025177549820","-","70.00","025 - Office","FC8A","2502","2860 - ","335,138.58","","-","CHEW TUCK YEONG","RCMS - CR FPX","","-"
"506061304070","Current Account","GENTING MALAYSIA BERHAD","MYR","2020-08-27 MY (UTC+08:00)","2020-08-27 MY (UTC+08:00)","7","122","1,000.00","1,000.00","-","-","27/Aug/2020 MY (UTC+08:00)","16:46 MY (UTC+08:00)","2008271646000845","T025178904620","-","70.00","025 - Office","FC8D","2502","2860 - ","335,208.58","","-","TENGKU PUTERI ATIQAH","RCMS - CR FPX","","-"
"506061304070","Current Account","GENTING MALAYSIA BERHAD","MYR","2020-08-27 MY (UTC+08:00)","2020-08-27 MY (UTC+08:00)","7","122","1,000.00","1,000.00","-","-","27/Aug/2020 MY (UTC+08:00)","16:48 MY (UTC+08:00)","2008271647200995","T025179055520","-","80.00","025 - Office","FC8D","2502","2860 - ","335,288.58","","-","CHAN KIN FOO","RCMS - CR FPX","","-"
"506061304070","Current Account","GENTING MALAYSIA BERHAD","MYR","2020-08-27 MY (UTC+08:00)","2020-08-27 MY (UTC+08:00)","7","122","1,000.00","1,000.00","-","-","27/Aug/2020 MY (UTC+08:00)","16:58 MY (UTC+08:00)","2008271656460522","T025180165220","-","110.00","025 - Office","FC8F","2502","2860 - ","335,398.58","","-","TAN BENG SWEE","RCMS - CR FPX","","-"
"506061304070","Current Account","GENTING MALAYSIA BERHAD","MYR","2020-08-27 MY (UTC+08:00)","2020-08-27 MY (UTC+08:00)","7","122","1,000.00","1,000.00","-","-","27/Aug/2020 MY (UTC+08:00)","17:04 MY (UTC+08:00)","2008271703530130","T025180919720","-","110.00","025 - Office","FC8E","2502","2860 - ","335,508.58","","-","TAN BENG SWEE","RCMS - CR FPX","","-"
"506061304070","Current Account","GENTING MALAYSIA BERHAD","MYR","2020-08-27 MY (UTC+08:00)","2020-08-27 MY (UTC+08:00)","7","122","1,000.00","1,000.00","-","-","27/Aug/2020 MY (UTC+08:00)","18:05 MY (UTC+08:00)","2008271805010192","T025187441120","-","70.00","025 - Office","FC8B","2502","2860 - ","335,578.58","","-","CHIN LENG LENG","RCMS - CR FPX","","-"
"506061304070","Current Account","GENTING MALAYSIA BERHAD","MYR","2020-08-27 MY (UTC+08:00)","2020-08-27 MY (UTC+08:00)","7","122","1,000.00","1,000.00","-","-","27/Aug/2020 MY (UTC+08:00)","18:15 MY (UTC+08:00)","2008271814200571","T025188265220","-","180.00","025 - Office","FC8D","2502","2860 - ","335,758.58","","-","NHA BINA ENTERPRISE","RCMS - CR FPX","","-"
"506061304070","Current Account","GENTING MALAYSIA BERHAD","MYR","2020-08-27 MY (UTC+08:00)","2020-08-27 MY (UTC+08:00)","7","122","1,000.00","1,000.00","-","-","27/Aug/2020 MY (UTC+08:00)","18:42 MY (UTC+08:00)","2008271841060688","T025190837420","-","70.00","025 - Office","FC8C","2502","2860 - ","335,828.58","","-","TIONG SIEW YIN","RCMS - CR FPX","","-"
"506061304070","Current Account","GENTING MALAYSIA BERHAD","MYR","2020-08-27 MY (UTC+08:00)","2020-08-27 MY (UTC+08:00)","7","122","1,000.00","1,000.00","-","-","27/Aug/2020 MY (UTC+08:00)","18:44 MY (UTC+08:00)","2008271843290806","T025191093620","-","210.00","025 - Office","FC8D","2502","2860 - ","336,038.58","","-","NURUL AKMAL BIN SAWA","RCMS - CR FPX","","-"
"506061304070","Current Account","GENTING MALAYSIA BERHAD","MYR","2020-08-27 MY (UTC+08:00)","2020-08-27 MY (UTC+08:00)","7","122","1,000.00","1,000.00","-","-","27/Aug/2020 MY (UTC+08:00)","18:48 MY (UTC+08:00)","2008271847550718","T025191501320","-","140.00","025 - Office","FC8D","2502","2860 - ","336,178.58","","-","RENEE LAI TIAN XIN","RCMS - CR FPX","","-"
"506061304070","Current Account","GENTING MALAYSIA BERHAD","MYR","2020-08-27 MY (UTC+08:00)","2020-08-27 MY (UTC+08:00)","7","122","1,000.00","1,000.00","-","-","27/Aug/2020 MY (UTC+08:00)","18:52 MY (UTC+08:00)","2008271851550871","T025191862520","-","140.00","025 - Office","FC8A","2502","2860 - ","336,318.58","","-","RENEE LAI TIAN XIN","RCMS - CR FPX","","-"
"506061304070","Current Account","GENTING MALAYSIA BERHAD","MYR","2020-08-27 MY (UTC+08:00)","2020-08-27 MY (UTC+08:00)","7","122","1,000.00","1,000.00","-","-","27/Aug/2020 MY (UTC+08:00)","19:03 MY (UTC+08:00)","2008271902120392","T025192789220","-","100.00","025 - Office","FC8C","2502","2860 - ","336,418.58","","-","CHEAH KIAN YOONG","RCMS - CR FPX","","-"
"506061304070","Current Account","GENTING MALAYSIA BERHAD","MYR","2020-08-27 MY (UTC+08:00)","2020-08-27 MY (UTC+08:00)","7","122","1,000.00","1,000.00","-","-","27/Aug/2020 MY (UTC+08:00)","19:12 MY (UTC+08:00)","2008271911320832","T025193678720","-","140.00","025 - Office","FC8A","2502","2860 - ","336,558.58","","-","LIM CHEW YENG","RCMS - CR FPX","","-"
"506061304070","Current Account","GENTING MALAYSIA BERHAD","MYR","2020-08-27 MY (UTC+08:00)","2020-08-27 MY (UTC+08:00)","7","122","1,000.00","1,000.00","-","-","27/Aug/2020 MY (UTC+08:00)","19:16 MY (UTC+08:00)","2008271915570939","T025194139820","-","80.00","025 - Office","FC8B","2502","2860 - ","336,638.58","","-","BEH ZHEN HUI","RCMS - CR FPX","","-"
"506061304070","Current Account","GENTING MALAYSIA BERHAD","MYR","2020-08-27 MY (UTC+08:00)","2020-08-27 MY (UTC+08:00)","7","122","1,000.00","1,000.00","-","-","27/Aug/2020 MY (UTC+08:00)","19:20 MY (UTC+08:00)","2008271920060494","T025194548420","-","805.00","025 - Office","FC8D","2502","2860 - ","337,443.58","","-","CHAI YI XUAN","RCMS - CR FPX","","-"
"506061304070","Current Account","GENTING MALAYSIA BERHAD","MYR","2020-08-27 MY (UTC+08:00)","2020-08-27 MY (UTC+08:00)","7","122","1,000.00","1,000.00","-","-","27/Aug/2020 MY (UTC+08:00)","19:21 MY (UTC+08:00)","2008271920130648","T025194547820","-","80.00","025 - Office","FC8A","2502","2860 - ","337,523.58","","-","LOO SIM LEONG","RCMS - CR FPX","","-"
"506061304070","Current Account","GENTING MALAYSIA BERHAD","MYR","2020-08-27 MY (UTC+08:00)","2020-08-27 MY (UTC+08:00)","7","122","1,000.00","1,000.00","-","-","27/Aug/2020 MY (UTC+08:00)","19:39 MY (UTC+08:00)","2008271938180828","T025196217020","-","80.00","025 - Office","FC8A","2502","2860 - ","337,603.58","","-","PHUN KUI ZIAN","RCMS - CR FPX","","-"
"506061304070","Current Account","GENTING MALAYSIA BERHAD","MYR","2020-08-27 MY (UTC+08:00)","2020-08-27 MY (UTC+08:00)","7","122","1,000.00","1,000.00","-","-","27/Aug/2020 MY (UTC+08:00)","19:39 MY (UTC+08:00)","2008271938270034","T025196227520","-","170.00","025 - Office","FC8B","2502","2860 - ","337,773.58","","-","CHONG SIEW YONG","RCMS - CR FPX","","-"
"506061304070","Current Account","GENTING MALAYSIA BERHAD","MYR","2020-08-27 MY (UTC+08:00)","2020-08-27 MY (UTC+08:00)","7","122","1,000.00","1,000.00","-","-","27/Aug/2020 MY (UTC+08:00)","19:58 MY (UTC+08:00)","2008271957550310","T025197981320","-","140.00","025 - Office","FC8A","2502","2860 - ","337,913.58","","-","SELINA SIOW WENG YEE","RCMS - CR FPX","","-"
"506061304070","Current Account","GENTING MALAYSIA BERHAD","MYR","2020-08-27 MY (UTC+08:00)","2020-08-27 MY (UTC+08:00)","7","122","1,000.00","1,000.00","-","-","27/Aug/2020 MY (UTC+08:00)","20:10 MY (UTC+08:00)","2008272008220922","T025198953920","-","70.00","025 - Office","FC8C","2502","2860 - ","337,983.58","","-","NUR HAMIZAN BIN MOHA","RCMS - CR FPX","","-"
"506061304070","Current Account","GENTING MALAYSIA BERHAD","MYR","2020-08-27 MY (UTC+08:00)","2020-08-27 MY (UTC+08:00)","7","122","1,000.00","1,000.00","-","-","27/Aug/2020 MY (UTC+08:00)","20:32 MY (UTC+08:00)","2008272031130818","T025201340420","-","200.00","025 - Office","FC8B","2502","2860 - ","338,183.58","","-","NG LI YONG","RCMS - CR FPX","","-"
"506061304070","Current Account","GENTING MALAYSIA BERHAD","MYR","2020-08-27 MY (UTC+08:00)","2020-08-27 MY (UTC+08:00)","7","122","1,000.00","1,000.00","-","-","27/Aug/2020 MY (UTC+08:00)","20:33 MY (UTC+08:00)","2008272032020101","T025201450820","-","110.00","025 - Office","FC8D","2502","2860 - ","338,293.58","","-","LAM KWOK LEONG","RCMS - CR FPX","","-"
"506061304070","Current Account","GENTING MALAYSIA BERHAD","MYR","2020-08-27 MY (UTC+08:00)","2020-08-27 MY (UTC+08:00)","7","122","1,000.00","1,000.00","-","-","27/Aug/2020 MY (UTC+08:00)","20:52 MY (UTC+08:00)","2008272051220679","T025203496820","-","240.00","025 - Office","FC8A","2502","2860 - ","338,533.58","","-","NORKIAH BINTI MOHD T","RCMS - CR FPX","","-"
"506061304070","Current Account","GENTING MALAYSIA BERHAD","MYR","2020-08-27 MY (UTC+08:00)","2020-08-27 MY (UTC+08:00)","7","122","1,000.00","1,000.00","-","-","27/Aug/2020 MY (UTC+08:00)","20:53 MY (UTC+08:00)","2008272051460285","T025203522020","-","220.00","025 - Office","FC8E","2502","2860 - ","338,753.58","","-","WONG HUAN TING","RCMS - CR FPX","","-"
"506061304070","Current Account","GENTING MALAYSIA BERHAD","MYR","2020-08-27 MY (UTC+08:00)","2020-08-27 MY (UTC+08:00)","7","122","1,000.00","1,000.00","-","-","27/Aug/2020 MY (UTC+08:00)","21:10 MY (UTC+08:00)","2008272109070464","T025205389520","-","80.00","025 - Office","FC8C","2502","2860 - ","338,833.58","","-","NG CHEE YONG","RCMS - CR FPX","","-"
"506061304070","Current Account","GENTING MALAYSIA BERHAD","MYR","2020-08-27 MY (UTC+08:00)","2020-08-27 MY (UTC+08:00)","7","122","1,000.00","1,000.00","-","-","27/Aug/2020 MY (UTC+08:00)","21:23 MY (UTC+08:00)","2008272123050230","T025206846920","-","80.00","025 - Office","FC8A","2502","2860 - ","338,913.58","","-","CHEW YONG LIANG","RCMS - CR FPX","","-"
"506061304070","Current Account","GENTING MALAYSIA BERHAD","MYR","2020-08-27 MY (UTC+08:00)","2020-08-27 MY (UTC+08:00)","7","122","1,000.00","1,000.00","-","-","27/Aug/2020 MY (UTC+08:00)","21:25 MY (UTC+08:00)","2008272124150941","T025207032320","-","180.00","025 - Office","FC8E","2502","2860 - ","339,093.58","","-","CIK AMIRA KHAIRANI B","RCMS - CR FPX","","-"
"506061304070","Current Account","GENTING MALAYSIA BERHAD","MYR","2020-08-27 MY (UTC+08:00)","2020-08-27 MY (UTC+08:00)","7","122","1,000.00","1,000.00","-","-","27/Aug/2020 MY (UTC+08:00)","21:35 MY (UTC+08:00)","CMS - DR CORP CHG","B2CSE00037674","80.00","-","025 - Office","CBSX410N","2502","CDRCHG - CMS - DR CORP CHG","339,013.58","","-","","CMS - DR CORP CHG","","-"
"506061304070","Current Account","GENTING MALAYSIA BERHAD","MYR","2020-08-27 MY (UTC+08:00)","2020-08-27 MY (UTC+08:00)","7","122","1,000.00","1,000.00","-","-","27/Aug/2020 MY (UTC+08:00)","21:37 MY (UTC+08:00)","2008272136240537","T025208315720","-","450.00","025 - Office","FC8A","2502","2860 - ","339,463.58","","-","ADIBAH BINTI MOHD. A","RCMS - CR FPX","","-"
"506061304070","Current Account","GENTING MALAYSIA BERHAD","MYR","2020-08-27 MY (UTC+08:00)","2020-08-27 MY (UTC+08:00)","7","122","1,000.00","1,000.00","-","-","27/Aug/2020 MY (UTC+08:00)","21:48 MY (UTC+08:00)","2008272147140324","T025209482720","-","70.00","025 - Office","FC8A","2502","2860 - ","339,533.58","","-","CHENG KIM HWA","RCMS - CR FPX","","-"
"506061304070","Current Account","GENTING MALAYSIA BERHAD","MYR","2020-08-27 MY (UTC+08:00)","2020-08-27 MY (UTC+08:00)","7","122","1,000.00","1,000.00","-","-","27/Aug/2020 MY (UTC+08:00)","22:05 MY (UTC+08:00)","2008272204320778","T025211200220","-","110.00","025 - Office","FC8A","2502","2860 - ","339,643.58","","-","NG HUI PENG","RCMS - CR FPX","","-"
"506061304070","Current Account","GENTING MALAYSIA BERHAD","MYR","2020-08-27 MY (UTC+08:00)","2020-08-27 MY (UTC+08:00)","7","122","1,000.00","1,000.00","-","-","27/Aug/2020 MY (UTC+08:00)","22:11 MY (UTC+08:00)","2008272210170115","T025211789420","-","70.00","025 - Office","FC8C","2502","2860 - ","339,713.58","","-","TEE SHENG KEI","RCMS - CR FPX","","-"
"506061304070","Current Account","GENTING MALAYSIA BERHAD","MYR","2020-08-27 MY (UTC+08:00)","2020-08-27 MY (UTC+08:00)","7","122","1,000.00","1,000.00","-","-","27/Aug/2020 MY (UTC+08:00)","22:18 MY (UTC+08:00)","2008272218030563","T025212573320","-","70.00","025 - Office","FC8A","2502","2860 - ","339,783.58","","-","TEE SHENG KEI","RCMS - CR FPX","","-"
"506061304070","Current Account","GENTING MALAYSIA BERHAD","MYR","2020-08-27 MY (UTC+08:00)","2020-08-27 MY (UTC+08:00)","7","122","1,000.00","1,000.00","-","-","27/Aug/2020 MY (UTC+08:00)","22:30 MY (UTC+08:00)","2008272229350284","T025213674920","-","110.00","025 - Office","FC8A","2502","2860 - ","339,893.58","","-","NUR ASYIKIN BINTI AH","RCMS - CR FPX","","-"
"506061304070","Current Account","GENTING MALAYSIA BERHAD","MYR","2020-08-27 MY (UTC+08:00)","2020-08-27 MY (UTC+08:00)","7","122","1,000.00","1,000.00","-","-","27/Aug/2020 MY (UTC+08:00)","22:31 MY (UTC+08:00)","2008272230330614","T025213791920","-","70.00","025 - Office","FC8A","2502","2860 - ","339,963.58","","-","YAP SUE LYNN","RCMS - CR FPX","","-"
"506061304070","Current Account","GENTING MALAYSIA BERHAD","MYR","2020-08-27 MY (UTC+08:00)","2020-08-27 MY (UTC+08:00)","7","122","1,000.00","1,000.00","-","-","27/Aug/2020 MY (UTC+08:00)","22:39 MY (UTC+08:00)","2008272238150793","T025214550920","-","200.00","025 - Office","FC8A","2502","2860 - ","340,163.58","","-","KAM HENG SANG","RCMS - CR FPX","","-"
"506061304070","Current Account","GENTING MALAYSIA BERHAD","MYR","2020-08-27 MY (UTC+08:00)","2020-08-27 MY (UTC+08:00)","7","122","1,000.00","1,000.00","-","-","27/Aug/2020 MY (UTC+08:00)","22:43 MY (UTC+08:00)","2008272242230110","T025214949020","-","210.00","025 - Office","FC8A","2502","2860 - ","340,373.58","","-","LEE FOO HOE","RCMS - CR FPX","","-"
"506061304070","Current Account","GENTING MALAYSIA BERHAD","MYR","2020-08-27 MY (UTC+08:00)","2020-08-27 MY (UTC+08:00)","7","122","1,000.00","1,000.00","-","-","27/Aug/2020 MY (UTC+08:00)","22:53 MY (UTC+08:00)","2008272252300820","T025215890420","-","80.00","025 - Office","FC8A","2502","2860 - ","340,453.58","","-","BRIAN LIM KANG LE","RCMS - CR FPX","","-"
"506061304070","Current Account","GENTING MALAYSIA BERHAD","MYR","2020-08-27 MY (UTC+08:00)","2020-08-27 MY (UTC+08:00)","7","122","1,000.00","1,000.00","-","-","27/Aug/2020 MY (UTC+08:00)","22:55 MY (UTC+08:00)","2008272254250181","T025216056020","-","220.00","025 - Office","FC8A","2502","2860 - ","340,673.58","","-","CHAN CHENG YAU","RCMS - CR FPX","","-"
"506061304070","Current Account","GENTING MALAYSIA BERHAD","MYR","2020-08-27 MY (UTC+08:00)","2020-08-27 MY (UTC+08:00)","7","122","1,000.00","1,000.00","-","-","27/Aug/2020 MY (UTC+08:00)","22:59 MY (UTC+08:00)","2008272257570512","T025216367120","-","220.00","025 - Office","FC8B","2502","2860 - ","340,893.58","","-","CHAN CHENG YAU","RCMS - CR FPX","","-"
"506061304070","Current Account","GENTING MALAYSIA BERHAD","MYR","2020-08-27 MY (UTC+08:00)","2020-08-27 MY (UTC+08:00)","7","122","1,000.00","1,000.00","-","-","27/Aug/2020 MY (UTC+08:00)","23:00 MY (UTC+08:00)","2008272259440593","T025216508420","-","80.00","025 - Office","FC8B","2502","2860 - ","340,973.58","","-","LIM KWOK HOONG","RCMS - CR FPX","","-"
"506061304070","Current Account","GENTING MALAYSIA BERHAD","MYR","2020-08-27 MY (UTC+08:00)","2020-08-27 MY (UTC+08:00)","7","122","1,000.00","1,000.00","-","-","27/Aug/2020 MY (UTC+08:00)","23:02 MY (UTC+08:00)","2008272302200561","T025216700720","-","160.00","025 - Office","FC8A","2502","2860 - ","341,133.58","","-","YAP WEI LIANG","RCMS - CR FPX","","-"
"506061304070","Current Account","GENTING MALAYSIA BERHAD","MYR","2020-08-27 MY (UTC+08:00)","2020-08-27 MY (UTC+08:00)","7","122","1,000.00","1,000.00","-","-","27/Aug/2020 MY (UTC+08:00)","23:03 MY (UTC+08:00)","2008272302490150","T025216734620","-","70.00","025 - Office","FC8B","2502","2860 - ","341,203.58","","-","JEREMIAH LIM JIA-SHE","RCMS - CR FPX","","-"
"506061304070","Current Account","GENTING MALAYSIA BERHAD","MYR","2020-08-27 MY (UTC+08:00)","2020-08-27 MY (UTC+08:00)","7","122","1,000.00","1,000.00","-","-","27/Aug/2020 MY (UTC+08:00)","23:17 MY (UTC+08:00)","2008272316190540","T025217808620","-","160.00","025 - Office","FC8D","2502","2860 - ","341,363.58","","-","ZURAINI BINTI ZANIRU","RCMS - CR FPX","","-"
"506061304070","Current Account","GENTING MALAYSIA BERHAD","MYR","2020-08-27 MY (UTC+08:00)","2020-08-27 MY (UTC+08:00)","7","122","1,000.00","1,000.00","-","-","27/Aug/2020 MY (UTC+08:00)","23:36 MY (UTC+08:00)","2008272335170928","T025219141220","-","220.00","025 - Office","FC8A","2502","2860 - ","341,583.58","","-","VARUNKUMAR KEYURKUMA","RCMS - CR FPX","","-"
"506061304070","Current Account","GENTING MALAYSIA BERHAD","MYR","2020-08-27 MY (UTC+08:00)","2020-08-27 MY (UTC+08:00)","7","122","1,000.00","1,000.00","-","-","27/Aug/2020 MY (UTC+08:00)","00:46 MY (UTC+08:00)","QRCASA SALES M/N 0070588 DATED 27082020","","-","1.00","011 - System","CBSX425P","2988","8301 - BILLS PAYMENT CREDIT","341,584.58","","-","","","","-"
"506061304070","Current Account","GENTING MALAYSIA BERHAD","MYR","2020-08-27 MY (UTC+08:00)","2020-08-27 MY (UTC+08:00)","7","122","1,000.00","1,000.00","-","-","27/Aug/2020 MY (UTC+08:00)","00:46 MY (UTC+08:00)","QRCASA SALES M/N 0035433 DATED 27082020","","-","170.00","011 - System","CBSX425P","2988","8301 - BILLS PAYMENT CREDIT","341,754.58","","-","","","","-"
"506061304070","Current Account","GENTING MALAYSIA BERHAD","MYR","2020-08-27 MY (UTC+08:00)","2020-08-27 MY (UTC+08:00)","7","122","1,000.00","1,000.00","-","-","27/Aug/2020 MY (UTC+08:00)","00:46 MY (UTC+08:00)","S/C TRANS VIA QRPAY 000027060035433","","0.42","-","011 - System","CBSX4237","2996","PCSCDR - PAYEE CORP SERVICE CHARGE DEBIT","341,754.16","","-","","","","-"
"506061304070","Current Account","GENTING MALAYSIA BERHAD","MYR","2020-08-27 MY (UTC+08:00)","2020-08-27 MY (UTC+08:00)","7","122","1,000.00","1,000.00","-","-","27/Aug/2020 MY (UTC+08:00)","00:47 MY (UTC+08:00)","QRCASA REFUND M/N 0070588 DATED 27082020","","1.00","-","011 - System","CBSX425P","2988","6423 - ","341,753.16","","-","","","","-"
"506061304070","Current Account","GENTING MALAYSIA BERHAD","MYR","2020-08-27 MY (UTC+08:00)","2020-08-27 MY (UTC+08:00)","7","122","1,000.00","1,000.00","-","-","27/Aug/2020 MY (UTC+08:00)","01:31 MY (UTC+08:00)","XFR DEBIT SVC CHARGE","","2.00","-","011 - System","BTCH6587","0606","XFRDRSVC - SERVICE CHARGE","341,751.16","","-","","","","-"
"506061304070","Current Account","GENTING MALAYSIA BERHAD","MYR","2020-08-27 MY (UTC+08:00)","2020-08-27 MY (UTC+08:00)","7","122","1,000.00","1,000.00","-","-","27/Aug/2020 MY (UTC+08:00)","01:31 MY (UTC+08:00)","GENTING MALAYSIA BERHAD","514011468149","345,823.81","-","011 - System","BTCH6587","0606","XFRDR - FUND TRANSFER DEBIT","-4,072.65","","-","","","","-"
"506061304070","Current Account","GENTING MALAYSIA BERHAD","MYR","2020-08-27 MY (UTC+08:00)","2020-08-27 MY (UTC+08:00)","7","122","1,000.00","1,000.00","-","-","27/Aug/2020 MY (UTC+08:00)","02:25 MY (UTC+08:00)","DR/CARD SALES M/N 4000006 DATED 26082020","","-","145.00","006 - Pos","CBSX408R","2977","8300 - CREDIT ACCOUNT","-3,927.65","","-","","","","-"
"506061304070","Current Account","GENTING MALAYSIA BERHAD","MYR","2020-08-27 MY (UTC+08:00)","2020-08-27 MY (UTC+08:00)","7","122","1,000.00","1,000.00","-","-","27/Aug/2020 MY (UTC+08:00)","02:25 MY (UTC+08:00)","DR/CARD SALES M/N 4000006 DATED 26082020","","0.36","-","011 - System","CBSX408R","2981","BCHARGE - ELECTRONIC TRANSACTION CHARGES","-3,928.01","","-","","","","-"
"506061304070","Current Account","GENTING MALAYSIA BERHAD","MYR","2020-08-27 MY (UTC+08:00)","2020-08-27 MY (UTC+08:00)","7","122","1,000.00","1,000.00","-","-","27/Aug/2020 MY (UTC+08:00)","02:27 MY (UTC+08:00)","DR/CARD SALES M/N 4000006 DATED 26082020","","-","78.00","006 - Pos","CBSX408R","3121","8300 - CREDIT ACCOUNT","-3,850.01","","-","","","","-"
"506061304070","Current Account","GENTING MALAYSIA BERHAD","MYR","2020-08-27 MY (UTC+08:00)","2020-08-27 MY (UTC+08:00)","7","122","1,000.00","1,000.00","-","-","27/Aug/2020 MY (UTC+08:00)","02:28 MY (UTC+08:00)","DR/CARD SALES M/N 4000006 DATED 26082020","","0.20","-","011 - System","CBSX408R","2981","BCHARGE - ELECTRONIC TRANSACTION CHARGES","-3,850.21","","-","","","","-"
"506061304070","Current Account","GENTING MALAYSIA BERHAD","MYR","2020-08-27 MY (UTC+08:00)","2020-08-27 MY (UTC+08:00)","7","122","1,000.00","1,000.00","-","-","27/Aug/2020 MY (UTC+08:00)","04:23 MY (UTC+08:00)","2008270045100424","T025104142520","-","800.00","025 - Office","FC8A","2502","2860 - ","-3,050.21","","-","TOK WEE LOON","RCMS - CR FPX","","-"
"506061304070","Current Account","GENTING MALAYSIA BERHAD","MYR","2020-08-27 MY (UTC+08:00)","2020-08-27 MY (UTC+08:00)","7","122","1,000.00","1,000.00","-","-","27/Aug/2020 MY (UTC+08:00)","04:23 MY (UTC+08:00)","2008270156410848","T025105906820","-","80.00","025 - Office","FC8A","2502","2860 - ","-2,970.21","","-","TAN WEI LUN","RCMS - CR FPX","","-"
"506061304070","Current Account","GENTING MALAYSIA BERHAD","MYR","2020-08-27 MY (UTC+08:00)","2020-08-27 MY (UTC+08:00)","7","122","1,000.00","1,000.00","-","-","27/Aug/2020 MY (UTC+08:00)","04:23 MY (UTC+08:00)","2008270210160999","T025106074220","-","70.00","025 - Office","FC8A","2502","2860 - ","-2,900.21","","-","MOHD FAZLY BIN RAMLI","RCMS - CR FPX","","-"
"506061304070","Current Account","GENTING MALAYSIA BERHAD","MYR","2020-08-27 MY (UTC+08:00)","2020-08-27 MY (UTC+08:00)","7","122","1,000.00","1,000.00","-","-","27/Aug/2020 MY (UTC+08:00)","05:33 MY (UTC+08:00)","2008270531220084","T025109633420","-","230.00","025 - Office","FC8A","2502","2860 - ","-2,670.21","","-","LEE FEN CHYAN","RCMS - CR FPX","","-"
"506061304070","Current Account","GENTING MALAYSIA BERHAD","MYR","2020-08-27 MY (UTC+08:00)","2020-08-27 MY (UTC+08:00)","7","122","1,000.00","1,000.00","-","-","27/Aug/2020 MY (UTC+08:00)","05:33 MY (UTC+08:00)","9204232565 CR/CARD SALES  DATED 27082020","25652708","-","206.32","011 - System","CBSX4498","3104","2210 - CARDS CREDIT","-2,463.89","","-","","","","-"
"506061304070","Current Account","GENTING MALAYSIA BERHAD","MYR","2020-08-27 MY (UTC+08:00)","2020-08-27 MY (UTC+08:00)","7","122","1,000.00","1,000.00","-","-","27/Aug/2020 MY (UTC+08:00)","05:33 MY (UTC+08:00)","9207003443 CR/CARD SALES  DATED 27082020","34432708","-","855.64","011 - System","CBSX4498","3104","2210 - CARDS CREDIT","-1,608.25","","-","","","","-"
"506061304070","Current Account","GENTING MALAYSIA BERHAD","MYR","2020-08-27 MY (UTC+08:00)","2020-08-27 MY (UTC+08:00)","7","122","1,000.00","1,000.00","-","-","27/Aug/2020 MY (UTC+08:00)","05:33 MY (UTC+08:00)","9870206851 CR/CARD SALES  DATED 27082020","68512708","-","94.42","011 - System","CBSX4498","3104","2210 - CARDS CREDIT","-1,513.83","","-","","","","-"
"506061304070","Current Account","GENTING MALAYSIA BERHAD","MYR","2020-08-27 MY (UTC+08:00)","2020-08-27 MY (UTC+08:00)","7","122","1,000.00","1,000.00","-","-","27/Aug/2020 MY (UTC+08:00)","05:33 MY (UTC+08:00)","9204079313 CR/CARD SALES  DATED 27082020","93132708","-","2,125.34","011 - System","CBSX4498","3104","2210 - CARDS CREDIT","611.51","","-","","","","-"
"506061304070","Current Account","GENTING MALAYSIA BERHAD","MYR","2020-08-27 MY (UTC+08:00)","2020-08-27 MY (UTC+08:00)","7","122","1,000.00","1,000.00","-","-","27/Aug/2020 MY (UTC+08:00)","05:33 MY (UTC+08:00)","9204219414 CR/CARD SALES  DATED 27082020","94142708","-","388.49","011 - System","CBSX4498","3104","2210 - CARDS CREDIT","1,000.00","","-","","","","-"
