﻿Account Number,Account Type,Account Name,Account Currency,Date From,Date To,Total Debit,Total Credit,Begin Balance,End Balance,Transaction Date,Transaction Time,Posting Date,Processing Time,Transaction Description,Transaction Ref,Debit,Credit,Source Code,Teller ID,Branch/Channel,Transaction Code,End Balance,Filler,Virtual Account,Transaction Description 2,Transaction Description 3,Transaction Description 4,Expiry Date
"506061304070","Current Account","GENTING MALAYSIA BERHAD","MYR","2020-08-28 MY (UTC+08:00)","2020-08-28 MY (UTC+08:00)","9","134","1,000.00","1,000.00","-","-","28/Aug/2020 MY (UTC+08:00)","06:06 MY (UTC+08:00)","RFD 28082020","DEBIT BALANCE","104.74","-","011 - System","CBSX426Q","2719","CCREFUND - ","895.26","","-","MN 027004221339","CREDIT CARD REFUND","","-"
"506061304070","Current Account","GENTING MALAYSIA BERHAD","MYR","2020-08-28 MY (UTC+08:00)","2020-08-28 MY (UTC+08:00)","9","134","1,000.00","1,000.00","-","-","28/Aug/2020 MY (UTC+08:00)","06:06 MY (UTC+08:00)","RFD 28082020","DEBIT BALANCE","981.54","-","011 - System","CBSX426Q","2719","CCREFUND - ","-86.28","","-","MN 027007008915","CREDIT CARD REFUND","","-"
"506061304070","Current Account","GENTING MALAYSIA BERHAD","MYR","2020-08-28 MY (UTC+08:00)","2020-08-28 MY (UTC+08:00)","9","134","1,000.00","1,000.00","-","-","28/Aug/2020 MY (UTC+08:00)","07:01 MY (UTC+08:00)","2008280701050912","T025230310520","-","240.00","025 - Office","FC8E","2502","2860 - ","153.72","","-","JOHAN NIZAM BIN BAHA","RCMS - CR FPX","","-"
"506061304070","Current Account","GENTING MALAYSIA BERHAD","MYR","2020-08-28 MY (UTC+08:00)","2020-08-28 MY (UTC+08:00)","9","134","1,000.00","1,000.00","-","-","28/Aug/2020 MY (UTC+08:00)","07:36 MY (UTC+08:00)","2008280736100495","T025232402420","-","70.00","025 - Office","FC8C","2502","2860 - ","223.72","","-","CHONG CHEE SHAN","RCMS - CR FPX","","-"
"506061304070","Current Account","GENTING MALAYSIA BERHAD","MYR","2020-08-28 MY (UTC+08:00)","2020-08-28 MY (UTC+08:00)","9","134","1,000.00","1,000.00","-","-","28/Aug/2020 MY (UTC+08:00)","08:31 MY (UTC+08:00)","CR/CARD SALES M/N 4000006 DATED 27082020","00062708","-","10,309.57","011 - System","CBSX4498","2719","2981 - MERCHANT CREDIT CARD SALES","10,533.29","","-","","","","-"
"506061304070","Current Account","GENTING MALAYSIA BERHAD","MYR","2020-08-28 MY (UTC+08:00)","2020-08-28 MY (UTC+08:00)","9","134","1,000.00","1,000.00","-","-","28/Aug/2020 MY (UTC+08:00)","08:31 MY (UTC+08:00)","CR/CARD SALES M/N 4221339 DATED 27082020","13392708","-","17,706.00","011 - System","CBSX4498","2719","2981 - MERCHANT CREDIT CARD SALES","28,239.29","","-","","","","-"
"506061304070","Current Account","GENTING MALAYSIA BERHAD","MYR","2020-08-28 MY (UTC+08:00)","2020-08-28 MY (UTC+08:00)","9","134","1,000.00","1,000.00","-","-","28/Aug/2020 MY (UTC+08:00)","08:31 MY (UTC+08:00)","CR/CARD SALES M/N 4221552 DATED 27082020","15522708","-","3,966.49","011 - System","CBSX4498","2719","2981 - MERCHANT CREDIT CARD SALES","32,205.78","","-","","","","-"
"506061304070","Current Account","GENTING MALAYSIA BERHAD","MYR","2020-08-28 MY (UTC+08:00)","2020-08-28 MY (UTC+08:00)","9","134","1,000.00","1,000.00","-","-","28/Aug/2020 MY (UTC+08:00)","08:31 MY (UTC+08:00)","CR/CARD SALES M/N 1813880 DATED 27082020","38802708","-","3,770.01","011 - System","CBSX4498","2719","2981 - MERCHANT CREDIT CARD SALES","35,975.79","","-","","","","-"
"506061304070","Current Account","GENTING MALAYSIA BERHAD","MYR","2020-08-28 MY (UTC+08:00)","2020-08-28 MY (UTC+08:00)","9","134","1,000.00","1,000.00","-","-","28/Aug/2020 MY (UTC+08:00)","08:31 MY (UTC+08:00)","CR/CARD SALES M/N 4185062 DATED 27082020","50622708","-","54,051.13","011 - System","CBSX4498","2719","2981 - MERCHANT CREDIT CARD SALES","90,026.92","","-","","","","-"
"506061304070","Current Account","GENTING MALAYSIA BERHAD","MYR","2020-08-28 MY (UTC+08:00)","2020-08-28 MY (UTC+08:00)","9","134","1,000.00","1,000.00","-","-","28/Aug/2020 MY (UTC+08:00)","08:31 MY (UTC+08:00)","CR/CARD SALES M/N 4225124 DATED 27082020","51242708","-","417.74","011 - System","CBSX4498","2719","2981 - MERCHANT CREDIT CARD SALES","90,444.66","","-","","","","-"
"506061304070","Current Account","GENTING MALAYSIA BERHAD","MYR","2020-08-28 MY (UTC+08:00)","2020-08-28 MY (UTC+08:00)","9","134","1,000.00","1,000.00","-","-","28/Aug/2020 MY (UTC+08:00)","08:31 MY (UTC+08:00)","CR/CARD SALES M/N 4225140 DATED 27082020","51402708","-","1,417.53","011 - System","CBSX4498","2719","2981 - MERCHANT CREDIT CARD SALES","91,862.19","","-","","","","-"
"506061304070","Current Account","GENTING MALAYSIA BERHAD","MYR","2020-08-28 MY (UTC+08:00)","2020-08-28 MY (UTC+08:00)","9","134","1,000.00","1,000.00","-","-","28/Aug/2020 MY (UTC+08:00)","08:31 MY (UTC+08:00)","CR/CARD SALES M/N 1055342 DATED 27082020","53422708","-","2,310.93","011 - System","CBSX4498","2719","2981 - MERCHANT CREDIT CARD SALES","94,173.12","","-","","","","-"
"506061304070","Current Account","GENTING MALAYSIA BERHAD","MYR","2020-08-28 MY (UTC+08:00)","2020-08-28 MY (UTC+08:00)","9","134","1,000.00","1,000.00","-","-","28/Aug/2020 MY (UTC+08:00)","08:31 MY (UTC+08:00)","CR/CARD SALES M/N 4145744 DATED 27082020","57442708","-","263.34","011 - System","CBSX4498","2719","2981 - MERCHANT CREDIT CARD SALES","94,436.46","","-","","","","-"
"506061304070","Current Account","GENTING MALAYSIA BERHAD","MYR","2020-08-28 MY (UTC+08:00)","2020-08-28 MY (UTC+08:00)","9","134","1,000.00","1,000.00","-","-","28/Aug/2020 MY (UTC+08:00)","08:31 MY (UTC+08:00)","CR/CARD SALES M/N 7008915 DATED 27082020","89152708","-","24,540.65","011 - System","CBSX4498","2719","2981 - MERCHANT CREDIT CARD SALES","118,977.11","","-","","","","-"
"506061304070","Current Account","GENTING MALAYSIA BERHAD","MYR","2020-08-28 MY (UTC+08:00)","2020-08-28 MY (UTC+08:00)","9","134","1,000.00","1,000.00","-","-","28/Aug/2020 MY (UTC+08:00)","08:31 MY (UTC+08:00)","CR/CARD SALES M/N 4179180 DATED 27082020","91802708","-","6,751.72","011 - System","CBSX4498","2719","2981 - MERCHANT CREDIT CARD SALES","125,728.83","","-","","","","-"
"506061304070","Current Account","GENTING MALAYSIA BERHAD","MYR","2020-08-28 MY (UTC+08:00)","2020-08-28 MY (UTC+08:00)","9","134","1,000.00","1,000.00","-","-","28/Aug/2020 MY (UTC+08:00)","08:31 MY (UTC+08:00)","CR/CARD SALES M/N 4179883 DATED 27082020","98832708","-","141.93","011 - System","CBSX4498","2719","2981 - MERCHANT CREDIT CARD SALES","125,870.76","","-","","","","-"
"506061304070","Current Account","GENTING MALAYSIA BERHAD","MYR","2020-08-28 MY (UTC+08:00)","2020-08-28 MY (UTC+08:00)","9","134","1,000.00","1,000.00","-","-","28/Aug/2020 MY (UTC+08:00)","08:31 MY (UTC+08:00)","CR/CARD SALES M/N 4239893 DATED 27082020","98932708","-","841.89","011 - System","CBSX4498","2719","2981 - MERCHANT CREDIT CARD SALES","126,712.65","","-","","","","-"
"506061304070","Current Account","GENTING MALAYSIA BERHAD","MYR","2020-08-28 MY (UTC+08:00)","2020-08-28 MY (UTC+08:00)","9","134","1,000.00","1,000.00","-","-","28/Aug/2020 MY (UTC+08:00)","08:47 MY (UTC+08:00)","2008280846280246","T025238977520","-","140.00","025 - Office","FC8A","2502","2860 - ","126,852.65","","-","CHONG CHEE SHAN","RCMS - CR FPX","","-"
"506061304070","Current Account","GENTING MALAYSIA BERHAD","MYR","2020-08-28 MY (UTC+08:00)","2020-08-28 MY (UTC+08:00)","9","134","1,000.00","1,000.00","-","-","28/Aug/2020 MY (UTC+08:00)","09:17 MY (UTC+08:00)","2008280916250300","T025242763220","-","199.00","025 - Office","FC8C","2502","2860 - ","127,051.65","","-","MUHAMMAD ARIF BIN MD","RCMS - CR FPX","","-"
"506061304070","Current Account","GENTING MALAYSIA BERHAD","MYR","2020-08-28 MY (UTC+08:00)","2020-08-28 MY (UTC+08:00)","9","134","1,000.00","1,000.00","-","-","28/Aug/2020 MY (UTC+08:00)","09:39 MY (UTC+08:00)","2008280938340012","T025245929420","-","320.00","025 - Office","FC8C","2502","2860 - ","127,371.65","","-","AHMAD NUBLI BIN AHMA","RCMS - CR FPX","","-"
"506061304070","Current Account","GENTING MALAYSIA BERHAD","MYR","2020-08-28 MY (UTC+08:00)","2020-08-28 MY (UTC+08:00)","9","134","1,000.00","1,000.00","-","-","28/Aug/2020 MY (UTC+08:00)","09:51 MY (UTC+08:00)","2008280949590903","T025247520920","-","220.00","025 - Office","FC8A","2502","2860 - ","127,591.65","","-","IU CHIN FEANG","RCMS - CR FPX","","-"
"506061304070","Current Account","GENTING MALAYSIA BERHAD","MYR","2020-08-28 MY (UTC+08:00)","2020-08-28 MY (UTC+08:00)","9","134","1,000.00","1,000.00","-","-","28/Aug/2020 MY (UTC+08:00)","10:13 MY (UTC+08:00)","2008281011490622","T025250733020","-","160.00","025 - Office","FC8B","2502","2860 - ","127,751.65","","-","TAN KAR MAN","RCMS - CR FPX","","-"
"506061304070","Current Account","GENTING MALAYSIA BERHAD","MYR","2020-08-28 MY (UTC+08:00)","2020-08-28 MY (UTC+08:00)","9","134","1,000.00","1,000.00","-","-","28/Aug/2020 MY (UTC+08:00)","10:28 MY (UTC+08:00)","2008281026450605","T025252710020","-","70.00","025 - Office","FC8A","2502","2860 - ","127,821.65","","-","VIRAMUTHU A/L SUBERA","RCMS - CR FPX","","-"
"506061304070","Current Account","GENTING MALAYSIA BERHAD","MYR","2020-08-28 MY (UTC+08:00)","2020-08-28 MY (UTC+08:00)","9","134","1,000.00","1,000.00","-","-","28/Aug/2020 MY (UTC+08:00)","10:36 MY (UTC+08:00)","2008281035400946","T025254141920","-","300.00","025 - Office","FC8C","2502","2860 - ","128,121.65","","-","LEE LEN CHOW","RCMS - CR FPX","","-"
"506061304070","Current Account","GENTING MALAYSIA BERHAD","MYR","2020-08-28 MY (UTC+08:00)","2020-08-28 MY (UTC+08:00)","9","134","1,000.00","1,000.00","-","-","28/Aug/2020 MY (UTC+08:00)","10:46 MY (UTC+08:00)","2008281046080886","T025255812320","-","110.00","025 - Office","FC8D","2502","2860 - ","128,231.65","","-","THAM SEE YING","RCMS - CR FPX","","-"
"506061304070","Current Account","GENTING MALAYSIA BERHAD","MYR","2020-08-28 MY (UTC+08:00)","2020-08-28 MY (UTC+08:00)","9","134","1,000.00","1,000.00","-","-","28/Aug/2020 MY (UTC+08:00)","10:55 MY (UTC+08:00)","2008281054460545","T025257277220","-","110.00","025 - Office","FC8D","2502","2860 - ","128,341.65","","-","CHUAH CHEE TIONG","RCMS - CR FPX","","-"
"506061304070","Current Account","GENTING MALAYSIA BERHAD","MYR","2020-08-28 MY (UTC+08:00)","2020-08-28 MY (UTC+08:00)","9","134","1,000.00","1,000.00","-","-","28/Aug/2020 MY (UTC+08:00)","11:18 MY (UTC+08:00)","H78787","78787","-","16,315.20","018 - Teller","0000544A","0606","7100 - CASH DEPOSIT","144,656.85","","-","","","","-"
"506061304070","Current Account","GENTING MALAYSIA BERHAD","MYR","2020-08-28 MY (UTC+08:00)","2020-08-28 MY (UTC+08:00)","9","134","1,000.00","1,000.00","-","-","28/Aug/2020 MY (UTC+08:00)","11:19 MY (UTC+08:00)","H78786","78786","-","174,031.00","018 - Teller","0000544A","0606","7100 - CASH DEPOSIT","318,687.85","","-","","","","-"
"506061304070","Current Account","GENTING MALAYSIA BERHAD","MYR","2020-08-28 MY (UTC+08:00)","2020-08-28 MY (UTC+08:00)","9","134","1,000.00","1,000.00","-","-","28/Aug/2020 MY (UTC+08:00)","11:20 MY (UTC+08:00)","CH78472","78472","-","10.00","018 - Teller","0000544A","0606","7100 - CASH DEPOSIT","318,697.85","","-","","","","-"
"506061304070","Current Account","GENTING MALAYSIA BERHAD","MYR","2020-08-28 MY (UTC+08:00)","2020-08-28 MY (UTC+08:00)","9","134","1,000.00","1,000.00","-","-","28/Aug/2020 MY (UTC+08:00)","11:20 MY (UTC+08:00)","H78780","78780","-","23,999.00","018 - Teller","0000544A","0606","7100 - CASH DEPOSIT","342,696.85","","-","","","","-"
"506061304070","Current Account","GENTING MALAYSIA BERHAD","MYR","2020-08-28 MY (UTC+08:00)","2020-08-28 MY (UTC+08:00)","9","134","1,000.00","1,000.00","-","-","28/Aug/2020 MY (UTC+08:00)","11:28 MY (UTC+08:00)","2008281126590169","T025262380520","-","179.00","025 - Office","FC8A","2502","2860 - ","342,875.85","","-","HEW MAY YOKE","RCMS - CR FPX","","-"
"506061304070","Current Account","GENTING MALAYSIA BERHAD","MYR","2020-08-28 MY (UTC+08:00)","2020-08-28 MY (UTC+08:00)","9","134","1,000.00","1,000.00","-","-","28/Aug/2020 MY (UTC+08:00)","11:59 MY (UTC+08:00)","2008281159060586","T025267302620","-","220.00","025 - Office","FC93","2502","2860 - ","343,095.85","","-","LOW YOKE FUN","RCMS - CR FPX","","-"
"506061304070","Current Account","GENTING MALAYSIA BERHAD","MYR","2020-08-28 MY (UTC+08:00)","2020-08-28 MY (UTC+08:00)","9","134","1,000.00","1,000.00","-","-","28/Aug/2020 MY (UTC+08:00)","12:00 MY (UTC+08:00)","2008281158520113","T025267262120","-","70.00","025 - Office","FC8A","2502","2860 - ","343,165.85","","-","HEW MOH SIANG","RCMS - CR FPX","","-"
"506061304070","Current Account","GENTING MALAYSIA BERHAD","MYR","2020-08-28 MY (UTC+08:00)","2020-08-28 MY (UTC+08:00)","9","134","1,000.00","1,000.00","-","-","28/Aug/2020 MY (UTC+08:00)","12:09 MY (UTC+08:00)","2008281208260215","T025268749820","-","80.00","025 - Office","FC8C","2502","2860 - ","343,245.85","","-","LIEW JIAN XIONG","RCMS - CR FPX","","-"
"506061304070","Current Account","GENTING MALAYSIA BERHAD","MYR","2020-08-28 MY (UTC+08:00)","2020-08-28 MY (UTC+08:00)","9","134","1,000.00","1,000.00","-","-","28/Aug/2020 MY (UTC+08:00)","12:27 MY (UTC+08:00)","2008281226410202","T025271693720","-","210.00","025 - Office","FC8D","2502","2860 - ","343,455.85","","-","RAJA HANI BINTI RAJA","RCMS - CR FPX","","-"
"506061304070","Current Account","GENTING MALAYSIA BERHAD","MYR","2020-08-28 MY (UTC+08:00)","2020-08-28 MY (UTC+08:00)","9","134","1,000.00","1,000.00","-","-","28/Aug/2020 MY (UTC+08:00)","12:34 MY (UTC+08:00)","2008281234060181","T025272894020","-","80.00","025 - Office","FC8A","2502","2860 - ","343,535.85","","-","TAN YU KENT","RCMS - CR FPX","","-"
"506061304070","Current Account","GENTING MALAYSIA BERHAD","MYR","2020-08-28 MY (UTC+08:00)","2020-08-28 MY (UTC+08:00)","9","134","1,000.00","1,000.00","-","-","28/Aug/2020 MY (UTC+08:00)","12:57 MY (UTC+08:00)","2008281257100475","T025276597820","-","260.00","025 - Office","FC8A","2502","2860 - ","343,795.85","","-","MUHAMMAD ARIF BIN AZ","RCMS - CR FPX","","-"
"506061304070","Current Account","GENTING MALAYSIA BERHAD","MYR","2020-08-28 MY (UTC+08:00)","2020-08-28 MY (UTC+08:00)","9","134","1,000.00","1,000.00","-","-","28/Aug/2020 MY (UTC+08:00)","12:59 MY (UTC+08:00)","2008281258010014","T025276668020","-","199.00","025 - Office","FC8C","2502","2860 - ","343,994.85","","-","ONG BOON HEE","RCMS - CR FPX","","-"
"506061304070","Current Account","GENTING MALAYSIA BERHAD","MYR","2020-08-28 MY (UTC+08:00)","2020-08-28 MY (UTC+08:00)","9","134","1,000.00","1,000.00","-","-","28/Aug/2020 MY (UTC+08:00)","13:01 MY (UTC+08:00)","2008281300420866","T025277071520","-","80.00","025 - Office","FC8B","2502","2860 - ","344,074.85","","-","ONG CHEAN HONG","RCMS - CR FPX","","-"
"506061304070","Current Account","GENTING MALAYSIA BERHAD","MYR","2020-08-28 MY (UTC+08:00)","2020-08-28 MY (UTC+08:00)","9","134","1,000.00","1,000.00","-","-","28/Aug/2020 MY (UTC+08:00)","13:01 MY (UTC+08:00)","2008281300570295","T025277140820","-","80.00","025 - Office","FC8B","2502","2860 - ","344,154.85","","-","OOI YEE SEAN","RCMS - CR FPX","","-"
"506061304070","Current Account","GENTING MALAYSIA BERHAD","MYR","2020-08-28 MY (UTC+08:00)","2020-08-28 MY (UTC+08:00)","9","134","1,000.00","1,000.00","-","-","28/Aug/2020 MY (UTC+08:00)","13:11 MY (UTC+08:00)","2008281309520018","T025278414920","-","180.00","025 - Office","FC8C","2502","2860 - ","344,334.85","","-","LIM HAI THUNG","RCMS - CR FPX","","-"
"506061304070","Current Account","GENTING MALAYSIA BERHAD","MYR","2020-08-28 MY (UTC+08:00)","2020-08-28 MY (UTC+08:00)","9","134","1,000.00","1,000.00","-","-","28/Aug/2020 MY (UTC+08:00)","13:21 MY (UTC+08:00)","2008281320210135","T025280091920","-","220.00","025 - Office","FC8A","2502","2860 - ","344,554.85","","-","MOHD ZAINI BIN MD SU","RCMS - CR FPX","","-"
"506061304070","Current Account","GENTING MALAYSIA BERHAD","MYR","2020-08-28 MY (UTC+08:00)","2020-08-28 MY (UTC+08:00)","9","134","1,000.00","1,000.00","-","-","28/Aug/2020 MY (UTC+08:00)","13:26 MY (UTC+08:00)","2008281325480955","T025280851520","-","70.00","025 - Office","FC8A","2502","2860 - ","344,624.85","","-","ANG PEH WOON","RCMS - CR FPX","","-"
"506061304070","Current Account","GENTING MALAYSIA BERHAD","MYR","2020-08-28 MY (UTC+08:00)","2020-08-28 MY (UTC+08:00)","9","134","1,000.00","1,000.00","-","-","28/Aug/2020 MY (UTC+08:00)","13:42 MY (UTC+08:00)","2008281341360189","T025282986920","-","110.00","025 - Office","FC8A","2502","2860 - ","344,734.85","","-","LIM HAI THUNG","RCMS - CR FPX","","-"
"506061304070","Current Account","GENTING MALAYSIA BERHAD","MYR","2020-08-28 MY (UTC+08:00)","2020-08-28 MY (UTC+08:00)","9","134","1,000.00","1,000.00","-","-","28/Aug/2020 MY (UTC+08:00)","14:12 MY (UTC+08:00)","2008281411500375","T025287299120","-","70.00","025 - Office","FC91","2502","2860 - ","344,804.85","","-","AMIRA BINTI JUSOF","RCMS - CR FPX","","-"
"506061304070","Current Account","GENTING MALAYSIA BERHAD","MYR","2020-08-28 MY (UTC+08:00)","2020-08-28 MY (UTC+08:00)","9","134","1,000.00","1,000.00","-","-","28/Aug/2020 MY (UTC+08:00)","14:25 MY (UTC+08:00)","2008281424380355","T025289062520","-","160.00","025 - Office","FC8B","2502","2860 - ","344,964.85","","-","LIM KIAT PIN","RCMS - CR FPX","","-"
"506061304070","Current Account","GENTING MALAYSIA BERHAD","MYR","2020-08-28 MY (UTC+08:00)","2020-08-28 MY (UTC+08:00)","9","134","1,000.00","1,000.00","-","-","28/Aug/2020 MY (UTC+08:00)","14:25 MY (UTC+08:00)","2008281424070433","T025288982720","-","160.00","025 - Office","FC8D","2502","2860 - ","345,124.85","","-","ENTHULEGA A/P THANGA","RCMS - CR FPX","","-"
"506061304070","Current Account","GENTING MALAYSIA BERHAD","MYR","2020-08-28 MY (UTC+08:00)","2020-08-28 MY (UTC+08:00)","9","134","1,000.00","1,000.00","-","-","28/Aug/2020 MY (UTC+08:00)","14:25 MY (UTC+08:00)","2008281425100312","T025289126720","-","70.00","025 - Office","FC8F","2502","2860 - ","345,194.85","","-","NAVIN SILVARAJU","RCMS - CR FPX","","-"
"506061304070","Current Account","GENTING MALAYSIA BERHAD","MYR","2020-08-28 MY (UTC+08:00)","2020-08-28 MY (UTC+08:00)","9","134","1,000.00","1,000.00","-","-","28/Aug/2020 MY (UTC+08:00)","14:27 MY (UTC+08:00)","2008281427120858","T025289430620","-","170.00","025 - Office","FC90","2502","2860 - ","345,364.85","","-","LEOW HUI PING","RCMS - CR FPX","","-"
"506061304070","Current Account","GENTING MALAYSIA BERHAD","MYR","2020-08-28 MY (UTC+08:00)","2020-08-28 MY (UTC+08:00)","9","134","1,000.00","1,000.00","-","-","28/Aug/2020 MY (UTC+08:00)","14:31 MY (UTC+08:00)","2008281430030049","T025289814620","-","80.00","025 - Office","FC8D","2502","2860 - ","345,444.85","","-","LIEW LEE PENG","RCMS - CR FPX","","-"
"506061304070","Current Account","GENTING MALAYSIA BERHAD","MYR","2020-08-28 MY (UTC+08:00)","2020-08-28 MY (UTC+08:00)","9","134","1,000.00","1,000.00","-","-","28/Aug/2020 MY (UTC+08:00)","14:34 MY (UTC+08:00)","2008281433270383","T025290325520","-","110.00","025 - Office","FC8B","2502","2860 - ","345,554.85","","-","LOO HOCK WAE","RCMS - CR FPX","","-"
"506061304070","Current Account","GENTING MALAYSIA BERHAD","MYR","2020-08-28 MY (UTC+08:00)","2020-08-28 MY (UTC+08:00)","9","134","1,000.00","1,000.00","-","-","28/Aug/2020 MY (UTC+08:00)","14:36 MY (UTC+08:00)","2008281435030327","T025290511520","-","70.00","025 - Office","FC8A","2502","2860 - ","345,624.85","","-","CHONG HOE CHUAN","RCMS - CR FPX","","-"
"506061304070","Current Account","GENTING MALAYSIA BERHAD","MYR","2020-08-28 MY (UTC+08:00)","2020-08-28 MY (UTC+08:00)","9","134","1,000.00","1,000.00","-","-","28/Aug/2020 MY (UTC+08:00)","14:42 MY (UTC+08:00)","2008281441370286","T025291396520","-","70.00","025 - Office","FC8E","2502","2860 - ","345,694.85","","-","CHU YEAN SONG","RCMS - CR FPX","","-"
"506061304070","Current Account","GENTING MALAYSIA BERHAD","MYR","2020-08-28 MY (UTC+08:00)","2020-08-28 MY (UTC+08:00)","9","134","1,000.00","1,000.00","-","-","28/Aug/2020 MY (UTC+08:00)","14:43 MY (UTC+08:00)","2008281442080171","T025291448120","-","220.00","025 - Office","FC8A","2502","2860 - ","345,914.85","","-","LAI CHEN CHUNG","RCMS - CR FPX","","-"
"506061304070","Current Account","GENTING MALAYSIA BERHAD","MYR","2020-08-28 MY (UTC+08:00)","2020-08-28 MY (UTC+08:00)","9","134","1,000.00","1,000.00","-","-","28/Aug/2020 MY (UTC+08:00)","14:45 MY (UTC+08:00)","2008281444500071","T025291835420","-","70.00","025 - Office","FC8E","2502","2860 - ","345,984.85","","-","MOHD SAIFUL BIN MOKI","RCMS - CR FPX","","-"
"506061304070","Current Account","GENTING MALAYSIA BERHAD","MYR","2020-08-28 MY (UTC+08:00)","2020-08-28 MY (UTC+08:00)","9","134","1,000.00","1,000.00","-","-","28/Aug/2020 MY (UTC+08:00)","14:49 MY (UTC+08:00)","2008281447330948","T025292158520","-","260.00","025 - Office","FC8E","2502","2860 - ","346,244.85","","-","SUA SOOK LING","RCMS - CR FPX","","-"
"506061304070","Current Account","GENTING MALAYSIA BERHAD","MYR","2020-08-28 MY (UTC+08:00)","2020-08-28 MY (UTC+08:00)","9","134","1,000.00","1,000.00","-","-","28/Aug/2020 MY (UTC+08:00)","15:06 MY (UTC+08:00)","2008281503480216","T025294360820","-","70.00","025 - Office","FC8C","2502","2860 - ","346,314.85","","-","LIM WINNIE","RCMS - CR FPX","","-"
"506061304070","Current Account","GENTING MALAYSIA BERHAD","MYR","2020-08-28 MY (UTC+08:00)","2020-08-28 MY (UTC+08:00)","9","134","1,000.00","1,000.00","-","-","28/Aug/2020 MY (UTC+08:00)","15:15 MY (UTC+08:00)","2008281514170736","T025295808320","-","70.00","025 - Office","FC8A","2502","2860 - ","346,384.85","","-","CHENG KIM HWA","RCMS - CR FPX","","-"
"506061304070","Current Account","GENTING MALAYSIA BERHAD","MYR","2020-08-28 MY (UTC+08:00)","2020-08-28 MY (UTC+08:00)","9","134","1,000.00","1,000.00","-","-","28/Aug/2020 MY (UTC+08:00)","15:20 MY (UTC+08:00)","2008281519470608","T025296515720","-","70.00","025 - Office","FC8B","2502","2860 - ","346,454.85","","-","CHENG KIM HWA","RCMS - CR FPX","","-"
"506061304070","Current Account","GENTING MALAYSIA BERHAD","MYR","2020-08-28 MY (UTC+08:00)","2020-08-28 MY (UTC+08:00)","9","134","1,000.00","1,000.00","-","-","28/Aug/2020 MY (UTC+08:00)","15:21 MY (UTC+08:00)","2008281520200521","T025296582620","-","70.00","025 - Office","FC8B","2502","2860 - ","346,524.85","","-","JEREMIAH LIM JIA-SHE","RCMS - CR FPX","","-"
"506061304070","Current Account","GENTING MALAYSIA BERHAD","MYR","2020-08-28 MY (UTC+08:00)","2020-08-28 MY (UTC+08:00)","9","134","1,000.00","1,000.00","-","-","28/Aug/2020 MY (UTC+08:00)","15:24 MY (UTC+08:00)","2008281523190856","T025297008920","-","70.00","025 - Office","FC8E","2502","2860 - ","346,594.85","","-","CHENG KIM HWA","RCMS - CR FPX","","-"
"506061304070","Current Account","GENTING MALAYSIA BERHAD","MYR","2020-08-28 MY (UTC+08:00)","2020-08-28 MY (UTC+08:00)","9","134","1,000.00","1,000.00","-","-","28/Aug/2020 MY (UTC+08:00)","15:30 MY (UTC+08:00)","2008281529310697","T025297854920","-","70.00","025 - Office","FC8B","2502","2860 - ","346,664.85","","-","MOHSIN ZAMAN","RCMS - CR FPX","","-"
"506061304070","Current Account","GENTING MALAYSIA BERHAD","MYR","2020-08-28 MY (UTC+08:00)","2020-08-28 MY (UTC+08:00)","9","134","1,000.00","1,000.00","-","-","28/Aug/2020 MY (UTC+08:00)","15:35 MY (UTC+08:00)","2008281533490357","T025298442320","-","80.00","025 - Office","FC94","2502","2860 - ","346,744.85","","-","GOH SUAN KIANG","RCMS - CR FPX","","-"
"506061304070","Current Account","GENTING MALAYSIA BERHAD","MYR","2020-08-28 MY (UTC+08:00)","2020-08-28 MY (UTC+08:00)","9","134","1,000.00","1,000.00","-","-","28/Aug/2020 MY (UTC+08:00)","15:36 MY (UTC+08:00)","2008281535320390","T025298679920","-","260.00","025 - Office","FC8B","2502","2860 - ","347,004.85","","-","CHONG YOKE CHIN","RCMS - CR FPX","","-"
"506061304070","Current Account","GENTING MALAYSIA BERHAD","MYR","2020-08-28 MY (UTC+08:00)","2020-08-28 MY (UTC+08:00)","9","134","1,000.00","1,000.00","-","-","28/Aug/2020 MY (UTC+08:00)","15:38 MY (UTC+08:00)","2008281537330846","T025298945420","-","70.00","025 - Office","FC8A","2502","2860 - ","347,074.85","","-","CHENG KIM HWA","RCMS - CR FPX","","-"
"506061304070","Current Account","GENTING MALAYSIA BERHAD","MYR","2020-08-28 MY (UTC+08:00)","2020-08-28 MY (UTC+08:00)","9","134","1,000.00","1,000.00","-","-","28/Aug/2020 MY (UTC+08:00)","15:46 MY (UTC+08:00)","2008281545050200","T025299880520","-","140.00","025 - Office","FC8F","2502","2860 - ","347,214.85","","-","CHONG HUI XIN","RCMS - CR FPX","","-"
"506061304070","Current Account","GENTING MALAYSIA BERHAD","MYR","2020-08-28 MY (UTC+08:00)","2020-08-28 MY (UTC+08:00)","9","134","1,000.00","1,000.00","-","-","28/Aug/2020 MY (UTC+08:00)","16:13 MY (UTC+08:00)","2008281611570794","T025303380620","-","80.00","025 - Office","FC8A","2502","2860 - ","347,294.85","","-","STEVEN MAH TIK WEI","RCMS - CR FPX","","-"
"506061304070","Current Account","GENTING MALAYSIA BERHAD","MYR","2020-08-28 MY (UTC+08:00)","2020-08-28 MY (UTC+08:00)","9","134","1,000.00","1,000.00","-","-","28/Aug/2020 MY (UTC+08:00)","16:35 MY (UTC+08:00)","2008281633400085","T025305953420","-","220.00","025 - Office","FC8F","2502","2860 - ","347,514.85","","-","CHONG CHEE XIONG","RCMS - CR FPX","","-"
"506061304070","Current Account","GENTING MALAYSIA BERHAD","MYR","2020-08-28 MY (UTC+08:00)","2020-08-28 MY (UTC+08:00)","9","134","1,000.00","1,000.00","-","-","28/Aug/2020 MY (UTC+08:00)","16:43 MY (UTC+08:00)","2008281642180887","T025306954220","-","110.00","025 - Office","FC8D","2502","2860 - ","347,624.85","","-","TEOH CHOO PIN","RCMS - CR FPX","","-"
"506061304070","Current Account","GENTING MALAYSIA BERHAD","MYR","2020-08-28 MY (UTC+08:00)","2020-08-28 MY (UTC+08:00)","9","134","1,000.00","1,000.00","-","-","28/Aug/2020 MY (UTC+08:00)","16:48 MY (UTC+08:00)","2008281646570307","T025307480720","-","220.00","025 - Office","FC8D","2502","2860 - ","347,844.85","","-","LOW ZHAN HAU","RCMS - CR FPX","","-"
"506061304070","Current Account","GENTING MALAYSIA BERHAD","MYR","2020-08-28 MY (UTC+08:00)","2020-08-28 MY (UTC+08:00)","9","134","1,000.00","1,000.00","-","-","28/Aug/2020 MY (UTC+08:00)","17:00 MY (UTC+08:00)","2008281659340200","T025308915020","-","1,045.00","025 - Office","FC8B","2502","2860 - ","348,889.85","","-","CHIN YUEN SEE","RCMS - CR FPX","","-"
"506061304070","Current Account","GENTING MALAYSIA BERHAD","MYR","2020-08-28 MY (UTC+08:00)","2020-08-28 MY (UTC+08:00)","9","134","1,000.00","1,000.00","-","-","28/Aug/2020 MY (UTC+08:00)","17:10 MY (UTC+08:00)","2008281708180294","T025309996220","-","179.00","025 - Office","FC8B","2502","2860 - ","349,068.85","","-","TAN CHEE HWAH","RCMS - CR FPX","","-"
"506061304070","Current Account","GENTING MALAYSIA BERHAD","MYR","2020-08-28 MY (UTC+08:00)","2020-08-28 MY (UTC+08:00)","9","134","1,000.00","1,000.00","-","-","28/Aug/2020 MY (UTC+08:00)","17:39 MY (UTC+08:00)","2008281738560947","T025313471120","-","80.00","025 - Office","FC8D","2502","2860 - ","349,148.85","","-","MICHELLE TAN CYIA HY","RCMS - CR FPX","","-"
"506061304070","Current Account","GENTING MALAYSIA BERHAD","MYR","2020-08-28 MY (UTC+08:00)","2020-08-28 MY (UTC+08:00)","9","134","1,000.00","1,000.00","-","-","28/Aug/2020 MY (UTC+08:00)","18:21 MY (UTC+08:00)","2008281817110547","T025317665120","-","800.00","025 - Office","FC8B","2502","2860 - ","349,948.85","","-","WANG FUI CHING","RCMS - CR FPX","","-"
"506061304070","Current Account","GENTING MALAYSIA BERHAD","MYR","2020-08-28 MY (UTC+08:00)","2020-08-28 MY (UTC+08:00)","9","134","1,000.00","1,000.00","-","-","28/Aug/2020 MY (UTC+08:00)","18:23 MY (UTC+08:00)","2008281819460571","T025317931220","-","80.00","025 - Office","FC8D","2502","2860 - ","350,028.85","","-","CHANG KE XIN","RCMS - CR FPX","","-"
"506061304070","Current Account","GENTING MALAYSIA BERHAD","MYR","2020-08-28 MY (UTC+08:00)","2020-08-28 MY (UTC+08:00)","9","134","1,000.00","1,000.00","-","-","28/Aug/2020 MY (UTC+08:00)","18:30 MY (UTC+08:00)","2008281829440180","T025318977320","-","165.00","025 - Office","FC8A","2502","2860 - ","350,193.85","","-","NURZUREEN BTE AMIHAB","RCMS - CR FPX","","-"
"506061304070","Current Account","GENTING MALAYSIA BERHAD","MYR","2020-08-28 MY (UTC+08:00)","2020-08-28 MY (UTC+08:00)","9","134","1,000.00","1,000.00","-","-","28/Aug/2020 MY (UTC+08:00)","18:35 MY (UTC+08:00)","2008281834320632","T025319498720","-","1,600.00","025 - Office","FC8B","2502","2860 - ","351,793.85","","-","WANG FUI CHING","RCMS - CR FPX","","-"
"506061304070","Current Account","GENTING MALAYSIA BERHAD","MYR","2020-08-28 MY (UTC+08:00)","2020-08-28 MY (UTC+08:00)","9","134","1,000.00","1,000.00","-","-","28/Aug/2020 MY (UTC+08:00)","18:39 MY (UTC+08:00)","2008281838360996","T025319940320","-","140.00","025 - Office","FC8E","2502","2860 - ","351,933.85","","-","WONG WEI CHENG","RCMS - CR FPX","","-"
"506061304070","Current Account","GENTING MALAYSIA BERHAD","MYR","2020-08-28 MY (UTC+08:00)","2020-08-28 MY (UTC+08:00)","9","134","1,000.00","1,000.00","-","-","28/Aug/2020 MY (UTC+08:00)","18:41 MY (UTC+08:00)","2008281841100042","T025320191420","-","260.00","025 - Office","FC8E","2502","2860 - ","352,193.85","","-","JONATHAN QUEK CHIN W","RCMS - CR FPX","","-"
"506061304070","Current Account","GENTING MALAYSIA BERHAD","MYR","2020-08-28 MY (UTC+08:00)","2020-08-28 MY (UTC+08:00)","9","134","1,000.00","1,000.00","-","-","28/Aug/2020 MY (UTC+08:00)","18:52 MY (UTC+08:00)","2008281850550561","T025321177220","-","70.00","025 - Office","FC8A","2502","2860 - ","352,263.85","","-","TAN BOON SUN","RCMS - CR FPX","","-"
"506061304070","Current Account","GENTING MALAYSIA BERHAD","MYR","2020-08-28 MY (UTC+08:00)","2020-08-28 MY (UTC+08:00)","9","134","1,000.00","1,000.00","-","-","28/Aug/2020 MY (UTC+08:00)","19:34 MY (UTC+08:00)","2008281933330421","T025325788220","-","70.00","025 - Office","FC8A","2502","2860 - ","352,333.85","","-","MARSYA NURULAIDA BIN","RCMS - CR FPX","","-"
"506061304070","Current Account","GENTING MALAYSIA BERHAD","MYR","2020-08-28 MY (UTC+08:00)","2020-08-28 MY (UTC+08:00)","9","134","1,000.00","1,000.00","-","-","28/Aug/2020 MY (UTC+08:00)","20:03 MY (UTC+08:00)","2008282002240247","T025328863520","-","80.00","025 - Office","FC8C","2502","2860 - ","352,413.85","","-","VO THI TRINH","RCMS - CR FPX","","-"
"506061304070","Current Account","GENTING MALAYSIA BERHAD","MYR","2020-08-28 MY (UTC+08:00)","2020-08-28 MY (UTC+08:00)","9","134","1,000.00","1,000.00","-","-","28/Aug/2020 MY (UTC+08:00)","20:05 MY (UTC+08:00)","2008282003590740","T025329019520","-","70.00","025 - Office","FC8A","2502","2860 - ","352,483.85","","-","LEE KHENG AIK","RCMS - CR FPX","","-"
"506061304070","Current Account","GENTING MALAYSIA BERHAD","MYR","2020-08-28 MY (UTC+08:00)","2020-08-28 MY (UTC+08:00)","9","134","1,000.00","1,000.00","-","-","28/Aug/2020 MY (UTC+08:00)","20:10 MY (UTC+08:00)","2008282009510737","T025329649520","-","80.00","025 - Office","FC8A","2502","2860 - ","352,563.85","","-","SAM WEN YAW","RCMS - CR FPX","","-"
"506061304070","Current Account","GENTING MALAYSIA BERHAD","MYR","2020-08-28 MY (UTC+08:00)","2020-08-28 MY (UTC+08:00)","9","134","1,000.00","1,000.00","-","-","28/Aug/2020 MY (UTC+08:00)","20:14 MY (UTC+08:00)","2008282013400694","T025330085120","-","210.00","025 - Office","FC8D","2502","2860 - ","352,773.85","","-","KUEH MUI LIAN","RCMS - CR FPX","","-"
"506061304070","Current Account","GENTING MALAYSIA BERHAD","MYR","2020-08-28 MY (UTC+08:00)","2020-08-28 MY (UTC+08:00)","9","134","1,000.00","1,000.00","-","-","28/Aug/2020 MY (UTC+08:00)","20:14 MY (UTC+08:00)","2008282012520395","T025329982820","-","70.00","025 - Office","FC8B","2502","2860 - ","352,843.85","","-","ALICE TING PEI CHEE","RCMS - CR FPX","","-"
"506061304070","Current Account","GENTING MALAYSIA BERHAD","MYR","2020-08-28 MY (UTC+08:00)","2020-08-28 MY (UTC+08:00)","9","134","1,000.00","1,000.00","-","-","28/Aug/2020 MY (UTC+08:00)","20:23 MY (UTC+08:00)","2008282022360969","T025331089220","-","140.00","025 - Office","FC8A","2502","2860 - ","352,983.85","","-","LOCK MEI LENG","RCMS - CR FPX","","-"
"506061304070","Current Account","GENTING MALAYSIA BERHAD","MYR","2020-08-28 MY (UTC+08:00)","2020-08-28 MY (UTC+08:00)","9","134","1,000.00","1,000.00","-","-","28/Aug/2020 MY (UTC+08:00)","20:26 MY (UTC+08:00)","2008282025280630","T025331444120","-","170.00","025 - Office","FC8C","2502","2860 - ","353,153.85","","-","HEW SIOW VEN","RCMS - CR FPX","","-"
"506061304070","Current Account","GENTING MALAYSIA BERHAD","MYR","2020-08-28 MY (UTC+08:00)","2020-08-28 MY (UTC+08:00)","9","134","1,000.00","1,000.00","-","-","28/Aug/2020 MY (UTC+08:00)","20:46 MY (UTC+08:00)","2008282045380770","T025333883720","-","199.00","025 - Office","FC8B","2502","2860 - ","353,352.85","","-","JAYLYN CHAN JIE LI","RCMS - CR FPX","","-"
"506061304070","Current Account","GENTING MALAYSIA BERHAD","MYR","2020-08-28 MY (UTC+08:00)","2020-08-28 MY (UTC+08:00)","9","134","1,000.00","1,000.00","-","-","28/Aug/2020 MY (UTC+08:00)","20:47 MY (UTC+08:00)","2008282045510115","T025333886120","-","80.00","025 - Office","FC8A","2502","2860 - ","353,432.85","","-","ASMIDA BINTI R. AZMI","RCMS - CR FPX","","-"
"506061304070","Current Account","GENTING MALAYSIA BERHAD","MYR","2020-08-28 MY (UTC+08:00)","2020-08-28 MY (UTC+08:00)","9","134","1,000.00","1,000.00","-","-","28/Aug/2020 MY (UTC+08:00)","20:50 MY (UTC+08:00)","2008282048310329","T025334189720","-","83.00","025 - Office","FC8E","2502","2860 - ","353,515.85","","-","TUNG YEW CHOON","RCMS - CR FPX","","-"
"506061304070","Current Account","GENTING MALAYSIA BERHAD","MYR","2020-08-28 MY (UTC+08:00)","2020-08-28 MY (UTC+08:00)","9","134","1,000.00","1,000.00","-","-","28/Aug/2020 MY (UTC+08:00)","20:56 MY (UTC+08:00)","2008282054240418","T025334820920","-","80.00","025 - Office","FC8B","2502","2860 - ","353,595.85","","-","NG CUAN CHENG","RCMS - CR FPX","","-"
"506061304070","Current Account","GENTING MALAYSIA BERHAD","MYR","2020-08-28 MY (UTC+08:00)","2020-08-28 MY (UTC+08:00)","9","134","1,000.00","1,000.00","-","-","28/Aug/2020 MY (UTC+08:00)","21:01 MY (UTC+08:00)","2008282101010728","T025335565520","-","280.00","025 - Office","FC8B","2502","2860 - ","353,875.85","","-","MOK SIEW PING","RCMS - CR FPX","","-"
"506061304070","Current Account","GENTING MALAYSIA BERHAD","MYR","2020-08-28 MY (UTC+08:00)","2020-08-28 MY (UTC+08:00)","9","134","1,000.00","1,000.00","-","-","28/Aug/2020 MY (UTC+08:00)","21:01 MY (UTC+08:00)","2008282101090953","T025335593120","-","170.00","025 - Office","FC8A","2502","2860 - ","354,045.85","","-","NUR SYAFIQAH BINTI S","RCMS - CR FPX","","-"
"506061304070","Current Account","GENTING MALAYSIA BERHAD","MYR","2020-08-28 MY (UTC+08:00)","2020-08-28 MY (UTC+08:00)","9","134","1,000.00","1,000.00","-","-","28/Aug/2020 MY (UTC+08:00)","21:04 MY (UTC+08:00)","2008282104010355","T025335934520","-","170.00","025 - Office","FC8A","2502","2860 - ","354,215.85","","-","NUR SYAFIQAH BINTI S","RCMS - CR FPX","","-"
"506061304070","Current Account","GENTING MALAYSIA BERHAD","MYR","2020-08-28 MY (UTC+08:00)","2020-08-28 MY (UTC+08:00)","9","134","1,000.00","1,000.00","-","-","28/Aug/2020 MY (UTC+08:00)","21:27 MY (UTC+08:00)","2008282124430926","T025338252020","-","140.00","025 - Office","FC8A","2502","2860 - ","354,355.85","","-","NGAU PEI TENG","RCMS - CR FPX","","-"
"506061304070","Current Account","GENTING MALAYSIA BERHAD","MYR","2020-08-28 MY (UTC+08:00)","2020-08-28 MY (UTC+08:00)","9","134","1,000.00","1,000.00","-","-","28/Aug/2020 MY (UTC+08:00)","21:27 MY (UTC+08:00)","2008282125510666","T025338393620","-","170.00","025 - Office","FC8A","2502","2860 - ","354,525.85","","-","AU SIEW CHUNG","RCMS - CR FPX","","-"
"506061304070","Current Account","GENTING MALAYSIA BERHAD","MYR","2020-08-28 MY (UTC+08:00)","2020-08-28 MY (UTC+08:00)","9","134","1,000.00","1,000.00","-","-","28/Aug/2020 MY (UTC+08:00)","21:35 MY (UTC+08:00)","CMS - DR CORP CHG","B2CSE00037674","48.50","-","025 - Office","CBSX410N","2502","CDRCHG - CMS - DR CORP CHG","354,477.35","","-","","CMS - DR CORP CHG","","-"
"506061304070","Current Account","GENTING MALAYSIA BERHAD","MYR","2020-08-28 MY (UTC+08:00)","2020-08-28 MY (UTC+08:00)","9","134","1,000.00","1,000.00","-","-","28/Aug/2020 MY (UTC+08:00)","21:37 MY (UTC+08:00)","2008282137060297","T025339745120","-","70.00","025 - Office","FC8A","2502","2860 - ","354,547.35","","-","MOW ZI XIAN","RCMS - CR FPX","","-"
"506061304070","Current Account","GENTING MALAYSIA BERHAD","MYR","2020-08-28 MY (UTC+08:00)","2020-08-28 MY (UTC+08:00)","9","134","1,000.00","1,000.00","-","-","28/Aug/2020 MY (UTC+08:00)","21:41 MY (UTC+08:00)","2008282140350477","T025340108120","-","150.00","025 - Office","FC8B","2502","2860 - ","354,697.35","","-","YAP LAI KIN","RCMS - CR FPX","","-"
"506061304070","Current Account","GENTING MALAYSIA BERHAD","MYR","2020-08-28 MY (UTC+08:00)","2020-08-28 MY (UTC+08:00)","9","134","1,000.00","1,000.00","-","-","28/Aug/2020 MY (UTC+08:00)","21:42 MY (UTC+08:00)","2008282141130350","T025340165720","-","180.00","025 - Office","FC8B","2502","2860 - ","354,877.35","","-","LEW MEEI HUI","RCMS - CR FPX","","-"
"506061304070","Current Account","GENTING MALAYSIA BERHAD","MYR","2020-08-28 MY (UTC+08:00)","2020-08-28 MY (UTC+08:00)","9","134","1,000.00","1,000.00","-","-","28/Aug/2020 MY (UTC+08:00)","21:43 MY (UTC+08:00)","2008282142130765","T025340287220","-","470.00","025 - Office","FC8C","2502","2860 - ","355,347.35","","-","SHANICE TAY VUN KIA","RCMS - CR FPX","","-"
"506061304070","Current Account","GENTING MALAYSIA BERHAD","MYR","2020-08-28 MY (UTC+08:00)","2020-08-28 MY (UTC+08:00)","9","134","1,000.00","1,000.00","-","-","28/Aug/2020 MY (UTC+08:00)","21:48 MY (UTC+08:00)","2008282147400648","T025340889320","-","210.00","025 - Office","FC8A","2502","2860 - ","355,557.35","","-","KUEH MUI LIAN","RCMS - CR FPX","","-"
"506061304070","Current Account","GENTING MALAYSIA BERHAD","MYR","2020-08-28 MY (UTC+08:00)","2020-08-28 MY (UTC+08:00)","9","134","1,000.00","1,000.00","-","-","28/Aug/2020 MY (UTC+08:00)","21:58 MY (UTC+08:00)","2008282156400669","T025341843020","-","110.00","025 - Office","FC8C","2502","2860 - ","355,667.35","","-","NGAN KAH YEE","RCMS - CR FPX","","-"
"506061304070","Current Account","GENTING MALAYSIA BERHAD","MYR","2020-08-28 MY (UTC+08:00)","2020-08-28 MY (UTC+08:00)","9","134","1,000.00","1,000.00","-","-","28/Aug/2020 MY (UTC+08:00)","22:06 MY (UTC+08:00)","2008282204300697","T025342669220","-","70.00","025 - Office","FC8B","2502","2860 - ","355,737.35","","-","CIK BASYIRAH BINTI A","RCMS - CR FPX","","-"
"506061304070","Current Account","GENTING MALAYSIA BERHAD","MYR","2020-08-28 MY (UTC+08:00)","2020-08-28 MY (UTC+08:00)","9","134","1,000.00","1,000.00","-","-","28/Aug/2020 MY (UTC+08:00)","22:11 MY (UTC+08:00)","2008282209510172","T025343223020","-","70.00","025 - Office","FC8E","2502","2860 - ","355,807.35","","-","LEE POH CHIN","RCMS - CR FPX","","-"
"506061304070","Current Account","GENTING MALAYSIA BERHAD","MYR","2020-08-28 MY (UTC+08:00)","2020-08-28 MY (UTC+08:00)","9","134","1,000.00","1,000.00","-","-","28/Aug/2020 MY (UTC+08:00)","22:13 MY (UTC+08:00)","2008282212440138","T025343494520","-","70.00","025 - Office","FC8B","2502","2860 - ","355,877.35","","-","SIOW NAI SING","RCMS - CR FPX","","-"
"506061304070","Current Account","GENTING MALAYSIA BERHAD","MYR","2020-08-28 MY (UTC+08:00)","2020-08-28 MY (UTC+08:00)","9","134","1,000.00","1,000.00","-","-","28/Aug/2020 MY (UTC+08:00)","22:14 MY (UTC+08:00)","2008282213380373","T025343584820","-","140.00","025 - Office","FC8A","2502","2860 - ","356,017.35","","-","LOCK MEI LENG","RCMS - CR FPX","","-"
"506061304070","Current Account","GENTING MALAYSIA BERHAD","MYR","2020-08-28 MY (UTC+08:00)","2020-08-28 MY (UTC+08:00)","9","134","1,000.00","1,000.00","-","-","28/Aug/2020 MY (UTC+08:00)","22:32 MY (UTC+08:00)","2008282231010761","T025345470620","-","70.00","025 - Office","FC8A","2502","2860 - ","356,087.35","","-","TEOH TZE YANG","RCMS - CR FPX","","-"
"506061304070","Current Account","GENTING MALAYSIA BERHAD","MYR","2020-08-28 MY (UTC+08:00)","2020-08-28 MY (UTC+08:00)","9","134","1,000.00","1,000.00","-","-","28/Aug/2020 MY (UTC+08:00)","22:34 MY (UTC+08:00)","2008282233240781","T025345707620","-","240.00","025 - Office","FC8A","2502","2860 - ","356,327.35","","-","KALAIARASI A/P SULWA","RCMS - CR FPX","","-"
"506061304070","Current Account","GENTING MALAYSIA BERHAD","MYR","2020-08-28 MY (UTC+08:00)","2020-08-28 MY (UTC+08:00)","9","134","1,000.00","1,000.00","-","-","28/Aug/2020 MY (UTC+08:00)","22:35 MY (UTC+08:00)","2008282234260124","T025345827320","-","70.00","025 - Office","FC8B","2502","2860 - ","356,397.35","","-","LOW KIEN PEI","RCMS - CR FPX","","-"
"506061304070","Current Account","GENTING MALAYSIA BERHAD","MYR","2020-08-28 MY (UTC+08:00)","2020-08-28 MY (UTC+08:00)","9","134","1,000.00","1,000.00","-","-","28/Aug/2020 MY (UTC+08:00)","22:36 MY (UTC+08:00)","2008282235280513","T025345961120","-","170.00","025 - Office","FC8C","2502","2860 - ","356,567.35","","-","AU SIEW CHUNG","RCMS - CR FPX","","-"
"506061304070","Current Account","GENTING MALAYSIA BERHAD","MYR","2020-08-28 MY (UTC+08:00)","2020-08-28 MY (UTC+08:00)","9","134","1,000.00","1,000.00","-","-","28/Aug/2020 MY (UTC+08:00)","22:47 MY (UTC+08:00)","2008282246490941","T025347149120","-","110.00","025 - Office","FC8D","2502","2860 - ","356,677.35","","-","THONG YOKE SIEN","RCMS - CR FPX","","-"
"506061304070","Current Account","GENTING MALAYSIA BERHAD","MYR","2020-08-28 MY (UTC+08:00)","2020-08-28 MY (UTC+08:00)","9","134","1,000.00","1,000.00","-","-","28/Aug/2020 MY (UTC+08:00)","22:57 MY (UTC+08:00)","2008282257020286","T025348131020","-","300.00","025 - Office","FC8C","2502","2860 - ","356,977.35","","-","HAFEEZA SHAFIQCA BIN","RCMS - CR FPX","","-"
"506061304070","Current Account","GENTING MALAYSIA BERHAD","MYR","2020-08-28 MY (UTC+08:00)","2020-08-28 MY (UTC+08:00)","9","134","1,000.00","1,000.00","-","-","28/Aug/2020 MY (UTC+08:00)","23:06 MY (UTC+08:00)","2008282306130925","T025348962020","-","160.00","025 - Office","FC8B","2502","2860 - ","357,137.35","","-","CHEW AI MEE","RCMS - CR FPX","","-"
"506061304070","Current Account","GENTING MALAYSIA BERHAD","MYR","2020-08-28 MY (UTC+08:00)","2020-08-28 MY (UTC+08:00)","9","134","1,000.00","1,000.00","-","-","28/Aug/2020 MY (UTC+08:00)","23:11 MY (UTC+08:00)","2008282310430106","T025349363420","-","100.00","025 - Office","FC8C","2502","2860 - ","357,237.35","","-","AHMAD FAHLAWI BIN SH","RCMS - CR FPX","","-"
"506061304070","Current Account","GENTING MALAYSIA BERHAD","MYR","2020-08-28 MY (UTC+08:00)","2020-08-28 MY (UTC+08:00)","9","134","1,000.00","1,000.00","-","-","28/Aug/2020 MY (UTC+08:00)","23:37 MY (UTC+08:00)","2008282335410164","T025351394120","-","320.00","025 - Office","FC8A","2502","2860 - ","357,557.35","","-","CHOO PEI CHIN","RCMS - CR FPX","","-"
"506061304070","Current Account","GENTING MALAYSIA BERHAD","MYR","2020-08-28 MY (UTC+08:00)","2020-08-28 MY (UTC+08:00)","9","134","1,000.00","1,000.00","-","-","28/Aug/2020 MY (UTC+08:00)","23:43 MY (UTC+08:00)","2008282342240028","T025351889120","-","70.00","025 - Office","FC8A","2502","2860 - ","357,627.35","","-","LIM BOON KIAT","RCMS - CR FPX","","-"
"506061304070","Current Account","GENTING MALAYSIA BERHAD","MYR","2020-08-28 MY (UTC+08:00)","2020-08-28 MY (UTC+08:00)","9","134","1,000.00","1,000.00","-","-","28/Aug/2020 MY (UTC+08:00)","23:48 MY (UTC+08:00)","2008282347580280","T025352284820","-","180.00","025 - Office","FC8B","2502","2860 - ","357,807.35","","-","BRIAN LIM KANG LE","RCMS - CR FPX","","-"
"506061304070","Current Account","GENTING MALAYSIA BERHAD","MYR","2020-08-28 MY (UTC+08:00)","2020-08-28 MY (UTC+08:00)","9","134","1,000.00","1,000.00","-","-","28/Aug/2020 MY (UTC+08:00)","23:53 MY (UTC+08:00)","2008282351320479","T025352508920","-","220.00","025 - Office","FC8A","2502","2860 - ","358,027.35","","-","CHOO PEI CHIN","RCMS - CR FPX","","-"
"506061304070","Current Account","GENTING MALAYSIA BERHAD","MYR","2020-08-28 MY (UTC+08:00)","2020-08-28 MY (UTC+08:00)","9","134","1,000.00","1,000.00","-","-","28/Aug/2020 MY (UTC+08:00)","23:53 MY (UTC+08:00)","2008282352170207","T025352582120","-","240.00","025 - Office","FC8A","2502","2860 - ","358,267.35","","-","WAI HUEY JIUAN","RCMS - CR FPX","","-"
"506061304070","Current Account","GENTING MALAYSIA BERHAD","MYR","2020-08-28 MY (UTC+08:00)","2020-08-28 MY (UTC+08:00)","9","134","1,000.00","1,000.00","-","-","28/Aug/2020 MY (UTC+08:00)","23:56 MY (UTC+08:00)","2008282355480284","T025352804120","-","70.00","025 - Office","FC8B","2502","2860 - ","358,337.35","","-","TANGA RAJU A/L VEERA","RCMS - CR FPX","","-"
"506061304070","Current Account","GENTING MALAYSIA BERHAD","MYR","2020-08-28 MY (UTC+08:00)","2020-08-28 MY (UTC+08:00)","9","134","1,000.00","1,000.00","-","-","28/Aug/2020 MY (UTC+08:00)","00:46 MY (UTC+08:00)","QRCASA SALES M/N 0000031 DATED 28082020","","-","100.00","011 - System","CBSX425P","2988","8301 - BILLS PAYMENT CREDIT","358,437.35","","-","","","","-"
"506061304070","Current Account","GENTING MALAYSIA BERHAD","MYR","2020-08-28 MY (UTC+08:00)","2020-08-28 MY (UTC+08:00)","9","134","1,000.00","1,000.00","-","-","28/Aug/2020 MY (UTC+08:00)","00:46 MY (UTC+08:00)","QRCASA SALES M/N 0035433 DATED 28082020","","-","200.00","011 - System","CBSX425P","2988","8301 - BILLS PAYMENT CREDIT","358,637.35","","-","","","","-"
"506061304070","Current Account","GENTING MALAYSIA BERHAD","MYR","2020-08-28 MY (UTC+08:00)","2020-08-28 MY (UTC+08:00)","9","134","1,000.00","1,000.00","-","-","28/Aug/2020 MY (UTC+08:00)","00:46 MY (UTC+08:00)","S/C TRANS VIA QRPAY 000027060000031","","0.25","-","011 - System","CBSX4237","2996","PCSCDR - PAYEE CORP SERVICE CHARGE DEBIT","358,637.10","","-","","","","-"
"506061304070","Current Account","GENTING MALAYSIA BERHAD","MYR","2020-08-28 MY (UTC+08:00)","2020-08-28 MY (UTC+08:00)","9","134","1,000.00","1,000.00","-","-","28/Aug/2020 MY (UTC+08:00)","00:46 MY (UTC+08:00)","S/C TRANS VIA QRPAY 000027060035433","","0.50","-","011 - System","CBSX4237","2996","PCSCDR - PAYEE CORP SERVICE CHARGE DEBIT","358,636.60","","-","","","","-"
"506061304070","Current Account","GENTING MALAYSIA BERHAD","MYR","2020-08-28 MY (UTC+08:00)","2020-08-28 MY (UTC+08:00)","9","134","1,000.00","1,000.00","-","-","28/Aug/2020 MY (UTC+08:00)","01:37 MY (UTC+08:00)","XFR DEBIT SVC CHARGE","","2.00","-","011 - System","BTCH6587","0606","XFRDRSVC - SERVICE CHARGE","358,634.60","","-","","","","-"
"506061304070","Current Account","GENTING MALAYSIA BERHAD","MYR","2020-08-28 MY (UTC+08:00)","2020-08-28 MY (UTC+08:00)","9","134","1,000.00","1,000.00","-","-","28/Aug/2020 MY (UTC+08:00)","01:37 MY (UTC+08:00)","GENTING MALAYSIA BERHAD","514011468149","364,617.86","-","011 - System","BTCH6587","0606","XFRDR - FUND TRANSFER DEBIT","-5,983.26","","-","","","","-"
"506061304070","Current Account","GENTING MALAYSIA BERHAD","MYR","2020-08-28 MY (UTC+08:00)","2020-08-28 MY (UTC+08:00)","9","134","1,000.00","1,000.00","-","-","28/Aug/2020 MY (UTC+08:00)","02:21 MY (UTC+08:00)","DR/CARD SALES M/N 4000006 DATED 27082020","","-","123.00","006 - Pos","CBSX408R","2977","8300 - CREDIT ACCOUNT","-5,860.26","","-","","","","-"
"506061304070","Current Account","GENTING MALAYSIA BERHAD","MYR","2020-08-28 MY (UTC+08:00)","2020-08-28 MY (UTC+08:00)","9","134","1,000.00","1,000.00","-","-","28/Aug/2020 MY (UTC+08:00)","02:21 MY (UTC+08:00)","DR/CARD SALES M/N 4000006 DATED 27082020","","0.31","-","011 - System","CBSX408R","2981","BCHARGE - ELECTRONIC TRANSACTION CHARGES","-5,860.57","","-","","","","-"
"506061304070","Current Account","GENTING MALAYSIA BERHAD","MYR","2020-08-28 MY (UTC+08:00)","2020-08-28 MY (UTC+08:00)","9","134","1,000.00","1,000.00","-","-","28/Aug/2020 MY (UTC+08:00)","02:23 MY (UTC+08:00)","DR/CARD SALES M/N 4000006 DATED 27082020","","-","35.00","006 - Pos","CBSX408R","3121","8300 - CREDIT ACCOUNT","-5,825.57","","-","","","","-"
"506061304070","Current Account","GENTING MALAYSIA BERHAD","MYR","2020-08-28 MY (UTC+08:00)","2020-08-28 MY (UTC+08:00)","9","134","1,000.00","1,000.00","-","-","28/Aug/2020 MY (UTC+08:00)","02:24 MY (UTC+08:00)","DR/CARD SALES M/N 4000006 DATED 27082020","","0.09","-","011 - System","CBSX408R","2981","BCHARGE - ELECTRONIC TRANSACTION CHARGES","-5,825.66","","-","","","","-"
"506061304070","Current Account","GENTING MALAYSIA BERHAD","MYR","2020-08-28 MY (UTC+08:00)","2020-08-28 MY (UTC+08:00)","9","134","1,000.00","1,000.00","-","-","28/Aug/2020 MY (UTC+08:00)","04:23 MY (UTC+08:00)","2008280051470039","T025223572820","-","80.00","025 - Office","FC8C","2502","2860 - ","-5,745.66","","-","WONG HOWE NGUONG","RCMS - CR FPX","","-"
"506061304070","Current Account","GENTING MALAYSIA BERHAD","MYR","2020-08-28 MY (UTC+08:00)","2020-08-28 MY (UTC+08:00)","9","134","1,000.00","1,000.00","-","-","28/Aug/2020 MY (UTC+08:00)","04:23 MY (UTC+08:00)","2008280105590308","T025224049820","-","70.00","025 - Office","FC8B","2502","2860 - ","-5,675.66","","-","NG TEIK LIANG","RCMS - CR FPX","","-"
"506061304070","Current Account","GENTING MALAYSIA BERHAD","MYR","2020-08-28 MY (UTC+08:00)","2020-08-28 MY (UTC+08:00)","9","134","1,000.00","1,000.00","-","-","28/Aug/2020 MY (UTC+08:00)","04:23 MY (UTC+08:00)","2008280134220154","T025224896120","-","160.00","025 - Office","FC8A","2502","2860 - ","-5,515.66","","-","HAMIDAH BT ISHAK","RCMS - CR FPX","","-"
"506061304070","Current Account","GENTING MALAYSIA BERHAD","MYR","2020-08-28 MY (UTC+08:00)","2020-08-28 MY (UTC+08:00)","9","134","1,000.00","1,000.00","-","-","28/Aug/2020 MY (UTC+08:00)","04:23 MY (UTC+08:00)","2008280331180723","T025226724020","-","260.00","025 - Office","FC8A","2502","2860 - ","-5,255.66","","-","NUR SYAHIRA BINTI MA","RCMS - CR FPX","","-"
"506061304070","Current Account","GENTING MALAYSIA BERHAD","MYR","2020-08-28 MY (UTC+08:00)","2020-08-28 MY (UTC+08:00)","9","134","1,000.00","1,000.00","-","-","28/Aug/2020 MY (UTC+08:00)","04:23 MY (UTC+08:00)","2008280337350540","T025226904920","-","70.00","025 - Office","FC8A","2502","2860 - ","-5,185.66","","-","ONG KHAR HONG","RCMS - CR FPX","","-"
"506061304070","Current Account","GENTING MALAYSIA BERHAD","MYR","2020-08-28 MY (UTC+08:00)","2020-08-28 MY (UTC+08:00)","9","134","1,000.00","1,000.00","-","-","28/Aug/2020 MY (UTC+08:00)","05:34 MY (UTC+08:00)","9207003443 CR/CARD SALES  DATED 28082020","34432808","-","924.49","011 - System","CBSX4498","3104","2210 - CARDS CREDIT","-4,261.17","","-","","","","-"
"506061304070","Current Account","GENTING MALAYSIA BERHAD","MYR","2020-08-28 MY (UTC+08:00)","2020-08-28 MY (UTC+08:00)","9","134","1,000.00","1,000.00","-","-","28/Aug/2020 MY (UTC+08:00)","05:34 MY (UTC+08:00)","9204135032 CR/CARD SALES  DATED 28082020","50322808","-","385.39","011 - System","CBSX4498","3104","2210 - CARDS CREDIT","-3,875.78","","-","","","","-"
"506061304070","Current Account","GENTING MALAYSIA BERHAD","MYR","2020-08-28 MY (UTC+08:00)","2020-08-28 MY (UTC+08:00)","9","134","1,000.00","1,000.00","-","-","28/Aug/2020 MY (UTC+08:00)","05:34 MY (UTC+08:00)","9870206851 CR/CARD SALES  DATED 28082020","68512808","-","354.06","011 - System","CBSX4498","3104","2210 - CARDS CREDIT","-3,521.72","","-","","","","-"
"506061304070","Current Account","GENTING MALAYSIA BERHAD","MYR","2020-08-28 MY (UTC+08:00)","2020-08-28 MY (UTC+08:00)","9","134","1,000.00","1,000.00","-","-","28/Aug/2020 MY (UTC+08:00)","05:34 MY (UTC+08:00)","9204277883 CR/CARD SALES  DATED 28082020","78832808","-","84.58","011 - System","CBSX4498","3104","2210 - CARDS CREDIT","-3,437.14","","-","","","","-"
"506061304070","Current Account","GENTING MALAYSIA BERHAD","MYR","2020-08-28 MY (UTC+08:00)","2020-08-28 MY (UTC+08:00)","9","134","1,000.00","1,000.00","-","-","28/Aug/2020 MY (UTC+08:00)","05:34 MY (UTC+08:00)","9204079313 CR/CARD SALES  DATED 28082020","93132808","-","4,211.04","011 - System","CBSX4498","3104","2210 - CARDS CREDIT","773.90","","-","","","","-"
"506061304070","Current Account","GENTING MALAYSIA BERHAD","MYR","2020-08-28 MY (UTC+08:00)","2020-08-28 MY (UTC+08:00)","9","134","1,000.00","1,000.00","-","-","28/Aug/2020 MY (UTC+08:00)","05:34 MY (UTC+08:00)","9204219414 CR/CARD SALES  DATED 28082020","94142808","-","226.10","011 - System","CBSX4498","3104","2210 - CARDS CREDIT","1,000.00","","-","","","","-"
