﻿Account Number,Account Type,Account Name,Account Currency,Date From,Date To,Total Debit,Total Credit,Begin Balance,End Balance,Transaction Date,Transaction Time,Posting Date,Processing Time,Transaction Description,Transaction Ref,Debit,Credit,Source Code,Teller ID,Branch/Channel,Transaction Code,End Balance,Filler,Virtual Account,Transaction Description 2,Transaction Description 3,Transaction Description 4,Expiry Date
"506061304070","Current Account","GENTING MALAYSIA BERHAD","MYR","2020-08-31 MY (UTC+08:00)","2020-08-31 MY (UTC+08:00)","8","135","1,000.00","1,000.00","-","-","31/Aug/2020 MY (UTC+08:00)","07:05 MY (UTC+08:00)","2008310705090988","T025563948020","-","70.00","025 - Office","FC8B","2502","2860 - ","1,070.00","","-","CHAI HON SIM","RCMS - CR FPX","","-"
"506061304070","Current Account","GENTING MALAYSIA BERHAD","MYR","2020-08-31 MY (UTC+08:00)","2020-08-31 MY (UTC+08:00)","8","135","1,000.00","1,000.00","-","-","31/Aug/2020 MY (UTC+08:00)","08:12 MY (UTC+08:00)","2008310811120731","T025566558020","-","100.00","025 - Office","FC8C","2502","2860 - ","1,170.00","","-","AZIZAH BINTI ASMAT","RCMS - CR FPX","","-"
"506061304070","Current Account","GENTING MALAYSIA BERHAD","MYR","2020-08-31 MY (UTC+08:00)","2020-08-31 MY (UTC+08:00)","8","135","1,000.00","1,000.00","-","-","31/Aug/2020 MY (UTC+08:00)","09:28 MY (UTC+08:00)","2008310927220129","T025570911920","-","140.00","025 - Office","FC8B","2502","2860 - ","1,310.00","","-","CHIN GUO WEI","RCMS - CR FPX","","-"
"506061304070","Current Account","GENTING MALAYSIA BERHAD","MYR","2020-08-31 MY (UTC+08:00)","2020-08-31 MY (UTC+08:00)","8","135","1,000.00","1,000.00","-","-","31/Aug/2020 MY (UTC+08:00)","09:34 MY (UTC+08:00)","2008310933350704","T025571371220","-","80.00","025 - Office","FC8C","2502","2860 - ","1,390.00","","-","CHAN LEE LEE","RCMS - CR FPX","","-"
"506061304070","Current Account","GENTING MALAYSIA BERHAD","MYR","2020-08-31 MY (UTC+08:00)","2020-08-31 MY (UTC+08:00)","8","135","1,000.00","1,000.00","-","-","31/Aug/2020 MY (UTC+08:00)","09:38 MY (UTC+08:00)","2008310937220765","T025571636720","-","70.00","025 - Office","FC8C","2502","2860 - ","1,460.00","","-","CHAI SOOK YEE","RCMS - CR FPX","","-"
"506061304070","Current Account","GENTING MALAYSIA BERHAD","MYR","2020-08-31 MY (UTC+08:00)","2020-08-31 MY (UTC+08:00)","8","135","1,000.00","1,000.00","-","-","31/Aug/2020 MY (UTC+08:00)","09:53 MY (UTC+08:00)","2008310952170178","T025572808520","-","110.00","025 - Office","FC8B","2502","2860 - ","1,570.00","","-","TEOH WOAN JIH","RCMS - CR FPX","","-"
"506061304070","Current Account","GENTING MALAYSIA BERHAD","MYR","2020-08-31 MY (UTC+08:00)","2020-08-31 MY (UTC+08:00)","8","135","1,000.00","1,000.00","-","-","31/Aug/2020 MY (UTC+08:00)","10:12 MY (UTC+08:00)","2008311011480273","T025574461520","-","590.00","025 - Office","FC8A","2502","2860 - ","2,160.00","","-","MARINI BINTI MOHAMED","RCMS - CR FPX","","-"
"506061304070","Current Account","GENTING MALAYSIA BERHAD","MYR","2020-08-31 MY (UTC+08:00)","2020-08-31 MY (UTC+08:00)","8","135","1,000.00","1,000.00","-","-","31/Aug/2020 MY (UTC+08:00)","10:13 MY (UTC+08:00)","2008311011510339","T025574456720","-","80.00","025 - Office","FC8A","2502","2860 - ","2,240.00","","-","MONALIZA BINTI BUYON","RCMS - CR FPX","","-"
"506061304070","Current Account","GENTING MALAYSIA BERHAD","MYR","2020-08-31 MY (UTC+08:00)","2020-08-31 MY (UTC+08:00)","8","135","1,000.00","1,000.00","-","-","31/Aug/2020 MY (UTC+08:00)","10:46 MY (UTC+08:00)","2008311045470860","T025577528720","-","80.00","025 - Office","FC8B","2502","2860 - ","2,320.00","","-","SEE MEI LING","RCMS - CR FPX","","-"
"506061304070","Current Account","GENTING MALAYSIA BERHAD","MYR","2020-08-31 MY (UTC+08:00)","2020-08-31 MY (UTC+08:00)","8","135","1,000.00","1,000.00","-","-","31/Aug/2020 MY (UTC+08:00)","10:58 MY (UTC+08:00)","2008311057420659","T025578721220","-","70.00","025 - Office","FC8B","2502","2860 - ","2,390.00","","-","OOI GAIK LIN","RCMS - CR FPX","","-"
"506061304070","Current Account","GENTING MALAYSIA BERHAD","MYR","2020-08-31 MY (UTC+08:00)","2020-08-31 MY (UTC+08:00)","8","135","1,000.00","1,000.00","-","-","31/Aug/2020 MY (UTC+08:00)","11:18 MY (UTC+08:00)","2008311117160603","T025580683520","-","360.00","025 - Office","FC8B","2502","2860 - ","2,750.00","","-","MAGDALEN SU AI TIING","RCMS - CR FPX","","-"
"506061304070","Current Account","GENTING MALAYSIA BERHAD","MYR","2020-08-31 MY (UTC+08:00)","2020-08-31 MY (UTC+08:00)","8","135","1,000.00","1,000.00","-","-","31/Aug/2020 MY (UTC+08:00)","11:27 MY (UTC+08:00)","2008311126420963","T025581620720","-","110.00","025 - Office","FC8C","2502","2860 - ","2,860.00","","-","CHOW PEK MUN","RCMS - CR FPX","","-"
"506061304070","Current Account","GENTING MALAYSIA BERHAD","MYR","2020-08-31 MY (UTC+08:00)","2020-08-31 MY (UTC+08:00)","8","135","1,000.00","1,000.00","-","-","31/Aug/2020 MY (UTC+08:00)","11:51 MY (UTC+08:00)","2008311149420817","T025583965220","-","70.00","025 - Office","FC8B","2502","2860 - ","2,930.00","","-","NURUL HIDAYAH BINTI","RCMS - CR FPX","","-"
"506061304070","Current Account","GENTING MALAYSIA BERHAD","MYR","2020-08-31 MY (UTC+08:00)","2020-08-31 MY (UTC+08:00)","8","135","1,000.00","1,000.00","-","-","31/Aug/2020 MY (UTC+08:00)","12:07 MY (UTC+08:00)","2008311206120100","T025585812920","-","80.00","025 - Office","FC8F","2502","2860 - ","3,010.00","","-","HOOI HAN XIAN","RCMS - CR FPX","","-"
"506061304070","Current Account","GENTING MALAYSIA BERHAD","MYR","2020-08-31 MY (UTC+08:00)","2020-08-31 MY (UTC+08:00)","8","135","1,000.00","1,000.00","-","-","31/Aug/2020 MY (UTC+08:00)","12:26 MY (UTC+08:00)","2008311224250270","T025587817520","-","140.00","025 - Office","FC8B","2502","2860 - ","3,150.00","","-","NALINA A/P MARCUS","RCMS - CR FPX","","-"
"506061304070","Current Account","GENTING MALAYSIA BERHAD","MYR","2020-08-31 MY (UTC+08:00)","2020-08-31 MY (UTC+08:00)","8","135","1,000.00","1,000.00","-","-","31/Aug/2020 MY (UTC+08:00)","12:38 MY (UTC+08:00)","2008311237050255","T025589168420","-","80.00","025 - Office","FC8D","2502","2860 - ","3,230.00","","-","NG XINYING","RCMS - CR FPX","","-"
"506061304070","Current Account","GENTING MALAYSIA BERHAD","MYR","2020-08-31 MY (UTC+08:00)","2020-08-31 MY (UTC+08:00)","8","135","1,000.00","1,000.00","-","-","31/Aug/2020 MY (UTC+08:00)","12:39 MY (UTC+08:00)","2008311239020368","T025589385620","-","111.00","025 - Office","FC8C","2502","2860 - ","3,341.00","","-","WAN AIDA ADLINA BINT","RCMS - CR FPX","","-"
"506061304070","Current Account","GENTING MALAYSIA BERHAD","MYR","2020-08-31 MY (UTC+08:00)","2020-08-31 MY (UTC+08:00)","8","135","1,000.00","1,000.00","-","-","31/Aug/2020 MY (UTC+08:00)","12:54 MY (UTC+08:00)","2008311253520548","T025590939920","-","140.00","025 - Office","FC8C","2502","2860 - ","3,481.00","","-","ALVIN TAN SOO YEN","RCMS - CR FPX","","-"
"506061304070","Current Account","GENTING MALAYSIA BERHAD","MYR","2020-08-31 MY (UTC+08:00)","2020-08-31 MY (UTC+08:00)","8","135","1,000.00","1,000.00","-","-","31/Aug/2020 MY (UTC+08:00)","13:00 MY (UTC+08:00)","2008311300180682","T025591905620","-","100.00","025 - Office","FC8A","2502","2860 - ","3,581.00","","-","CHONG KOK SIN","RCMS - CR FPX","","-"
"506061304070","Current Account","GENTING MALAYSIA BERHAD","MYR","2020-08-31 MY (UTC+08:00)","2020-08-31 MY (UTC+08:00)","8","135","1,000.00","1,000.00","-","-","31/Aug/2020 MY (UTC+08:00)","13:09 MY (UTC+08:00)","2008311308370595","T025592911820","-","160.00","025 - Office","FC8C","2502","2860 - ","3,741.00","","-","HEW PIK XIN","RCMS - CR FPX","","-"
"506061304070","Current Account","GENTING MALAYSIA BERHAD","MYR","2020-08-31 MY (UTC+08:00)","2020-08-31 MY (UTC+08:00)","8","135","1,000.00","1,000.00","-","-","31/Aug/2020 MY (UTC+08:00)","13:11 MY (UTC+08:00)","2008311310440774","T025593152420","-","160.00","025 - Office","FC8E","2502","2860 - ","3,901.00","","-","ONG SEAN HOOI","RCMS - CR FPX","","-"
"506061304070","Current Account","GENTING MALAYSIA BERHAD","MYR","2020-08-31 MY (UTC+08:00)","2020-08-31 MY (UTC+08:00)","8","135","1,000.00","1,000.00","-","-","31/Aug/2020 MY (UTC+08:00)","13:12 MY (UTC+08:00)","2008311310170128","T025593089720","-","240.00","025 - Office","FC8D","2502","2860 - ","4,141.00","","-","KOO ING TYNG","RCMS - CR FPX","","-"
"506061304070","Current Account","GENTING MALAYSIA BERHAD","MYR","2020-08-31 MY (UTC+08:00)","2020-08-31 MY (UTC+08:00)","8","135","1,000.00","1,000.00","-","-","31/Aug/2020 MY (UTC+08:00)","13:12 MY (UTC+08:00)","2008311312200149","T025593322520","-","70.00","025 - Office","FC8A","2502","2860 - ","4,211.00","","-","AL ZAIM RESOURCES","RCMS - CR FPX","","-"
"506061304070","Current Account","GENTING MALAYSIA BERHAD","MYR","2020-08-31 MY (UTC+08:00)","2020-08-31 MY (UTC+08:00)","8","135","1,000.00","1,000.00","-","-","31/Aug/2020 MY (UTC+08:00)","13:15 MY (UTC+08:00)","2008311314580142","T025593596720","-","240.00","025 - Office","FC8E","2502","2860 - ","4,451.00","","-","KOO ING TYNG","RCMS - CR FPX","","-"
"506061304070","Current Account","GENTING MALAYSIA BERHAD","MYR","2020-08-31 MY (UTC+08:00)","2020-08-31 MY (UTC+08:00)","8","135","1,000.00","1,000.00","-","-","31/Aug/2020 MY (UTC+08:00)","13:21 MY (UTC+08:00)","2008311320500949","T025594251620","-","100.00","025 - Office","FC8A","2502","2860 - ","4,551.00","","-","KONG SIEW SIAN","RCMS - CR FPX","","-"
"506061304070","Current Account","GENTING MALAYSIA BERHAD","MYR","2020-08-31 MY (UTC+08:00)","2020-08-31 MY (UTC+08:00)","8","135","1,000.00","1,000.00","-","-","31/Aug/2020 MY (UTC+08:00)","13:24 MY (UTC+08:00)","2008311323490414","T025594559420","-","70.00","025 - Office","FC8A","2502","2860 - ","4,621.00","","-","ARUMAIYAN A/L CHANDR","RCMS - CR FPX","","-"
"506061304070","Current Account","GENTING MALAYSIA BERHAD","MYR","2020-08-31 MY (UTC+08:00)","2020-08-31 MY (UTC+08:00)","8","135","1,000.00","1,000.00","-","-","31/Aug/2020 MY (UTC+08:00)","13:27 MY (UTC+08:00)","2008311326450795","T025594927820","-","70.00","025 - Office","FC8B","2502","2860 - ","4,691.00","","-","CHAU PEI JIUN","RCMS - CR FPX","","-"
"506061304070","Current Account","GENTING MALAYSIA BERHAD","MYR","2020-08-31 MY (UTC+08:00)","2020-08-31 MY (UTC+08:00)","8","135","1,000.00","1,000.00","-","-","31/Aug/2020 MY (UTC+08:00)","13:31 MY (UTC+08:00)","2008311330040701","T025595289320","-","70.00","025 - Office","FC8A","2502","2860 - ","4,761.00","","-","LAW TIH HOONG","RCMS - CR FPX","","-"
"506061304070","Current Account","GENTING MALAYSIA BERHAD","MYR","2020-08-31 MY (UTC+08:00)","2020-08-31 MY (UTC+08:00)","8","135","1,000.00","1,000.00","-","-","31/Aug/2020 MY (UTC+08:00)","13:31 MY (UTC+08:00)","2008311330570053","T025595388620","-","111.00","025 - Office","FC8A","2502","2860 - ","4,872.00","","-","JOHAN NIZAM BIN BAHA","RCMS - CR FPX","","-"
"506061304070","Current Account","GENTING MALAYSIA BERHAD","MYR","2020-08-31 MY (UTC+08:00)","2020-08-31 MY (UTC+08:00)","8","135","1,000.00","1,000.00","-","-","31/Aug/2020 MY (UTC+08:00)","13:32 MY (UTC+08:00)","2008311332100859","T025595536520","-","70.00","025 - Office","FC8C","2502","2860 - ","4,942.00","","-","NARINCHAYA HEMARACH","RCMS - CR FPX","","-"
"506061304070","Current Account","GENTING MALAYSIA BERHAD","MYR","2020-08-31 MY (UTC+08:00)","2020-08-31 MY (UTC+08:00)","8","135","1,000.00","1,000.00","-","-","31/Aug/2020 MY (UTC+08:00)","13:33 MY (UTC+08:00)","2008311332520973","T025595625020","-","70.00","025 - Office","FC8A","2502","2860 - ","5,012.00","","-","LAW TIH HOONG","RCMS - CR FPX","","-"
"506061304070","Current Account","GENTING MALAYSIA BERHAD","MYR","2020-08-31 MY (UTC+08:00)","2020-08-31 MY (UTC+08:00)","8","135","1,000.00","1,000.00","-","-","31/Aug/2020 MY (UTC+08:00)","13:49 MY (UTC+08:00)","2008311348330602","T025597103120","-","70.00","025 - Office","FC8C","2502","2860 - ","5,082.00","","-","TAY REN YUNG","RCMS - CR FPX","","-"
"506061304070","Current Account","GENTING MALAYSIA BERHAD","MYR","2020-08-31 MY (UTC+08:00)","2020-08-31 MY (UTC+08:00)","8","135","1,000.00","1,000.00","-","-","31/Aug/2020 MY (UTC+08:00)","13:50 MY (UTC+08:00)","2008311349190673","T025597447820","-","408.00","025 - Office","FC8F","2502","2860 - ","5,490.00","","-","EDMUND MOK TSUEY YUA","RCMS - CR FPX","","-"
"506061304070","Current Account","GENTING MALAYSIA BERHAD","MYR","2020-08-31 MY (UTC+08:00)","2020-08-31 MY (UTC+08:00)","8","135","1,000.00","1,000.00","-","-","31/Aug/2020 MY (UTC+08:00)","14:01 MY (UTC+08:00)","2008311401080823","T025598669120","-","80.00","025 - Office","FC8A","2502","2860 - ","5,570.00","","-","HEW PIK LING","RCMS - CR FPX","","-"
"506061304070","Current Account","GENTING MALAYSIA BERHAD","MYR","2020-08-31 MY (UTC+08:00)","2020-08-31 MY (UTC+08:00)","8","135","1,000.00","1,000.00","-","-","31/Aug/2020 MY (UTC+08:00)","14:11 MY (UTC+08:00)","2008311410060210","T025599511520","-","160.00","025 - Office","FC8A","2502","2860 - ","5,730.00","","-","CHONG YUAN CHEN","RCMS - CR FPX","","-"
"506061304070","Current Account","GENTING MALAYSIA BERHAD","MYR","2020-08-31 MY (UTC+08:00)","2020-08-31 MY (UTC+08:00)","8","135","1,000.00","1,000.00","-","-","31/Aug/2020 MY (UTC+08:00)","14:17 MY (UTC+08:00)","2008311416570286","T025600224020","-","80.00","025 - Office","FC8B","2502","2860 - ","5,810.00","","-","ONG MING CHOO","RCMS - CR FPX","","-"
"506061304070","Current Account","GENTING MALAYSIA BERHAD","MYR","2020-08-31 MY (UTC+08:00)","2020-08-31 MY (UTC+08:00)","8","135","1,000.00","1,000.00","-","-","31/Aug/2020 MY (UTC+08:00)","14:17 MY (UTC+08:00)","2008311416150212","T025600161920","-","140.00","025 - Office","FC8A","2502","2860 - ","5,950.00","","-","TAN ZHI PIN","RCMS - CR FPX","","-"
"506061304070","Current Account","GENTING MALAYSIA BERHAD","MYR","2020-08-31 MY (UTC+08:00)","2020-08-31 MY (UTC+08:00)","8","135","1,000.00","1,000.00","-","-","31/Aug/2020 MY (UTC+08:00)","14:23 MY (UTC+08:00)","2008311422450763","T025600835120","-","110.00","025 - Office","FC8A","2502","2860 - ","6,060.00","","-","LEE HONG CHEE","RCMS - CR FPX","","-"
"506061304070","Current Account","GENTING MALAYSIA BERHAD","MYR","2020-08-31 MY (UTC+08:00)","2020-08-31 MY (UTC+08:00)","8","135","1,000.00","1,000.00","-","-","31/Aug/2020 MY (UTC+08:00)","14:25 MY (UTC+08:00)","2008311424590117","T025601053820","-","1,600.00","025 - Office","FC8A","2502","2860 - ","7,660.00","","-","NG CHEE HAO","RCMS - CR FPX","","-"
"506061304070","Current Account","GENTING MALAYSIA BERHAD","MYR","2020-08-31 MY (UTC+08:00)","2020-08-31 MY (UTC+08:00)","8","135","1,000.00","1,000.00","-","-","31/Aug/2020 MY (UTC+08:00)","14:29 MY (UTC+08:00)","2008311428380397","T025601485220","-","80.00","025 - Office","FC8D","2502","2860 - ","7,740.00","","-","ONG MING CHOO","RCMS - CR FPX","","-"
"506061304070","Current Account","GENTING MALAYSIA BERHAD","MYR","2020-08-31 MY (UTC+08:00)","2020-08-31 MY (UTC+08:00)","8","135","1,000.00","1,000.00","-","-","31/Aug/2020 MY (UTC+08:00)","14:38 MY (UTC+08:00)","2008311437010473","T025602223220","-","170.00","025 - Office","FC8A","2502","2860 - ","7,910.00","","-","NG CHEE WAI","RCMS - CR FPX","","-"
"506061304070","Current Account","GENTING MALAYSIA BERHAD","MYR","2020-08-31 MY (UTC+08:00)","2020-08-31 MY (UTC+08:00)","8","135","1,000.00","1,000.00","-","-","31/Aug/2020 MY (UTC+08:00)","14:55 MY (UTC+08:00)","2008311454380969","T025604001920","-","80.00","025 - Office","FC8C","2502","2860 - ","7,990.00","","-","LAI CHAN SHEN  CHEW","RCMS - CR FPX","","-"
"506061304070","Current Account","GENTING MALAYSIA BERHAD","MYR","2020-08-31 MY (UTC+08:00)","2020-08-31 MY (UTC+08:00)","8","135","1,000.00","1,000.00","-","-","31/Aug/2020 MY (UTC+08:00)","15:03 MY (UTC+08:00)","2008311502430825","T025604818220","-","70.00","025 - Office","FC8A","2502","2860 - ","8,060.00","","-","MU THENG WEI","RCMS - CR FPX","","-"
"506061304070","Current Account","GENTING MALAYSIA BERHAD","MYR","2020-08-31 MY (UTC+08:00)","2020-08-31 MY (UTC+08:00)","8","135","1,000.00","1,000.00","-","-","31/Aug/2020 MY (UTC+08:00)","15:05 MY (UTC+08:00)","2008311503300922","T025604869520","-","80.00","025 - Office","FC8A","2502","2860 - ","8,140.00","","-","NEOH JIT CHIAN","RCMS - CR FPX","","-"
"506061304070","Current Account","GENTING MALAYSIA BERHAD","MYR","2020-08-31 MY (UTC+08:00)","2020-08-31 MY (UTC+08:00)","8","135","1,000.00","1,000.00","-","-","31/Aug/2020 MY (UTC+08:00)","15:06 MY (UTC+08:00)","2008311504590078","T025605023720","-","940.00","025 - Office","FC8A","2502","2860 - ","9,080.00","","-","SONG MEI HWA","RCMS - CR FPX","","-"
"506061304070","Current Account","GENTING MALAYSIA BERHAD","MYR","2020-08-31 MY (UTC+08:00)","2020-08-31 MY (UTC+08:00)","8","135","1,000.00","1,000.00","-","-","31/Aug/2020 MY (UTC+08:00)","15:15 MY (UTC+08:00)","2008311514470784","T025606000520","-","310.00","025 - Office","FC8B","2502","2860 - ","9,390.00","","-","SONG MEI HWA","RCMS - CR FPX","","-"
"506061304070","Current Account","GENTING MALAYSIA BERHAD","MYR","2020-08-31 MY (UTC+08:00)","2020-08-31 MY (UTC+08:00)","8","135","1,000.00","1,000.00","-","-","31/Aug/2020 MY (UTC+08:00)","15:26 MY (UTC+08:00)","2008311525170214","T025607029820","-","220.00","025 - Office","FC8B","2502","2860 - ","9,610.00","","-","CHONG CHEE XIONG","RCMS - CR FPX","","-"
"506061304070","Current Account","GENTING MALAYSIA BERHAD","MYR","2020-08-31 MY (UTC+08:00)","2020-08-31 MY (UTC+08:00)","8","135","1,000.00","1,000.00","-","-","31/Aug/2020 MY (UTC+08:00)","15:44 MY (UTC+08:00)","2008311543210369","T025608810620","-","260.00","025 - Office","FC8A","2502","2860 - ","9,870.00","","-","LAI BOON PEN","RCMS - CR FPX","","-"
"506061304070","Current Account","GENTING MALAYSIA BERHAD","MYR","2020-08-31 MY (UTC+08:00)","2020-08-31 MY (UTC+08:00)","8","135","1,000.00","1,000.00","-","-","31/Aug/2020 MY (UTC+08:00)","15:57 MY (UTC+08:00)","2008311556190072","T025610098220","-","250.00","025 - Office","FC8A","2502","2860 - ","10,120.00","","-","LEOW TORNG SHYI","RCMS - CR FPX","","-"
"506061304070","Current Account","GENTING MALAYSIA BERHAD","MYR","2020-08-31 MY (UTC+08:00)","2020-08-31 MY (UTC+08:00)","8","135","1,000.00","1,000.00","-","-","31/Aug/2020 MY (UTC+08:00)","15:57 MY (UTC+08:00)","2008311556370517","T025610121920","-","110.00","025 - Office","FC8B","2502","2860 - ","10,230.00","","-","CHEN SET MOY","RCMS - CR FPX","","-"
"506061304070","Current Account","GENTING MALAYSIA BERHAD","MYR","2020-08-31 MY (UTC+08:00)","2020-08-31 MY (UTC+08:00)","8","135","1,000.00","1,000.00","-","-","31/Aug/2020 MY (UTC+08:00)","16:04 MY (UTC+08:00)","2008311603090719","T025610786420","-","229.00","025 - Office","FC8A","2502","2860 - ","10,459.00","","-","NG LEE MING","RCMS - CR FPX","","-"
"506061304070","Current Account","GENTING MALAYSIA BERHAD","MYR","2020-08-31 MY (UTC+08:00)","2020-08-31 MY (UTC+08:00)","8","135","1,000.00","1,000.00","-","-","31/Aug/2020 MY (UTC+08:00)","16:11 MY (UTC+08:00)","2008311611110188","T025611606320","-","70.00","025 - Office","FC8A","2502","2860 - ","10,529.00","","-","GOH CHIEW SHENG","RCMS - CR FPX","","-"
"506061304070","Current Account","GENTING MALAYSIA BERHAD","MYR","2020-08-31 MY (UTC+08:00)","2020-08-31 MY (UTC+08:00)","8","135","1,000.00","1,000.00","-","-","31/Aug/2020 MY (UTC+08:00)","16:12 MY (UTC+08:00)","2008311611190379","T025611635420","-","70.00","025 - Office","FC8B","2502","2860 - ","10,599.00","","-","TAN MEI FANG","RCMS - CR FPX","","-"
"506061304070","Current Account","GENTING MALAYSIA BERHAD","MYR","2020-08-31 MY (UTC+08:00)","2020-08-31 MY (UTC+08:00)","8","135","1,000.00","1,000.00","-","-","31/Aug/2020 MY (UTC+08:00)","16:13 MY (UTC+08:00)","2008311612570778","T025611444620","-","70.00","025 - Office","FC8B","2502","2860 - ","10,669.00","","-","LAU PUI LING","RCMS - CR FPX","","-"
"506061304070","Current Account","GENTING MALAYSIA BERHAD","MYR","2020-08-31 MY (UTC+08:00)","2020-08-31 MY (UTC+08:00)","8","135","1,000.00","1,000.00","-","-","31/Aug/2020 MY (UTC+08:00)","16:16 MY (UTC+08:00)","2008311615020743","T025611987620","-","140.00","025 - Office","FC8B","2502","2860 - ","10,809.00","","-","MR TAN TEIK WEI","RCMS - CR FPX","","-"
"506061304070","Current Account","GENTING MALAYSIA BERHAD","MYR","2020-08-31 MY (UTC+08:00)","2020-08-31 MY (UTC+08:00)","8","135","1,000.00","1,000.00","-","-","31/Aug/2020 MY (UTC+08:00)","16:29 MY (UTC+08:00)","2008311628510453","T025613367320","-","229.00","025 - Office","FC8A","2502","2860 - ","11,038.00","","-","TAN MING HUI","RCMS - CR FPX","","-"
"506061304070","Current Account","GENTING MALAYSIA BERHAD","MYR","2020-08-31 MY (UTC+08:00)","2020-08-31 MY (UTC+08:00)","8","135","1,000.00","1,000.00","-","-","31/Aug/2020 MY (UTC+08:00)","16:36 MY (UTC+08:00)","2008311635030048","T025613958920","-","70.00","025 - Office","FC8A","2502","2860 - ","11,108.00","","-","KEE TEIK JIN","RCMS - CR FPX","","-"
"506061304070","Current Account","GENTING MALAYSIA BERHAD","MYR","2020-08-31 MY (UTC+08:00)","2020-08-31 MY (UTC+08:00)","8","135","1,000.00","1,000.00","-","-","31/Aug/2020 MY (UTC+08:00)","16:40 MY (UTC+08:00)","2008311639170877","T025614347720","-","180.00","025 - Office","FC8B","2502","2860 - ","11,288.00","","-","HON LEP YONG","RCMS - CR FPX","","-"
"506061304070","Current Account","GENTING MALAYSIA BERHAD","MYR","2020-08-31 MY (UTC+08:00)","2020-08-31 MY (UTC+08:00)","8","135","1,000.00","1,000.00","-","-","31/Aug/2020 MY (UTC+08:00)","16:43 MY (UTC+08:00)","2008311642290431","T025614679520","-","70.00","025 - Office","FC8A","2502","2860 - ","11,358.00","","-","LEE YEE SEONG","RCMS - CR FPX","","-"
"506061304070","Current Account","GENTING MALAYSIA BERHAD","MYR","2020-08-31 MY (UTC+08:00)","2020-08-31 MY (UTC+08:00)","8","135","1,000.00","1,000.00","-","-","31/Aug/2020 MY (UTC+08:00)","16:45 MY (UTC+08:00)","2008311644300242","T025614887420","-","180.00","025 - Office","FC8A","2502","2860 - ","11,538.00","","-","LOW ZHI HAW","RCMS - CR FPX","","-"
"506061304070","Current Account","GENTING MALAYSIA BERHAD","MYR","2020-08-31 MY (UTC+08:00)","2020-08-31 MY (UTC+08:00)","8","135","1,000.00","1,000.00","-","-","31/Aug/2020 MY (UTC+08:00)","16:57 MY (UTC+08:00)","2008311656410959","T025616082020","-","180.00","025 - Office","FC8B","2502","2860 - ","11,718.00","","-","LOW ZHI YEN","RCMS - CR FPX","","-"
"506061304070","Current Account","GENTING MALAYSIA BERHAD","MYR","2020-08-31 MY (UTC+08:00)","2020-08-31 MY (UTC+08:00)","8","135","1,000.00","1,000.00","-","-","31/Aug/2020 MY (UTC+08:00)","17:06 MY (UTC+08:00)","2008311706020838","T025616985620","-","100.00","025 - Office","FC8B","2502","2860 - ","11,818.00","","-","JONATHAN WONG KUOK J","RCMS - CR FPX","","-"
"506061304070","Current Account","GENTING MALAYSIA BERHAD","MYR","2020-08-31 MY (UTC+08:00)","2020-08-31 MY (UTC+08:00)","8","135","1,000.00","1,000.00","-","-","31/Aug/2020 MY (UTC+08:00)","17:12 MY (UTC+08:00)","2008311710510330","T025617436520","-","70.00","025 - Office","FC8A","2502","2860 - ","11,888.00","","-","LOW WENG KIAN","RCMS - CR FPX","","-"
"506061304070","Current Account","GENTING MALAYSIA BERHAD","MYR","2020-08-31 MY (UTC+08:00)","2020-08-31 MY (UTC+08:00)","8","135","1,000.00","1,000.00","-","-","31/Aug/2020 MY (UTC+08:00)","17:17 MY (UTC+08:00)","2008311716220931","T025618016120","-","160.00","025 - Office","FC8C","2502","2860 - ","12,048.00","","-","LIM BAO NING","RCMS - CR FPX","","-"
"506061304070","Current Account","GENTING MALAYSIA BERHAD","MYR","2020-08-31 MY (UTC+08:00)","2020-08-31 MY (UTC+08:00)","8","135","1,000.00","1,000.00","-","-","31/Aug/2020 MY (UTC+08:00)","17:35 MY (UTC+08:00)","2008311734040087","T025619826620","-","70.00","025 - Office","FC8A","2502","2860 - ","12,118.00","","-","YEW CHUN KIT","RCMS - CR FPX","","-"
"506061304070","Current Account","GENTING MALAYSIA BERHAD","MYR","2020-08-31 MY (UTC+08:00)","2020-08-31 MY (UTC+08:00)","8","135","1,000.00","1,000.00","-","-","31/Aug/2020 MY (UTC+08:00)","17:44 MY (UTC+08:00)","2008311743400891","T025620784520","-","180.00","025 - Office","FC8A","2502","2860 - ","12,298.00","","-","HAR SIEW WOON","RCMS - CR FPX","","-"
"506061304070","Current Account","GENTING MALAYSIA BERHAD","MYR","2020-08-31 MY (UTC+08:00)","2020-08-31 MY (UTC+08:00)","8","135","1,000.00","1,000.00","-","-","31/Aug/2020 MY (UTC+08:00)","17:47 MY (UTC+08:00)","2008311746450161","T025621064120","-","180.00","025 - Office","FC8A","2502","2860 - ","12,478.00","","-","MUHAMMAD ASYRAF BIN","RCMS - CR FPX","","-"
"506061304070","Current Account","GENTING MALAYSIA BERHAD","MYR","2020-08-31 MY (UTC+08:00)","2020-08-31 MY (UTC+08:00)","8","135","1,000.00","1,000.00","-","-","31/Aug/2020 MY (UTC+08:00)","17:52 MY (UTC+08:00)","2008311751440853","T025621573220","-","180.00","025 - Office","FC8A","2502","2860 - ","12,658.00","","-","HAR SIEW WOON","RCMS - CR FPX","","-"
"506061304070","Current Account","GENTING MALAYSIA BERHAD","MYR","2020-08-31 MY (UTC+08:00)","2020-08-31 MY (UTC+08:00)","8","135","1,000.00","1,000.00","-","-","31/Aug/2020 MY (UTC+08:00)","18:11 MY (UTC+08:00)","2008311810450920","T025623365120","-","70.00","025 - Office","FC8C","2502","2860 - ","12,728.00","","-","WONG CHOO KUAN","RCMS - CR FPX","","-"
"506061304070","Current Account","GENTING MALAYSIA BERHAD","MYR","2020-08-31 MY (UTC+08:00)","2020-08-31 MY (UTC+08:00)","8","135","1,000.00","1,000.00","-","-","31/Aug/2020 MY (UTC+08:00)","18:17 MY (UTC+08:00)","2008311816560941","T025623935420","-","70.00","025 - Office","FC8C","2502","2860 - ","12,798.00","","-","TEE KWE SHENG","RCMS - CR FPX","","-"
"506061304070","Current Account","GENTING MALAYSIA BERHAD","MYR","2020-08-31 MY (UTC+08:00)","2020-08-31 MY (UTC+08:00)","8","135","1,000.00","1,000.00","-","-","31/Aug/2020 MY (UTC+08:00)","18:39 MY (UTC+08:00)","2008311838280185","T025625975720","-","110.00","025 - Office","FC8D","2502","2860 - ","12,908.00","","-","GLENNIS WONG RHUO XU","RCMS - CR FPX","","-"
"506061304070","Current Account","GENTING MALAYSIA BERHAD","MYR","2020-08-31 MY (UTC+08:00)","2020-08-31 MY (UTC+08:00)","8","135","1,000.00","1,000.00","-","-","31/Aug/2020 MY (UTC+08:00)","18:46 MY (UTC+08:00)","2008311845160173","T025626627920","-","180.00","025 - Office","FC8D","2502","2860 - ","13,088.00","","-","HONG WOAN JING","RCMS - CR FPX","","-"
"506061304070","Current Account","GENTING MALAYSIA BERHAD","MYR","2020-08-31 MY (UTC+08:00)","2020-08-31 MY (UTC+08:00)","8","135","1,000.00","1,000.00","-","-","31/Aug/2020 MY (UTC+08:00)","19:04 MY (UTC+08:00)","2008311903570705","T025628377520","-","70.00","025 - Office","FC8A","2502","2860 - ","13,158.00","","-","HAI KIM PERN","RCMS - CR FPX","","-"
"506061304070","Current Account","GENTING MALAYSIA BERHAD","MYR","2020-08-31 MY (UTC+08:00)","2020-08-31 MY (UTC+08:00)","8","135","1,000.00","1,000.00","-","-","31/Aug/2020 MY (UTC+08:00)","19:10 MY (UTC+08:00)","2008311909270760","T025628906420","-","70.00","025 - Office","FC8B","2502","2860 - ","13,228.00","","-","CHAI YU HUA","RCMS - CR FPX","","-"
"506061304070","Current Account","GENTING MALAYSIA BERHAD","MYR","2020-08-31 MY (UTC+08:00)","2020-08-31 MY (UTC+08:00)","8","135","1,000.00","1,000.00","-","-","31/Aug/2020 MY (UTC+08:00)","19:42 MY (UTC+08:00)","2008311941560331","T025632107420","-","165.00","025 - Office","FC8B","2502","2860 - ","13,393.00","","-","NOR SYAZWANI BINTI M","RCMS - CR FPX","","-"
"506061304070","Current Account","GENTING MALAYSIA BERHAD","MYR","2020-08-31 MY (UTC+08:00)","2020-08-31 MY (UTC+08:00)","8","135","1,000.00","1,000.00","-","-","31/Aug/2020 MY (UTC+08:00)","19:43 MY (UTC+08:00)","2008311942340245","T025632169220","-","70.00","025 - Office","FC90","2502","2860 - ","13,463.00","","-","MOK YEW KEI","RCMS - CR FPX","","-"
"506061304070","Current Account","GENTING MALAYSIA BERHAD","MYR","2020-08-31 MY (UTC+08:00)","2020-08-31 MY (UTC+08:00)","8","135","1,000.00","1,000.00","-","-","31/Aug/2020 MY (UTC+08:00)","19:47 MY (UTC+08:00)","2008311946550747","T025632613220","-","80.00","025 - Office","FC8A","2502","2860 - ","13,543.00","","-","YU LEY CHIN","RCMS - CR FPX","","-"
"506061304070","Current Account","GENTING MALAYSIA BERHAD","MYR","2020-08-31 MY (UTC+08:00)","2020-08-31 MY (UTC+08:00)","8","135","1,000.00","1,000.00","-","-","31/Aug/2020 MY (UTC+08:00)","19:54 MY (UTC+08:00)","2008311953190405","T025633238120","-","70.00","025 - Office","FC8B","2502","2860 - ","13,613.00","","-","KAVITAH A/P PONUSAMY","RCMS - CR FPX","","-"
"506061304070","Current Account","GENTING MALAYSIA BERHAD","MYR","2020-08-31 MY (UTC+08:00)","2020-08-31 MY (UTC+08:00)","8","135","1,000.00","1,000.00","-","-","31/Aug/2020 MY (UTC+08:00)","19:54 MY (UTC+08:00)","2008311953430001","T025633279820","-","70.00","025 - Office","FC8A","2502","2860 - ","13,683.00","","-","LIM CHONG PIN","RCMS - CR FPX","","-"
"506061304070","Current Account","GENTING MALAYSIA BERHAD","MYR","2020-08-31 MY (UTC+08:00)","2020-08-31 MY (UTC+08:00)","8","135","1,000.00","1,000.00","-","-","31/Aug/2020 MY (UTC+08:00)","19:58 MY (UTC+08:00)","2008311956200922","T025633540820","-","70.00","025 - Office","FC8B","2502","2860 - ","13,753.00","","-","ERLY HALIM","RCMS - CR FPX","","-"
"506061304070","Current Account","GENTING MALAYSIA BERHAD","MYR","2020-08-31 MY (UTC+08:00)","2020-08-31 MY (UTC+08:00)","8","135","1,000.00","1,000.00","-","-","31/Aug/2020 MY (UTC+08:00)","20:12 MY (UTC+08:00)","2008312011200414","T025635192320","-","110.00","025 - Office","FC8C","2502","2860 - ","13,863.00","","-","KAVITAH A/P PONUSAMY","RCMS - CR FPX","","-"
"506061304070","Current Account","GENTING MALAYSIA BERHAD","MYR","2020-08-31 MY (UTC+08:00)","2020-08-31 MY (UTC+08:00)","8","135","1,000.00","1,000.00","-","-","31/Aug/2020 MY (UTC+08:00)","20:18 MY (UTC+08:00)","2008312018000747","T025635939020","-","250.00","025 - Office","FC8C","2502","2860 - ","14,113.00","","-","LOW SYE LI","RCMS - CR FPX","","-"
"506061304070","Current Account","GENTING MALAYSIA BERHAD","MYR","2020-08-31 MY (UTC+08:00)","2020-08-31 MY (UTC+08:00)","8","135","1,000.00","1,000.00","-","-","31/Aug/2020 MY (UTC+08:00)","20:24 MY (UTC+08:00)","2008312023310543","T025636556720","-","110.00","025 - Office","FC8B","2502","2860 - ","14,223.00","","-","CHEW KEE HAO","RCMS - CR FPX","","-"
"506061304070","Current Account","GENTING MALAYSIA BERHAD","MYR","2020-08-31 MY (UTC+08:00)","2020-08-31 MY (UTC+08:00)","8","135","1,000.00","1,000.00","-","-","31/Aug/2020 MY (UTC+08:00)","20:28 MY (UTC+08:00)","2008312027310870","T025637053520","-","70.00","025 - Office","FC8B","2502","2860 - ","14,293.00","","-","CHIN SWEE POR","RCMS - CR FPX","","-"
"506061304070","Current Account","GENTING MALAYSIA BERHAD","MYR","2020-08-31 MY (UTC+08:00)","2020-08-31 MY (UTC+08:00)","8","135","1,000.00","1,000.00","-","-","31/Aug/2020 MY (UTC+08:00)","20:35 MY (UTC+08:00)","2008312034120949","T025637856320","-","340.00","025 - Office","FC8B","2502","2860 - ","14,633.00","","-","TEE SIEW MEI  OR","RCMS - CR FPX","","-"
"506061304070","Current Account","GENTING MALAYSIA BERHAD","MYR","2020-08-31 MY (UTC+08:00)","2020-08-31 MY (UTC+08:00)","8","135","1,000.00","1,000.00","-","-","31/Aug/2020 MY (UTC+08:00)","20:39 MY (UTC+08:00)","2008312038280666","T025638390620","-","340.00","025 - Office","FC8A","2502","2860 - ","14,973.00","","-","TEE SIEW MEI  OR","RCMS - CR FPX","","-"
"506061304070","Current Account","GENTING MALAYSIA BERHAD","MYR","2020-08-31 MY (UTC+08:00)","2020-08-31 MY (UTC+08:00)","8","135","1,000.00","1,000.00","-","-","31/Aug/2020 MY (UTC+08:00)","20:56 MY (UTC+08:00)","2008312055160061","T025640299220","-","320.00","025 - Office","FC8C","2502","2860 - ","15,293.00","","-","SYAHZANA BINTI ROSEL","RCMS - CR FPX","","-"
"506061304070","Current Account","GENTING MALAYSIA BERHAD","MYR","2020-08-31 MY (UTC+08:00)","2020-08-31 MY (UTC+08:00)","8","135","1,000.00","1,000.00","-","-","31/Aug/2020 MY (UTC+08:00)","21:01 MY (UTC+08:00)","2008312101040070","T025641094820","-","140.00","025 - Office","FC8E","2502","2860 - ","15,433.00","","-","TOK HUI CHIN","RCMS - CR FPX","","-"
"506061304070","Current Account","GENTING MALAYSIA BERHAD","MYR","2020-08-31 MY (UTC+08:00)","2020-08-31 MY (UTC+08:00)","8","135","1,000.00","1,000.00","-","-","31/Aug/2020 MY (UTC+08:00)","21:06 MY (UTC+08:00)","2008312105200866","T025641649220","-","70.00","025 - Office","FC8D","2502","2860 - ","15,503.00","","-","ONG ZU HAO","RCMS - CR FPX","","-"
"506061304070","Current Account","GENTING MALAYSIA BERHAD","MYR","2020-08-31 MY (UTC+08:00)","2020-08-31 MY (UTC+08:00)","8","135","1,000.00","1,000.00","-","-","31/Aug/2020 MY (UTC+08:00)","21:07 MY (UTC+08:00)","2008312106190639","T025641772520","-","70.00","025 - Office","FC8B","2502","2860 - ","15,573.00","","-","KOH ZHEN TING","RCMS - CR FPX","","-"
"506061304070","Current Account","GENTING MALAYSIA BERHAD","MYR","2020-08-31 MY (UTC+08:00)","2020-08-31 MY (UTC+08:00)","8","135","1,000.00","1,000.00","-","-","31/Aug/2020 MY (UTC+08:00)","21:11 MY (UTC+08:00)","2008312111230935","T025642434620","-","170.00","025 - Office","FC8C","2502","2860 - ","15,743.00","","-","NG BOON HOW","RCMS - CR FPX","","-"
"506061304070","Current Account","GENTING MALAYSIA BERHAD","MYR","2020-08-31 MY (UTC+08:00)","2020-08-31 MY (UTC+08:00)","8","135","1,000.00","1,000.00","-","-","31/Aug/2020 MY (UTC+08:00)","21:25 MY (UTC+08:00)","2008312124570277","T025644131720","-","70.00","025 - Office","FC8A","2502","2860 - ","15,813.00","","-","SAM CHIN WEI FOONG","RCMS - CR FPX","","-"
"506061304070","Current Account","GENTING MALAYSIA BERHAD","MYR","2020-08-31 MY (UTC+08:00)","2020-08-31 MY (UTC+08:00)","8","135","1,000.00","1,000.00","-","-","31/Aug/2020 MY (UTC+08:00)","21:29 MY (UTC+08:00)","2008312128310588","T025644633920","-","240.00","025 - Office","FC8C","2502","2860 - ","16,053.00","","-","KIM KIAN TIN","RCMS - CR FPX","","-"
"506061304070","Current Account","GENTING MALAYSIA BERHAD","MYR","2020-08-31 MY (UTC+08:00)","2020-08-31 MY (UTC+08:00)","8","135","1,000.00","1,000.00","-","-","31/Aug/2020 MY (UTC+08:00)","21:35 MY (UTC+08:00)","CMS - DR CORP CHG","B2CSE00037674","42.00","-","025 - Office","CBSX410N","2502","CDRCHG - CMS - DR CORP CHG","16,011.00","","-","","CMS - DR CORP CHG","","-"
"506061304070","Current Account","GENTING MALAYSIA BERHAD","MYR","2020-08-31 MY (UTC+08:00)","2020-08-31 MY (UTC+08:00)","8","135","1,000.00","1,000.00","-","-","31/Aug/2020 MY (UTC+08:00)","21:43 MY (UTC+08:00)","2008312142000065","T025646375720","-","450.00","025 - Office","FC8A","2502","2860 - ","16,461.00","","-","TAN MUI LIAN","RCMS - CR FPX","","-"
"506061304070","Current Account","GENTING MALAYSIA BERHAD","MYR","2020-08-31 MY (UTC+08:00)","2020-08-31 MY (UTC+08:00)","8","135","1,000.00","1,000.00","-","-","31/Aug/2020 MY (UTC+08:00)","21:46 MY (UTC+08:00)","2008312145590036","T025646874920","-","450.00","025 - Office","FC8A","2502","2860 - ","16,911.00","","-","TAN MUI LIAN","RCMS - CR FPX","","-"
"506061304070","Current Account","GENTING MALAYSIA BERHAD","MYR","2020-08-31 MY (UTC+08:00)","2020-08-31 MY (UTC+08:00)","8","135","1,000.00","1,000.00","-","-","31/Aug/2020 MY (UTC+08:00)","21:58 MY (UTC+08:00)","2008312157240809","T025648337120","-","70.00","025 - Office","FC8B","2502","2860 - ","16,981.00","","-","FIONA WONG YIH NUO","RCMS - CR FPX","","-"
"506061304070","Current Account","GENTING MALAYSIA BERHAD","MYR","2020-08-31 MY (UTC+08:00)","2020-08-31 MY (UTC+08:00)","8","135","1,000.00","1,000.00","-","-","31/Aug/2020 MY (UTC+08:00)","22:02 MY (UTC+08:00)","2008312201230652","T025648815620","-","100.00","025 - Office","FC8A","2502","2860 - ","17,081.00","","-","FIONA WONG YIH NUO","RCMS - CR FPX","","-"
"506061304070","Current Account","GENTING MALAYSIA BERHAD","MYR","2020-08-31 MY (UTC+08:00)","2020-08-31 MY (UTC+08:00)","8","135","1,000.00","1,000.00","-","-","31/Aug/2020 MY (UTC+08:00)","22:02 MY (UTC+08:00)","2008312201190532","T025648766720","-","80.00","025 - Office","FC8C","2502","2860 - ","17,161.00","","-","CHANMEILINSOOPEKYEE","RCMS - CR FPX","","-"
"506061304070","Current Account","GENTING MALAYSIA BERHAD","MYR","2020-08-31 MY (UTC+08:00)","2020-08-31 MY (UTC+08:00)","8","135","1,000.00","1,000.00","-","-","31/Aug/2020 MY (UTC+08:00)","22:09 MY (UTC+08:00)","2008312208460111","T025649726420","-","140.00","025 - Office","FC8A","2502","2860 - ","17,301.00","","-","NAZERA BINTI M.AZMAN","RCMS - CR FPX","","-"
"506061304070","Current Account","GENTING MALAYSIA BERHAD","MYR","2020-08-31 MY (UTC+08:00)","2020-08-31 MY (UTC+08:00)","8","135","1,000.00","1,000.00","-","-","31/Aug/2020 MY (UTC+08:00)","22:10 MY (UTC+08:00)","2008312209470846","T025649844920","-","110.00","025 - Office","FC8A","2502","2860 - ","17,411.00","","-","HESELTINE WEE","RCMS - CR FPX","","-"
"506061304070","Current Account","GENTING MALAYSIA BERHAD","MYR","2020-08-31 MY (UTC+08:00)","2020-08-31 MY (UTC+08:00)","8","135","1,000.00","1,000.00","-","-","31/Aug/2020 MY (UTC+08:00)","22:13 MY (UTC+08:00)","2008312212560239","T025650244520","-","100.00","025 - Office","FC8C","2502","2860 - ","17,511.00","","-","KEE YUN SHAN","RCMS - CR FPX","","-"
"506061304070","Current Account","GENTING MALAYSIA BERHAD","MYR","2020-08-31 MY (UTC+08:00)","2020-08-31 MY (UTC+08:00)","8","135","1,000.00","1,000.00","-","-","31/Aug/2020 MY (UTC+08:00)","22:15 MY (UTC+08:00)","2008312214530591","T025650483020","-","70.00","025 - Office","FC8A","2502","2860 - ","17,581.00","","-","PALANIAPPAN A/L KUPP","RCMS - CR FPX","","-"
"506061304070","Current Account","GENTING MALAYSIA BERHAD","MYR","2020-08-31 MY (UTC+08:00)","2020-08-31 MY (UTC+08:00)","8","135","1,000.00","1,000.00","-","-","31/Aug/2020 MY (UTC+08:00)","22:22 MY (UTC+08:00)","2008312220590889","T025651286120","-","200.00","025 - Office","FC8D","2502","2860 - ","17,781.00","","-","MR KENNY TAN KIM LOO","RCMS - CR FPX","","-"
"506061304070","Current Account","GENTING MALAYSIA BERHAD","MYR","2020-08-31 MY (UTC+08:00)","2020-08-31 MY (UTC+08:00)","8","135","1,000.00","1,000.00","-","-","31/Aug/2020 MY (UTC+08:00)","22:26 MY (UTC+08:00)","2008312225130099","T025651788320","-","240.00","025 - Office","FC8A","2502","2860 - ","18,021.00","","-","LOO MING ZHEN","RCMS - CR FPX","","-"
"506061304070","Current Account","GENTING MALAYSIA BERHAD","MYR","2020-08-31 MY (UTC+08:00)","2020-08-31 MY (UTC+08:00)","8","135","1,000.00","1,000.00","-","-","31/Aug/2020 MY (UTC+08:00)","22:56 MY (UTC+08:00)","2008312255070649","T025655547020","-","80.00","025 - Office","FC8C","2502","2860 - ","18,101.00","","-","CHEE XUE WAH","RCMS - CR FPX","","-"
"506061304070","Current Account","GENTING MALAYSIA BERHAD","MYR","2020-08-31 MY (UTC+08:00)","2020-08-31 MY (UTC+08:00)","8","135","1,000.00","1,000.00","-","-","31/Aug/2020 MY (UTC+08:00)","22:57 MY (UTC+08:00)","2008312256540446","T025655752220","-","100.00","025 - Office","FC8C","2502","2860 - ","18,201.00","","-","CHEW TZY YENG","RCMS - CR FPX","","-"
"506061304070","Current Account","GENTING MALAYSIA BERHAD","MYR","2020-08-31 MY (UTC+08:00)","2020-08-31 MY (UTC+08:00)","8","135","1,000.00","1,000.00","-","-","31/Aug/2020 MY (UTC+08:00)","23:09 MY (UTC+08:00)","2008312308580697","T025657135520","-","195.00","025 - Office","FC8C","2502","2860 - ","18,396.00","","-","NG SOO YONG","RCMS - CR FPX","","-"
"506061304070","Current Account","GENTING MALAYSIA BERHAD","MYR","2020-08-31 MY (UTC+08:00)","2020-08-31 MY (UTC+08:00)","8","135","1,000.00","1,000.00","-","-","31/Aug/2020 MY (UTC+08:00)","23:12 MY (UTC+08:00)","2008312311580284","T025657475120","-","80.00","025 - Office","FC8B","2502","2860 - ","18,476.00","","-","TAN AH WAI","RCMS - CR FPX","","-"
"506061304070","Current Account","GENTING MALAYSIA BERHAD","MYR","2020-08-31 MY (UTC+08:00)","2020-08-31 MY (UTC+08:00)","8","135","1,000.00","1,000.00","-","-","31/Aug/2020 MY (UTC+08:00)","23:20 MY (UTC+08:00)","2008312318530749","T025658239220","-","200.00","025 - Office","FC8C","2502","2860 - ","18,676.00","","-","NURULAIN BINTI HASSA","RCMS - CR FPX","","-"
"506061304070","Current Account","GENTING MALAYSIA BERHAD","MYR","2020-08-31 MY (UTC+08:00)","2020-08-31 MY (UTC+08:00)","8","135","1,000.00","1,000.00","-","-","31/Aug/2020 MY (UTC+08:00)","23:21 MY (UTC+08:00)","2008312320240053","T025658370920","-","80.00","025 - Office","FC8A","2502","2860 - ","18,756.00","","-","MAHESH KUMAR","RCMS - CR FPX","","-"
"506061304070","Current Account","GENTING MALAYSIA BERHAD","MYR","2020-08-31 MY (UTC+08:00)","2020-08-31 MY (UTC+08:00)","8","135","1,000.00","1,000.00","-","-","31/Aug/2020 MY (UTC+08:00)","23:23 MY (UTC+08:00)","2008312323030029","T025658717720","-","80.00","025 - Office","FC8B","2502","2860 - ","18,836.00","","-","CHUNG LIZEN","RCMS - CR FPX","","-"
"506061304070","Current Account","GENTING MALAYSIA BERHAD","MYR","2020-08-31 MY (UTC+08:00)","2020-08-31 MY (UTC+08:00)","8","135","1,000.00","1,000.00","-","-","31/Aug/2020 MY (UTC+08:00)","23:37 MY (UTC+08:00)","2008312336350335","T025660186220","-","140.00","025 - Office","FC8A","2502","2860 - ","18,976.00","","-","ONG BEE LEE","RCMS - CR FPX","","-"
"506061304070","Current Account","GENTING MALAYSIA BERHAD","MYR","2020-08-31 MY (UTC+08:00)","2020-08-31 MY (UTC+08:00)","8","135","1,000.00","1,000.00","-","-","31/Aug/2020 MY (UTC+08:00)","00:45 MY (UTC+08:00)","QRCASA SALES M/N 0035433 DATED 31082020","","-","75.00","011 - System","CBSX425P","2988","8301 - BILLS PAYMENT CREDIT","19,051.00","","-","","","","-"
"506061304070","Current Account","GENTING MALAYSIA BERHAD","MYR","2020-08-31 MY (UTC+08:00)","2020-08-31 MY (UTC+08:00)","8","135","1,000.00","1,000.00","-","-","31/Aug/2020 MY (UTC+08:00)","00:46 MY (UTC+08:00)","S/C TRANS VIA QRPAY 000027060035433","","0.18","-","011 - System","CBSX4237","2996","PCSCDR - PAYEE CORP SERVICE CHARGE DEBIT","19,050.82","","-","","","","-"
"506061304070","Current Account","GENTING MALAYSIA BERHAD","MYR","2020-08-31 MY (UTC+08:00)","2020-08-31 MY (UTC+08:00)","8","135","1,000.00","1,000.00","-","-","31/Aug/2020 MY (UTC+08:00)","01:24 MY (UTC+08:00)","XFR DEBIT SVC CHARGE","","2.00","-","011 - System","BTCH6587","0606","XFRDRSVC - SERVICE CHARGE","19,048.82","","-","","","","-"
"506061304070","Current Account","GENTING MALAYSIA BERHAD","MYR","2020-08-31 MY (UTC+08:00)","2020-08-31 MY (UTC+08:00)","8","135","1,000.00","1,000.00","-","-","31/Aug/2020 MY (UTC+08:00)","01:24 MY (UTC+08:00)","GENTING MALAYSIA BERHAD","514011468149","26,999.67","-","011 - System","BTCH6587","0606","XFRDR - FUND TRANSFER DEBIT","-7,950.85","","-","","","","-"
"506061304070","Current Account","GENTING MALAYSIA BERHAD","MYR","2020-08-31 MY (UTC+08:00)","2020-08-31 MY (UTC+08:00)","8","135","1,000.00","1,000.00","-","-","31/Aug/2020 MY (UTC+08:00)","02:11 MY (UTC+08:00)","DR/CARD SALES M/N 4000006 DATED 30082020","","-","236.00","006 - Pos","CBSX408R","2977","8300 - CREDIT ACCOUNT","-7,714.85","","-","","","","-"
"506061304070","Current Account","GENTING MALAYSIA BERHAD","MYR","2020-08-31 MY (UTC+08:00)","2020-08-31 MY (UTC+08:00)","8","135","1,000.00","1,000.00","-","-","31/Aug/2020 MY (UTC+08:00)","02:12 MY (UTC+08:00)","DR/CARD SALES M/N 4000006 DATED 30082020","","0.59","-","011 - System","CBSX408R","2981","BCHARGE - ELECTRONIC TRANSACTION CHARGES","-7,715.44","","-","","","","-"
"506061304070","Current Account","GENTING MALAYSIA BERHAD","MYR","2020-08-31 MY (UTC+08:00)","2020-08-31 MY (UTC+08:00)","8","135","1,000.00","1,000.00","-","-","31/Aug/2020 MY (UTC+08:00)","02:13 MY (UTC+08:00)","DR/CARD SALES M/N 4185062 DATED 30082020","","-","49.60","006 - Pos","CBSX408R","3121","8300 - CREDIT ACCOUNT","-7,665.84","","-","","","","-"
"506061304070","Current Account","GENTING MALAYSIA BERHAD","MYR","2020-08-31 MY (UTC+08:00)","2020-08-31 MY (UTC+08:00)","8","135","1,000.00","1,000.00","-","-","31/Aug/2020 MY (UTC+08:00)","02:13 MY (UTC+08:00)","DR/CARD SALES M/N 4183000 DATED 30082020","","-","75.00","006 - Pos","CBSX408R","3121","8300 - CREDIT ACCOUNT","-7,590.84","","-","","","","-"
"506061304070","Current Account","GENTING MALAYSIA BERHAD","MYR","2020-08-31 MY (UTC+08:00)","2020-08-31 MY (UTC+08:00)","8","135","1,000.00","1,000.00","-","-","31/Aug/2020 MY (UTC+08:00)","02:13 MY (UTC+08:00)","DR/CARD SALES M/N 4000006 DATED 30082020","","-","1,424.00","006 - Pos","CBSX408R","3121","8300 - CREDIT ACCOUNT","-6,166.84","","-","","","","-"
"506061304070","Current Account","GENTING MALAYSIA BERHAD","MYR","2020-08-31 MY (UTC+08:00)","2020-08-31 MY (UTC+08:00)","8","135","1,000.00","1,000.00","-","-","31/Aug/2020 MY (UTC+08:00)","02:14 MY (UTC+08:00)","DR/CARD SALES M/N 4185062 DATED 30082020","","0.12","-","011 - System","CBSX408R","2981","BCHARGE - ELECTRONIC TRANSACTION CHARGES","-6,166.96","","-","","","","-"
"506061304070","Current Account","GENTING MALAYSIA BERHAD","MYR","2020-08-31 MY (UTC+08:00)","2020-08-31 MY (UTC+08:00)","8","135","1,000.00","1,000.00","-","-","31/Aug/2020 MY (UTC+08:00)","02:14 MY (UTC+08:00)","DR/CARD SALES M/N 4183000 DATED 30082020","","0.19","-","011 - System","CBSX408R","2981","BCHARGE - ELECTRONIC TRANSACTION CHARGES","-6,167.15","","-","","","","-"
"506061304070","Current Account","GENTING MALAYSIA BERHAD","MYR","2020-08-31 MY (UTC+08:00)","2020-08-31 MY (UTC+08:00)","8","135","1,000.00","1,000.00","-","-","31/Aug/2020 MY (UTC+08:00)","02:14 MY (UTC+08:00)","DR/CARD SALES M/N 4000006 DATED 30082020","","3.56","-","011 - System","CBSX408R","2981","BCHARGE - ELECTRONIC TRANSACTION CHARGES","-6,170.71","","-","","","","-"
"506061304070","Current Account","GENTING MALAYSIA BERHAD","MYR","2020-08-31 MY (UTC+08:00)","2020-08-31 MY (UTC+08:00)","8","135","1,000.00","1,000.00","-","-","31/Aug/2020 MY (UTC+08:00)","04:23 MY (UTC+08:00)","2008310050470373","T025556267420","-","110.00","025 - Office","FC8A","2502","2860 - ","-6,060.71","","-","CHONG MAN HOE","RCMS - CR FPX","","-"
"506061304070","Current Account","GENTING MALAYSIA BERHAD","MYR","2020-08-31 MY (UTC+08:00)","2020-08-31 MY (UTC+08:00)","8","135","1,000.00","1,000.00","-","-","31/Aug/2020 MY (UTC+08:00)","04:23 MY (UTC+08:00)","2008310053310979","T025556362820","-","80.00","025 - Office","FC8A","2502","2860 - ","-5,980.71","","-","WONG KOK HENG","RCMS - CR FPX","","-"
"506061304070","Current Account","GENTING MALAYSIA BERHAD","MYR","2020-08-31 MY (UTC+08:00)","2020-08-31 MY (UTC+08:00)","8","135","1,000.00","1,000.00","-","-","31/Aug/2020 MY (UTC+08:00)","04:23 MY (UTC+08:00)","2008310110280975","T025556920820","-","340.00","025 - Office","FC8A","2502","2860 - ","-5,640.71","","-","NORHIDAYU BINTI AWAL","RCMS - CR FPX","","-"
"506061304070","Current Account","GENTING MALAYSIA BERHAD","MYR","2020-08-31 MY (UTC+08:00)","2020-08-31 MY (UTC+08:00)","8","135","1,000.00","1,000.00","-","-","31/Aug/2020 MY (UTC+08:00)","04:23 MY (UTC+08:00)","2008310220390169","T025558629020","-","312.00","025 - Office","FC8A","2502","2860 - ","-5,328.71","","-","KHOO SONG YI","RCMS - CR FPX","","-"
"506061304070","Current Account","GENTING MALAYSIA BERHAD","MYR","2020-08-31 MY (UTC+08:00)","2020-08-31 MY (UTC+08:00)","8","135","1,000.00","1,000.00","-","-","31/Aug/2020 MY (UTC+08:00)","04:23 MY (UTC+08:00)","2008310226410665","T025558728920","-","160.00","025 - Office","FC8A","2502","2860 - ","-5,168.71","","-","LOO JIA MIN","RCMS - CR FPX","","-"
"506061304070","Current Account","GENTING MALAYSIA BERHAD","MYR","2020-08-31 MY (UTC+08:00)","2020-08-31 MY (UTC+08:00)","8","135","1,000.00","1,000.00","-","-","31/Aug/2020 MY (UTC+08:00)","04:23 MY (UTC+08:00)","2008310314140326","T025559407220","-","70.00","025 - Office","FC8A","2502","2860 - ","-5,098.71","","-","NOOR ATHIRAH BINTI M","RCMS - CR FPX","","-"
"506061304070","Current Account","GENTING MALAYSIA BERHAD","MYR","2020-08-31 MY (UTC+08:00)","2020-08-31 MY (UTC+08:00)","8","135","1,000.00","1,000.00","-","-","31/Aug/2020 MY (UTC+08:00)","04:23 MY (UTC+08:00)","2008310327200369","T025559576420","-","70.00","025 - Office","FC8A","2502","2860 - ","-5,028.71","","-","CHUAH SHI KAI","RCMS - CR FPX","","-"
"506061304070","Current Account","GENTING MALAYSIA BERHAD","MYR","2020-08-31 MY (UTC+08:00)","2020-08-31 MY (UTC+08:00)","8","135","1,000.00","1,000.00","-","-","31/Aug/2020 MY (UTC+08:00)","04:23 MY (UTC+08:00)","2008310330020749","T025559608220","-","70.00","025 - Office","FC8A","2502","2860 - ","-4,958.71","","-","CHUAH SHI KAI","RCMS - CR FPX","","-"
"506061304070","Current Account","GENTING MALAYSIA BERHAD","MYR","2020-08-31 MY (UTC+08:00)","2020-08-31 MY (UTC+08:00)","8","135","1,000.00","1,000.00","-","-","31/Aug/2020 MY (UTC+08:00)","04:54 MY (UTC+08:00)","2008310453470695","T025562207120","-","70.00","025 - Office","FC8A","2502","2860 - ","-4,888.71","","-","CHEONG PEI PEI","RCMS - CR FPX","","-"
"506061304070","Current Account","GENTING MALAYSIA BERHAD","MYR","2020-08-31 MY (UTC+08:00)","2020-08-31 MY (UTC+08:00)","8","135","1,000.00","1,000.00","-","-","31/Aug/2020 MY (UTC+08:00)","04:56 MY (UTC+08:00)","2008310455350883","T025562228120","-","70.00","025 - Office","FC8B","2502","2860 - ","-4,818.71","","-","CHEONG PEI PEI","RCMS - CR FPX","","-"
"506061304070","Current Account","GENTING MALAYSIA BERHAD","MYR","2020-08-31 MY (UTC+08:00)","2020-08-31 MY (UTC+08:00)","8","135","1,000.00","1,000.00","-","-","31/Aug/2020 MY (UTC+08:00)","05:15 MY (UTC+08:00)","2008310513300516","T025562361020","-","70.00","025 - Office","FC8A","2502","2860 - ","-4,748.71","","-","GAN KEM JOO","RCMS - CR FPX","","-"
"506061304070","Current Account","GENTING MALAYSIA BERHAD","MYR","2020-08-31 MY (UTC+08:00)","2020-08-31 MY (UTC+08:00)","8","135","1,000.00","1,000.00","-","-","31/Aug/2020 MY (UTC+08:00)","05:23 MY (UTC+08:00)","2008310522230387","T025562435120","-","70.00","025 - Office","FC8A","2502","2860 - ","-4,678.71","","-","SATISHWARAN A/L MATH","RCMS - CR FPX","","-"
"506061304070","Current Account","GENTING MALAYSIA BERHAD","MYR","2020-08-31 MY (UTC+08:00)","2020-08-31 MY (UTC+08:00)","8","135","1,000.00","1,000.00","-","-","31/Aug/2020 MY (UTC+08:00)","05:46 MY (UTC+08:00)","9207003443 CR/CARD SALES  DATED 31082020","34433108","-","1,236.26","011 - System","CBSX4498","3104","2210 - CARDS CREDIT","-3,442.45","","-","","","","-"
"506061304070","Current Account","GENTING MALAYSIA BERHAD","MYR","2020-08-31 MY (UTC+08:00)","2020-08-31 MY (UTC+08:00)","8","135","1,000.00","1,000.00","-","-","31/Aug/2020 MY (UTC+08:00)","05:46 MY (UTC+08:00)","9204453906 CR/CARD SALES  DATED 31082020","39063108","-","238.01","011 - System","CBSX4498","3104","2210 - CARDS CREDIT","-3,204.44","","-","","","","-"
"506061304070","Current Account","GENTING MALAYSIA BERHAD","MYR","2020-08-31 MY (UTC+08:00)","2020-08-31 MY (UTC+08:00)","8","135","1,000.00","1,000.00","-","-","31/Aug/2020 MY (UTC+08:00)","05:46 MY (UTC+08:00)","9204135032 CR/CARD SALES  DATED 31082020","50323108","-","186.86","011 - System","CBSX4498","3104","2210 - CARDS CREDIT","-3,017.58","","-","","","","-"
"506061304070","Current Account","GENTING MALAYSIA BERHAD","MYR","2020-08-31 MY (UTC+08:00)","2020-08-31 MY (UTC+08:00)","8","135","1,000.00","1,000.00","-","-","31/Aug/2020 MY (UTC+08:00)","05:46 MY (UTC+08:00)","9204055164 CR/CARD SALES  DATED 31082020","51643108","-","183.91","011 - System","CBSX4498","3104","2210 - CARDS CREDIT","-2,833.67","","-","","","","-"
"506061304070","Current Account","GENTING MALAYSIA BERHAD","MYR","2020-08-31 MY (UTC+08:00)","2020-08-31 MY (UTC+08:00)","8","135","1,000.00","1,000.00","-","-","31/Aug/2020 MY (UTC+08:00)","05:46 MY (UTC+08:00)","9204079313 CR/CARD SALES  DATED 31082020","93133108","-","3,686.15","011 - System","CBSX4498","3104","2210 - CARDS CREDIT","852.48","","-","","","","-"
"506061304070","Current Account","GENTING MALAYSIA BERHAD","MYR","2020-08-31 MY (UTC+08:00)","2020-08-31 MY (UTC+08:00)","8","135","1,000.00","1,000.00","-","-","31/Aug/2020 MY (UTC+08:00)","05:46 MY (UTC+08:00)","9204219414 CR/CARD SALES  DATED 31082020","94143108","-","147.52","011 - System","CBSX4498","3104","2210 - CARDS CREDIT","1,000.00","","-","","","","-"
